author_uri,paper_uri
https://dblp.org/pid/h/FMaufderHeide,https://dblp.org/rec/reference/algo/GehweilerH08
https://dblp.org/pid/m/BurkhardMonien,https://dblp.org/rec/reference/algo/MonienLW08
https://dblp.org/pid/08/335-1,https://dblp.org/rec/reference/algo/MonienLW08
https://dblp.org/pid/33/2110,https://dblp.org/rec/reference/algo/Blomer08
https://dblp.org/pid/s/ChristianScheideler,https://dblp.org/rec/reference/algo/Scheideler08
https://dblp.org/pid/s/ChristianScheideler,https://dblp.org/rec/reference/algo/RichaS16
https://dblp.org/pid/m/BurkhardMonien,https://dblp.org/rec/reference/crc/PreisMS07
https://dblp.org/pid/s/ChristianScheideler,https://dblp.org/rec/reference/crc/RichaS07
https://dblp.org/pid/48/4209,https://dblp.org/rec/reference/edu/MagenheimS20
https://dblp.org/pid/14/3197-1,https://dblp.org/rec/reference/edu/MagenheimS20
https://dblp.org/pid/174/1998,https://dblp.org/rec/data/11/KempfTJSCZ25
https://dblp.org/pid/94/5744,https://dblp.org/rec/data/11/SchiebelSSAB24
https://dblp.org/pid/94/5744,https://dblp.org/rec/data/11/MiaoKBW25
https://dblp.org/pid/174/1998,https://dblp.org/rec/data/11/KempfTJSCZ25a
https://dblp.org/pid/94/5744,https://dblp.org/rec/data/11/MiaoKBW25c
https://dblp.org/pid/94/5744,https://dblp.org/rec/data/11/KummitaMBW25
https://dblp.org/pid/94/5744,https://dblp.org/rec/data/11/MiaoKBW25b
https://dblp.org/pid/174/1998,https://dblp.org/rec/data/11/KempfTJSCZ25c
https://dblp.org/pid/b/StBottcher,https://dblp.org/rec/data/11/AdlerBHS25
https://dblp.org/pid/48/5080,https://dblp.org/rec/data/11/AdlerBHS25
https://dblp.org/pid/17/6729-15,https://dblp.org/rec/data/11/KarlosBW24a
https://dblp.org/pid/65/4336,https://dblp.org/rec/data/11/ZhangRSKN25b
https://dblp.org/pid/65/4336,https://dblp.org/rec/data/11/SharmaKDENS25
https://dblp.org/pid/145/1160,https://dblp.org/rec/data/11/SharmaKDENS25
https://dblp.org/pid/65/4336,https://dblp.org/rec/data/11/ZhangRSKN25c
https://dblp.org/pid/94/5744,https://dblp.org/rec/data/11/MiaoKBW25a
https://dblp.org/pid/08/335-1,https://dblp.org/rec/data/11/ArtmannMPWS25
https://dblp.org/pid/s/ChristianScheideler,https://dblp.org/rec/data/11/ArtmannMPWS25
https://dblp.org/pid/65/4336,https://dblp.org/rec/data/11/ZhangRSKN25
https://dblp.org/pid/65/4336,https://dblp.org/rec/data/11/ZhangRSKN25a
https://dblp.org/pid/17/6729-15,https://dblp.org/rec/data/11/KarlosBW24
https://dblp.org/pid/65/4336,https://dblp.org/rec/data/10/HeindorfSWNP20
https://dblp.org/pid/65/4336,https://dblp.org/rec/data/10/BondarenkoWHBNSBHP22
https://dblp.org/pid/65/4336,https://dblp.org/rec/data/10/WilkeN23
https://dblp.org/pid/94/5744,https://dblp.org/rec/data/10/KrugerRWNABAF23
https://dblp.org/pid/132/9687,https://dblp.org/rec/data/10/KrugerRWNABAF23
https://dblp.org/pid/94/5744,https://dblp.org/rec/data/10/BonifacioKNBM21
https://dblp.org/pid/65/4336,https://dblp.org/rec/data/10/WilkeN23a
https://dblp.org/pid/145/1160,https://dblp.org/rec/data/10/ZaheraVSCN22
https://dblp.org/pid/65/4336,https://dblp.org/rec/data/10/ZaheraVSCN22
https://dblp.org/pid/e/GregorEngels,https://dblp.org/rec/data/10/HeindorfPES16
https://dblp.org/pid/94/5744,https://dblp.org/rec/data/10/DannHB23
https://dblp.org/pid/145/1160,https://dblp.org/rec/data/10/SherifSSANN23a
https://dblp.org/pid/65/4336,https://dblp.org/rec/data/10/SherifSSANN23a
https://dblp.org/pid/e/GregorEngels,https://dblp.org/rec/data/10/WachsmuthTSEP14
https://dblp.org/pid/145/1160,https://dblp.org/rec/data/10/SherifSSANN23
https://dblp.org/pid/65/4336,https://dblp.org/rec/data/10/SherifSSANN23
https://dblp.org/pid/94/5744,https://dblp.org/rec/data/10/DoKHAB22
https://dblp.org/pid/65/4336,https://dblp.org/rec/data/10/JalotaTMNU20
https://dblp.org/pid/e/GregorEngels,https://dblp.org/rec/data/10/HeindorfPSE15
https://dblp.org/pid/94/5744,https://dblp.org/rec/data/10/DannHB23b
https://dblp.org/pid/65/4336,https://dblp.org/rec/data/10/BondarenkoWHBNSBHP22a
https://dblp.org/pid/94/5744,https://dblp.org/rec/data/10/DannHB23a
https://dblp.org/pid/127/6615,https://dblp.org/rec/data/10/WachsmuthB11
https://dblp.org/pid/94/5744,https://dblp.org/rec/data/10/KrugerSAB20
https://dblp.org/pid/86/4463-2,https://dblp.org/rec/data/10/BaumannLS12
https://dblp.org/pid/17/2025,https://dblp.org/rec/data/10/BaumannLS12
https://dblp.org/pid/145/1160,https://dblp.org/rec/data/10/SvetlanaHSSMVN21
https://dblp.org/pid/168/1542,https://dblp.org/rec/data/10/SvetlanaHSSMVN21
https://dblp.org/pid/65/4336,https://dblp.org/rec/data/10/SvetlanaHSSMVN21
https://dblp.org/pid/65/4336,https://dblp.org/rec/series/synthesis/2021Hogan
https://dblp.org/pid/228/3129,https://dblp.org/rec/series/sfsc/LeiteG15
https://dblp.org/pid/228/3129,https://dblp.org/rec/series/sfsc/LeiteG12
https://dblp.org/pid/168/1542,https://dblp.org/rec/series/ssw/MoussallemSN20
https://dblp.org/pid/65/4336,https://dblp.org/rec/series/ssw/MoussallemSN20
https://dblp.org/pid/145/1160,https://dblp.org/rec/series/ssw/RoderS0CN20
https://dblp.org/pid/65/4336,https://dblp.org/rec/series/ssw/RoderS0CN20
https://dblp.org/pid/68/3728,https://dblp.org/rec/series/ncs/SekaninaWKP11
https://dblp.org/pid/68/3728,https://dblp.org/rec/series/ncs/LewisPRTY16
https://dblp.org/pid/68/3728,https://dblp.org/rec/series/ncs/WalkerMKP11
https://dblp.org/pid/68/3728,https://dblp.org/rec/series/ncs/LewisPRTY16a
https://dblp.org/pid/76/5938,https://dblp.org/rec/series/ncs/AgneHLPP16
https://dblp.org/pid/68/3728,https://dblp.org/rec/series/ncs/AgneHLPP16
https://dblp.org/pid/70/7024,https://dblp.org/rec/series/hhl/Peckhaus04
https://dblp.org/pid/k/HKleineBuning,https://dblp.org/rec/series/faia/BuningB21
https://dblp.org/pid/k/HKleineBuning,https://dblp.org/rec/series/faia/BuningK21
https://dblp.org/pid/65/4336,https://dblp.org/rec/series/faia/NgomoDKHKB23
https://dblp.org/pid/k/HKleineBuning,https://dblp.org/rec/series/faia/BuningB09
https://dblp.org/pid/k/HKleineBuning,https://dblp.org/rec/series/faia/BuningK09
https://dblp.org/pid/174/1998,https://dblp.org/rec/series/gidiss/Spath19
https://dblp.org/pid/f/AlexanderFoerster,https://dblp.org/rec/series/lncs/BalkeniusFJT08
https://dblp.org/pid/84/1558-1,https://dblp.org/rec/series/lncs/0001JHP16
https://dblp.org/pid/h/FMaufderHeide,https://dblp.org/rec/series/lncs/0001JHP16
https://dblp.org/pid/s/ChristianScheideler,https://dblp.org/rec/series/lncs/DaymudeHRS19
https://dblp.org/pid/f/AlexanderFoerster,https://dblp.org/rec/series/lncs/PezzuloBCFBBFGHKKJLLMMOPPPT08
https://dblp.org/pid/33/2110,https://dblp.org/rec/series/lncs/BlomerL0S16
https://dblp.org/pid/79/6049,https://dblp.org/rec/series/lncs/WredeRHS09
https://dblp.org/pid/94/5744,https://dblp.org/rec/series/lncs/KnuppelKTBKBS20
https://dblp.org/pid/31/5809,https://dblp.org/rec/series/lncs/GieseS13
https://dblp.org/pid/h/FMaufderHeide,https://dblp.org/rec/series/lncs/KlingH19
https://dblp.org/pid/48/4209,https://dblp.org/rec/series/ifip/PasseyBCHLMMOTTW21
https://dblp.org/pid/164/2698,https://dblp.org/rec/series/sci/NguyenH15
https://dblp.org/pid/06/456,https://dblp.org/rec/series/sci/Szwillus11
https://dblp.org/pid/81/3518,https://dblp.org/rec/series/sci/SchutzeWOD13
https://dblp.org/pid/07/2093-1,https://dblp.org/rec/series/sci/Sauer11
https://dblp.org/pid/00/2717,https://dblp.org/rec/conf/dac/BruckKKR86
https://dblp.org/pid/r/FranzJosefRammig,https://dblp.org/rec/conf/dac/BruckKKR86
https://dblp.org/pid/60/10319,https://dblp.org/rec/conf/dac/WitschenWRP22
https://dblp.org/pid/68/3728,https://dblp.org/rec/conf/dac/WitschenWRP22
https://dblp.org/pid/34/34-2,https://dblp.org/rec/conf/dac/MeyerST97
https://dblp.org/pid/34/34-2,https://dblp.org/rec/conf/dac/MeyerC93
https://dblp.org/pid/63/4934-1,https://dblp.org/rec/conf/dac/OetjensBBBBCCDEGKKLM0MPPRRRSSTV14
https://dblp.org/pid/m/WMuller3,https://dblp.org/rec/conf/dac/OetjensBBBBCCDEGKKLM0MPPRRRSSTV14
https://dblp.org/pid/34/34-2,https://dblp.org/rec/conf/dac/SeawrightM98
https://dblp.org/pid/r/FranzJosefRammig,https://dblp.org/rec/conf/dac/Rammig77
https://dblp.org/pid/65/4336,https://dblp.org/rec/conf/igarss/ZinkeN18
https://dblp.org/pid/e/GregorEngels,https://dblp.org/rec/conf/sigir/HeindorfPSE15
https://dblp.org/pid/65/4336,https://dblp.org/rec/conf/sigir/ChoiMVKN17
https://dblp.org/pid/48/4209,https://dblp.org/rec/conf/fiff/Magenheim94
https://dblp.org/pid/48/4209,https://dblp.org/rec/conf/fiff/DonhoffHMR94
https://dblp.org/pid/92/6400,https://dblp.org/rec/conf/sysose/GrasslerW23
https://dblp.org/pid/92/6400,https://dblp.org/rec/conf/sysose/GraesslerHS16
https://dblp.org/pid/92/6400,https://dblp.org/rec/conf/sysose/GraesslerHO18
https://dblp.org/pid/76/5938,https://dblp.org/rec/conf/sutc/WoehrlePLBT08
https://dblp.org/pid/94/5744,https://dblp.org/rec/conf/fuzzing/KummitaMBW24
https://dblp.org/pid/m/BurkhardMonien,https://dblp.org/rec/conf/wg/HeckmannKMU91
https://dblp.org/pid/m/BurkhardMonien,https://dblp.org/rec/conf/wg/MonienS81
https://dblp.org/pid/h/FMaufderHeide,https://dblp.org/rec/conf/wg/Heide01
https://dblp.org/pid/m/BurkhardMonien,https://dblp.org/rec/conf/wg/Monien82
https://dblp.org/pid/m/BurkhardMonien,https://dblp.org/rec/conf/wg/Monien83
https://dblp.org/pid/m/BurkhardMonien,https://dblp.org/rec/conf/wg/Monien80
https://dblp.org/pid/72/8725,https://dblp.org/rec/conf/wg/ElsasserO10
https://dblp.org/pid/m/BurkhardMonien,https://dblp.org/rec/conf/wg/WiegersM88
https://dblp.org/pid/e/GregorEngels,https://dblp.org/rec/conf/wg/EngelsS82
https://dblp.org/pid/31/5809,https://dblp.org/rec/conf/wg/EngelsS82
https://dblp.org/pid/h/FMaufderHeide,https://dblp.org/rec/conf/wg/HeideW95
https://dblp.org/pid/m/BurkhardMonien,https://dblp.org/rec/conf/wg/MenzelM89
https://dblp.org/pid/m/BurkhardMonien,https://dblp.org/rec/conf/wg/BezrukovEMPT00
https://dblp.org/pid/k/HKleineBuning,https://dblp.org/rec/conf/csl/BuningLS88
https://dblp.org/pid/k/HKleineBuning,https://dblp.org/rec/conf/csl/FlogelKB90
https://dblp.org/pid/k/HKleineBuning,https://dblp.org/rec/conf/csl/Buning98
https://dblp.org/pid/k/HKleineBuning,https://dblp.org/rec/conf/csl/KarpinskiBS87
https://dblp.org/pid/177/9340,https://dblp.org/rec/conf/csl/0001HKV16
https://dblp.org/pid/94/5744,https://dblp.org/rec/conf/scam/PiskachevKB21
https://dblp.org/pid/94/5744,https://dblp.org/rec/conf/scam/SchubertSSHB21
https://dblp.org/pid/94/5744,https://dblp.org/rec/conf/scam/KarakayaB21
https://dblp.org/pid/94/5744,https://dblp.org/rec/conf/scam/SchubertLHB21
https://dblp.org/pid/94/5744,https://dblp.org/rec/conf/scam/KrishnamurthyPB22
https://dblp.org/pid/s/ChristianScheideler,https://dblp.org/rec/conf/applied/DouS24
https://dblp.org/pid/52/7395,https://dblp.org/rec/conf/cw/RillingWM10
https://dblp.org/pid/52/7395,https://dblp.org/rec/conf/cw/Wechselberger08
https://dblp.org/pid/m/WMuller3,https://dblp.org/rec/conf/dexaw/ZieglerMSL05
https://dblp.org/pid/07/2093-1,https://dblp.org/rec/conf/dexaw/SauerZ98
https://dblp.org/pid/90/4912,https://dblp.org/rec/conf/dexaw/KlopperPGW08
https://dblp.org/pid/b/StBottcher,https://dblp.org/rec/conf/dexaw/BottcherS05
https://dblp.org/pid/48/5080,https://dblp.org/rec/conf/dexaw/BottcherS05
https://dblp.org/pid/48/5080,https://dblp.org/rec/conf/mmm/HartelD19
https://dblp.org/pid/65/4336,https://dblp.org/rec/conf/inlg/NgomoRMUS18
https://dblp.org/pid/168/1542,https://dblp.org/rec/conf/inlg/NgomoRMUS18
https://dblp.org/pid/168/1542,https://dblp.org/rec/conf/inlg/FerreiraMKW18
https://dblp.org/pid/90/4912,https://dblp.org/rec/conf/chinz/GausemeierFMMF03
https://dblp.org/pid/77/949,https://dblp.org/rec/conf/IEEEssd/WolfS12
https://dblp.org/pid/76/3237,https://dblp.org/rec/conf/dlog/GilPPT24
https://dblp.org/pid/76/3237,https://dblp.org/rec/conf/dlog/Turhan23
https://dblp.org/pid/76/3237,https://dblp.org/rec/conf/dlog/DubslaffKT20
https://dblp.org/pid/76/3237,https://dblp.org/rec/conf/dlog/TurhanP10
https://dblp.org/pid/76/3237,https://dblp.org/rec/conf/dlog/EckePT14
https://dblp.org/pid/76/3237,https://dblp.org/rec/conf/dlog/GilT19
https://dblp.org/pid/76/3237,https://dblp.org/rec/conf/dlog/BorgwardtMPT15
https://dblp.org/pid/76/3237,https://dblp.org/rec/conf/dlog/PenselT18
https://dblp.org/pid/76/3237,https://dblp.org/rec/conf/dlog/TurhanH00
https://dblp.org/pid/76/3237,https://dblp.org/rec/conf/dlog/TirtarasaT22
https://dblp.org/pid/76/3237,https://dblp.org/rec/conf/dlog/MailisTZ15
https://dblp.org/pid/76/3237,https://dblp.org/rec/conf/dlog/EckeT12
https://dblp.org/pid/76/3237,https://dblp.org/rec/conf/dlog/MendezET11
https://dblp.org/pid/76/3237,https://dblp.org/rec/conf/dlog/BrandtT03
https://dblp.org/pid/76/3237,https://dblp.org/rec/conf/dlog/BrandtKT02
https://dblp.org/pid/76/3237,https://dblp.org/rec/conf/dlog/TurhanM01
https://dblp.org/pid/76/3237,https://dblp.org/rec/conf/dlog/BaaderT01
https://dblp.org/pid/76/3237,https://dblp.org/rec/conf/dlog/BaaderST04
https://dblp.org/pid/76/3237,https://dblp.org/rec/conf/dlog/TurhanB07
https://dblp.org/pid/76/3237,https://dblp.org/rec/conf/dlog/PenalozaT24
https://dblp.org/pid/76/3237,https://dblp.org/rec/conf/dlog/HaarslevMT98
https://dblp.org/pid/76/3237,https://dblp.org/rec/conf/dlog/EckePT15
https://dblp.org/pid/76/3237,https://dblp.org/rec/conf/dlog/PenalozaTT14
https://dblp.org/pid/76/3237,https://dblp.org/rec/conf/dlog/HaarslevMTW99
https://dblp.org/pid/76/3237,https://dblp.org/rec/conf/dlog/TurhanK04
https://dblp.org/pid/76/3237,https://dblp.org/rec/conf/dlog/TurhanZ13
https://dblp.org/pid/76/3237,https://dblp.org/rec/conf/dlog/HaarslevMT98a
https://dblp.org/pid/177/9340,https://dblp.org/rec/conf/dlog/HaakKMT25
https://dblp.org/pid/150/4812-2,https://dblp.org/rec/conf/dlog/HaakKMT25
https://dblp.org/pid/76/3237,https://dblp.org/rec/conf/dlog/HaakKMT25
https://dblp.org/pid/76/3237,https://dblp.org/rec/conf/dlog/BaaderKT17
https://dblp.org/pid/76/3237,https://dblp.org/rec/conf/dlog/EckePT13
https://dblp.org/pid/76/3237,https://dblp.org/rec/conf/dlog/GilT20
https://dblp.org/pid/76/3237,https://dblp.org/rec/conf/dlog/BaaderKMTZ22
https://dblp.org/pid/h/FMaufderHeide,https://dblp.org/rec/conf/ppam/GehweilerKH11
https://dblp.org/pid/39/1215-1,https://dblp.org/rec/conf/ppam/ZhaoOMRK05
https://dblp.org/pid/43/917,https://dblp.org/rec/conf/ppam/ZhaoOMRK05
https://dblp.org/pid/r/FranzJosefRammig,https://dblp.org/rec/conf/ppam/ZhaoOMRK05
https://dblp.org/pid/h/FMaufderHeide,https://dblp.org/rec/conf/ppam/BonordenGH05
https://dblp.org/pid/h/FMaufderHeide,https://dblp.org/rec/conf/ppam/BonordenGH05a
https://dblp.org/pid/25/7857,https://dblp.org/rec/conf/itst/WuthishuwongT13
https://dblp.org/pid/128/3400,https://dblp.org/rec/conf/cdc/GoldRVG21
https://dblp.org/pid/81/3518,https://dblp.org/rec/conf/cdc/FlasskampOSB13
https://dblp.org/pid/81/3518,https://dblp.org/rec/conf/cdc/FlasskampMO12
https://dblp.org/pid/55/3839,https://dblp.org/rec/conf/cdc/LeongWN16
https://dblp.org/pid/81/3518,https://dblp.org/rec/conf/cdc/JungeMO06
https://dblp.org/pid/81/3518,https://dblp.org/rec/conf/cdc/StellatoOG16
https://dblp.org/pid/81/3518,https://dblp.org/rec/conf/cdc/Ober-BlobaumRF12
https://dblp.org/pid/81/3518,https://dblp.org/rec/conf/cdc/JungeO05
https://dblp.org/pid/55/3839,https://dblp.org/rec/conf/cdc/LeongQD17
https://dblp.org/pid/55/3839,https://dblp.org/rec/conf/cdc/LeongD12
https://dblp.org/pid/81/3518,https://dblp.org/rec/conf/cdc/RidderbuschOOG21
https://dblp.org/pid/55/3839,https://dblp.org/rec/conf/cdc/LeongDN13
https://dblp.org/pid/25/7857,https://dblp.org/rec/conf/ias/ShareefJTT14
https://dblp.org/pid/65/4336,https://dblp.org/rec/conf/mtsr/MarxHSNLA16
https://dblp.org/pid/k/ReinhardKeilSlawik,https://dblp.org/rec/conf/mc/HampelKS04
https://dblp.org/pid/53/3909,https://dblp.org/rec/conf/mc/HampelKS04
https://dblp.org/pid/95/4985-1,https://dblp.org/rec/conf/mc/ReinhardtAKKPSSSUVV12
https://dblp.org/pid/06/456,https://dblp.org/rec/conf/mc/HulsmannS12
https://dblp.org/pid/138/4856,https://dblp.org/rec/conf/mc/Yigitbas016
https://dblp.org/pid/07/2093-1,https://dblp.org/rec/conf/mc/Yigitbas016
https://dblp.org/pid/138/4856,https://dblp.org/rec/conf/mc/YigitbasHE19
https://dblp.org/pid/e/GregorEngels,https://dblp.org/rec/conf/mc/YigitbasHE19
https://dblp.org/pid/06/456,https://dblp.org/rec/conf/mc/BomsdorfS04
https://dblp.org/pid/138/4856,https://dblp.org/rec/conf/mc/YigitbasS14
https://dblp.org/pid/07/2093-1,https://dblp.org/rec/conf/mc/YigitbasS14
https://dblp.org/pid/138/4856,https://dblp.org/rec/conf/mc/SchmidtY23
https://dblp.org/pid/138/4856,https://dblp.org/rec/conf/mc/NeumayrYAH23
https://dblp.org/pid/138/4856,https://dblp.org/rec/conf/mc/NeumayrYAHSS24
https://dblp.org/pid/k/ReinhardKeilSlawik,https://dblp.org/rec/conf/mc/KeilS14
https://dblp.org/pid/k/ReinhardKeilSlawik,https://dblp.org/rec/conf/mc/WinkelnkemperK14
https://dblp.org/pid/06/456,https://dblp.org/rec/conf/mc/BomsdorfSZ05
https://dblp.org/pid/06/456,https://dblp.org/rec/conf/mc/SzwillusE08
https://dblp.org/pid/06/456,https://dblp.org/rec/conf/mc/SzwillusHMW15
https://dblp.org/pid/06/456,https://dblp.org/rec/conf/mc/EggersHS13
https://dblp.org/pid/138/4856,https://dblp.org/rec/conf/mc/MazurY24
https://dblp.org/pid/138/4856,https://dblp.org/rec/conf/mc/AugsteinBHLY020
https://dblp.org/pid/138/4856,https://dblp.org/rec/conf/mc/BuschekHHLRY22
https://dblp.org/pid/92/6400,https://dblp.org/rec/conf/mc/PottebaumEG24
https://dblp.org/pid/06/456,https://dblp.org/rec/conf/mc/HasibuanS01
https://dblp.org/pid/06/456,https://dblp.org/rec/conf/mc/SzwillusDHS08
https://dblp.org/pid/06/456,https://dblp.org/rec/conf/mc/BrumbergS14
https://dblp.org/pid/48/4209,https://dblp.org/rec/conf/mc/SchwidrowskiMSS08
https://dblp.org/pid/06/456,https://dblp.org/rec/conf/mc/Szwillus06
https://dblp.org/pid/06/456,https://dblp.org/rec/conf/mc/MistrzykS08
https://dblp.org/pid/92/6400,https://dblp.org/rec/conf/mc/GrasslerPRMGHC21
https://dblp.org/pid/06/456,https://dblp.org/rec/conf/mc/DabbertS09
https://dblp.org/pid/k/ReinhardKeilSlawik,https://dblp.org/rec/conf/mc/KeilS13
https://dblp.org/pid/06/456,https://dblp.org/rec/conf/mc/BiedebachBS02
https://dblp.org/pid/06/456,https://dblp.org/rec/conf/mc/BomsdorfS03
https://dblp.org/pid/06/456,https://dblp.org/rec/conf/mc/BomsdorfS01a
https://dblp.org/pid/53/3909,https://dblp.org/rec/conf/mc/Selke06
https://dblp.org/pid/138/4856,https://dblp.org/rec/conf/mc/YigitbasTE20
https://dblp.org/pid/e/GregorEngels,https://dblp.org/rec/conf/mc/YigitbasTE20
https://dblp.org/pid/94/5811-1,https://dblp.org/rec/conf/taros/BabuJFM23
https://dblp.org/pid/b/StBottcher,https://dblp.org/rec/conf/tamoco/BottcherOTW08
https://dblp.org/pid/15/5253,https://dblp.org/rec/conf/or/FahleV14
https://dblp.org/pid/38/2606-2,https://dblp.org/rec/conf/or/0002KH10
https://dblp.org/pid/138/8052,https://dblp.org/rec/conf/or/Markarian17
https://dblp.org/pid/15/5253,https://dblp.org/rec/conf/or/Fahle11
https://dblp.org/pid/117/6974-1,https://dblp.org/rec/conf/or/WeberMD15
https://dblp.org/pid/70/4639,https://dblp.org/rec/conf/or/WeberMD15
https://dblp.org/pid/m/BurkhardMonien,https://dblp.org/rec/conf/ics/SpeckenmeyerMV87
https://dblp.org/pid/62/6023-2,https://dblp.org/rec/conf/latw/GaillardonGM13
https://dblp.org/pid/88/6542,https://dblp.org/rec/conf/slsp/HeitkaemperFFH19
https://dblp.org/pid/150/0050,https://dblp.org/rec/conf/esorics/ArnaboldiAKR23
https://dblp.org/pid/d/GittaDomik,https://dblp.org/rec/conf/vrml/GoetzBD04
https://dblp.org/pid/90/4912,https://dblp.org/rec/conf/vrml/GausemeierKMEG00
https://dblp.org/pid/77/949,https://dblp.org/rec/conf/icuwb/KrishneGowdaMWK15
https://dblp.org/pid/31/5809,https://dblp.org/rec/conf/ewspt/GodartBCENJLSS99
https://dblp.org/pid/31/5809,https://dblp.org/rec/conf/ewspt/Schafer96
https://dblp.org/pid/f/AlexanderFoerster,https://dblp.org/rec/conf/ewspt/ForsterE03
https://dblp.org/pid/e/GregorEngels,https://dblp.org/rec/conf/ewspt/ForsterE03
https://dblp.org/pid/e/GregorEngels,https://dblp.org/rec/conf/ewspt/EngelsG92
https://dblp.org/pid/31/5809,https://dblp.org/rec/conf/ewspt/JunkermannS94
https://dblp.org/pid/31/5809,https://dblp.org/rec/conf/ewspt/Schafer92
https://dblp.org/pid/75/4066-2,https://dblp.org/rec/conf/ewspt/NeumannSS96
https://dblp.org/pid/31/5809,https://dblp.org/rec/conf/ewspt/NeumannSS96
https://dblp.org/pid/31/5809,https://dblp.org/rec/conf/ewspt/SchaferFGJ99
https://dblp.org/pid/e/GregorEngels,https://dblp.org/rec/conf/ewspt/EngelsGD98
https://dblp.org/pid/31/5809,https://dblp.org/rec/conf/ewspt/EmmerichSW92
https://dblp.org/pid/e/GregorEngels,https://dblp.org/rec/conf/ewspt/Engels95
https://dblp.org/pid/e/GregorEngels,https://dblp.org/rec/conf/ewspt/EngelsG94
https://dblp.org/pid/e/GregorEngels,https://dblp.org/rec/conf/ewspt/GroenewegenE95
https://dblp.org/pid/e/GregorEngels,https://dblp.org/rec/conf/ewspt/BunjeEGHM96
https://dblp.org/pid/70/4639,https://dblp.org/rec/conf/cisched/AufenangerLKD09
https://dblp.org/pid/138/8052,https://dblp.org/rec/conf/paams/KhalufMSR17
https://dblp.org/pid/m/BurkhardMonien,https://dblp.org/rec/conf/paa/MonienV87
https://dblp.org/pid/00/2717,https://dblp.org/rec/conf/icac/JungmannLWKK11
https://dblp.org/pid/17/5476,https://dblp.org/rec/conf/icac/JungmannLWKK11
https://dblp.org/pid/r/FranzJosefRammig,https://dblp.org/rec/conf/icac/LoeserDAR04
https://dblp.org/pid/50/6546,https://dblp.org/rec/conf/icac/LuckeyGSE11
https://dblp.org/pid/e/GregorEngels,https://dblp.org/rec/conf/icac/LuckeyGSE11
https://dblp.org/pid/f/AlexanderFoerster,https://dblp.org/rec/conf/icinco/FrankLSHFS12
https://dblp.org/pid/25/7857,https://dblp.org/rec/conf/icinco/WuthishuwongT14
https://dblp.org/pid/f/AlexanderFoerster,https://dblp.org/rec/conf/icinco/LeitnerFFS14
https://dblp.org/pid/138/8052,https://dblp.org/rec/conf/icinco/MarkarianK21
https://dblp.org/pid/76/5938,https://dblp.org/rec/conf/supercomputer/AltKFFOPAHK23
https://dblp.org/pid/b/StBottcher,https://dblp.org/rec/conf/webist/BottcherHH08
https://dblp.org/pid/48/5080,https://dblp.org/rec/conf/webist/BottcherHH08
https://dblp.org/pid/b/StBottcher,https://dblp.org/rec/conf/webist/BottcherBH13
https://dblp.org/pid/48/5080,https://dblp.org/rec/conf/webist/BottcherBH13
https://dblp.org/pid/b/StBottcher,https://dblp.org/rec/conf/webist/BottcherFH11a
https://dblp.org/pid/48/5080,https://dblp.org/rec/conf/webist/BottcherFH11a
https://dblp.org/pid/b/StBottcher,https://dblp.org/rec/conf/webist/BottcherFH11
https://dblp.org/pid/48/5080,https://dblp.org/rec/conf/webist/BottcherFH11
https://dblp.org/pid/b/StBottcher,https://dblp.org/rec/conf/webist/BottcherFH13
https://dblp.org/pid/48/5080,https://dblp.org/rec/conf/webist/BottcherFH13
https://dblp.org/pid/b/StBottcher,https://dblp.org/rec/conf/webist/BottcherHH08a
https://dblp.org/pid/48/5080,https://dblp.org/rec/conf/webist/BottcherHH08a
https://dblp.org/pid/164/2698,https://dblp.org/rec/conf/ecsqaru/MadrigalGND25
https://dblp.org/pid/164/2698,https://dblp.org/rec/conf/ecsqaru/ZhuNMD25
https://dblp.org/pid/164/2698,https://dblp.org/rec/conf/ecsqaru/NguyenZD23
https://dblp.org/pid/17/6729-15,https://dblp.org/rec/conf/mobisys/GedeonKMSWM18
https://dblp.org/pid/17/6729-15,https://dblp.org/rec/conf/icccn/JoWKM18
https://dblp.org/pid/17/6729-15,https://dblp.org/rec/conf/icccn/Shi0ZZ020
https://dblp.org/pid/17/6729-15,https://dblp.org/rec/conf/icccn/WangZL13
https://dblp.org/pid/17/6729-15,https://dblp.org/rec/conf/icccn/GedeonSWM18
https://dblp.org/pid/26/4979,https://dblp.org/rec/conf/nixdorf/KundischHM10
https://dblp.org/pid/70/4639,https://dblp.org/rec/conf/nixdorf/Dangelmaier10
https://dblp.org/pid/m/BurkhardMonien,https://dblp.org/rec/conf/nixdorf/MonienLL92
https://dblp.org/pid/h/FMaufderHeide,https://dblp.org/rec/conf/nixdorf/Heide92
https://dblp.org/pid/d/GittaDomik,https://dblp.org/rec/conf/eurographics/GoetzJD05
https://dblp.org/pid/d/GittaDomik,https://dblp.org/rec/conf/eurographics/GoetzD03
https://dblp.org/pid/06/456,https://dblp.org/rec/conf/eurographics/Szwillus89
https://dblp.org/pid/d/GittaDomik,https://dblp.org/rec/conf/eurographics/VolbrachtD98
https://dblp.org/pid/d/GittaDomik,https://dblp.org/rec/conf/eurographics/DomikCFR08
https://dblp.org/pid/d/GittaDomik,https://dblp.org/rec/conf/eurographics/DomikEKRSW12
https://dblp.org/pid/18/2890,https://dblp.org/rec/conf/eurographics/CampenAK12
https://dblp.org/pid/18/2890,https://dblp.org/rec/conf/eurographics/Campen17
https://dblp.org/pid/d/GittaDomik,https://dblp.org/rec/conf/eurographics/DomikG06
https://dblp.org/pid/138/4856,https://dblp.org/rec/conf/icsmm/JovanovikjWYA0E20
https://dblp.org/pid/07/2093-1,https://dblp.org/rec/conf/icsmm/JovanovikjWYA0E20
https://dblp.org/pid/e/GregorEngels,https://dblp.org/rec/conf/icsmm/JovanovikjWYA0E20
https://dblp.org/pid/s/ChristianScheideler,https://dblp.org/rec/conf/sss/KnollmannS18
https://dblp.org/pid/202/1859,https://dblp.org/rec/conf/sss/CastenowGKH21
https://dblp.org/pid/h/FMaufderHeide,https://dblp.org/rec/conf/sss/CastenowGKH21
https://dblp.org/pid/08/7058,https://dblp.org/rec/conf/sss/FeldmannPSD21
https://dblp.org/pid/s/ChristianScheideler,https://dblp.org/rec/conf/sss/FeldmannPSD21
https://dblp.org/pid/s/ChristianScheideler,https://dblp.org/rec/conf/sss/RichaSS11
https://dblp.org/pid/202/1859,https://dblp.org/rec/conf/sss/CastenowH0KH20
https://dblp.org/pid/98/3010-1,https://dblp.org/rec/conf/sss/CastenowH0KH20
https://dblp.org/pid/h/FMaufderHeide,https://dblp.org/rec/conf/sss/CastenowH0KH20
https://dblp.org/pid/08/7058,https://dblp.org/rec/conf/sss/FeldmannS17
https://dblp.org/pid/s/ChristianScheideler,https://dblp.org/rec/conf/sss/FeldmannS17
https://dblp.org/pid/s/ChristianScheideler,https://dblp.org/rec/conf/sss/GallJRSST09
https://dblp.org/pid/202/1859,https://dblp.org/rec/conf/sss/CastenowKKH20
https://dblp.org/pid/h/FMaufderHeide,https://dblp.org/rec/conf/sss/CastenowKKH20
https://dblp.org/pid/s/ChristianScheideler,https://dblp.org/rec/conf/sss/ForebackKNSS14
https://dblp.org/pid/147/3358,https://dblp.org/rec/conf/sss/ForebackKNSS14
https://dblp.org/pid/s/ChristianScheideler,https://dblp.org/rec/conf/sss/NorNS11
https://dblp.org/pid/s/ChristianScheideler,https://dblp.org/rec/conf/sss/GmyrLS16
https://dblp.org/pid/s/ChristianScheideler,https://dblp.org/rec/conf/sss/KostitsynaLS25
https://dblp.org/pid/08/7058,https://dblp.org/rec/conf/sss/0001KS18
https://dblp.org/pid/150/0050,https://dblp.org/rec/conf/sss/0001KS18
https://dblp.org/pid/s/ChristianScheideler,https://dblp.org/rec/conf/sss/0001KS18
https://dblp.org/pid/08/7058,https://dblp.org/rec/conf/sss/0001GS19
https://dblp.org/pid/s/ChristianScheideler,https://dblp.org/rec/conf/sss/0001GS19
https://dblp.org/pid/s/ChristianScheideler,https://dblp.org/rec/conf/sss/KoutsopoulosSS15
https://dblp.org/pid/147/3358,https://dblp.org/rec/conf/sss/KoutsopoulosSS15
https://dblp.org/pid/s/ChristianScheideler,https://dblp.org/rec/conf/sss/ScheidelerS18
https://dblp.org/pid/s/ChristianScheideler,https://dblp.org/rec/conf/sss/ClouserNS08
https://dblp.org/pid/s/ChristianScheideler,https://dblp.org/rec/conf/sss/GotteSS18
https://dblp.org/pid/55/3839,https://dblp.org/rec/conf/wiopt/LeongED05
https://dblp.org/pid/m/BurkhardMonien,https://dblp.org/rec/conf/ercimdl/KnollABBGHHHLMNS98
https://dblp.org/pid/08/8419,https://dblp.org/rec/conf/ercimdl/BeelGSF10
https://dblp.org/pid/88/6542,https://dblp.org/rec/conf/camsap/EbbersDHBK19
https://dblp.org/pid/s/MohammadSoleymani-2,https://dblp.org/rec/conf/camsap/0002SSJ23
https://dblp.org/pid/88/6542,https://dblp.org/rec/conf/ITGspeech/ChinaevPH14
https://dblp.org/pid/88/6542,https://dblp.org/rec/conf/ITGspeech/DrudeHBH18
https://dblp.org/pid/88/6542,https://dblp.org/rec/conf/ITGspeech/Schmalenstroeer18
https://dblp.org/pid/88/6542,https://dblp.org/rec/conf/ITGspeech/ChinaevHH16
https://dblp.org/pid/88/6542,https://dblp.org/rec/conf/ITGspeech/NeumannBKDH21
https://dblp.org/pid/88/6542,https://dblp.org/rec/conf/ITGspeech/KitzaZSHH16
https://dblp.org/pid/88/6542,https://dblp.org/rec/conf/ITGspeech/EbbersHSH18
https://dblp.org/pid/88/6542,https://dblp.org/rec/conf/ITGspeech/GburrekSH21
https://dblp.org/pid/88/6542,https://dblp.org/rec/conf/ITGspeech/LeutnantKH12
https://dblp.org/pid/88/6542,https://dblp.org/rec/conf/ITGspeech/JacobH16
https://dblp.org/pid/88/6542,https://dblp.org/rec/conf/ITGspeech/HeitkaemperHH18
https://dblp.org/pid/88/6542,https://dblp.org/rec/conf/ITGspeech/KruegerLHAB10
https://dblp.org/pid/33/2110,https://dblp.org/rec/conf/ITGspeech/KruegerLHAB10
https://dblp.org/pid/88/6542,https://dblp.org/rec/conf/ITGspeech/AfifiSUHK18
https://dblp.org/pid/88/6542,https://dblp.org/rec/conf/ITGspeech/ChinaevHDH16
https://dblp.org/pid/88/6542,https://dblp.org/rec/conf/ITGspeech/GlarnerMDH16
https://dblp.org/pid/88/6542,https://dblp.org/rec/conf/ITGspeech/ChinaevH12
https://dblp.org/pid/88/6542,https://dblp.org/rec/conf/ITGspeech/JacobH14
https://dblp.org/pid/88/6542,https://dblp.org/rec/conf/ITGspeech/Schmalenstroeer14
https://dblp.org/pid/88/6542,https://dblp.org/rec/conf/ITGspeech/BoddekerRH21
https://dblp.org/pid/65/4336,https://dblp.org/rec/conf/ranlp/NgomoMB19
https://dblp.org/pid/168/1542,https://dblp.org/rec/conf/ranlp/NgomoMB19
https://dblp.org/pid/203/2506,https://dblp.org/rec/conf/wacv/TerhorstIHDKRK23
https://dblp.org/pid/00/2717,https://dblp.org/rec/conf/wacv/StichlingK02
https://dblp.org/pid/203/2506,https://dblp.org/rec/conf/wacv/HuberLTD24
https://dblp.org/pid/203/2506,https://dblp.org/rec/conf/wacv/Al-RefaiHBT25
https://dblp.org/pid/e/GregorEngels,https://dblp.org/rec/conf/wacv/NickchenHE21
https://dblp.org/pid/203/2506,https://dblp.org/rec/conf/wacv/VothDGPT25
https://dblp.org/pid/164/2698,https://dblp.org/rec/conf/aaai/NguyenDM17
https://dblp.org/pid/150/4812-2,https://dblp.org/rec/conf/aaai/0002HN25
https://dblp.org/pid/65/4336,https://dblp.org/rec/conf/aaai/0002HN25
https://dblp.org/pid/119/5839,https://dblp.org/rec/conf/aaai/HoffbauerHB25
https://dblp.org/pid/150/4812-2,https://dblp.org/rec/conf/aaai/MahmoodHGF26
https://dblp.org/pid/150/4812-2,https://dblp.org/rec/conf/aaai/KoopmannMNT26
https://dblp.org/pid/65/4336,https://dblp.org/rec/conf/aaai/KoopmannMNT26
https://dblp.org/pid/08/8419,https://dblp.org/rec/conf/aaai/ShakerYO22
https://dblp.org/pid/08/8419,https://dblp.org/rec/conf/aaai/SaralajewRVS25
https://dblp.org/pid/08/8419,https://dblp.org/rec/conf/aaai/ShakerL23
https://dblp.org/pid/08/8419,https://dblp.org/rec/conf/aaai/HeAS19
https://dblp.org/pid/76/3237,https://dblp.org/rec/conf/aaai/GilT21
https://dblp.org/pid/150/4812-2,https://dblp.org/rec/conf/aaai/0002M021
https://dblp.org/pid/145/1160,https://dblp.org/rec/conf/aaai/SherifDSN17
https://dblp.org/pid/65/4336,https://dblp.org/rec/conf/aaai/SherifDSN17
https://dblp.org/pid/k/HKleineBuning,https://dblp.org/rec/conf/aaai/NiggemannSVMB12
https://dblp.org/pid/164/2698,https://dblp.org/rec/conf/aaai/NguyenH20
https://dblp.org/pid/65/4336,https://dblp.org/rec/conf/aaai/MorseyLAN12
https://dblp.org/pid/19/3568,https://dblp.org/rec/conf/aaai/FeldmannMS00
https://dblp.org/pid/m/BurkhardMonien,https://dblp.org/rec/conf/aaai/FeldmannMS00
https://dblp.org/pid/76/3237,https://dblp.org/rec/conf/rr/MailisPT14
https://dblp.org/pid/k/ReinhardKeilSlawik,https://dblp.org/rec/conf/cve/HampelK00
https://dblp.org/pid/17/6729-15,https://dblp.org/rec/conf/tamc/WangAZHL12
https://dblp.org/pid/k/HKleineBuning,https://dblp.org/rec/conf/tamc/BuningWS17
https://dblp.org/pid/r/FranzJosefRammig,https://dblp.org/rec/conf/seus/Rammig08
https://dblp.org/pid/r/FranzJosefRammig,https://dblp.org/rec/conf/seus/RammigZS09
https://dblp.org/pid/39/1215-1,https://dblp.org/rec/conf/seus/RammigZS09
https://dblp.org/pid/44/5175-1,https://dblp.org/rec/conf/seus/Dittmann07
https://dblp.org/pid/r/FranzJosefRammig,https://dblp.org/rec/conf/seus/HeimfarthJR07
https://dblp.org/pid/08/8419,https://dblp.org/rec/conf/eais/ShakerL13
https://dblp.org/pid/228/3129,https://dblp.org/rec/conf/eais/DeckerLVB20
https://dblp.org/pid/228/3129,https://dblp.org/rec/conf/eais/AguiarL20
https://dblp.org/pid/228/3129,https://dblp.org/rec/conf/eais/LeiteSCSFN24
https://dblp.org/pid/65/4336,https://dblp.org/rec/conf/eais/LeiteSCSFN24
https://dblp.org/pid/145/1160,https://dblp.org/rec/conf/icmla/ChakrabortyZSB21
https://dblp.org/pid/65/4336,https://dblp.org/rec/conf/icmla/SharmaDNW21
https://dblp.org/pid/86/4463-2,https://dblp.org/rec/conf/icmla/BaumannB11
https://dblp.org/pid/k/HKleineBuning,https://dblp.org/rec/conf/icmla/BaumannB11
https://dblp.org/pid/138/7323,https://dblp.org/rec/conf/wads/MackerMHR15
https://dblp.org/pid/h/FMaufderHeide,https://dblp.org/rec/conf/wads/MackerMHR15
https://dblp.org/pid/79/6049,https://dblp.org/rec/conf/hri/TolksdorfWR24
https://dblp.org/pid/79/6049,https://dblp.org/rec/conf/hri/LohseHRS09
https://dblp.org/pid/79/6049,https://dblp.org/rec/conf/hri/VollmerSRW14
https://dblp.org/pid/79/6049,https://dblp.org/rec/conf/hri/TolksdorfVR20
https://dblp.org/pid/79/6049,https://dblp.org/rec/conf/hri/TolksdorfHVR22
https://dblp.org/pid/15/5253,https://dblp.org/rec/conf/cp/JunkerKKVFS99
https://dblp.org/pid/15/5253,https://dblp.org/rec/conf/cp/FahleSS01
https://dblp.org/pid/e/GregorEngels,https://dblp.org/rec/conf/tools/BauerKE11
https://dblp.org/pid/e/GregorEngels,https://dblp.org/rec/conf/tools/ChristBEGL10
https://dblp.org/pid/19/3568,https://dblp.org/rec/conf/sagt/FeldmannMP08
https://dblp.org/pid/53/4856,https://dblp.org/rec/conf/sagt/BabaioffBK08
https://dblp.org/pid/48/8997,https://dblp.org/rec/conf/sagt/Cord-LandwehrHKS12
https://dblp.org/pid/m/BurkhardMonien,https://dblp.org/rec/conf/sagt/MavronicolasM17
https://dblp.org/pid/m/BurkhardMonien,https://dblp.org/rec/conf/sagt/MavronicolasM12
https://dblp.org/pid/08/8419,https://dblp.org/rec/conf/ijcnn/ShakerAYY21
https://dblp.org/pid/228/3129,https://dblp.org/rec/conf/ijcnn/LeiteCG10
https://dblp.org/pid/228/3129,https://dblp.org/rec/conf/ijcnn/LucasCBL18
https://dblp.org/pid/f/AlexanderFoerster,https://dblp.org/rec/conf/ijcnn/LeitnerFS14
https://dblp.org/pid/228/3129,https://dblp.org/rec/conf/ijcnn/LeiteCG12
https://dblp.org/pid/f/AlexanderFoerster,https://dblp.org/rec/conf/ijcnn/NgoLFS12
https://dblp.org/pid/08/8419,https://dblp.org/rec/conf/ijcnn/ShakerGHY20
https://dblp.org/pid/326/5192,https://dblp.org/rec/conf/ijcnn/HotegniBP24
https://dblp.org/pid/228/3129,https://dblp.org/rec/conf/ijcnn/LeiteCG09
https://dblp.org/pid/f/AlexanderFoerster,https://dblp.org/rec/conf/ijcnn/LeitnerHFFS13
https://dblp.org/pid/261/3628,https://dblp.org/rec/conf/ijcnn/SeilerTK20
https://dblp.org/pid/34/2589,https://dblp.org/rec/conf/ijcnn/SeilerTK20
https://dblp.org/pid/79/6049,https://dblp.org/rec/conf/ijcnn/HemionJR12
https://dblp.org/pid/04/5465-4,https://dblp.org/rec/conf/ijcnn/VogtWWB17
https://dblp.org/pid/80/3639-9,https://dblp.org/rec/conf/isqed/Ahmed0P23
https://dblp.org/pid/68/3728,https://dblp.org/rec/conf/isqed/Ahmed0P23
https://dblp.org/pid/77/949,https://dblp.org/rec/conf/isscc/SunMFWDBZGHS13
https://dblp.org/pid/s/AdrianSlowik,https://dblp.org/rec/conf/snapi/BleckmannSS04
https://dblp.org/pid/95/4985-1,https://dblp.org/rec/conf/ifip3/ReinhardtWE10
https://dblp.org/pid/48/4209,https://dblp.org/rec/conf/ifip3/HinkelmannHMPR06
https://dblp.org/pid/95/4985-1,https://dblp.org/rec/conf/ifip3/HinkelmannHMPR06
https://dblp.org/pid/d/GittaDomik,https://dblp.org/rec/conf/ifip3/DomikF10
https://dblp.org/pid/48/4209,https://dblp.org/rec/conf/ifip3/MagenheimRRME10
https://dblp.org/pid/95/4985-1,https://dblp.org/rec/conf/ifip3/MagenheimRRME10
https://dblp.org/pid/22/2959-2,https://dblp.org/rec/conf/ifip3/MagenheimRRME10
https://dblp.org/pid/95/4985-1,https://dblp.org/rec/conf/ifip3/EbnerMSSRW10
https://dblp.org/pid/48/4209,https://dblp.org/rec/conf/ifip3/LehnerMNRSSS10
https://dblp.org/pid/31/5809,https://dblp.org/rec/conf/Dstep/PetrlicJPSS14
https://dblp.org/pid/k/HKleineBuning,https://dblp.org/rec/conf/icaart/EberlingB11
https://dblp.org/pid/f/AlexanderFoerster,https://dblp.org/rec/conf/icaart/FrankFS12
https://dblp.org/pid/138/8052,https://dblp.org/rec/conf/icaart/KhalloufM22
https://dblp.org/pid/k/HKleineBuning,https://dblp.org/rec/conf/icaart/KemmerichB11
https://dblp.org/pid/70/4639,https://dblp.org/rec/conf/icaart/KlopperD09
https://dblp.org/pid/33/5440-1,https://dblp.org/rec/conf/apsec/GuoEH05
https://dblp.org/pid/e/GregorEngels,https://dblp.org/rec/conf/apsec/GuoEH05
https://dblp.org/pid/203/2506,https://dblp.org/rec/conf/caip/DamerT0K17
https://dblp.org/pid/62/6023-2,https://dblp.org/rec/conf/isvlsi/GhasemzadehGZMS15
https://dblp.org/pid/m/WMuller3,https://dblp.org/rec/conf/isvlsi/MuellerHMWLWPVM10
https://dblp.org/pid/80/3639-9,https://dblp.org/rec/conf/isvlsi/0009P21
https://dblp.org/pid/68/3728,https://dblp.org/rec/conf/isvlsi/0009P21
https://dblp.org/pid/m/WMuller3,https://dblp.org/rec/conf/isvlsi/MullerHMWWPVMKAC10
https://dblp.org/pid/80/3639-9,https://dblp.org/rec/conf/isvlsi/AwaisMP24
https://dblp.org/pid/62/6023-2,https://dblp.org/rec/conf/isvlsi/AwaisMP24
https://dblp.org/pid/68/3728,https://dblp.org/rec/conf/isvlsi/AwaisMP24
https://dblp.org/pid/68/3728,https://dblp.org/rec/conf/isvlsi/AhmedP22
https://dblp.org/pid/13/8970,https://dblp.org/rec/conf/isce/Rubio-DrosdovSC15
https://dblp.org/pid/13/8970,https://dblp.org/rec/conf/isce/SanchezSAAM15
https://dblp.org/pid/119/5839,https://dblp.org/rec/conf/gecco/BossekS23
https://dblp.org/pid/119/5839,https://dblp.org/rec/conf/gecco/BossekCK020
https://dblp.org/pid/34/2589,https://dblp.org/rec/conf/gecco/PragerT23
https://dblp.org/pid/261/3628,https://dblp.org/rec/conf/gecco/SeilerPT25
https://dblp.org/pid/34/2589,https://dblp.org/rec/conf/gecco/SeilerPT25
https://dblp.org/pid/261/3628,https://dblp.org/rec/conf/gecco/SeilerPKT22
https://dblp.org/pid/34/2589,https://dblp.org/rec/conf/gecco/SeilerPKT22
https://dblp.org/pid/119/5839,https://dblp.org/rec/conf/gecco/KerschkeBT18
https://dblp.org/pid/34/2589,https://dblp.org/rec/conf/gecco/KerschkeBT18
https://dblp.org/pid/34/2589,https://dblp.org/rec/conf/gecco/Rodriguez-Fernandez25
https://dblp.org/pid/261/3628,https://dblp.org/rec/conf/gecco/SchedeSTT25
https://dblp.org/pid/34/2589,https://dblp.org/rec/conf/gecco/SchedeSTT25
https://dblp.org/pid/119/5839,https://dblp.org/rec/conf/gecco/DoBN020
https://dblp.org/pid/119/5839,https://dblp.org/rec/conf/gecco/Bossek18
https://dblp.org/pid/119/5839,https://dblp.org/rec/conf/gecco/BossekBWR15
https://dblp.org/pid/123/8761,https://dblp.org/rec/conf/gecco/WeverRH17
https://dblp.org/pid/119/5839,https://dblp.org/rec/conf/gecco/BossekDK20
https://dblp.org/pid/119/5839,https://dblp.org/rec/conf/gecco/MarreroSHBN23
https://dblp.org/pid/119/5839,https://dblp.org/rec/conf/gecco/BossekG019
https://dblp.org/pid/119/5839,https://dblp.org/rec/conf/gecco/SchmidbauerOB0S24
https://dblp.org/pid/119/5839,https://dblp.org/rec/conf/gecco/Bossek17
https://dblp.org/pid/119/5839,https://dblp.org/rec/conf/gecco/MeiselGBWRT15
https://dblp.org/pid/34/2589,https://dblp.org/rec/conf/gecco/MeiselGBWRT15
https://dblp.org/pid/34/2589,https://dblp.org/rec/conf/gecco/BischlMTP12
https://dblp.org/pid/34/2589,https://dblp.org/rec/conf/gecco/MartiGKTR15
https://dblp.org/pid/68/3728,https://dblp.org/rec/conf/gecco/HansmeierKP20
https://dblp.org/pid/119/5839,https://dblp.org/rec/conf/gecco/BossekN023
https://dblp.org/pid/e/GregorEngels,https://dblp.org/rec/conf/gecco/WeidmannE21
https://dblp.org/pid/119/5839,https://dblp.org/rec/conf/gecco/Bossek022
https://dblp.org/pid/34/2589,https://dblp.org/rec/conf/gecco/KerschkePWT15
https://dblp.org/pid/34/2589,https://dblp.org/rec/conf/gecco/RookTBG22
https://dblp.org/pid/119/5839,https://dblp.org/rec/conf/gecco/RookTBG22
https://dblp.org/pid/34/2589,https://dblp.org/rec/conf/gecco/RookHT24
https://dblp.org/pid/119/5839,https://dblp.org/rec/conf/gecco/RoostapourB020
https://dblp.org/pid/119/5839,https://dblp.org/rec/conf/gecco/BossekGT20
https://dblp.org/pid/34/2589,https://dblp.org/rec/conf/gecco/BossekGT20
https://dblp.org/pid/119/5839,https://dblp.org/rec/conf/gecco/NikfarjamBN021
https://dblp.org/pid/k/HKleineBuning,https://dblp.org/rec/conf/gecco/KramerTB05
https://dblp.org/pid/34/2589,https://dblp.org/rec/conf/gecco/BrockhoffWT12
https://dblp.org/pid/119/5839,https://dblp.org/rec/conf/gecco/BossekN021
https://dblp.org/pid/119/5839,https://dblp.org/rec/conf/gecco/Bossek00S20
https://dblp.org/pid/119/5839,https://dblp.org/rec/conf/gecco/PreussMRBT25
https://dblp.org/pid/34/2589,https://dblp.org/rec/conf/gecco/PreussMRBT25
https://dblp.org/pid/119/5839,https://dblp.org/rec/conf/gecco/Bossek021
https://dblp.org/pid/34/2589,https://dblp.org/rec/conf/gecco/KerschkePWT16
https://dblp.org/pid/119/5839,https://dblp.org/rec/conf/gecco/BossekG24
https://dblp.org/pid/81/3518,https://dblp.org/rec/conf/gecco/CastellanosO19
https://dblp.org/pid/119/5839,https://dblp.org/rec/conf/gecco/Bossek0PS19
https://dblp.org/pid/68/3728,https://dblp.org/rec/conf/gecco/BredeHP22
https://dblp.org/pid/68/3728,https://dblp.org/rec/conf/gecco/HansmeierKP20a
https://dblp.org/pid/34/2589,https://dblp.org/rec/conf/gecco/Sosa-HernandezSRT13
https://dblp.org/pid/119/5839,https://dblp.org/rec/conf/gecco/Bossek0N22
https://dblp.org/pid/68/3728,https://dblp.org/rec/conf/gecco/HansmeierP21
https://dblp.org/pid/68/3728,https://dblp.org/rec/conf/gecco/KaufmannP08
https://dblp.org/pid/34/2589,https://dblp.org/rec/conf/gecco/MersmannBTPWR11
https://dblp.org/pid/119/5839,https://dblp.org/rec/conf/gecco/NeumannB021
https://dblp.org/pid/119/5839,https://dblp.org/rec/conf/gecco/Bossek021a
https://dblp.org/pid/119/5839,https://dblp.org/rec/conf/gecco/BossekGMRT18
https://dblp.org/pid/34/2589,https://dblp.org/rec/conf/gecco/BossekGMRT18
https://dblp.org/pid/119/5839,https://dblp.org/rec/conf/gecco/WittnerB25
https://dblp.org/pid/48/4209,https://dblp.org/rec/conf/aaaiss/RissMRNH11
https://dblp.org/pid/95/4985-1,https://dblp.org/rec/conf/aaaiss/RissMRNH11
https://dblp.org/pid/25/7857,https://dblp.org/rec/conf/vehits/LinkMGT23
https://dblp.org/pid/25/7857,https://dblp.org/rec/conf/vehits/MalenaLHGT21
https://dblp.org/pid/k/UweKastens,https://dblp.org/rec/conf/ifip2-4/KastensP98
https://dblp.org/pid/p/PPfahler,https://dblp.org/rec/conf/ifip2-4/KastensP98
https://dblp.org/pid/b/StBottcher,https://dblp.org/rec/conf/sitis/GroppeGBV06
https://dblp.org/pid/b/StBottcher,https://dblp.org/rec/conf/sitis/BottcherBH12
https://dblp.org/pid/48/5080,https://dblp.org/rec/conf/sitis/BottcherBH12
https://dblp.org/pid/43/6309-1,https://dblp.org/rec/conf/bpm/BeckerMMW11
https://dblp.org/pid/e/GregorEngels,https://dblp.org/rec/conf/bpm/RittmeierET18
https://dblp.org/pid/43/6309-1,https://dblp.org/rec/conf/bpm/BrennigK024
https://dblp.org/pid/43/6309-1,https://dblp.org/rec/conf/bpm/LohrBBBM22
https://dblp.org/pid/43/6309-1,https://dblp.org/rec/conf/bpm/JanieschMM11
https://dblp.org/pid/43/6309-1,https://dblp.org/rec/conf/bpm/KaltenpothSMB25
https://dblp.org/pid/43/6309-1,https://dblp.org/rec/conf/bpm/BrennigBL023
https://dblp.org/pid/f/AlexanderFoerster,https://dblp.org/rec/conf/bpm/KusterGFE08
https://dblp.org/pid/e/GregorEngels,https://dblp.org/rec/conf/bpm/KusterGFE08
https://dblp.org/pid/e/GregorEngels,https://dblp.org/rec/conf/bpm/BokermannGE14
https://dblp.org/pid/31/5809,https://dblp.org/rec/conf/bpm/KindlerRS06
https://dblp.org/pid/43/6309-1,https://dblp.org/rec/conf/egov/NagbolM20
https://dblp.org/pid/69/5050-8,https://dblp.org/rec/conf/vnc/LauxPSTK0D16
https://dblp.org/pid/77/949,https://dblp.org/rec/conf/vnc/KoepeKIPKWMTAKK18
https://dblp.org/pid/m/BurkhardMonien,https://dblp.org/rec/conf/irregular/DiekmannMM95
https://dblp.org/pid/h/FMaufderHeide,https://dblp.org/rec/conf/irregular/BaumkerH97
https://dblp.org/pid/m/BurkhardMonien,https://dblp.org/rec/conf/irregular/MonienS97
https://dblp.org/pid/09/3612-1,https://dblp.org/rec/conf/irregular/MonienS97
https://dblp.org/pid/25/7857,https://dblp.org/rec/conf/iccve/WuthishuwongT13
https://dblp.org/pid/25/7857,https://dblp.org/rec/conf/iccve/HenkeT13
https://dblp.org/pid/d/GittaDomik,https://dblp.org/rec/conf/cdve/GoetzD04
https://dblp.org/pid/181/2328-6,https://dblp.org/rec/conf/socc/XieML12
https://dblp.org/pid/m/WMuller3,https://dblp.org/rec/conf/socc/XieML12
https://dblp.org/pid/77/949,https://dblp.org/rec/conf/socc/LipkaKSS09
https://dblp.org/pid/06/456,https://dblp.org/rec/conf/gacm/Szwillus84
https://dblp.org/pid/r/FranzJosefRammig,https://dblp.org/rec/conf/gacm/RammigR81
https://dblp.org/pid/17/6729-15,https://dblp.org/rec/conf/cloud/PeiWZY0L24
https://dblp.org/pid/89/6594,https://dblp.org/rec/conf/cc/JungKSS01
https://dblp.org/pid/k/UweKastens,https://dblp.org/rec/conf/cc/JungKSS01
https://dblp.org/pid/91/4804-2,https://dblp.org/rec/conf/cc/JungKSS01
https://dblp.org/pid/k/UweKastens,https://dblp.org/rec/conf/cc/Kastens88
https://dblp.org/pid/k/UweKastens,https://dblp.org/rec/conf/cc/KastensPJ98
https://dblp.org/pid/p/PPfahler,https://dblp.org/rec/conf/cc/KastensPJ98
https://dblp.org/pid/89/6594,https://dblp.org/rec/conf/cc/KastensPJ98
https://dblp.org/pid/k/UweKastens,https://dblp.org/rec/conf/cc/Kastens90
https://dblp.org/pid/k/UweKastens,https://dblp.org/rec/conf/cc/StumpelTK98
https://dblp.org/pid/p/PPfahler,https://dblp.org/rec/conf/cc/PfahlerP96
https://dblp.org/pid/s/AdrianSlowik,https://dblp.org/rec/conf/cc/SlowikPP94
https://dblp.org/pid/p/PPfahler,https://dblp.org/rec/conf/cc/SlowikPP94
https://dblp.org/pid/p/PPfahler,https://dblp.org/rec/conf/cc/Pfahler90
https://dblp.org/pid/33/2110,https://dblp.org/rec/conf/cosade/BlomerGL13
https://dblp.org/pid/57/6293-1,https://dblp.org/rec/conf/cosade/BlomerGL13
https://dblp.org/pid/43/6309-1,https://dblp.org/rec/conf/sac/JanieschMMVB11
https://dblp.org/pid/17/6729-15,https://dblp.org/rec/conf/sac/SteinFKWWKM18
https://dblp.org/pid/76/3237,https://dblp.org/rec/conf/sac/TirtarasaT22
https://dblp.org/pid/65/4336,https://dblp.org/rec/conf/sac/Ngomo08
https://dblp.org/pid/326/5192,https://dblp.org/rec/conf/icml/HotegniMV23
https://dblp.org/pid/68/3728,https://dblp.org/rec/conf/icfpt/LienenPR20
https://dblp.org/pid/76/5938,https://dblp.org/rec/conf/icfpt/GorlaniKP19
https://dblp.org/pid/08/8419,https://dblp.org/rec/conf/ichi/AlqassemBSR25
https://dblp.org/pid/65/4336,https://dblp.org/rec/conf/ekaw/GerberN12
https://dblp.org/pid/168/1542,https://dblp.org/rec/conf/ekaw/VollmersSZMN24
https://dblp.org/pid/65/4336,https://dblp.org/rec/conf/ekaw/VollmersSZMN24
https://dblp.org/pid/65/4336,https://dblp.org/rec/conf/ekaw/QudusPSRN24
https://dblp.org/pid/65/4336,https://dblp.org/rec/conf/ekaw/AkhterNS18
https://dblp.org/pid/65/4336,https://dblp.org/rec/conf/ekaw/ErmilovN16
https://dblp.org/pid/65/4336,https://dblp.org/rec/conf/ekaw/SpeckN18
https://dblp.org/pid/h/FMaufderHeide,https://dblp.org/rec/conf/ewcg/BienkowskiDHS05
https://dblp.org/pid/39/1215-1,https://dblp.org/rec/conf/atva/ZhaoKOR05
https://dblp.org/pid/43/917,https://dblp.org/rec/conf/atva/ZhaoKOR05
https://dblp.org/pid/r/FranzJosefRammig,https://dblp.org/rec/conf/atva/ZhaoKOR05
https://dblp.org/pid/07/2093-1,https://dblp.org/rec/conf/chi/BerghMBPSH10
https://dblp.org/pid/06/456,https://dblp.org/rec/conf/chi/PalanqueKJSW04
https://dblp.org/pid/d/GittaDomik,https://dblp.org/rec/conf/chi/JoslynLD95
https://dblp.org/pid/06/456,https://dblp.org/rec/conf/chi/Szwillus94
https://dblp.org/pid/06/456,https://dblp.org/rec/conf/chi/KespohlS96
https://dblp.org/pid/06/456,https://dblp.org/rec/conf/chi/Szwillus94a
https://dblp.org/pid/d/GittaDomik,https://dblp.org/rec/conf/chi/VolbrachtDSF97
https://dblp.org/pid/06/456,https://dblp.org/rec/conf/chi/BomsdorfS99
https://dblp.org/pid/26/2578-8,https://dblp.org/rec/conf/chi/Zhao93
https://dblp.org/pid/132/9687,https://dblp.org/rec/conf/chi/GorskiAIF20
https://dblp.org/pid/327/6458,https://dblp.org/rec/conf/chi/SchmuserRWSB0SW24
https://dblp.org/pid/132/9687,https://dblp.org/rec/conf/chi/SchmuserRWSB0SW24
https://dblp.org/pid/06/456,https://dblp.org/rec/conf/chi/BiereBS99
https://dblp.org/pid/13/8970,https://dblp.org/rec/conf/chi/FallahiCS25
https://dblp.org/pid/13/8970,https://dblp.org/rec/conf/chi/KabloKC24
https://dblp.org/pid/132/9687,https://dblp.org/rec/conf/chi/Herbert0SHKSAD23
https://dblp.org/pid/06/456,https://dblp.org/rec/conf/chi/BomsdorfS96
https://dblp.org/pid/13/8970,https://dblp.org/rec/conf/chi/KabloSC26
https://dblp.org/pid/06/456,https://dblp.org/rec/conf/chi/BomsdorfS98
https://dblp.org/pid/14/3197-1,https://dblp.org/rec/conf/icer/Grosse-BoltingG21
https://dblp.org/pid/14/3197-1,https://dblp.org/rec/conf/icer/SchulteM05
https://dblp.org/pid/48/4209,https://dblp.org/rec/conf/icer/SchulteM05
https://dblp.org/pid/48/4209,https://dblp.org/rec/conf/icer/HubwieserMMR13
https://dblp.org/pid/14/3197-1,https://dblp.org/rec/conf/icer/Hoper0M24
https://dblp.org/pid/14/3197-1,https://dblp.org/rec/conf/icer/EhlertS09
https://dblp.org/pid/14/3197-1,https://dblp.org/rec/conf/icer/Schulte08
https://dblp.org/pid/14/3197-1,https://dblp.org/rec/conf/icer/SchulteB06
https://dblp.org/pid/14/3197-1,https://dblp.org/rec/conf/icer/BusjahnSSSBHBOISA14
https://dblp.org/pid/14/3197-1,https://dblp.org/rec/conf/icer/SchulteK07
https://dblp.org/pid/19/6980-1,https://dblp.org/rec/conf/criwg/HuthSN01
https://dblp.org/pid/b/StBottcher,https://dblp.org/rec/conf/mdm/BottcherGO07
https://dblp.org/pid/202/1859,https://dblp.org/rec/conf/ciac/CastenowHH23
https://dblp.org/pid/h/FMaufderHeide,https://dblp.org/rec/conf/ciac/CastenowHH23
https://dblp.org/pid/m/BurkhardMonien,https://dblp.org/rec/conf/ciac/BleischwitzM06
https://dblp.org/pid/m/BurkhardMonien,https://dblp.org/rec/conf/ciac/MonienT10
https://dblp.org/pid/181/2328-6,https://dblp.org/rec/conf/hldvt/XieML11
https://dblp.org/pid/m/WMuller3,https://dblp.org/rec/conf/hldvt/XieML11
https://dblp.org/pid/m/WMuller3,https://dblp.org/rec/conf/hldvt/0003OZB10
https://dblp.org/pid/63/4934-1,https://dblp.org/rec/conf/hldvt/0003OZB10
https://dblp.org/pid/138/4856,https://dblp.org/rec/conf/sui/HelmertHY23
https://dblp.org/pid/138/4856,https://dblp.org/rec/conf/sui/WeckerY23
https://dblp.org/pid/138/4856,https://dblp.org/rec/conf/se/JovanovikjY0E20
https://dblp.org/pid/07/2093-1,https://dblp.org/rec/conf/se/JovanovikjY0E20
https://dblp.org/pid/e/GregorEngels,https://dblp.org/rec/conf/se/JovanovikjY0E20
https://dblp.org/pid/94/5744,https://dblp.org/rec/conf/se/NadiKMB17
https://dblp.org/pid/94/5744,https://dblp.org/rec/conf/se/BoddenD18
https://dblp.org/pid/94/5744,https://dblp.org/rec/conf/se/DannHB21
https://dblp.org/pid/e/GregorEngels,https://dblp.org/rec/conf/se/Fazal-BaqaieLE13
https://dblp.org/pid/71/11054,https://dblp.org/rec/conf/se/PohlmannH17
https://dblp.org/pid/69/3369-1,https://dblp.org/rec/conf/se/BeckerBM13
https://dblp.org/pid/94/5744,https://dblp.org/rec/conf/se/NachtigallSB23
https://dblp.org/pid/36/10647,https://dblp.org/rec/conf/se/TravkinDB11
https://dblp.org/pid/40/4987-1,https://dblp.org/rec/conf/se/SolimanSGZR19
https://dblp.org/pid/07/2093-1,https://dblp.org/rec/conf/se/SauerKR13
https://dblp.org/pid/95/4985-1,https://dblp.org/rec/conf/se/ReinhardtEHHM10
https://dblp.org/pid/129/9137-1,https://dblp.org/rec/conf/se/GreenyerBCHG15
https://dblp.org/pid/95/4985-1,https://dblp.org/rec/conf/se/Reinhardt09
https://dblp.org/pid/07/2093-1,https://dblp.org/rec/conf/se/SauerMT11
https://dblp.org/pid/132/9687,https://dblp.org/rec/conf/se/WermkeWKFAF24
https://dblp.org/pid/94/5744,https://dblp.org/rec/conf/se/Dann0B24
https://dblp.org/pid/94/5744,https://dblp.org/rec/conf/se/BenzKLBBZ21
https://dblp.org/pid/31/5809,https://dblp.org/rec/conf/se/GehrkeHSNSN07
https://dblp.org/pid/07/2093-1,https://dblp.org/rec/conf/se/NagelSB0E15
https://dblp.org/pid/e/GregorEngels,https://dblp.org/rec/conf/se/NagelSB0E15
https://dblp.org/pid/94/5744,https://dblp.org/rec/conf/se/ArztFFRBS13
https://dblp.org/pid/e/GregorEngels,https://dblp.org/rec/conf/se/Engels13
https://dblp.org/pid/94/5744,https://dblp.org/rec/conf/se/KarakayaB24
https://dblp.org/pid/68/283-1,https://dblp.org/rec/conf/se/HoltmannBMST17
https://dblp.org/pid/43/917,https://dblp.org/rec/conf/se/Fazal-BaqaieGO17
https://dblp.org/pid/94/5744,https://dblp.org/rec/conf/se/BoddenTRBBM14
https://dblp.org/pid/95/4985-1,https://dblp.org/rec/conf/se/EbnerHHMR10
https://dblp.org/pid/31/5809,https://dblp.org/rec/conf/se/HoltmannMSN10
https://dblp.org/pid/31/5809,https://dblp.org/rec/conf/se/HenklerHPS10
https://dblp.org/pid/94/5744,https://dblp.org/rec/conf/se/PauckBW20
https://dblp.org/pid/e/GregorEngels,https://dblp.org/rec/conf/se/Derakhshanmanesh15a
https://dblp.org/pid/40/4987-1,https://dblp.org/rec/conf/se/SolimanWLRA22
https://dblp.org/pid/132/9687,https://dblp.org/rec/conf/se/JancarFBSSBFA24
https://dblp.org/pid/07/2093-1,https://dblp.org/rec/conf/se/MommST11
https://dblp.org/pid/94/5744,https://dblp.org/rec/conf/se/SchlichtigSNB23
https://dblp.org/pid/e/GregorEngels,https://dblp.org/rec/conf/se/SchumacherGENH13
https://dblp.org/pid/94/5744,https://dblp.org/rec/conf/se/LuoB22
https://dblp.org/pid/e/GregorEngels,https://dblp.org/rec/conf/se/EngelsV08
https://dblp.org/pid/94/5744,https://dblp.org/rec/conf/se/DannP0PB22
https://dblp.org/pid/07/2093-1,https://dblp.org/rec/conf/se/Sauer20
https://dblp.org/pid/327/6458,https://dblp.org/rec/conf/se/WermkeKWSRAF24
https://dblp.org/pid/132/9687,https://dblp.org/rec/conf/se/WermkeKWSRAF24
https://dblp.org/pid/129/9137-1,https://dblp.org/rec/conf/se/BrennerHSH13
https://dblp.org/pid/31/5809,https://dblp.org/rec/conf/se/BrennerHSH13
https://dblp.org/pid/138/4856,https://dblp.org/rec/conf/se/YigitbasKJE22
https://dblp.org/pid/e/GregorEngels,https://dblp.org/rec/conf/se/YigitbasKJE22
https://dblp.org/pid/94/5744,https://dblp.org/rec/conf/se/AvdiienkoKGZARB17
https://dblp.org/pid/31/5809,https://dblp.org/rec/conf/se/KindlerRS06
https://dblp.org/pid/e/GregorEngels,https://dblp.org/rec/conf/se/EngelsGLJR06
https://dblp.org/pid/07/2093-1,https://dblp.org/rec/conf/se/SauerR20
https://dblp.org/pid/e/GregorEngels,https://dblp.org/rec/conf/se/EngelsSRZ11
https://dblp.org/pid/07/2093-1,https://dblp.org/rec/conf/se/GriegerS13
https://dblp.org/pid/40/4987-1,https://dblp.org/rec/conf/se/SolimanGA24
https://dblp.org/pid/68/283-1,https://dblp.org/rec/conf/se/HoltmannMM11
https://dblp.org/pid/138/4856,https://dblp.org/rec/conf/se/YigitbasGWE22
https://dblp.org/pid/e/GregorEngels,https://dblp.org/rec/conf/se/YigitbasGWE22
https://dblp.org/pid/e/GregorEngels,https://dblp.org/rec/conf/se/HeinemannPRSSE11
https://dblp.org/pid/e/GregorEngels,https://dblp.org/rec/conf/se/RiebischESZ11
https://dblp.org/pid/94/5744,https://dblp.org/rec/conf/se/LuoPPBPMB0M22
https://dblp.org/pid/31/5809,https://dblp.org/rec/conf/se/PlateniusAS17
https://dblp.org/pid/e/GregorEngels,https://dblp.org/rec/conf/se/GriegerFEK17
https://dblp.org/pid/39/3996,https://dblp.org/rec/conf/ecmast/CortesDZKLMMMP99
https://dblp.org/pid/39/3996,https://dblp.org/rec/conf/ecmast/CortesL98
https://dblp.org/pid/m/WMuller3,https://dblp.org/rec/conf/extreme/PlompSM02
https://dblp.org/pid/e/GregorEngels,https://dblp.org/rec/conf/icsoc/ArifulinaPBGES14
https://dblp.org/pid/31/5809,https://dblp.org/rec/conf/icsoc/ArifulinaPBGES14
https://dblp.org/pid/e/GregorEngels,https://dblp.org/rec/conf/icsoc/HumaGEJ13
https://dblp.org/pid/e/GregorEngels,https://dblp.org/rec/conf/icsoc/WoltersKGE16
https://dblp.org/pid/e/GregorEngels,https://dblp.org/rec/conf/icsoc/HohwillerSE11
https://dblp.org/pid/e/GregorEngels,https://dblp.org/rec/conf/icsoc/JazayeriZEK17
https://dblp.org/pid/26/4979,https://dblp.org/rec/conf/icsoc/JazayeriZEK17
https://dblp.org/pid/e/GregorEngels,https://dblp.org/rec/conf/icsoc/WoltersKE19
https://dblp.org/pid/e/GregorEngels,https://dblp.org/rec/conf/icsoc/WoltersKGE16a
https://dblp.org/pid/e/GregorEngels,https://dblp.org/rec/conf/icsoc/NagelGE13
https://dblp.org/pid/e/GregorEngels,https://dblp.org/rec/conf/icsoc/JazayeriPEK16
https://dblp.org/pid/26/4979,https://dblp.org/rec/conf/icsoc/JazayeriPEK16
https://dblp.org/pid/e/GregorEngels,https://dblp.org/rec/conf/icsoc/WoltersHKE17
https://dblp.org/pid/94/5744,https://dblp.org/rec/conf/asiaccs/HolzingerB21
https://dblp.org/pid/77/949,https://dblp.org/rec/conf/iswcs/KrishneGowdaWJW18
https://dblp.org/pid/77/949,https://dblp.org/rec/conf/bcicts/ShroffBKS24
https://dblp.org/pid/77/949,https://dblp.org/rec/conf/bcicts/KoosRFZSWWHUKZM20
https://dblp.org/pid/m/WMuller3,https://dblp.org/rec/conf/bcicts/IftekharGKSMS23
https://dblp.org/pid/77/949,https://dblp.org/rec/conf/bcicts/IftekharGKSMS23
https://dblp.org/pid/77/949,https://dblp.org/rec/conf/bcicts/IftekharGS21
https://dblp.org/pid/34/2589,https://dblp.org/rec/conf/cf/CarneinAT17
https://dblp.org/pid/06/456,https://dblp.org/rec/conf/cadui/BomsdorfS04
https://dblp.org/pid/06/456,https://dblp.org/rec/conf/cadui/BomsdorfS99
https://dblp.org/pid/06/456,https://dblp.org/rec/conf/cadui/BiereBS99
https://dblp.org/pid/94/5744,https://dblp.org/rec/conf/csfw/0011JKKKB20
https://dblp.org/pid/31/5809,https://dblp.org/rec/conf/atc/SeebachNHMTRS10
https://dblp.org/pid/s/ChristianScheideler,https://dblp.org/rec/conf/soda/KolmanS12
https://dblp.org/pid/s/ChristianScheideler,https://dblp.org/rec/conf/soda/AwerbuchS04
https://dblp.org/pid/33/2110,https://dblp.org/rec/conf/soda/AckermannBS08
https://dblp.org/pid/s/ChristianScheideler,https://dblp.org/rec/conf/soda/AugustineHKSS20
https://dblp.org/pid/s/ChristianScheideler,https://dblp.org/rec/conf/soda/BerenbrinkS99
https://dblp.org/pid/s/ChristianScheideler,https://dblp.org/rec/conf/soda/KolmanS02
https://dblp.org/pid/h/FMaufderHeide,https://dblp.org/rec/conf/soda/HeideVW00
https://dblp.org/pid/53/4856,https://dblp.org/rec/conf/soda/BriestCKW10
https://dblp.org/pid/53/4856,https://dblp.org/rec/conf/soda/BriestK07
https://dblp.org/pid/s/ChristianScheideler,https://dblp.org/rec/conf/soda/CzumajS00
https://dblp.org/pid/53/4856,https://dblp.org/rec/conf/soda/BriestK06
https://dblp.org/pid/33/2110,https://dblp.org/rec/conf/soda/AckermannB09
https://dblp.org/pid/s/ChristianScheideler,https://dblp.org/rec/conf/soda/MenseS08
https://dblp.org/pid/177/9340,https://dblp.org/rec/conf/soda/DellHKW25
https://dblp.org/pid/e/GregorEngels,https://dblp.org/rec/conf/delfi/AlfertDE03
https://dblp.org/pid/95/4985-1,https://dblp.org/rec/conf/delfi/ReinhardtH06
https://dblp.org/pid/95/4985-1,https://dblp.org/rec/conf/delfi/EngbringRMMM10
https://dblp.org/pid/48/4209,https://dblp.org/rec/conf/delfi/EngbringRMMM10
https://dblp.org/pid/d/GittaDomik,https://dblp.org/rec/conf/delfi/SchroderD03
https://dblp.org/pid/14/3197-1,https://dblp.org/rec/conf/delfi/HeinemannEHS22
https://dblp.org/pid/k/ReinhardKeilSlawik,https://dblp.org/rec/conf/delfi/KeilDS09
https://dblp.org/pid/53/3909,https://dblp.org/rec/conf/delfi/KeilDS09
https://dblp.org/pid/14/3197-1,https://dblp.org/rec/conf/delfi/SchulteT09
https://dblp.org/pid/26/4979,https://dblp.org/rec/conf/delfi/BeutnerKMNZ14
https://dblp.org/pid/48/4209,https://dblp.org/rec/conf/delfi/BeutnerKMNZ14
https://dblp.org/pid/118/8181,https://dblp.org/rec/conf/delfi/BeutnerKMNZ14
https://dblp.org/pid/48/4209,https://dblp.org/rec/conf/delfi/MagenheimS09
https://dblp.org/pid/k/ReinhardKeilSlawik,https://dblp.org/rec/conf/delfi/KeilSW14
https://dblp.org/pid/53/3909,https://dblp.org/rec/conf/delfi/KeilSW14
https://dblp.org/pid/48/4209,https://dblp.org/rec/conf/delfi/GotthardtHKMNW14
https://dblp.org/pid/53/3909,https://dblp.org/rec/conf/delfi/SelkeW12
https://dblp.org/pid/k/ReinhardKeilSlawik,https://dblp.org/rec/conf/delfi/KeilW13
https://dblp.org/pid/22/2959-2,https://dblp.org/rec/conf/delfi/RothSBH07
https://dblp.org/pid/26/4979,https://dblp.org/rec/conf/delfi/KundischNS17
https://dblp.org/pid/189/4866,https://dblp.org/rec/conf/delfi/KundischNS17
https://dblp.org/pid/70/2162,https://dblp.org/rec/conf/delfi/SchulteHGFS08
https://dblp.org/pid/52/3346-15,https://dblp.org/rec/conf/delfi/SchmidtHB04
https://dblp.org/pid/12/4452,https://dblp.org/rec/conf/delfi/BerteltGH04
https://dblp.org/pid/119/5839,https://dblp.org/rec/conf/aiia/BossekT16
https://dblp.org/pid/34/2589,https://dblp.org/rec/conf/aiia/BossekT16
https://dblp.org/pid/e/GregorEngels,https://dblp.org/rec/conf/modellierung/Engels98
https://dblp.org/pid/138/4856,https://dblp.org/rec/conf/modellierung/JovanovikjY018
https://dblp.org/pid/07/2093-1,https://dblp.org/rec/conf/modellierung/JovanovikjY018
https://dblp.org/pid/07/2093-1,https://dblp.org/rec/conf/modellierung/SauerE99
https://dblp.org/pid/e/GregorEngels,https://dblp.org/rec/conf/modellierung/SauerE99
https://dblp.org/pid/e/GregorEngels,https://dblp.org/rec/conf/modellierung/RittmeierET18
https://dblp.org/pid/17/6729-15,https://dblp.org/rec/conf/modellierung/TomaszekLWS18
https://dblp.org/pid/e/GregorEngels,https://dblp.org/rec/conf/modellierung/VoigtE08
https://dblp.org/pid/80/1348-2,https://dblp.org/rec/conf/modellierung/SteinS01
https://dblp.org/pid/68/3728,https://dblp.org/rec/conf/cig/GrafP16
https://dblp.org/pid/76/5938,https://dblp.org/rec/conf/cig/HeuchlerP24
https://dblp.org/pid/34/2589,https://dblp.org/rec/conf/cig/PreussKHT13
https://dblp.org/pid/68/3728,https://dblp.org/rec/conf/cig/GrafP14
https://dblp.org/pid/68/3728,https://dblp.org/rec/conf/cig/WistubaSP12
https://dblp.org/pid/90/4912,https://dblp.org/rec/conf/cscwd/FrundGMR04
https://dblp.org/pid/43/6309-1,https://dblp.org/rec/conf/amcis/BeckerBMM09
https://dblp.org/pid/26/4979,https://dblp.org/rec/conf/amcis/PoniatowskiNK19
https://dblp.org/pid/138/4956,https://dblp.org/rec/conf/amcis/LembckeMTHPP19
https://dblp.org/pid/34/2589,https://dblp.org/rec/conf/amcis/ChinnovKMST15
https://dblp.org/pid/43/6309-1,https://dblp.org/rec/conf/amcis/BeckerMMW08
https://dblp.org/pid/138/4956,https://dblp.org/rec/conf/amcis/MatschakNNK023
https://dblp.org/pid/189/4866,https://dblp.org/rec/conf/amcis/SchlangenottoPK18
https://dblp.org/pid/26/4979,https://dblp.org/rec/conf/amcis/SchlangenottoPK18
https://dblp.org/pid/43/6309-1,https://dblp.org/rec/conf/amcis/CaronBM22
https://dblp.org/pid/26/4979,https://dblp.org/rec/conf/amcis/GorzenK16
https://dblp.org/pid/138/4956,https://dblp.org/rec/conf/amcis/KolbeNNT15
https://dblp.org/pid/138/4956,https://dblp.org/rec/conf/amcis/NiedzelaKNMS023
https://dblp.org/pid/319/8710,https://dblp.org/rec/conf/amcis/MeyerFKD22
https://dblp.org/pid/26/4979,https://dblp.org/rec/conf/amcis/NickersonVMK24
https://dblp.org/pid/17/5476,https://dblp.org/rec/conf/amcis/StumpeSSKW25
https://dblp.org/pid/26/4979,https://dblp.org/rec/conf/amcis/GriegerSK22
https://dblp.org/pid/26/4979,https://dblp.org/rec/conf/amcis/NeumannGGK19
https://dblp.org/pid/43/6309-1,https://dblp.org/rec/conf/amcis/BeckerBKM08
https://dblp.org/pid/138/4956,https://dblp.org/rec/conf/amcis/Brendel0MLK20
https://dblp.org/pid/319/8710,https://dblp.org/rec/conf/amcis/OzcanKDVOD22
https://dblp.org/pid/138/4956,https://dblp.org/rec/conf/amcis/TrangOK13
https://dblp.org/pid/138/4956,https://dblp.org/rec/conf/amcis/MandrellaZT16
https://dblp.org/pid/138/4956,https://dblp.org/rec/conf/amcis/KolbeMTZ15
https://dblp.org/pid/138/4956,https://dblp.org/rec/conf/amcis/HildebrandtKMTZ15
https://dblp.org/pid/26/4979,https://dblp.org/rec/conf/amcis/KundischZ09a
https://dblp.org/pid/138/4956,https://dblp.org/rec/conf/amcis/HerrenkindLTBK19
https://dblp.org/pid/26/4979,https://dblp.org/rec/conf/amcis/KundischZ09
https://dblp.org/pid/43/6309-1,https://dblp.org/rec/conf/amcis/BeckerBKMMP09
https://dblp.org/pid/26/4979,https://dblp.org/rec/conf/amcis/SzopinskiSJKK17
https://dblp.org/pid/70/8080,https://dblp.org/rec/conf/ewsdn/Ali-AhmadCODGMRS13
https://dblp.org/pid/117/6974-1,https://dblp.org/rec/conf/bdta/Weber16a
https://dblp.org/pid/117/6974-1,https://dblp.org/rec/conf/bdta/Weber16
https://dblp.org/pid/134/7582,https://dblp.org/rec/conf/crypto/BoydDGJ20
https://dblp.org/pid/33/2110,https://dblp.org/rec/conf/crypto/BlomerM03
https://dblp.org/pid/134/7582,https://dblp.org/rec/conf/crypto/DaviesFGHHHJ23
https://dblp.org/pid/d/GittaDomik,https://dblp.org/rec/conf/vg/ArensD10
https://dblp.org/pid/65/4336,https://dblp.org/rec/conf/ida/DemirN23
https://dblp.org/pid/08/8419,https://dblp.org/rec/conf/ida/ShakerAY22
https://dblp.org/pid/25/7857,https://dblp.org/rec/conf/isse2/AbrishamchianT16
https://dblp.org/pid/90/4912,https://dblp.org/rec/conf/isse2/TschirnerBDG15
https://dblp.org/pid/25/7857,https://dblp.org/rec/conf/isse2/LankeitLOTL15
https://dblp.org/pid/138/8052,https://dblp.org/rec/conf/fun/HamannMHW18
https://dblp.org/pid/h/FMaufderHeide,https://dblp.org/rec/conf/fun/HamannMHW18
https://dblp.org/pid/06/456,https://dblp.org/rec/conf/dsvis/SzwillusK96
https://dblp.org/pid/k/HKleineBuning,https://dblp.org/rec/conf/frocos/BuningWCS19
https://dblp.org/pid/76/3237,https://dblp.org/rec/conf/frocos/BaaderKT17
https://dblp.org/pid/33/2110,https://dblp.org/rec/conf/ctrsa/BlomerEJ18
https://dblp.org/pid/216/6738,https://dblp.org/rec/conf/ctrsa/BlomerEJ18
https://dblp.org/pid/134/7582,https://dblp.org/rec/conf/ctrsa/DaviesS14
https://dblp.org/pid/33/2110,https://dblp.org/rec/conf/ctrsa/BlomerL16
https://dblp.org/pid/16/8643-2,https://dblp.org/rec/conf/futsec/SchneiderFBK12
https://dblp.org/pid/e/GregorEngels,https://dblp.org/rec/conf/gg/Engels90
https://dblp.org/pid/e/GregorEngels,https://dblp.org/rec/conf/gg/EngelsLS86
https://dblp.org/pid/31/5809,https://dblp.org/rec/conf/gg/EngelsLS86
https://dblp.org/pid/e/GregorEngels,https://dblp.org/rec/conf/gg/NagelEGS82
https://dblp.org/pid/31/5809,https://dblp.org/rec/conf/gg/NagelEGS82
https://dblp.org/pid/e/GregorEngels,https://dblp.org/rec/conf/gg/EngelsLSH06
https://dblp.org/pid/07/2093-1,https://dblp.org/rec/conf/gg/EngelsLSH06
https://dblp.org/pid/79/6049,https://dblp.org/rec/conf/icra/NagaiMR08
https://dblp.org/pid/81/3518,https://dblp.org/rec/conf/icra/ZhangIOM08
https://dblp.org/pid/79/6049,https://dblp.org/rec/conf/icra/LohseRWS08
https://dblp.org/pid/33/2110,https://dblp.org/rec/conf/eurocrypt/BlomerM05
https://dblp.org/pid/218/7188,https://dblp.org/rec/conf/eurocrypt/BobolzCKT26
https://dblp.org/pid/76/3237,https://dblp.org/rec/conf/jelia/BaaderST04
https://dblp.org/pid/76/3237,https://dblp.org/rec/conf/jelia/LehmannT12
https://dblp.org/pid/150/4812-2,https://dblp.org/rec/conf/jelia/HannulaHKMMV23
https://dblp.org/pid/76/3237,https://dblp.org/rec/conf/jelia/CamaraT23
https://dblp.org/pid/k/HKleineBuning,https://dblp.org/rec/conf/lam/Buning83
https://dblp.org/pid/34/2589,https://dblp.org/rec/conf/gfkl/WeihsMBFTKS10
https://dblp.org/pid/34/2589,https://dblp.org/rec/conf/misdoom/CleverFTG19
https://dblp.org/pid/261/3628,https://dblp.org/rec/conf/misdoom/CleverAMSRPG20
https://dblp.org/pid/34/2589,https://dblp.org/rec/conf/misdoom/AssenmacherAFTG19
https://dblp.org/pid/70/8080,https://dblp.org/rec/conf/tridentcom/DannewitzBDBK10
https://dblp.org/pid/40/4987-1,https://dblp.org/rec/conf/icsa/SolimanWLRA21
https://dblp.org/pid/138/4856,https://dblp.org/rec/conf/icsa/GottschalkYE22
https://dblp.org/pid/e/GregorEngels,https://dblp.org/rec/conf/icsa/GottschalkYE22
https://dblp.org/pid/e/GregorEngels,https://dblp.org/rec/conf/icsa/SpalazzeseP0E18
https://dblp.org/pid/40/4987-1,https://dblp.org/rec/conf/icsa/SolimanSGZR18
https://dblp.org/pid/e/GregorEngels,https://dblp.org/rec/conf/icsa/SpalazzesePBEP17
https://dblp.org/pid/40/4987-1,https://dblp.org/rec/conf/icsa/SolimanGA23
https://dblp.org/pid/94/5744,https://dblp.org/rec/conf/icsa/StockmannLB19
https://dblp.org/pid/40/4987-1,https://dblp.org/rec/conf/icsa/SolimanGR17
https://dblp.org/pid/40/4987-1,https://dblp.org/rec/conf/icsa/LiSLA22
https://dblp.org/pid/40/4987-1,https://dblp.org/rec/conf/icsa/SolimanK25
https://dblp.org/pid/90/4912,https://dblp.org/rec/conf/eknow/Reyes-PerezGN09
https://dblp.org/pid/138/4856,https://dblp.org/rec/conf/ucami/YigitbasA25
https://dblp.org/pid/13/8970,https://dblp.org/rec/conf/ucami/MendozaALSC18
https://dblp.org/pid/138/4856,https://dblp.org/rec/conf/ucami/YigitbasK25
https://dblp.org/pid/13/8970,https://dblp.org/rec/conf/ucami/SanchezLMC18
https://dblp.org/pid/138/4856,https://dblp.org/rec/conf/ucami/YigitbasGSE17
https://dblp.org/pid/07/2093-1,https://dblp.org/rec/conf/ucami/YigitbasGSE17
https://dblp.org/pid/e/GregorEngels,https://dblp.org/rec/conf/ucami/YigitbasGSE17
https://dblp.org/pid/68/3728,https://dblp.org/rec/conf/wises/DanneP05
https://dblp.org/pid/94/5744,https://dblp.org/rec/conf/wcre/SchlichtigSNB22
https://dblp.org/pid/94/5744,https://dblp.org/rec/conf/wcre/VenkateshWLB23
https://dblp.org/pid/94/5744,https://dblp.org/rec/conf/wcre/WickertSVWMB24
https://dblp.org/pid/h/FMaufderHeide,https://dblp.org/rec/conf/iccS/HeideW01
https://dblp.org/pid/34/2589,https://dblp.org/rec/conf/neo/Sosa-HernandezL15
https://dblp.org/pid/17/6729-15,https://dblp.org/rec/conf/wosp/GhafouriRSSL0DJ25
https://dblp.org/pid/69/3369-1,https://dblp.org/rec/conf/wosp/BeckerLB15
https://dblp.org/pid/e/GregorEngels,https://dblp.org/rec/conf/wosp/BrusekeEB13
https://dblp.org/pid/m/WMuller3,https://dblp.org/rec/conf/tamodia/SchaeferBM06
https://dblp.org/pid/06/456,https://dblp.org/rec/conf/tamodia/GieseMPSD08
https://dblp.org/pid/65/4336,https://dblp.org/rec/conf/smbm/HoehndorfNPOOR10
https://dblp.org/pid/e/GregorEngels,https://dblp.org/rec/conf/enase/AssmannEMW09a
https://dblp.org/pid/e/GregorEngels,https://dblp.org/rec/conf/enase/AssmannEMW09
https://dblp.org/pid/13/8970,https://dblp.org/rec/conf/eurousec/RoseKC23
https://dblp.org/pid/26/4979,https://dblp.org/rec/conf/desrist/FeldottoJKHKS17
https://dblp.org/pid/43/6309-1,https://dblp.org/rec/conf/desrist/NagbolMK21
https://dblp.org/pid/43/6309-1,https://dblp.org/rec/conf/desrist/BeckerBMMP11
https://dblp.org/pid/26/4979,https://dblp.org/rec/conf/desrist/KundischHWNMRBZ13
https://dblp.org/pid/48/4209,https://dblp.org/rec/conf/desrist/KundischHWNMRBZ13
https://dblp.org/pid/95/4985-1,https://dblp.org/rec/conf/desrist/KundischHWNMRBZ13
https://dblp.org/pid/118/8181,https://dblp.org/rec/conf/desrist/KundischHWNMRBZ13
https://dblp.org/pid/43/6309-1,https://dblp.org/rec/conf/desrist/MullerDS13
https://dblp.org/pid/138/4956,https://dblp.org/rec/conf/desrist/MatschakRHPT22
https://dblp.org/pid/228/3129,https://dblp.org/rec/conf/eusflat/CamargosBJCLP21
https://dblp.org/pid/228/3129,https://dblp.org/rec/conf/eusflat/0001CBCJP21
https://dblp.org/pid/17/5476,https://dblp.org/rec/conf/eusflat/EsauKK05
https://dblp.org/pid/00/2717,https://dblp.org/rec/conf/eusflat/EsauKK05
https://dblp.org/pid/m/WMuller3,https://dblp.org/rec/conf/mobility/SchaeferMLS07
https://dblp.org/pid/94/5744,https://dblp.org/rec/conf/foal/Bodden12
https://dblp.org/pid/m/WMuller3,https://dblp.org/rec/conf/ecbs/DuckerLMT97
https://dblp.org/pid/s/TimSchattkowsky,https://dblp.org/rec/conf/ecbs/SchattkowskyF05
https://dblp.org/pid/f/AlexanderFoerster,https://dblp.org/rec/conf/ecbs/SchattkowskyF05
https://dblp.org/pid/00/2717,https://dblp.org/rec/conf/ecbs/HeitbrederKKT97
https://dblp.org/pid/17/5476,https://dblp.org/rec/conf/ecbs/HeitbrederKKT97
https://dblp.org/pid/r/FranzJosefRammig,https://dblp.org/rec/conf/ecbs/BrielmannR96
https://dblp.org/pid/e/GregorEngels,https://dblp.org/rec/conf/models/MlynarskiGSE09
https://dblp.org/pid/138/4856,https://dblp.org/rec/conf/models/YigitbasGWE21
https://dblp.org/pid/e/GregorEngels,https://dblp.org/rec/conf/models/YigitbasGWE21
https://dblp.org/pid/e/GregorEngels,https://dblp.org/rec/conf/models/MussbacherCABBE20
https://dblp.org/pid/s/TimSchattkowsky,https://dblp.org/rec/conf/models/SchattkowskyHE06
https://dblp.org/pid/e/GregorEngels,https://dblp.org/rec/conf/models/SchattkowskyHE06
https://dblp.org/pid/e/GregorEngels,https://dblp.org/rec/conf/models/GerthKLE10
https://dblp.org/pid/94/5744,https://dblp.org/rec/conf/models/KochDHB20
https://dblp.org/pid/138/4856,https://dblp.org/rec/conf/models/NagelGYCE12
https://dblp.org/pid/e/GregorEngels,https://dblp.org/rec/conf/models/NagelGYCE12
https://dblp.org/pid/138/4856,https://dblp.org/rec/conf/models/YigitbasSBGE22
https://dblp.org/pid/e/GregorEngels,https://dblp.org/rec/conf/models/YigitbasSBGE22
https://dblp.org/pid/e/GregorEngels,https://dblp.org/rec/conf/models/GiaoAEFPSC25
https://dblp.org/pid/07/2093-1,https://dblp.org/rec/conf/models/GiaoAEFPSC25
https://dblp.org/pid/e/GregorEngels,https://dblp.org/rec/conf/models/EngelsGL06
https://dblp.org/pid/31/5809,https://dblp.org/rec/conf/models/GerkingSDH15
https://dblp.org/pid/e/GregorEngels,https://dblp.org/rec/conf/models/GerthKE09
https://dblp.org/pid/07/2093-1,https://dblp.org/rec/conf/models/PleussBSGH07
https://dblp.org/pid/e/GregorEngels,https://dblp.org/rec/conf/models/GottschalkBWKE22
https://dblp.org/pid/77/4790,https://dblp.org/rec/conf/models/HebigGSS13
https://dblp.org/pid/02/691-2,https://dblp.org/rec/conf/models/GieseW06
https://dblp.org/pid/50/6546,https://dblp.org/rec/conf/models/SoltenbornE09
https://dblp.org/pid/e/GregorEngels,https://dblp.org/rec/conf/models/SoltenbornE09
https://dblp.org/pid/e/GregorEngels,https://dblp.org/rec/conf/models/DerakhshanmaneshEIE14
https://dblp.org/pid/07/2093-1,https://dblp.org/rec/conf/models/SauerDGH06
https://dblp.org/pid/50/6546,https://dblp.org/rec/conf/models/SoltenbornE06
https://dblp.org/pid/e/GregorEngels,https://dblp.org/rec/conf/models/SoltenbornE06
https://dblp.org/pid/07/2093-1,https://dblp.org/rec/conf/models/KirchhoffW0E22
https://dblp.org/pid/e/GregorEngels,https://dblp.org/rec/conf/models/KirchhoffW0E22
https://dblp.org/pid/e/GregorEngels,https://dblp.org/rec/conf/models/HumaGEJ12
https://dblp.org/pid/07/2093-1,https://dblp.org/rec/conf/models/PleussBSHB06
https://dblp.org/pid/e/GregorEngels,https://dblp.org/rec/conf/models/CombemaleKMABBCCEFKKMMS25
https://dblp.org/pid/r/FranzJosefRammig,https://dblp.org/rec/conf/words/Rammig02
https://dblp.org/pid/r/FranzJosefRammig,https://dblp.org/rec/conf/words/RammigR03
https://dblp.org/pid/63/4934-1,https://dblp.org/rec/conf/emsoft/BeckerBKJX012
https://dblp.org/pid/181/2328-6,https://dblp.org/rec/conf/emsoft/BeckerBKJX012
https://dblp.org/pid/m/WMuller3,https://dblp.org/rec/conf/emsoft/BeckerBKJX012
https://dblp.org/pid/43/917,https://dblp.org/rec/conf/emsoft/OberthurBG05
https://dblp.org/pid/43/917,https://dblp.org/rec/conf/emsoft/BurmesterGGO04
https://dblp.org/pid/94/5744,https://dblp.org/rec/conf/fates/AvgustinovBHHLMOSSTV06
https://dblp.org/pid/88/6542,https://dblp.org/rec/conf/ssw/SeebauerKHW23
https://dblp.org/pid/88/6542,https://dblp.org/rec/conf/ssw/GburrekGEHW19
https://dblp.org/pid/h/FMaufderHeide,https://dblp.org/rec/conf/tcs/Heide83
https://dblp.org/pid/m/BurkhardMonien,https://dblp.org/rec/conf/tcs/Monien77
https://dblp.org/pid/25/7857,https://dblp.org/rec/conf/med/BertelsmeierST16
https://dblp.org/pid/25/7857,https://dblp.org/rec/conf/eucc/ReinoldNJT09
https://dblp.org/pid/55/3839,https://dblp.org/rec/conf/eucc/LeongRQD18
https://dblp.org/pid/81/3518,https://dblp.org/rec/conf/eucc/FlasskampMO13
https://dblp.org/pid/50/146-4,https://dblp.org/rec/conf/eucc/LeeBTS20
https://dblp.org/pid/81/3518,https://dblp.org/rec/conf/eucc/VertovecOM22
https://dblp.org/pid/81/3518,https://dblp.org/rec/conf/eucc/LishkovaCO22
https://dblp.org/pid/81/3518,https://dblp.org/rec/conf/eucc/Ober-BlobaumS13
https://dblp.org/pid/25/7857,https://dblp.org/rec/conf/eucc/KesslerKT14
https://dblp.org/pid/81/3518,https://dblp.org/rec/conf/eucc/VertovecOM21
https://dblp.org/pid/55/3839,https://dblp.org/rec/conf/eucc/LeongDQ15
https://dblp.org/pid/25/7857,https://dblp.org/rec/conf/eucc/HesseTT23
https://dblp.org/pid/50/146-4,https://dblp.org/rec/conf/eucc/BergerHT24
https://dblp.org/pid/h/FMaufderHeide,https://dblp.org/rec/conf/mfcs/DyniaKHS06
https://dblp.org/pid/m/BurkhardMonien,https://dblp.org/rec/conf/mfcs/HromkovicJM90
https://dblp.org/pid/h/FMaufderHeide,https://dblp.org/rec/conf/mfcs/Heide90
https://dblp.org/pid/m/BurkhardMonien,https://dblp.org/rec/conf/mfcs/BookJMOW81
https://dblp.org/pid/m/BurkhardMonien,https://dblp.org/rec/conf/mfcs/MonienP01
https://dblp.org/pid/m/BurkhardMonien,https://dblp.org/rec/conf/mfcs/GairingLMM04
https://dblp.org/pid/m/BurkhardMonien,https://dblp.org/rec/conf/mfcs/MonienS81
https://dblp.org/pid/h/FMaufderHeide,https://dblp.org/rec/conf/mfcs/Heide81
https://dblp.org/pid/m/BurkhardMonien,https://dblp.org/rec/conf/mfcs/LuckingMMRSV03
https://dblp.org/pid/h/FMaufderHeide,https://dblp.org/rec/conf/mfcs/BienkowskiH05
https://dblp.org/pid/38/1605,https://dblp.org/rec/conf/mfcs/AgarwalGKR24
https://dblp.org/pid/m/BurkhardMonien,https://dblp.org/rec/conf/mfcs/MonienDL94
https://dblp.org/pid/h/FMaufderHeide,https://dblp.org/rec/conf/mfcs/KarpinskiH90
https://dblp.org/pid/m/BurkhardMonien,https://dblp.org/rec/conf/mfcs/LuckingMR02
https://dblp.org/pid/m/BurkhardMonien,https://dblp.org/rec/conf/mfcs/Monien80
https://dblp.org/pid/177/9340,https://dblp.org/rec/conf/mfcs/HaakKMVY19
https://dblp.org/pid/19/3568,https://dblp.org/rec/conf/mfcs/FeldmannGLMR03
https://dblp.org/pid/m/BurkhardMonien,https://dblp.org/rec/conf/mfcs/FeldmannGLMR03
https://dblp.org/pid/m/BurkhardMonien,https://dblp.org/rec/conf/mfcs/MonienS88
https://dblp.org/pid/38/1605,https://dblp.org/rec/conf/mfcs/GharibianSSSY18
https://dblp.org/pid/m/BurkhardMonien,https://dblp.org/rec/conf/mfcs/MavronicolasMPS08
https://dblp.org/pid/38/1605,https://dblp.org/rec/conf/mfcs/AldiBGS18
https://dblp.org/pid/19/3568,https://dblp.org/rec/conf/mfcs/FeldmannM92
https://dblp.org/pid/m/BurkhardMonien,https://dblp.org/rec/conf/mfcs/HromkovicM91
https://dblp.org/pid/m/BurkhardMonien,https://dblp.org/rec/conf/mfcs/BleischwitzMST07
https://dblp.org/pid/s/ChristianScheideler,https://dblp.org/rec/conf/mfcs/GmyrHKKRS18
https://dblp.org/pid/123/8761,https://dblp.org/rec/conf/mfcs/PlaceRZ13
https://dblp.org/pid/m/BurkhardMonien,https://dblp.org/rec/conf/mfcs/MavronicolasMMT07
https://dblp.org/pid/84/1558-1,https://dblp.org/rec/conf/graphicsinterface/SussKJF11
https://dblp.org/pid/64/226-1,https://dblp.org/rec/conf/ifm/Metzler07
https://dblp.org/pid/50/6546,https://dblp.org/rec/conf/ifm/HulsbuschKRSSW10
https://dblp.org/pid/68/3728,https://dblp.org/rec/conf/ifm/JakobsPWW14
https://dblp.org/pid/60/10319,https://dblp.org/rec/conf/ifm/JakobsPWW14
https://dblp.org/pid/76/3237,https://dblp.org/rec/conf/ifm/DubslaffKT19
https://dblp.org/pid/36/10647,https://dblp.org/rec/conf/ifm/SchellhornTW16
https://dblp.org/pid/m/WMuller3,https://dblp.org/rec/conf/mbmv/Flake0R00
https://dblp.org/pid/63/4934-1,https://dblp.org/rec/conf/mbmv/BeckerZMK09
https://dblp.org/pid/m/WMuller3,https://dblp.org/rec/conf/mbmv/BeckerZMK09
https://dblp.org/pid/63/4934-1,https://dblp.org/rec/conf/mbmv/KoppelmannB014
https://dblp.org/pid/m/WMuller3,https://dblp.org/rec/conf/mbmv/KoppelmannB014
https://dblp.org/pid/m/WMuller3,https://dblp.org/rec/conf/mbmv/AdeltKMS21
https://dblp.org/pid/77/949,https://dblp.org/rec/conf/mbmv/AdeltKMS21
https://dblp.org/pid/m/WMuller3,https://dblp.org/rec/conf/mbmv/Defo0R11
https://dblp.org/pid/m/WMuller3,https://dblp.org/rec/conf/mbmv/Bol0K10
https://dblp.org/pid/24/160,https://dblp.org/rec/conf/mbmv/Bol0K10
https://dblp.org/pid/24/160,https://dblp.org/rec/conf/mbmv/Krupp003
https://dblp.org/pid/m/WMuller3,https://dblp.org/rec/conf/mbmv/Krupp003
https://dblp.org/pid/m/WMuller3,https://dblp.org/rec/conf/mbmv/AdeltKMS20
https://dblp.org/pid/77/949,https://dblp.org/rec/conf/mbmv/AdeltKMS20
https://dblp.org/pid/m/WMuller3,https://dblp.org/rec/conf/mbmv/KuznikD014
https://dblp.org/pid/54/503-1,https://dblp.org/rec/conf/mbmv/HardtLV01
https://dblp.org/pid/54/503-1,https://dblp.org/rec/conf/mbmv/LehmannZ02
https://dblp.org/pid/44/5175-1,https://dblp.org/rec/conf/mbmv/RettbergDLZ04
https://dblp.org/pid/54/503-1,https://dblp.org/rec/conf/mbmv/RettbergDLZ04
https://dblp.org/pid/m/WMuller3,https://dblp.org/rec/conf/mbmv/Mischkalla013
https://dblp.org/pid/m/WMuller3,https://dblp.org/rec/conf/mbmv/Zabel008
https://dblp.org/pid/79/6049,https://dblp.org/rec/conf/cogsci/FisherRDGGV22
https://dblp.org/pid/79/6049,https://dblp.org/rec/conf/cogsci/TykhonenkoTR24
https://dblp.org/pid/79/6049,https://dblp.org/rec/conf/cogsci/SinghR23
https://dblp.org/pid/79/6049,https://dblp.org/rec/conf/cogsci/AbramovKRKMN19
https://dblp.org/pid/79/6049,https://dblp.org/rec/conf/cogsci/Raczaszek-Leonardi20
https://dblp.org/pid/79/6049,https://dblp.org/rec/conf/cogsci/BuhlFR24
https://dblp.org/pid/70/4639,https://dblp.org/rec/conf/scai/DangelmaierS97
https://dblp.org/pid/90/390-4,https://dblp.org/rec/conf/kesamsta/SchmidtEB10
https://dblp.org/pid/k/HKleineBuning,https://dblp.org/rec/conf/kesamsta/SchmidtEB10
https://dblp.org/pid/k/HKleineBuning,https://dblp.org/rec/conf/kesamsta/EberlingB10
https://dblp.org/pid/43/6309-1,https://dblp.org/rec/conf/isdevel/BeckerMM08
https://dblp.org/pid/43/6309-1,https://dblp.org/rec/conf/isdevel/HalimehF025
https://dblp.org/pid/201/1662,https://dblp.org/rec/conf/africon/PhilipoKK23
https://dblp.org/pid/88/6542,https://dblp.org/rec/conf/slt/VietingBNBSH24
https://dblp.org/pid/134/7582,https://dblp.org/rec/conf/icics/DaviesJM20
https://dblp.org/pid/b/StBottcher,https://dblp.org/rec/conf/ewsn/Cardell-OliverBH13
https://dblp.org/pid/33/5440-1,https://dblp.org/rec/conf/ifip8/HeckelG04
https://dblp.org/pid/b/StBottcher,https://dblp.org/rec/conf/ifip8/TurlingB04
https://dblp.org/pid/b/StBottcher,https://dblp.org/rec/conf/ifip8/Bottcher04
https://dblp.org/pid/31/5809,https://dblp.org/rec/conf/diagrams/Schafer08
https://dblp.org/pid/69/5050-8,https://dblp.org/rec/conf/nfvsdn/MullerBBSPK19
https://dblp.org/pid/69/5050-8,https://dblp.org/rec/conf/nfvsdn/BehnkeMBSPKRMB19
https://dblp.org/pid/69/5050-8,https://dblp.org/rec/conf/nfvsdn/SchneiderPK18
https://dblp.org/pid/69/5050-8,https://dblp.org/rec/conf/nfvsdn/SchneiderPHBMBK19
https://dblp.org/pid/69/5050-8,https://dblp.org/rec/conf/nfvsdn/ZhaoGCVMCPSSKKH17
https://dblp.org/pid/69/5050-8,https://dblp.org/rec/conf/nfvsdn/SchneiderPTK18
https://dblp.org/pid/69/5050-8,https://dblp.org/rec/conf/nfvsdn/Schneider23
https://dblp.org/pid/69/5050-8,https://dblp.org/rec/conf/nfvsdn/PeusterSCK18
https://dblp.org/pid/69/5050-8,https://dblp.org/rec/conf/nfvsdn/NuriddinovTCPPS19
https://dblp.org/pid/327/6458,https://dblp.org/rec/conf/ccs/RamuluSRRKA25
https://dblp.org/pid/132/9687,https://dblp.org/rec/conf/ccs/RamuluSRRKA25
https://dblp.org/pid/13/8970,https://dblp.org/rec/conf/ccs/CabarcosASM18
https://dblp.org/pid/218/7188,https://dblp.org/rec/conf/ccs/BobolzEKSS20
https://dblp.org/pid/216/6738,https://dblp.org/rec/conf/ccs/BobolzEKSS20
https://dblp.org/pid/13/8970,https://dblp.org/rec/conf/ccs/KabloC23
https://dblp.org/pid/132/9687,https://dblp.org/rec/conf/ccs/FahlAPS14
https://dblp.org/pid/132/9687,https://dblp.org/rec/conf/ccs/AmftHHKSAF23
https://dblp.org/pid/33/2110,https://dblp.org/rec/conf/ccs/BlomerBDE19
https://dblp.org/pid/218/7188,https://dblp.org/rec/conf/ccs/BlomerBDE19
https://dblp.org/pid/216/6738,https://dblp.org/rec/conf/ccs/BlomerBDE19
https://dblp.org/pid/132/9687,https://dblp.org/rec/conf/ccs/DorazahiMAR25
https://dblp.org/pid/327/6458,https://dblp.org/rec/conf/ccs/DorazahiMAR25
https://dblp.org/pid/134/7582,https://dblp.org/rec/conf/ccs/ArmknechtBDGT17
https://dblp.org/pid/13/8970,https://dblp.org/rec/conf/ccs/FallahiCS23
https://dblp.org/pid/132/9687,https://dblp.org/rec/conf/ccs/NeilMWAR25
https://dblp.org/pid/13/8970,https://dblp.org/rec/conf/ccs/BeckerCHB19
https://dblp.org/pid/132/9687,https://dblp.org/rec/conf/ccs/NguyenWA0WF17
https://dblp.org/pid/132/9687,https://dblp.org/rec/conf/ccs/KlemmerGSASF23
https://dblp.org/pid/94/5744,https://dblp.org/rec/conf/ccs/Bodden13
https://dblp.org/pid/33/2110,https://dblp.org/rec/conf/ccs/BlomerOS03
https://dblp.org/pid/94/5744,https://dblp.org/rec/conf/ccs/ArztHRB14
https://dblp.org/pid/327/6458,https://dblp.org/rec/conf/ccs/RamuluRRRWFKSA25
https://dblp.org/pid/132/9687,https://dblp.org/rec/conf/ccs/RamuluRRRWFKSA25
https://dblp.org/pid/132/9687,https://dblp.org/rec/conf/ccs/PerlD0AYRFA15
https://dblp.org/pid/94/5744,https://dblp.org/rec/conf/ccs/HolzingerTBB16
https://dblp.org/pid/13/8970,https://dblp.org/rec/conf/ccs/Seiler-HwangCMA19
https://dblp.org/pid/132/9687,https://dblp.org/rec/conf/ccs/DerrBFA017
https://dblp.org/pid/k/ReinhardKeilSlawik,https://dblp.org/rec/conf/webnet/HampelKFM98
https://dblp.org/pid/k/ReinhardKeilSlawik,https://dblp.org/rec/conf/webnet/HampelKF99
https://dblp.org/pid/14/3197-1,https://dblp.org/rec/conf/latice/BennedsenS13
https://dblp.org/pid/150/0050,https://dblp.org/rec/conf/spin/StoelingaKNBH21
https://dblp.org/pid/65/4336,https://dblp.org/rec/conf/flairs/ShahzadAEN21
https://dblp.org/pid/34/2589,https://dblp.org/rec/conf/flairs/AssenmacherATG20
https://dblp.org/pid/e/GregorEngels,https://dblp.org/rec/conf/softent/EbertE89
https://dblp.org/pid/70/4639,https://dblp.org/rec/conf/mobis/DangelmaierH02
https://dblp.org/pid/150/4812-2,https://dblp.org/rec/conf/foiks/0002M20
https://dblp.org/pid/150/4812-2,https://dblp.org/rec/conf/foiks/MahmoodVBN24
https://dblp.org/pid/65/4336,https://dblp.org/rec/conf/foiks/MahmoodVBN24
https://dblp.org/pid/94/5744,https://dblp.org/rec/conf/IEEEares/RasthoferALB14
https://dblp.org/pid/33/2110,https://dblp.org/rec/conf/IEEEares/BemmannBBBDEEHJ18
https://dblp.org/pid/218/7188,https://dblp.org/rec/conf/IEEEares/BemmannBBBDEEHJ18
https://dblp.org/pid/224/4609,https://dblp.org/rec/conf/IEEEares/BemmannBBBDEEHJ18
https://dblp.org/pid/216/6738,https://dblp.org/rec/conf/IEEEares/BemmannBBBDEEHJ18
https://dblp.org/pid/b/StBottcher,https://dblp.org/rec/conf/IEEEares/BottcherO07
https://dblp.org/pid/134/7582,https://dblp.org/rec/conf/IEEEares/BoydDGRT18
https://dblp.org/pid/178/6439,https://dblp.org/rec/conf/IEEEares/Loken17
https://dblp.org/pid/33/2110,https://dblp.org/rec/conf/IEEEares/BlomerL18
https://dblp.org/pid/178/6439,https://dblp.org/rec/conf/IEEEares/BlomerL18
https://dblp.org/pid/b/StBottcher,https://dblp.org/rec/conf/IEEEares/BottcherHK08
https://dblp.org/pid/48/5080,https://dblp.org/rec/conf/IEEEares/BottcherHK08
https://dblp.org/pid/88/6542,https://dblp.org/rec/conf/dcase/EbbersH19
https://dblp.org/pid/88/6542,https://dblp.org/rec/conf/dcase/EbbersH21
https://dblp.org/pid/88/6542,https://dblp.org/rec/conf/dcase/EbbersH20
https://dblp.org/pid/m/BurkhardMonien,https://dblp.org/rec/conf/dimacs/DiekmannMP94
https://dblp.org/pid/94/5744,https://dblp.org/rec/conf/iri/AlnusairZB10
https://dblp.org/pid/77/949,https://dblp.org/rec/conf/ecoc/FangDLMPFKLWSLZ21
https://dblp.org/pid/b/StBottcher,https://dblp.org/rec/conf/bncod/BottcherHJ13
https://dblp.org/pid/48/5080,https://dblp.org/rec/conf/bncod/BottcherHJ13
https://dblp.org/pid/b/StBottcher,https://dblp.org/rec/conf/bncod/BottcherS06
https://dblp.org/pid/48/5080,https://dblp.org/rec/conf/bncod/BottcherS06
https://dblp.org/pid/b/StBottcher,https://dblp.org/rec/conf/bncod/BottcherBH11
https://dblp.org/pid/48/5080,https://dblp.org/rec/conf/bncod/BottcherBH11
https://dblp.org/pid/b/StBottcher,https://dblp.org/rec/conf/bncod/BottcherHJJ15
https://dblp.org/pid/48/5080,https://dblp.org/rec/conf/bncod/BottcherHJJ15
https://dblp.org/pid/b/StBottcher,https://dblp.org/rec/conf/bncod/BottcherS03
https://dblp.org/pid/48/5080,https://dblp.org/rec/conf/bncod/BottcherS03
https://dblp.org/pid/b/StBottcher,https://dblp.org/rec/conf/bncod/BottcherS07
https://dblp.org/pid/48/5080,https://dblp.org/rec/conf/bncod/BottcherS07
https://dblp.org/pid/b/StBottcher,https://dblp.org/rec/conf/bncod/BottcherGO06
https://dblp.org/pid/b/StBottcher,https://dblp.org/rec/conf/bncod/BottcherHS11
https://dblp.org/pid/48/5080,https://dblp.org/rec/conf/bncod/BottcherHS11
https://dblp.org/pid/b/StBottcher,https://dblp.org/rec/conf/bncod/BottcherOW07
https://dblp.org/pid/b/StBottcher,https://dblp.org/rec/conf/bncod/BatzBH11
https://dblp.org/pid/48/5080,https://dblp.org/rec/conf/bncod/BatzBH11
https://dblp.org/pid/65/4336,https://dblp.org/rec/conf/semweb/NgomoHLSK11
https://dblp.org/pid/65/4336,https://dblp.org/rec/conf/semweb/SaleemNPDH13
https://dblp.org/pid/65/4336,https://dblp.org/rec/conf/semweb/SaleemMN15a
https://dblp.org/pid/65/4336,https://dblp.org/rec/conf/semweb/GerberHBSUN13
https://dblp.org/pid/145/1160,https://dblp.org/rec/conf/semweb/GeorgalaSN20
https://dblp.org/pid/65/4336,https://dblp.org/rec/conf/semweb/GeorgalaSN20
https://dblp.org/pid/145/1160,https://dblp.org/rec/conf/semweb/SherifHSNL16
https://dblp.org/pid/65/4336,https://dblp.org/rec/conf/semweb/SherifHSNL16
https://dblp.org/pid/e/GregorEngels,https://dblp.org/rec/conf/semweb/SchwichtenbergGE14
https://dblp.org/pid/65/4336,https://dblp.org/rec/conf/semweb/UsbeckNCRN18
https://dblp.org/pid/65/4336,https://dblp.org/rec/conf/semweb/0002MSLN18
https://dblp.org/pid/65/4336,https://dblp.org/rec/conf/semweb/Ngomo13
https://dblp.org/pid/65/4336,https://dblp.org/rec/conf/semweb/Ngomo12
https://dblp.org/pid/65/4336,https://dblp.org/rec/conf/semweb/HasnainSNR18
https://dblp.org/pid/65/4336,https://dblp.org/rec/conf/semweb/NgomoL13
https://dblp.org/pid/65/4336,https://dblp.org/rec/conf/semweb/MorseyLAN11
https://dblp.org/pid/42/9934-1,https://dblp.org/rec/conf/semweb/BeckerSN24
https://dblp.org/pid/145/1160,https://dblp.org/rec/conf/semweb/BeckerSN24
https://dblp.org/pid/65/4336,https://dblp.org/rec/conf/semweb/BeckerSN24
https://dblp.org/pid/65/4336,https://dblp.org/rec/conf/semweb/SavetaFFN17
https://dblp.org/pid/42/9934-1,https://dblp.org/rec/conf/semweb/BeckerNS25
https://dblp.org/pid/65/4336,https://dblp.org/rec/conf/semweb/BeckerNS25
https://dblp.org/pid/145/1160,https://dblp.org/rec/conf/semweb/BeckerNS25
https://dblp.org/pid/76/3237,https://dblp.org/rec/conf/semweb/BourgauxT17
https://dblp.org/pid/65/4336,https://dblp.org/rec/conf/semweb/LehmannFGNSSUBGHLA12
https://dblp.org/pid/145/1160,https://dblp.org/rec/conf/semweb/ZaheraS20
https://dblp.org/pid/65/4336,https://dblp.org/rec/conf/semweb/Ngomo11
https://dblp.org/pid/65/4336,https://dblp.org/rec/conf/semweb/MemarianiRSDN25
https://dblp.org/pid/65/4336,https://dblp.org/rec/conf/semweb/SoruMN15
https://dblp.org/pid/65/4336,https://dblp.org/rec/conf/semweb/ShekarpourNA12
https://dblp.org/pid/65/4336,https://dblp.org/rec/conf/semweb/SoruN13
https://dblp.org/pid/65/4336,https://dblp.org/rec/conf/semweb/Potocki0SHVN17
https://dblp.org/pid/65/4336,https://dblp.org/rec/conf/semweb/SaleemMN15
https://dblp.org/pid/168/1542,https://dblp.org/rec/conf/semweb/EstevesMNLCD15
https://dblp.org/pid/65/4336,https://dblp.org/rec/conf/semweb/SilvaRN21
https://dblp.org/pid/65/4336,https://dblp.org/rec/conf/semweb/RoderSN20
https://dblp.org/pid/65/4336,https://dblp.org/rec/conf/semweb/BigerlKHN25
https://dblp.org/pid/65/4336,https://dblp.org/rec/conf/semweb/0002DUN17
https://dblp.org/pid/65/4336,https://dblp.org/rec/conf/semweb/SavetaDFFHN15
https://dblp.org/pid/65/4336,https://dblp.org/rec/conf/semweb/BuhmannUN15
https://dblp.org/pid/168/1542,https://dblp.org/rec/conf/semweb/MoussallemWN19
https://dblp.org/pid/65/4336,https://dblp.org/rec/conf/semweb/MoussallemWN19
https://dblp.org/pid/65/4336,https://dblp.org/rec/conf/semweb/LehmannGMN12
https://dblp.org/pid/65/4336,https://dblp.org/rec/conf/semweb/ConradsLSMN17
https://dblp.org/pid/65/4336,https://dblp.org/rec/conf/semweb/Ngomo12a
https://dblp.org/pid/65/4336,https://dblp.org/rec/conf/semweb/UsbeckGN018
https://dblp.org/pid/65/4336,https://dblp.org/rec/conf/semweb/MehmoodN0SN019
https://dblp.org/pid/65/4336,https://dblp.org/rec/conf/semweb/SpeckN14a
https://dblp.org/pid/145/1160,https://dblp.org/rec/conf/semweb/BigerlCBSSN20
https://dblp.org/pid/65/4336,https://dblp.org/rec/conf/semweb/BigerlCBSSN20
https://dblp.org/pid/65/4336,https://dblp.org/rec/conf/semweb/SavetaDFFN15
https://dblp.org/pid/65/4336,https://dblp.org/rec/conf/semweb/SavetaFFN18
https://dblp.org/pid/65/4336,https://dblp.org/rec/conf/semweb/NgoliKZN25
https://dblp.org/pid/65/4336,https://dblp.org/rec/conf/semweb/AliSN22
https://dblp.org/pid/65/4336,https://dblp.org/rec/conf/semweb/BigerlCBSN22
https://dblp.org/pid/65/4336,https://dblp.org/rec/conf/semweb/QudusRKN23
https://dblp.org/pid/145/1160,https://dblp.org/rec/conf/semweb/AhmedSN18
https://dblp.org/pid/65/4336,https://dblp.org/rec/conf/semweb/AhmedSN18
https://dblp.org/pid/76/3237,https://dblp.org/rec/conf/semweb/PenalozaT13
https://dblp.org/pid/65/4336,https://dblp.org/rec/conf/semweb/ZhangWSNQW20
https://dblp.org/pid/65/4336,https://dblp.org/rec/conf/semweb/ErmilovLSBWSBCP17
https://dblp.org/pid/145/1160,https://dblp.org/rec/conf/semweb/ZaheraVSN22
https://dblp.org/pid/65/4336,https://dblp.org/rec/conf/semweb/ZaheraVSN22
https://dblp.org/pid/65/4336,https://dblp.org/rec/conf/semweb/SavetaDFFN16
https://dblp.org/pid/65/4336,https://dblp.org/rec/conf/semweb/ConradsL0N17
https://dblp.org/pid/145/1160,https://dblp.org/rec/conf/semweb/SherifDN20
https://dblp.org/pid/65/4336,https://dblp.org/rec/conf/semweb/SherifDN20
https://dblp.org/pid/65/4336,https://dblp.org/rec/conf/semweb/SyedRN19
https://dblp.org/pid/65/4336,https://dblp.org/rec/conf/semweb/DresslerN14
https://dblp.org/pid/145/1160,https://dblp.org/rec/conf/semweb/GeorgalaSRN20
https://dblp.org/pid/65/4336,https://dblp.org/rec/conf/semweb/GeorgalaSRN20
https://dblp.org/pid/168/1542,https://dblp.org/rec/conf/semweb/MoussallemGFN20
https://dblp.org/pid/65/4336,https://dblp.org/rec/conf/semweb/MoussallemGFN20
https://dblp.org/pid/65/4336,https://dblp.org/rec/conf/semweb/NgomoRU14
https://dblp.org/pid/65/4336,https://dblp.org/rec/conf/semweb/NgomoLAH11
https://dblp.org/pid/65/4336,https://dblp.org/rec/conf/semweb/LehmannSBWSEBCS17
https://dblp.org/pid/e/GregorEngels,https://dblp.org/rec/conf/semweb/SchwichtenbergE15
https://dblp.org/pid/65/4336,https://dblp.org/rec/conf/semweb/Singh0NCPN019
https://dblp.org/pid/168/1542,https://dblp.org/rec/conf/semweb/DemirHLBMN22
https://dblp.org/pid/65/4336,https://dblp.org/rec/conf/semweb/DemirHLBMN22
https://dblp.org/pid/65/4336,https://dblp.org/rec/conf/semweb/ValdestilhasSN17
https://dblp.org/pid/65/4336,https://dblp.org/rec/conf/semweb/Ngomo14
https://dblp.org/pid/65/4336,https://dblp.org/rec/conf/semweb/KimUNFHKCKUKC17
https://dblp.org/pid/65/4336,https://dblp.org/rec/conf/semweb/Hasnain0NR18
https://dblp.org/pid/65/4336,https://dblp.org/rec/conf/semweb/SaleemAHMN15a
https://dblp.org/pid/65/4336,https://dblp.org/rec/conf/semweb/UsbeckNRGCAB14
https://dblp.org/pid/65/4336,https://dblp.org/rec/conf/semweb/SpeckN14
https://dblp.org/pid/65/4336,https://dblp.org/rec/conf/semweb/Stadler0N22
https://dblp.org/pid/65/4336,https://dblp.org/rec/conf/semweb/SaleemAHMN15
https://dblp.org/pid/65/4336,https://dblp.org/rec/conf/semweb/QudusRSN22
https://dblp.org/pid/65/4336,https://dblp.org/rec/conf/semweb/BuhmannUNSBCMQ14
https://dblp.org/pid/145/1160,https://dblp.org/rec/conf/semweb/DresslerSN17
https://dblp.org/pid/65/4336,https://dblp.org/rec/conf/semweb/DresslerSN17
https://dblp.org/pid/65/4336,https://dblp.org/rec/conf/semweb/SyedSRN19
https://dblp.org/pid/65/4336,https://dblp.org/rec/conf/semweb/FundulakiN16
https://dblp.org/pid/65/4336,https://dblp.org/rec/conf/semweb/0002UNVH19
https://dblp.org/pid/168/1542,https://dblp.org/rec/conf/semweb/MoussallemSN19
https://dblp.org/pid/65/4336,https://dblp.org/rec/conf/semweb/MoussallemSN19
https://dblp.org/pid/145/1160,https://dblp.org/rec/conf/semweb/SherifSDN19
https://dblp.org/pid/65/4336,https://dblp.org/rec/conf/semweb/SherifSDN19
https://dblp.org/pid/65/4336,https://dblp.org/rec/conf/semweb/MarxSENL15
https://dblp.org/pid/65/4336,https://dblp.org/rec/conf/semweb/UsbeckNLW14
https://dblp.org/pid/65/4336,https://dblp.org/rec/conf/semweb/Jimenez-RuizSZH18
https://dblp.org/pid/145/1160,https://dblp.org/rec/conf/semweb/Jimenez-RuizSZH18
https://dblp.org/pid/65/4336,https://dblp.org/rec/conf/semweb/RoderSFN17
https://dblp.org/pid/26/4979,https://dblp.org/rec/conf/wirtschaftsinformatik/SeutterNK20
https://dblp.org/pid/26/4979,https://dblp.org/rec/conf/wirtschaftsinformatik/MullerMKZ15
https://dblp.org/pid/26/4979,https://dblp.org/rec/conf/wirtschaftsinformatik/HerrmannK11
https://dblp.org/pid/138/4956,https://dblp.org/rec/conf/wirtschaftsinformatik/KuhnelS021
https://dblp.org/pid/26/4979,https://dblp.org/rec/conf/wirtschaftsinformatik/BuhlKRS07
https://dblp.org/pid/43/6309-1,https://dblp.org/rec/conf/wirtschaftsinformatik/Sommerauer0MO19
https://dblp.org/pid/26/4979,https://dblp.org/rec/conf/wirtschaftsinformatik/KundischS07
https://dblp.org/pid/70/4639,https://dblp.org/rec/conf/wirtschaftsinformatik/KlopperRTD09
https://dblp.org/pid/26/4979,https://dblp.org/rec/conf/wirtschaftsinformatik/PoniatowskiNGK19
https://dblp.org/pid/43/6309-1,https://dblp.org/rec/conf/wirtschaftsinformatik/Thiess0T20
https://dblp.org/pid/43/6309-1,https://dblp.org/rec/conf/wirtschaftsinformatik/KorotinaMD15
https://dblp.org/pid/138/4956,https://dblp.org/rec/conf/wirtschaftsinformatik/GreveM020
https://dblp.org/pid/138/4956,https://dblp.org/rec/conf/wirtschaftsinformatik/LichtenbergLBB020
https://dblp.org/pid/43/6309-1,https://dblp.org/rec/conf/wirtschaftsinformatik/KaltenpothM24
https://dblp.org/pid/138/4956,https://dblp.org/rec/conf/wirtschaftsinformatik/HerrenkindLD0K20
https://dblp.org/pid/26/4979,https://dblp.org/rec/conf/wirtschaftsinformatik/JohnK15
https://dblp.org/pid/315/0981-2,https://dblp.org/rec/conf/wirtschaftsinformatik/WolfFBB20
https://dblp.org/pid/26/4979,https://dblp.org/rec/conf/wirtschaftsinformatik/SzopinskiKS20
https://dblp.org/pid/26/4979,https://dblp.org/rec/conf/wirtschaftsinformatik/KundischM11
https://dblp.org/pid/m/WMuller3,https://dblp.org/rec/conf/percom/MarinMSMDZ07
https://dblp.org/pid/76/3237,https://dblp.org/rec/conf/percom/TurhanSB06
https://dblp.org/pid/76/3237,https://dblp.org/rec/conf/percom/DargieEMMRTT13
https://dblp.org/pid/k/ReinhardKeilSlawik,https://dblp.org/rec/conf/percom/Keil-SlawikHE05
https://dblp.org/pid/13/8970,https://dblp.org/rec/conf/percom/Cabarcos11
https://dblp.org/pid/k/ReinhardKeilSlawik,https://dblp.org/rec/conf/percom/EssmannHK07
https://dblp.org/pid/13/8970,https://dblp.org/rec/conf/percom/FallahiSC23
https://dblp.org/pid/79/6049,https://dblp.org/rec/conf/icmi/BauckhageFRWS02
https://dblp.org/pid/79/6049,https://dblp.org/rec/conf/icmi/SinghR24
https://dblp.org/pid/94/5744,https://dblp.org/rec/conf/tacas/SchubertHB19
https://dblp.org/pid/94/5744,https://dblp.org/rec/conf/tacas/KarakayaSKBSLH24
https://dblp.org/pid/372/9679,https://dblp.org/rec/conf/tacas/KarakayaSKBSLH24
https://dblp.org/pid/94/5744,https://dblp.org/rec/conf/ecsa/GeismannHB21
https://dblp.org/pid/40/4987-1,https://dblp.org/rec/conf/ecsa/SolimanGA21
https://dblp.org/pid/40/4987-1,https://dblp.org/rec/conf/ecsa/SchroderRS16
https://dblp.org/pid/e/GregorEngels,https://dblp.org/rec/conf/ecsa/SchwichtenbergE20
https://dblp.org/pid/40/4987-1,https://dblp.org/rec/conf/ecsa/MaarleveldDDS23
https://dblp.org/pid/40/4987-1,https://dblp.org/rec/conf/ecsa/Soliman24
https://dblp.org/pid/40/4987-1,https://dblp.org/rec/conf/ecsa/SolimanAAKV25
https://dblp.org/pid/e/GregorEngels,https://dblp.org/rec/conf/ecsa/AssmannE08
https://dblp.org/pid/40/4987-1,https://dblp.org/rec/conf/ecsa/SolimanR14
https://dblp.org/pid/31/5809,https://dblp.org/rec/conf/ecsa/PlateniusBS14
https://dblp.org/pid/40/4987-1,https://dblp.org/rec/conf/ecsa/GerdesJRSSS16
https://dblp.org/pid/p/PPfahler,https://dblp.org/rec/conf/soqua/PfahlerG04
https://dblp.org/pid/68/3728,https://dblp.org/rec/conf/irc/LienenBKKLMNSWP23
https://dblp.org/pid/25/7857,https://dblp.org/rec/conf/irc/JunkerFTT22
https://dblp.org/pid/68/3728,https://dblp.org/rec/conf/irc/LienenP22
https://dblp.org/pid/00/2717,https://dblp.org/rec/conf/services/JungmannMK14
https://dblp.org/pid/e/GregorEngels,https://dblp.org/rec/conf/services/ArifulinaMEPS15
https://dblp.org/pid/31/5809,https://dblp.org/rec/conf/services/ArifulinaMEPS15
https://dblp.org/pid/88/6542,https://dblp.org/rec/conf/mmsp/AroraH17
https://dblp.org/pid/88/6542,https://dblp.org/rec/conf/mmsp/WarsitzH04
https://dblp.org/pid/88/6542,https://dblp.org/rec/conf/mmsp/Schmalenstroeer17
https://dblp.org/pid/18/2890,https://dblp.org/rec/conf/eccv/LimDCK18
https://dblp.org/pid/138/4856,https://dblp.org/rec/conf/segah/LeichtweissY24
https://dblp.org/pid/138/4856,https://dblp.org/rec/conf/segah/YigitbasKRE22
https://dblp.org/pid/e/GregorEngels,https://dblp.org/rec/conf/segah/YigitbasKRE22
https://dblp.org/pid/17/5476,https://dblp.org/rec/conf/icarcv/SchneiderEKK06
https://dblp.org/pid/00/2717,https://dblp.org/rec/conf/icarcv/SchneiderEKK06
https://dblp.org/pid/315/0793-2,https://dblp.org/rec/conf/icarcv/RascheSKK10
https://dblp.org/pid/17/5476,https://dblp.org/rec/conf/icarcv/RascheSKK10
https://dblp.org/pid/00/2717,https://dblp.org/rec/conf/icarcv/RascheSKK10
https://dblp.org/pid/17/5476,https://dblp.org/rec/conf/icarcv/EsauKK06
https://dblp.org/pid/00/2717,https://dblp.org/rec/conf/icarcv/EsauKK06
https://dblp.org/pid/25/7857,https://dblp.org/rec/conf/icarcv/OlmaKTJT16
https://dblp.org/pid/e/GregorEngels,https://dblp.org/rec/conf/gvd/Engels89
https://dblp.org/pid/b/StBottcher,https://dblp.org/rec/conf/gvd/Bottcher90
https://dblp.org/pid/b/StBottcher,https://dblp.org/rec/conf/gvd/Bottcher89
https://dblp.org/pid/k/UweKastens,https://dblp.org/rec/conf/esop/KastensS86
https://dblp.org/pid/17/6729-15,https://dblp.org/rec/conf/middleware/LuthraHAWK19
https://dblp.org/pid/17/6729-15,https://dblp.org/rec/conf/middleware/TheisVWT20
https://dblp.org/pid/43/6309-1,https://dblp.org/rec/conf/middleware/JanieschFMM11
https://dblp.org/pid/76/3237,https://dblp.org/rec/conf/middleware/HahnelMTT14
https://dblp.org/pid/e/GregorEngels,https://dblp.org/rec/conf/gi/EngelsLS05
https://dblp.org/pid/07/2093-1,https://dblp.org/rec/conf/gi/EngelsLS05
https://dblp.org/pid/e/GregorEngels,https://dblp.org/rec/conf/gi/EngelsK11
https://dblp.org/pid/90/4912,https://dblp.org/rec/conf/gi/GausemeierHS95
https://dblp.org/pid/81/10647,https://dblp.org/rec/conf/gi/BuddeO16
https://dblp.org/pid/d/GittaDomik,https://dblp.org/rec/conf/gi/DomikASH11
https://dblp.org/pid/26/4979,https://dblp.org/rec/conf/gi/MeierK10
https://dblp.org/pid/e/GregorEngels,https://dblp.org/rec/conf/gi/SzopinskiJEK17
https://dblp.org/pid/26/4979,https://dblp.org/rec/conf/gi/SzopinskiJEK17
https://dblp.org/pid/14/3197-1,https://dblp.org/rec/conf/gi/Schulte02
https://dblp.org/pid/k/ReinhardKeilSlawik,https://dblp.org/rec/conf/gi/HashagenK99
https://dblp.org/pid/24/160,https://dblp.org/rec/conf/gi/KruppM05
https://dblp.org/pid/m/WMuller3,https://dblp.org/rec/conf/gi/KruppM05
https://dblp.org/pid/06/456,https://dblp.org/rec/conf/gi/GriebelPS91
https://dblp.org/pid/26/4979,https://dblp.org/rec/conf/gi/GorzenMK14
https://dblp.org/pid/138/4856,https://dblp.org/rec/conf/gi/YigitbasGS13
https://dblp.org/pid/07/2093-1,https://dblp.org/rec/conf/gi/YigitbasGS13
https://dblp.org/pid/53/4856,https://dblp.org/rec/conf/gi/Briest07
https://dblp.org/pid/81/10647,https://dblp.org/rec/conf/gi/BuddeON17
https://dblp.org/pid/48/4209,https://dblp.org/rec/conf/gi/MagenheimS03
https://dblp.org/pid/14/3197-1,https://dblp.org/rec/conf/gi/HoperS21
https://dblp.org/pid/h/FMaufderHeide,https://dblp.org/rec/conf/gi/HeideW99
https://dblp.org/pid/90/4912,https://dblp.org/rec/conf/gi/GausemeierBW01
https://dblp.org/pid/00/2717,https://dblp.org/rec/conf/gi/RettbergKR05
https://dblp.org/pid/r/FranzJosefRammig,https://dblp.org/rec/conf/gi/RettbergKR05
https://dblp.org/pid/95/4985-1,https://dblp.org/rec/conf/gi/Reinhardt13
https://dblp.org/pid/b/StBottcher,https://dblp.org/rec/conf/gi/BottcherT02
https://dblp.org/pid/138/4956,https://dblp.org/rec/conf/gi/DrillerT24
https://dblp.org/pid/k/ReinhardKeilSlawik,https://dblp.org/rec/conf/gi/Keil-Slawik00
https://dblp.org/pid/65/4336,https://dblp.org/rec/conf/gi/HuberVN16
https://dblp.org/pid/92/1704-3,https://dblp.org/rec/conf/gi/LiesenK99
https://dblp.org/pid/h/FMaufderHeide,https://dblp.org/rec/conf/gi/HeideD97
https://dblp.org/pid/h/FMaufderHeide,https://dblp.org/rec/conf/gi/KleinH80
https://dblp.org/pid/16/8643-2,https://dblp.org/rec/conf/gi/SchneiderPBK10
https://dblp.org/pid/00/2717,https://dblp.org/rec/conf/gi/GeigerKRSR01
https://dblp.org/pid/e/GregorEngels,https://dblp.org/rec/conf/gi/KolmschlagE98
https://dblp.org/pid/e/GregorEngels,https://dblp.org/rec/conf/gi/EngelsGS06
https://dblp.org/pid/07/2093-1,https://dblp.org/rec/conf/gi/EngelsGS06
https://dblp.org/pid/90/4912,https://dblp.org/rec/conf/gi/GausemeierBEG96
https://dblp.org/pid/d/GittaDomik,https://dblp.org/rec/conf/gi/ArensD11
https://dblp.org/pid/b/StBottcher,https://dblp.org/rec/conf/gi/BottcherT01
https://dblp.org/pid/06/456,https://dblp.org/rec/conf/gi/Szwillus93
https://dblp.org/pid/e/GregorEngels,https://dblp.org/rec/conf/gi/EllerwegEG07
https://dblp.org/pid/55/3529-3,https://dblp.org/rec/conf/gi/Muller90a
https://dblp.org/pid/k/ReinhardKeilSlawik,https://dblp.org/rec/conf/gi/Keil82
https://dblp.org/pid/48/4209,https://dblp.org/rec/conf/gi/DanielsiekHKMOO17
https://dblp.org/pid/r/FranzJosefRammig,https://dblp.org/rec/conf/gi/Rammig84
https://dblp.org/pid/94/5811-1,https://dblp.org/rec/conf/gi/AzizFKM11
https://dblp.org/pid/e/GregorEngels,https://dblp.org/rec/conf/gi/GeisenESP09
https://dblp.org/pid/07/2093-1,https://dblp.org/rec/conf/gi/GeisenESP09
https://dblp.org/pid/r/FranzJosefRammig,https://dblp.org/rec/conf/gi/AntreichRRSW97
https://dblp.org/pid/68/283-1,https://dblp.org/rec/conf/gi/HoltmannM13
https://dblp.org/pid/e/GregorEngels,https://dblp.org/rec/conf/gi/Engels11
https://dblp.org/pid/70/8643,https://dblp.org/rec/conf/gi/DeldenW10
https://dblp.org/pid/e/GregorEngels,https://dblp.org/rec/conf/gi/EngelsLS05a
https://dblp.org/pid/07/2093-1,https://dblp.org/rec/conf/gi/EngelsLS05a
https://dblp.org/pid/h/FMaufderHeide,https://dblp.org/rec/conf/gi/MatternH99
https://dblp.org/pid/e/GregorEngels,https://dblp.org/rec/conf/gi/DoberkatE02
https://dblp.org/pid/d/GittaDomik,https://dblp.org/rec/conf/gi/HeppnerDD16
https://dblp.org/pid/138/4956,https://dblp.org/rec/conf/gi/T-NTrangSK13
https://dblp.org/pid/e/GregorEngels,https://dblp.org/rec/conf/gi/HeindorfSEP19
https://dblp.org/pid/92/6400,https://dblp.org/rec/conf/gi/PottebaumSG17
https://dblp.org/pid/00/2717,https://dblp.org/rec/conf/gi/RichertKM06
https://dblp.org/pid/14/3197-1,https://dblp.org/rec/conf/gi/FleischerHBHPS23
https://dblp.org/pid/k/HKleineBuning,https://dblp.org/rec/conf/ibm/BuningL87
https://dblp.org/pid/17/2025,https://dblp.org/rec/conf/ibm/BuningL87
https://dblp.org/pid/b/StBottcher,https://dblp.org/rec/conf/ic/BottcherT04
https://dblp.org/pid/b/StBottcher,https://dblp.org/rec/conf/ic/BottcherS04
https://dblp.org/pid/48/5080,https://dblp.org/rec/conf/ic/BottcherS04
https://dblp.org/pid/26/4979,https://dblp.org/rec/conf/ic/KundischS01
https://dblp.org/pid/95/4985-1,https://dblp.org/rec/conf/iknow/TombergLLRJ11
https://dblp.org/pid/95/4985-1,https://dblp.org/rec/conf/iknow/ReinhardtMDS11
https://dblp.org/pid/e/GregorEngels,https://dblp.org/rec/conf/sigsmall/EngelsJS88
https://dblp.org/pid/31/5809,https://dblp.org/rec/conf/sigsmall/EngelsJS88
https://dblp.org/pid/147/3358,https://dblp.org/rec/conf/walcom/Strothmann15
https://dblp.org/pid/s/ChristianScheideler,https://dblp.org/rec/conf/walcom/KniesburgesS11
https://dblp.org/pid/315/0793-2,https://dblp.org/rec/conf/icara/SternRKK11
https://dblp.org/pid/17/5476,https://dblp.org/rec/conf/icara/SternRKK11
https://dblp.org/pid/00/2717,https://dblp.org/rec/conf/icara/SternRKK11
https://dblp.org/pid/315/0793-2,https://dblp.org/rec/conf/icara/RascheSKK11
https://dblp.org/pid/17/5476,https://dblp.org/rec/conf/icara/RascheSKK11
https://dblp.org/pid/00/2717,https://dblp.org/rec/conf/icara/RascheSKK11
https://dblp.org/pid/00/2717,https://dblp.org/rec/conf/icara/JungmannK11
https://dblp.org/pid/315/0793-2,https://dblp.org/rec/conf/icara/RascheSKK11a
https://dblp.org/pid/17/5476,https://dblp.org/rec/conf/icara/RascheSKK11a
https://dblp.org/pid/00/2717,https://dblp.org/rec/conf/icara/RascheSKK11a
https://dblp.org/pid/25/7857,https://dblp.org/rec/conf/icara/ReilingBGHKT25
https://dblp.org/pid/07/2093-1,https://dblp.org/rec/conf/vl/SauerE99
https://dblp.org/pid/e/GregorEngels,https://dblp.org/rec/conf/vl/SauerE99
https://dblp.org/pid/07/2093-1,https://dblp.org/rec/conf/vl/LohmannSE05
https://dblp.org/pid/e/GregorEngels,https://dblp.org/rec/conf/vl/LohmannSE05
https://dblp.org/pid/91/4804-2,https://dblp.org/rec/conf/vl/SchmidtCK07
https://dblp.org/pid/k/UweKastens,https://dblp.org/rec/conf/vl/SchmidtCK07
https://dblp.org/pid/m/WMuller3,https://dblp.org/rec/conf/vl/GeigerMR98
https://dblp.org/pid/d/GittaDomik,https://dblp.org/rec/conf/vl/VolbrachtSDF96
https://dblp.org/pid/07/2093-1,https://dblp.org/rec/conf/vl/HausmannHS01
https://dblp.org/pid/31/5809,https://dblp.org/rec/conf/vl/Schafer08
https://dblp.org/pid/m/WMuller3,https://dblp.org/rec/conf/vl/DuckerMR98
https://dblp.org/pid/89/6594,https://dblp.org/rec/conf/vl/JungKSS00
https://dblp.org/pid/k/UweKastens,https://dblp.org/rec/conf/vl/JungKSS00
https://dblp.org/pid/91/4804-2,https://dblp.org/rec/conf/vl/JungKSS00
https://dblp.org/pid/s/TimSchattkowsky,https://dblp.org/rec/conf/vl/SchattkowskyM05
https://dblp.org/pid/m/WMuller3,https://dblp.org/rec/conf/vl/SchattkowskyM05
https://dblp.org/pid/m/WMuller3,https://dblp.org/rec/conf/vl/DueckerGHLM97
https://dblp.org/pid/m/WMuller3,https://dblp.org/rec/conf/vl/GeigerHLMQTW96
https://dblp.org/pid/e/GregorEngels,https://dblp.org/rec/conf/vl/EngelsSN03
https://dblp.org/pid/07/2093-1,https://dblp.org/rec/conf/vl/EngelsSN03
https://dblp.org/pid/138/4856,https://dblp.org/rec/conf/vl/YigitbasKGE21
https://dblp.org/pid/e/GregorEngels,https://dblp.org/rec/conf/vl/YigitbasKGE21
https://dblp.org/pid/k/UweKastens,https://dblp.org/rec/conf/vl/CramerK09
https://dblp.org/pid/m/WMuller3,https://dblp.org/rec/conf/vl/MuellerMZ00
https://dblp.org/pid/e/GregorEngels,https://dblp.org/rec/conf/vl/EngelsFS09
https://dblp.org/pid/50/6546,https://dblp.org/rec/conf/vl/EngelsFS09
https://dblp.org/pid/m/WMuller3,https://dblp.org/rec/conf/vl/DueckerGLMT97
https://dblp.org/pid/f/AlexanderFoerster,https://dblp.org/rec/conf/vl/ForsterESS06
https://dblp.org/pid/e/GregorEngels,https://dblp.org/rec/conf/vl/ForsterESS06
https://dblp.org/pid/s/TimSchattkowsky,https://dblp.org/rec/conf/vl/ForsterESS06
https://dblp.org/pid/e/GregorEngels,https://dblp.org/rec/conf/vl/KusterHE03
https://dblp.org/pid/m/WMuller3,https://dblp.org/rec/conf/vl/LehrenfeldMT95
https://dblp.org/pid/07/2093-1,https://dblp.org/rec/conf/vl/SauerE01
https://dblp.org/pid/e/GregorEngels,https://dblp.org/rec/conf/vl/SauerE01
https://dblp.org/pid/m/WMuller3,https://dblp.org/rec/conf/vl/GriebelLMTU96
https://dblp.org/pid/92/1305,https://dblp.org/rec/conf/vl/Wolter13
https://dblp.org/pid/92/1305,https://dblp.org/rec/conf/vl/Wolter14
https://dblp.org/pid/e/GregorEngels,https://dblp.org/rec/conf/vl/MendesCDES017
https://dblp.org/pid/07/2093-1,https://dblp.org/rec/conf/vl/MendesCDES017
https://dblp.org/pid/33/2110,https://dblp.org/rec/conf/gmds/KrumscheidBB25
https://dblp.org/pid/e/GregorEngels,https://dblp.org/rec/conf/ipsen/EngelsNSW96
https://dblp.org/pid/31/5809,https://dblp.org/rec/conf/ipsen/EngelsNSW96
https://dblp.org/pid/94/5744,https://dblp.org/rec/conf/issta/DoALBSM17
https://dblp.org/pid/94/5744,https://dblp.org/rec/conf/issta/BoddenH08
https://dblp.org/pid/94/5744,https://dblp.org/rec/conf/issta/NachtigallSB22
https://dblp.org/pid/94/5744,https://dblp.org/rec/conf/issta/PiskachevDB19
https://dblp.org/pid/94/5744,https://dblp.org/rec/conf/issta/ThiesB12
https://dblp.org/pid/94/5744,https://dblp.org/rec/conf/issta/VenkateshB21
https://dblp.org/pid/94/5744,https://dblp.org/rec/conf/issta/Bodden11
https://dblp.org/pid/94/5744,https://dblp.org/rec/conf/issta/Bodden18
https://dblp.org/pid/33/2110,https://dblp.org/rec/conf/tcc/BlomerBB23
https://dblp.org/pid/218/7188,https://dblp.org/rec/conf/tcc/BlomerBB23
https://dblp.org/pid/224/4609,https://dblp.org/rec/conf/tcc/BlomerBB23
https://dblp.org/pid/218/7188,https://dblp.org/rec/conf/tcc/BobolzFKT24
https://dblp.org/pid/68/3728,https://dblp.org/rec/conf/cg/GrafP16
https://dblp.org/pid/68/3728,https://dblp.org/rec/conf/cg/GrafSP13
https://dblp.org/pid/90/4912,https://dblp.org/rec/conf/prolamat/GausemeierEGB98
https://dblp.org/pid/25/7857,https://dblp.org/rec/conf/prolamat/BorzykhDHTH13
https://dblp.org/pid/84/6110-2,https://dblp.org/rec/conf/prolamat/RehageBGJP13
https://dblp.org/pid/90/4912,https://dblp.org/rec/conf/prolamat/RehageBGJP13
https://dblp.org/pid/90/4912,https://dblp.org/rec/conf/prolamat/PetersenG13
https://dblp.org/pid/77/949,https://dblp.org/rec/conf/norchip/BorokhovychS11
https://dblp.org/pid/13/8970,https://dblp.org/rec/conf/iccel/SanchezSAAL16a
https://dblp.org/pid/13/8970,https://dblp.org/rec/conf/iccel/SanchezLASA13
https://dblp.org/pid/13/8970,https://dblp.org/rec/conf/iccel/SanvidoSSAA12
https://dblp.org/pid/13/8970,https://dblp.org/rec/conf/iccel/SanchezCSAL14
https://dblp.org/pid/13/8970,https://dblp.org/rec/conf/iccel/Sanchez-Guerrero12
https://dblp.org/pid/13/8970,https://dblp.org/rec/conf/iccel/SanchezSAAL16
https://dblp.org/pid/13/8970,https://dblp.org/rec/conf/iccel/SanchezCAL15
https://dblp.org/pid/13/8970,https://dblp.org/rec/conf/iccel/CabarcosASMS12
https://dblp.org/pid/13/8970,https://dblp.org/rec/conf/iccel/AlmenaresALSS13
https://dblp.org/pid/07/2093-1,https://dblp.org/rec/conf/indiaSE/SalgerSE09
https://dblp.org/pid/e/GregorEngels,https://dblp.org/rec/conf/indiaSE/SalgerSE09
https://dblp.org/pid/55/3839,https://dblp.org/rec/conf/isit/WangLD11
https://dblp.org/pid/m/WMuller3,https://dblp.org/rec/conf/date/MuellerSEW03
https://dblp.org/pid/s/TimSchattkowsky,https://dblp.org/rec/conf/date/MuellerSEW03
https://dblp.org/pid/m/WMuller3,https://dblp.org/rec/conf/date/MischkallaH010
https://dblp.org/pid/24/160,https://dblp.org/rec/conf/date/KruppMO04
https://dblp.org/pid/m/WMuller3,https://dblp.org/rec/conf/date/KruppMO04
https://dblp.org/pid/24/160,https://dblp.org/rec/conf/date/Krupp010
https://dblp.org/pid/m/WMuller3,https://dblp.org/rec/conf/date/Krupp010
https://dblp.org/pid/68/3728,https://dblp.org/rec/conf/date/BoschmannTWWP17
https://dblp.org/pid/s/TimSchattkowsky,https://dblp.org/rec/conf/date/SchattkowskyMR05
https://dblp.org/pid/m/WMuller3,https://dblp.org/rec/conf/date/SchattkowskyMR05
https://dblp.org/pid/61/3108-3,https://dblp.org/rec/conf/date/KlobedanzK011
https://dblp.org/pid/m/WMuller3,https://dblp.org/rec/conf/date/KlobedanzK011
https://dblp.org/pid/76/5938,https://dblp.org/rec/conf/date/DamschenRVP15
https://dblp.org/pid/s/TimSchattkowsky,https://dblp.org/rec/conf/date/SchattkowskyM04
https://dblp.org/pid/m/WMuller3,https://dblp.org/rec/conf/date/SchattkowskyM04
https://dblp.org/pid/63/4934-1,https://dblp.org/rec/conf/date/BeckerDFMPV12
https://dblp.org/pid/m/WMuller3,https://dblp.org/rec/conf/date/BeckerDFMPV12
https://dblp.org/pid/m/WMuller3,https://dblp.org/rec/conf/date/BernardoS0ISM0J24
https://dblp.org/pid/63/4934-1,https://dblp.org/rec/conf/date/BeckerGF0PX10
https://dblp.org/pid/m/WMuller3,https://dblp.org/rec/conf/date/BeckerGF0PX10
https://dblp.org/pid/181/2328-6,https://dblp.org/rec/conf/date/BeckerGF0PX10
https://dblp.org/pid/m/WMuller3,https://dblp.org/rec/conf/date/RufHGKRM01
https://dblp.org/pid/60/10319,https://dblp.org/rec/conf/date/AhmedWP21
https://dblp.org/pid/68/3728,https://dblp.org/rec/conf/date/AhmedWP21
https://dblp.org/pid/68/3728,https://dblp.org/rec/conf/date/HoAKP17
https://dblp.org/pid/m/WMuller3,https://dblp.org/rec/conf/date/KlobedanzKT010
https://dblp.org/pid/m/WMuller3,https://dblp.org/rec/conf/date/ZabelM09
https://dblp.org/pid/k/MKoester,https://dblp.org/rec/conf/date/TeichK02
https://dblp.org/pid/m/WMuller3,https://dblp.org/rec/conf/date/EckerAMHKHDAWMS22
https://dblp.org/pid/s/TimSchattkowsky,https://dblp.org/rec/conf/date/Schattkowsky05
https://dblp.org/pid/60/10319,https://dblp.org/rec/conf/date/WitschenWAP22
https://dblp.org/pid/68/3728,https://dblp.org/rec/conf/date/WitschenWAP22
https://dblp.org/pid/134/7582,https://dblp.org/rec/conf/date/0001AAABBBBSDFF24
https://dblp.org/pid/19/3568,https://dblp.org/rec/conf/date/HaubeltTFM03
https://dblp.org/pid/m/BurkhardMonien,https://dblp.org/rec/conf/date/HaubeltTFM03
https://dblp.org/pid/k/MKoester,https://dblp.org/rec/conf/date/KoesterLHP09
https://dblp.org/pid/54/503-1,https://dblp.org/rec/conf/date/RettbergZBL03
https://dblp.org/pid/76/5938,https://dblp.org/rec/conf/date/LoschBKPP16
https://dblp.org/pid/68/3728,https://dblp.org/rec/conf/date/LoschBKPP16
https://dblp.org/pid/68/3728,https://dblp.org/rec/conf/date/WalderP03
https://dblp.org/pid/m/WMuller3,https://dblp.org/rec/conf/date/OliveiraZ010
https://dblp.org/pid/24/160,https://dblp.org/rec/conf/date/KruppM06
https://dblp.org/pid/m/WMuller3,https://dblp.org/rec/conf/date/KruppM06
https://dblp.org/pid/62/6023-2,https://dblp.org/rec/conf/date/MohammadiGM15
https://dblp.org/pid/44/5175-1,https://dblp.org/rec/conf/date/DittmannF07
https://dblp.org/pid/s/TimSchattkowsky,https://dblp.org/rec/conf/date/SchattkowskyXM09
https://dblp.org/pid/181/2328-6,https://dblp.org/rec/conf/date/SchattkowskyXM09
https://dblp.org/pid/m/WMuller3,https://dblp.org/rec/conf/date/SchattkowskyXM09
https://dblp.org/pid/138/4856,https://dblp.org/rec/conf/iwsib/GottschalkYNE22
https://dblp.org/pid/e/GregorEngels,https://dblp.org/rec/conf/iwsib/GottschalkYNE22
https://dblp.org/pid/203/2506,https://dblp.org/rec/conf/uai/BoraTVRR25
https://dblp.org/pid/164/2698,https://dblp.org/rec/conf/uai/NguyenYC23
https://dblp.org/pid/81/3518,https://dblp.org/rec/conf/uai/RidderbuschOG23
https://dblp.org/pid/44/5175-1,https://dblp.org/rec/conf/fpga/DittmannWM09
https://dblp.org/pid/76/5938,https://dblp.org/rec/conf/fpga/KenterPPK11
https://dblp.org/pid/68/3728,https://dblp.org/rec/conf/fpga/KenterPPK11
https://dblp.org/pid/76/5938,https://dblp.org/rec/conf/fpga/StachuraWPF26
https://dblp.org/pid/76/5938,https://dblp.org/rec/conf/fpga/JungemannWRP25
https://dblp.org/pid/07/2093-1,https://dblp.org/rec/conf/iui/MeixnerGBHPSB09
https://dblp.org/pid/95/4985-1,https://dblp.org/rec/conf/lak/DrachslerDGdJPRV12
https://dblp.org/pid/69/3369-1,https://dblp.org/rec/conf/xpu/StapelKSB10
https://dblp.org/pid/68/3728,https://dblp.org/rec/conf/acg/GrafP15
https://dblp.org/pid/203/2506,https://dblp.org/rec/conf/accv/TerhorstD0K18
https://dblp.org/pid/b/StBottcher,https://dblp.org/rec/conf/sdmw/BottcherS06
https://dblp.org/pid/48/5080,https://dblp.org/rec/conf/sdmw/BottcherS06
https://dblp.org/pid/b/StBottcher,https://dblp.org/rec/conf/sdmw/BottcherO06
https://dblp.org/pid/b/StBottcher,https://dblp.org/rec/conf/sdmw/BottcherS05
https://dblp.org/pid/48/5080,https://dblp.org/rec/conf/sdmw/BottcherS05
https://dblp.org/pid/150/0050,https://dblp.org/rec/conf/safecomp/QuamaraKH23
https://dblp.org/pid/150/0050,https://dblp.org/rec/conf/safecomp/KolbX24
https://dblp.org/pid/150/0050,https://dblp.org/rec/conf/safecomp/ArnaboldiAKR25
https://dblp.org/pid/150/0050,https://dblp.org/rec/conf/safecomp/QuamaraKL24
https://dblp.org/pid/k/UweKastens,https://dblp.org/rec/conf/lcn/BonordenBKLHNPRST03
https://dblp.org/pid/h/FMaufderHeide,https://dblp.org/rec/conf/lcn/BonordenBKLHNPRST03
https://dblp.org/pid/s/AdrianSlowik,https://dblp.org/rec/conf/lcn/BonordenBKLHNPRST03
https://dblp.org/pid/17/6729-15,https://dblp.org/rec/conf/lcn/HeuschkelFWM17
https://dblp.org/pid/17/6729-15,https://dblp.org/rec/conf/lcn/HeuschkelWFOBCM18
https://dblp.org/pid/138/8052,https://dblp.org/rec/conf/snams/PanthakkanMMM25
https://dblp.org/pid/69/5050-8,https://dblp.org/rec/conf/cnsm/0008MQSKKH20
https://dblp.org/pid/69/5050-8,https://dblp.org/rec/conf/cnsm/PeusterSK19
https://dblp.org/pid/69/5050-8,https://dblp.org/rec/conf/cnsm/0008KK20
https://dblp.org/pid/31/5809,https://dblp.org/rec/conf/cbse/PlateniusSA15
https://dblp.org/pid/31/5809,https://dblp.org/rec/conf/cbse/PlateniusDBSE13
https://dblp.org/pid/e/GregorEngels,https://dblp.org/rec/conf/cbse/PlateniusDBSE13
https://dblp.org/pid/m/BurkhardMonien,https://dblp.org/rec/conf/spdp/HaralambidesMM90
https://dblp.org/pid/m/BurkhardMonien,https://dblp.org/rec/conf/spdp/DeckerDLM95
https://dblp.org/pid/m/BurkhardMonien,https://dblp.org/rec/conf/spdp/LulingMR91
https://dblp.org/pid/m/BurkhardMonien,https://dblp.org/rec/conf/spdp/XuTM95
https://dblp.org/pid/m/BurkhardMonien,https://dblp.org/rec/conf/spdp/KlasingLM90
https://dblp.org/pid/m/BurkhardMonien,https://dblp.org/rec/conf/spdp/DiekmannGLMNW94
https://dblp.org/pid/138/4956,https://dblp.org/rec/conf/web/PfannenbergSGWM22
https://dblp.org/pid/138/4956,https://dblp.org/rec/conf/web/SchutzSHW023
https://dblp.org/pid/50/6546,https://dblp.org/rec/conf/sle/BandenerSE10
https://dblp.org/pid/e/GregorEngels,https://dblp.org/rec/conf/sle/BandenerSE10
https://dblp.org/pid/94/5744,https://dblp.org/rec/conf/pldi/Bodden12b
https://dblp.org/pid/94/5744,https://dblp.org/rec/conf/pldi/DannHB19
https://dblp.org/pid/94/5744,https://dblp.org/rec/conf/pldi/Bodden12
https://dblp.org/pid/94/5744,https://dblp.org/rec/conf/pldi/ArztRFBBKTOM14
https://dblp.org/pid/94/5744,https://dblp.org/rec/conf/pldi/Bodden12a
https://dblp.org/pid/94/5744,https://dblp.org/rec/conf/pldi/ArztRHB15
https://dblp.org/pid/94/5744,https://dblp.org/rec/conf/pldi/Bodden14
https://dblp.org/pid/94/5744,https://dblp.org/rec/conf/pldi/BoddenTRBBM13
https://dblp.org/pid/94/5744,https://dblp.org/rec/conf/pldi/Bodden14a
https://dblp.org/pid/94/5744,https://dblp.org/rec/conf/pldi/SchubertLHB19
https://dblp.org/pid/94/5744,https://dblp.org/rec/conf/pldi/DoEB16
https://dblp.org/pid/94/5744,https://dblp.org/rec/conf/pldi/ArztKB16
https://dblp.org/pid/38/1605,https://dblp.org/rec/conf/qi/BrussGK09
https://dblp.org/pid/65/4336,https://dblp.org/rec/conf/kesw/HoffnerUBLNGC13
https://dblp.org/pid/65/4336,https://dblp.org/rec/conf/kesw/UsbeckRHKSN16
https://dblp.org/pid/65/4336,https://dblp.org/rec/conf/kesw/ErmilovNVJSASJL17
https://dblp.org/pid/r/FranzJosefRammig,https://dblp.org/rec/conf/tpnc/KhalufBR13
https://dblp.org/pid/25/7857,https://dblp.org/rec/conf/smc/BiemeltBGT21
https://dblp.org/pid/25/7857,https://dblp.org/rec/conf/smc/QaisiT12
https://dblp.org/pid/43/6309-1,https://dblp.org/rec/conf/recsogood/Halimeh025
https://dblp.org/pid/e/GregorEngels,https://dblp.org/rec/conf/euromicro/GuldaliMWE09
https://dblp.org/pid/71/11054,https://dblp.org/rec/conf/euromicro/PohlmannHMG14
https://dblp.org/pid/68/283-1,https://dblp.org/rec/conf/euromicro/PohlmannHMG14
https://dblp.org/pid/40/4987-1,https://dblp.org/rec/conf/euromicro/LiSA20
https://dblp.org/pid/b/StBottcher,https://dblp.org/rec/conf/xsw/BottcherT02
https://dblp.org/pid/153/6937,https://dblp.org/rec/conf/ipta/KazmiRFK12
https://dblp.org/pid/m/BurkhardMonien,https://dblp.org/rec/conf/tat/MonienL92
https://dblp.org/pid/m/BurkhardMonien,https://dblp.org/rec/conf/tat/DiekmannLMS91
https://dblp.org/pid/48/8997,https://dblp.org/rec/conf/opodis/EikelSS14
https://dblp.org/pid/s/ChristianScheideler,https://dblp.org/rec/conf/opodis/EikelSS14
https://dblp.org/pid/08/7058,https://dblp.org/rec/conf/opodis/0001HS20
https://dblp.org/pid/s/ChristianScheideler,https://dblp.org/rec/conf/opodis/0001HS20
https://dblp.org/pid/h/FMaufderHeide,https://dblp.org/rec/conf/opodis/LukovszkiH14
https://dblp.org/pid/138/7323,https://dblp.org/rec/conf/opodis/AbshoffBMH13
https://dblp.org/pid/h/FMaufderHeide,https://dblp.org/rec/conf/opodis/AbshoffBMH13
https://dblp.org/pid/08/7058,https://dblp.org/rec/conf/opodis/CoyC0HKSSS21
https://dblp.org/pid/s/ChristianScheideler,https://dblp.org/rec/conf/opodis/CoyC0HKSSS21
https://dblp.org/pid/202/1859,https://dblp.org/rec/conf/opodis/CastenowH0KKH22
https://dblp.org/pid/98/3010-1,https://dblp.org/rec/conf/opodis/CastenowH0KKH22
https://dblp.org/pid/h/FMaufderHeide,https://dblp.org/rec/conf/opodis/CastenowH0KKH22
https://dblp.org/pid/s/ChristianScheideler,https://dblp.org/rec/conf/opodis/ScheidelerSS15
https://dblp.org/pid/147/3358,https://dblp.org/rec/conf/opodis/ScheidelerSS15
https://dblp.org/pid/s/ChristianScheideler,https://dblp.org/rec/conf/opodis/AwerbuchS06
https://dblp.org/pid/04/9921,https://dblp.org/rec/conf/ofc/KochNMS14
https://dblp.org/pid/04/9921,https://dblp.org/rec/conf/ofc/PuntsriJAWSHPN013
https://dblp.org/pid/77/949,https://dblp.org/rec/conf/ofc/FangZMDFMMDWGFR21
https://dblp.org/pid/77/949,https://dblp.org/rec/conf/ofc/MoellerAJBST13
https://dblp.org/pid/04/9921,https://dblp.org/rec/conf/ofc/NoeKM17
https://dblp.org/pid/04/9921,https://dblp.org/rec/conf/ofc/KochNMS13
https://dblp.org/pid/77/949,https://dblp.org/rec/conf/ofc/BahmanianFS23
https://dblp.org/pid/04/9921,https://dblp.org/rec/conf/ofc/PellegriniMAPBKNCPG24
https://dblp.org/pid/77/949,https://dblp.org/rec/conf/ofc/KressGZKLZKS18
https://dblp.org/pid/138/4856,https://dblp.org/rec/conf/hcse/JovanovikjY0E20
https://dblp.org/pid/07/2093-1,https://dblp.org/rec/conf/hcse/JovanovikjY0E20
https://dblp.org/pid/e/GregorEngels,https://dblp.org/rec/conf/hcse/JovanovikjY0E20
https://dblp.org/pid/138/4856,https://dblp.org/rec/conf/hcse/GottschalkYSE20a
https://dblp.org/pid/e/GregorEngels,https://dblp.org/rec/conf/hcse/GottschalkYSE20a
https://dblp.org/pid/07/2093-1,https://dblp.org/rec/conf/hcse/GorissenSB24a
https://dblp.org/pid/138/4856,https://dblp.org/rec/conf/hcse/KroisY24
https://dblp.org/pid/138/4856,https://dblp.org/rec/conf/hcse/KarakayaYE22
https://dblp.org/pid/e/GregorEngels,https://dblp.org/rec/conf/hcse/KarakayaYE22
https://dblp.org/pid/138/4856,https://dblp.org/rec/conf/hcse/KringsBY24
https://dblp.org/pid/138/4856,https://dblp.org/rec/conf/hcse/KringsYS24
https://dblp.org/pid/07/2093-1,https://dblp.org/rec/conf/hcse/KringsYS24
https://dblp.org/pid/e/GregorEngels,https://dblp.org/rec/conf/hcse/KirchhoffWE22
https://dblp.org/pid/138/4856,https://dblp.org/rec/conf/hcse/YigitbasFKP14
https://dblp.org/pid/138/4856,https://dblp.org/rec/conf/hcse/YigitbasAJK0E18
https://dblp.org/pid/07/2093-1,https://dblp.org/rec/conf/hcse/YigitbasAJK0E18
https://dblp.org/pid/e/GregorEngels,https://dblp.org/rec/conf/hcse/YigitbasAJK0E18
https://dblp.org/pid/138/4856,https://dblp.org/rec/conf/hcse/GottschalkYSE20
https://dblp.org/pid/e/GregorEngels,https://dblp.org/rec/conf/hcse/GottschalkYSE20
https://dblp.org/pid/07/2093-1,https://dblp.org/rec/conf/hcse/GorissenSB24
https://dblp.org/pid/k/HKleineBuning,https://dblp.org/rec/conf/atal/KemmerichB11
https://dblp.org/pid/84/1558-1,https://dblp.org/rec/conf/vrst/KleinKFWWH02
https://dblp.org/pid/h/FMaufderHeide,https://dblp.org/rec/conf/vrst/KleinKFWWH02
https://dblp.org/pid/138/4856,https://dblp.org/rec/conf/vrst/YigitbasJSE20
https://dblp.org/pid/e/GregorEngels,https://dblp.org/rec/conf/vrst/YigitbasJSE20
https://dblp.org/pid/76/5938,https://dblp.org/rec/conf/heart/PapeWJLMRP25
https://dblp.org/pid/76/5938,https://dblp.org/rec/conf/heart/OpdenhovelPK23
https://dblp.org/pid/76/5938,https://dblp.org/rec/conf/heart/BrokerMP25
https://dblp.org/pid/76/5938,https://dblp.org/rec/conf/heart/JungemannWRP25
https://dblp.org/pid/b/StBottcher,https://dblp.org/rec/conf/sigmod/BottcherHP20
https://dblp.org/pid/48/5080,https://dblp.org/rec/conf/sigmod/BottcherHP20
https://dblp.org/pid/65/4336,https://dblp.org/rec/conf/kgswc/RoderKN23
https://dblp.org/pid/138/4856,https://dblp.org/rec/conf/hci/JosifovskaYE19
https://dblp.org/pid/e/GregorEngels,https://dblp.org/rec/conf/hci/JosifovskaYE19
https://dblp.org/pid/132/9687,https://dblp.org/rec/conf/hci/HaneyFA20
https://dblp.org/pid/65/4336,https://dblp.org/rec/conf/hci/NgomoS07
https://dblp.org/pid/43/917,https://dblp.org/rec/conf/hci/SenftRFO19
https://dblp.org/pid/34/2589,https://dblp.org/rec/conf/hci/RiehleNBAT020
https://dblp.org/pid/138/4856,https://dblp.org/rec/conf/hci/GeilWY25
https://dblp.org/pid/07/2093-1,https://dblp.org/rec/conf/hci/SauerE07
https://dblp.org/pid/e/GregorEngels,https://dblp.org/rec/conf/hci/SauerE07
https://dblp.org/pid/07/2093-1,https://dblp.org/rec/conf/hci/FischerE017
https://dblp.org/pid/138/4856,https://dblp.org/rec/conf/hci/YigitbasFS14
https://dblp.org/pid/07/2093-1,https://dblp.org/rec/conf/hci/YigitbasFS14
https://dblp.org/pid/d/GittaDomik,https://dblp.org/rec/conf/hci/RadkowskiHDH11
https://dblp.org/pid/26/2578-8,https://dblp.org/rec/conf/hci/Zhao93
https://dblp.org/pid/138/4856,https://dblp.org/rec/conf/hci/Yigitbas0E15
https://dblp.org/pid/07/2093-1,https://dblp.org/rec/conf/hci/Yigitbas0E15
https://dblp.org/pid/e/GregorEngels,https://dblp.org/rec/conf/hci/Yigitbas0E15
https://dblp.org/pid/07/2093-1,https://dblp.org/rec/conf/hci/FischerSR018
https://dblp.org/pid/132/9687,https://dblp.org/rec/conf/hci/HaneyALH25
https://dblp.org/pid/138/4856,https://dblp.org/rec/conf/hci/SchlenkerVYD25
https://dblp.org/pid/43/917,https://dblp.org/rec/conf/hci/SenftFOP18
https://dblp.org/pid/320/6059,https://dblp.org/rec/conf/hci/FinkeHMS22
https://dblp.org/pid/269/5697,https://dblp.org/rec/conf/hci/DyckSED20
https://dblp.org/pid/34/2589,https://dblp.org/rec/conf/hci/AssenmacherCPTG20
https://dblp.org/pid/203/2506,https://dblp.org/rec/conf/iwbf/SahaST24
https://dblp.org/pid/203/2506,https://dblp.org/rec/conf/iwbf/HuberTKKD23
https://dblp.org/pid/203/2506,https://dblp.org/rec/conf/iwbf/TerhorstD0K18
https://dblp.org/pid/203/2506,https://dblp.org/rec/conf/iwbf/TerhorstTDKK20
https://dblp.org/pid/e/GregorEngels,https://dblp.org/rec/conf/iwsm/DeuterE14
https://dblp.org/pid/70/4639,https://dblp.org/rec/conf/group/DangelmaierKW97
https://dblp.org/pid/k/ReinhardKeilSlawik,https://dblp.org/rec/conf/group/HampelKCPR99
https://dblp.org/pid/17/6729-15,https://dblp.org/rec/conf/lanman/JoWMKK17
https://dblp.org/pid/17/6729-15,https://dblp.org/rec/conf/lanman/JoWKM20
https://dblp.org/pid/17/6729-15,https://dblp.org/rec/conf/lanman/ZhouWZJL14
https://dblp.org/pid/88/6542,https://dblp.org/rec/conf/vtc/BevermeierPH09
https://dblp.org/pid/44/5175-1,https://dblp.org/rec/conf/vtc/DittmannGRKF08
https://dblp.org/pid/95/344-3,https://dblp.org/rec/conf/vtc/HesseS02
https://dblp.org/pid/70/8080,https://dblp.org/rec/conf/vtc/SanchezADGMMOS15
https://dblp.org/pid/88/6542,https://dblp.org/rec/conf/vtc/BischoffHSH02
https://dblp.org/pid/95/344-3,https://dblp.org/rec/conf/vtc/BischoffHSH02
https://dblp.org/pid/94/5744,https://dblp.org/rec/conf/raid/PellegrinoTBR15
https://dblp.org/pid/s/ChristianScheideler,https://dblp.org/rec/conf/random/CzumajRS03
https://dblp.org/pid/65/4336,https://dblp.org/rec/conf/sigdial/FichtelSHJKKNRS25
https://dblp.org/pid/44/5175-1,https://dblp.org/rec/conf/delta/SchilkeRD08
https://dblp.org/pid/44/5175-1,https://dblp.org/rec/conf/delta/DittmannRLZ04
https://dblp.org/pid/54/503-1,https://dblp.org/rec/conf/delta/DittmannRLZ04
https://dblp.org/pid/r/FranzJosefRammig,https://dblp.org/rec/conf/delta/RettbergR06
https://dblp.org/pid/76/3237,https://dblp.org/rec/conf/wims/Turhan11
https://dblp.org/pid/k/HKleineBuning,https://dblp.org/rec/conf/sat/BuningZ03
https://dblp.org/pid/k/HKleineBuning,https://dblp.org/rec/conf/sat/BuningZB09
https://dblp.org/pid/k/HKleineBuning,https://dblp.org/rec/conf/sat/BubeckB07
https://dblp.org/pid/k/HKleineBuning,https://dblp.org/rec/conf/sat/BubeckB06
https://dblp.org/pid/k/HKleineBuning,https://dblp.org/rec/conf/sat/BuningZ06
https://dblp.org/pid/k/HKleineBuning,https://dblp.org/rec/conf/sat/BuningSZ03
https://dblp.org/pid/k/HKleineBuning,https://dblp.org/rec/conf/sat/BubeckB10
https://dblp.org/pid/k/HKleineBuning,https://dblp.org/rec/conf/sat/BubeckBZ05
https://dblp.org/pid/k/HKleineBuning,https://dblp.org/rec/conf/sat/BubeckB13
https://dblp.org/pid/k/HKleineBuning,https://dblp.org/rec/conf/sat/BuningZ04a
https://dblp.org/pid/k/HKleineBuning,https://dblp.org/rec/conf/sat/ZhaoB05
https://dblp.org/pid/k/HKleineBuning,https://dblp.org/rec/conf/sat/BuningZ04
https://dblp.org/pid/k/HKleineBuning,https://dblp.org/rec/conf/sat/BuningZB11
https://dblp.org/pid/138/4856,https://dblp.org/rec/conf/seams/BucchiaroneBY25
https://dblp.org/pid/138/4856,https://dblp.org/rec/conf/seams/YigitbasKJE21
https://dblp.org/pid/e/GregorEngels,https://dblp.org/rec/conf/seams/YigitbasKJE21
https://dblp.org/pid/e/GregorEngels,https://dblp.org/rec/conf/seams/Engels21
https://dblp.org/pid/70/4639,https://dblp.org/rec/conf/his/KlopperSPD08
https://dblp.org/pid/86/4463-2,https://dblp.org/rec/conf/his/BaumannB12
https://dblp.org/pid/k/HKleineBuning,https://dblp.org/rec/conf/his/BaumannB12
https://dblp.org/pid/00/2717,https://dblp.org/rec/conf/his/EsauKKS03
https://dblp.org/pid/17/5476,https://dblp.org/rec/conf/his/EsauKKS03
https://dblp.org/pid/70/4639,https://dblp.org/rec/conf/his/DurksenKRTD08
https://dblp.org/pid/95/4985-1,https://dblp.org/rec/conf/iq/FribergR09
https://dblp.org/pid/14/3197-1,https://dblp.org/rec/conf/sigcse/HusingSSB24
https://dblp.org/pid/76/3237,https://dblp.org/rec/conf/rulemlrr/PenalozaT24
https://dblp.org/pid/70/4639,https://dblp.org/rec/conf/ldic/DangelmaierD09
https://dblp.org/pid/70/4639,https://dblp.org/rec/conf/ldic/DangelmaierKRA07
https://dblp.org/pid/70/4639,https://dblp.org/rec/conf/ispe/DangelmaierFS03
https://dblp.org/pid/b/StBottcher,https://dblp.org/rec/conf/ispe/Bottcher03
https://dblp.org/pid/92/6400,https://dblp.org/rec/conf/ispe/GraesslerPHWDS24
https://dblp.org/pid/m/WMuller3,https://dblp.org/rec/conf/ispe/Kostienko0PS03
https://dblp.org/pid/s/TimSchattkowsky,https://dblp.org/rec/conf/ispe/Kostienko0PS03
https://dblp.org/pid/m/WMuller3,https://dblp.org/rec/conf/aspdac/MullerBED12
https://dblp.org/pid/63/4934-1,https://dblp.org/rec/conf/aspdac/MullerBED12
https://dblp.org/pid/m/WMuller3,https://dblp.org/rec/conf/aspdac/DomerG009
https://dblp.org/pid/94/5744,https://dblp.org/rec/conf/codaspy/GorskiANMEBB19
https://dblp.org/pid/177/9340,https://dblp.org/rec/conf/wollic/HaakV16
https://dblp.org/pid/150/4812-2,https://dblp.org/rec/conf/wollic/MahmoodV23
https://dblp.org/pid/14/3197-1,https://dblp.org/rec/conf/wipsce/OpelSS19
https://dblp.org/pid/14/3197-1,https://dblp.org/rec/conf/wipsce/BuddeHS17
https://dblp.org/pid/14/3197-1,https://dblp.org/rec/conf/wipsce/Schulte12
https://dblp.org/pid/48/4209,https://dblp.org/rec/conf/wipsce/HubwieserBMSBMS13
https://dblp.org/pid/14/3197-1,https://dblp.org/rec/conf/wipsce/SchulteKGS18
https://dblp.org/pid/14/3197-1,https://dblp.org/rec/conf/wipsce/Schulte13
https://dblp.org/pid/14/3197-1,https://dblp.org/rec/conf/wipsce/MullerS18
https://dblp.org/pid/14/3197-1,https://dblp.org/rec/conf/wipsce/BuchholzSS13
https://dblp.org/pid/k/ReinhardKeilSlawik,https://dblp.org/rec/conf/jit/Keil-SlawikH98
https://dblp.org/pid/b/StBottcher,https://dblp.org/rec/conf/jit/BottcherH02
https://dblp.org/pid/b/StBottcher,https://dblp.org/rec/conf/jit/BottcherT02
https://dblp.org/pid/k/UweKastens,https://dblp.org/rec/conf/jit/ThiesK98
https://dblp.org/pid/s/ChristianScheideler,https://dblp.org/rec/conf/mobihoc/RichaSSZ11
https://dblp.org/pid/s/ChristianScheideler,https://dblp.org/rec/conf/mobihoc/ScheidelerRS08
https://dblp.org/pid/00/2717,https://dblp.org/rec/conf/icas/RichertSKKS09
https://dblp.org/pid/315/0793-2,https://dblp.org/rec/conf/icas/RascheSRKK10
https://dblp.org/pid/17/5476,https://dblp.org/rec/conf/icas/RascheSRKK10
https://dblp.org/pid/00/2717,https://dblp.org/rec/conf/icas/RascheSRKK10
https://dblp.org/pid/00/2717,https://dblp.org/rec/conf/icas/RichertLNK08
https://dblp.org/pid/r/FranzJosefRammig,https://dblp.org/rec/conf/icas/HeimfarthDR05
https://dblp.org/pid/94/5744,https://dblp.org/rec/conf/rv/BoddenLH10
https://dblp.org/pid/94/5744,https://dblp.org/rec/conf/rv/ArztRB13
https://dblp.org/pid/94/5744,https://dblp.org/rec/conf/rv/Bodden11
https://dblp.org/pid/94/5744,https://dblp.org/rec/conf/rv/KimBBK10
https://dblp.org/pid/94/5744,https://dblp.org/rec/conf/rv/FalzonBP13
https://dblp.org/pid/94/5744,https://dblp.org/rec/conf/rv/BoddenHLLN07
https://dblp.org/pid/94/5744,https://dblp.org/rec/conf/rv/BoddenL10
https://dblp.org/pid/k/UweKastens,https://dblp.org/rec/conf/parelec/GrunewaldLKNPRST04
https://dblp.org/pid/s/AdrianSlowik,https://dblp.org/rec/conf/parelec/GrunewaldLKNPRST04
https://dblp.org/pid/88/6542,https://dblp.org/rec/conf/ami/SchmalenstroeerLH07
https://dblp.org/pid/48/5080,https://dblp.org/rec/conf/dihu/DunstH18
https://dblp.org/pid/32/10911-1,https://dblp.org/rec/conf/dihu/Stadler12
https://dblp.org/pid/32/10911-1,https://dblp.org/rec/conf/dihu/SchlootsMSMMKR17
https://dblp.org/pid/48/5080,https://dblp.org/rec/conf/dihu/DunstH17
https://dblp.org/pid/48/5080,https://dblp.org/rec/conf/dihu/DunstHHL16
https://dblp.org/pid/62/782,https://dblp.org/rec/conf/IEEEisic/AdeltSEKKR08
https://dblp.org/pid/17/5476,https://dblp.org/rec/conf/IEEEisic/AdeltSEKKR08
https://dblp.org/pid/00/2717,https://dblp.org/rec/conf/IEEEisic/AdeltSEKKR08
https://dblp.org/pid/319/8710,https://dblp.org/rec/conf/pacis/FichtlerGKKD24
https://dblp.org/pid/138/4956,https://dblp.org/rec/conf/pacis/DiesterhoftGM0K21
https://dblp.org/pid/138/4956,https://dblp.org/rec/conf/pacis/TrangZK14
https://dblp.org/pid/138/4956,https://dblp.org/rec/conf/pacis/TrangZK14a
https://dblp.org/pid/138/4956,https://dblp.org/rec/conf/pacis/HovelS024
https://dblp.org/pid/138/4956,https://dblp.org/rec/conf/pacis/ZanderTMMK15
https://dblp.org/pid/138/4956,https://dblp.org/rec/conf/pacis/TrangZSK14
https://dblp.org/pid/138/4956,https://dblp.org/rec/conf/pacis/SchutzSMHKH024
https://dblp.org/pid/138/4956,https://dblp.org/rec/conf/pacis/MatschakPM021
https://dblp.org/pid/65/4336,https://dblp.org/rec/conf/pkdd/KouagouHDN23
https://dblp.org/pid/127/6615,https://dblp.org/rec/conf/pkdd/BujnaW17
https://dblp.org/pid/62/6023-2,https://dblp.org/rec/conf/pkdd/MohammadiJKARMP21
https://dblp.org/pid/68/3728,https://dblp.org/rec/conf/pkdd/MohammadiJKARMP21
https://dblp.org/pid/34/2589,https://dblp.org/rec/conf/pkdd/CarneinTBP19
https://dblp.org/pid/43/6309-1,https://dblp.org/rec/conf/pkdd/MullerCDHB21
https://dblp.org/pid/08/8419,https://dblp.org/rec/conf/pkdd/AlesianiYSY20
https://dblp.org/pid/08/8419,https://dblp.org/rec/conf/pkdd/ShakerHH17
https://dblp.org/pid/34/2589,https://dblp.org/rec/conf/pkdd/EngelenLTT18
https://dblp.org/pid/150/4812-2,https://dblp.org/rec/conf/pkdd/DemirYRMN25
https://dblp.org/pid/65/4336,https://dblp.org/rec/conf/pkdd/DemirYRMN25
https://dblp.org/pid/97/114-4,https://dblp.org/rec/conf/pkdd/SchaferH15a
https://dblp.org/pid/65/4336,https://dblp.org/rec/conf/pkdd/DemirWLNH23
https://dblp.org/pid/65/4336,https://dblp.org/rec/conf/pkdd/DemirN23
https://dblp.org/pid/65/4336,https://dblp.org/rec/conf/pkdd/KaralisBDHN24
https://dblp.org/pid/97/114-4,https://dblp.org/rec/conf/pkdd/SchaferH15
https://dblp.org/pid/08/8419,https://dblp.org/rec/conf/pkdd/RimSXGKLQS24
https://dblp.org/pid/08/8419,https://dblp.org/rec/conf/pkdd/KhiariMSZD18
https://dblp.org/pid/164/2698,https://dblp.org/rec/conf/pkdd/RappMFNH20
https://dblp.org/pid/69/5050-8,https://dblp.org/rec/conf/im/SchneiderSKW19
https://dblp.org/pid/69/5050-8,https://dblp.org/rec/conf/im/0008JK21
https://dblp.org/pid/132/9687,https://dblp.org/rec/conf/acsac/WermkeHARTF18
https://dblp.org/pid/68/3728,https://dblp.org/rec/conf/ahs/HoAKP15
https://dblp.org/pid/k/MKoester,https://dblp.org/rec/conf/ahs/HagemeyerHJCFRKKMPDDHSI12
https://dblp.org/pid/44/5175-1,https://dblp.org/rec/conf/ahs/HagemeyerHJCFRKKMPDDHSI12
https://dblp.org/pid/k/MKoester,https://dblp.org/rec/conf/ahs/SterponeMKHP11
https://dblp.org/pid/76/5938,https://dblp.org/rec/conf/ahs/KaufmannPP09
https://dblp.org/pid/68/3728,https://dblp.org/rec/conf/ahs/KaufmannPP09
https://dblp.org/pid/68/3728,https://dblp.org/rec/conf/ahs/KaufmannHP17
https://dblp.org/pid/68/3728,https://dblp.org/rec/conf/ahs/KaufmannP07
https://dblp.org/pid/68/3728,https://dblp.org/rec/conf/ahs/GletteTGSKP08
https://dblp.org/pid/13/8970,https://dblp.org/rec/conf/eatis/MendozaAMS09
https://dblp.org/pid/42/9934-1,https://dblp.org/rec/conf/om2/0001NS25
https://dblp.org/pid/65/4336,https://dblp.org/rec/conf/om2/0001NS25
https://dblp.org/pid/145/1160,https://dblp.org/rec/conf/om2/0001NS25
https://dblp.org/pid/55/3839,https://dblp.org/rec/conf/aucc/LeongN15
https://dblp.org/pid/145/1160,https://dblp.org/rec/conf/ht/DresslerSN22
https://dblp.org/pid/65/4336,https://dblp.org/rec/conf/ht/DresslerSN22
https://dblp.org/pid/e/GregorEngels,https://dblp.org/rec/conf/ht/NouriGEW21
https://dblp.org/pid/140/3577,https://dblp.org/rec/conf/ht/DesoukiRN19
https://dblp.org/pid/65/4336,https://dblp.org/rec/conf/ht/DesoukiRN19
https://dblp.org/pid/65/4336,https://dblp.org/rec/conf/ht/DemirLN22
https://dblp.org/pid/138/4856,https://dblp.org/rec/conf/ht/AugsteinHWY19
https://dblp.org/pid/84/1558-1,https://dblp.org/rec/conf/wsc/FischerMMKLD05
https://dblp.org/pid/70/4639,https://dblp.org/rec/conf/wsc/FischerMMKLD05
https://dblp.org/pid/70/4639,https://dblp.org/rec/conf/wsc/DangelmaierMAS07
https://dblp.org/pid/70/4639,https://dblp.org/rec/conf/wsc/KlaasLRD13
https://dblp.org/pid/84/1558-1,https://dblp.org/rec/conf/wsc/FischerRLSD10
https://dblp.org/pid/70/4639,https://dblp.org/rec/conf/wsc/FischerRLSD10
https://dblp.org/pid/70/4639,https://dblp.org/rec/conf/wsc/AufenangerDLR08
https://dblp.org/pid/70/4639,https://dblp.org/rec/conf/wsc/KlaasLDF11
https://dblp.org/pid/84/1558-1,https://dblp.org/rec/conf/wsc/KlaasLDF11
https://dblp.org/pid/70/4639,https://dblp.org/rec/conf/wsc/DangelmaierFHLS08
https://dblp.org/pid/84/1558-1,https://dblp.org/rec/conf/wsc/DangelmaierFHLS08
https://dblp.org/pid/70/4639,https://dblp.org/rec/conf/wsc/HuberD09
https://dblp.org/pid/117/6974-1,https://dblp.org/rec/conf/wsc/WeberRSL16
https://dblp.org/pid/70/4639,https://dblp.org/rec/conf/wsc/DangelmaierM04
https://dblp.org/pid/70/4639,https://dblp.org/rec/conf/wsc/AufenangerVD09
https://dblp.org/pid/70/4639,https://dblp.org/rec/conf/wsc/DangelmaierMSKA06
https://dblp.org/pid/117/6974-1,https://dblp.org/rec/conf/wsc/GutfeldJWLW14
https://dblp.org/pid/117/6974-1,https://dblp.org/rec/conf/wsc/0001RL18
https://dblp.org/pid/117/6974-1,https://dblp.org/rec/conf/wsc/Weber15
https://dblp.org/pid/70/4639,https://dblp.org/rec/conf/wsc/DangelmaierMHM05
https://dblp.org/pid/70/4639,https://dblp.org/rec/conf/wsc/HuberD11
https://dblp.org/pid/68/3728,https://dblp.org/rec/conf/evoW/HansmeierP22
https://dblp.org/pid/34/2589,https://dblp.org/rec/conf/evoW/RudolphST16
https://dblp.org/pid/150/0050,https://dblp.org/rec/conf/isgteurope/0001OLKH24
https://dblp.org/pid/134/7582,https://dblp.org/rec/conf/isw/BoydDGJ18
https://dblp.org/pid/94/5744,https://dblp.org/rec/conf/isw/FalzonB15
https://dblp.org/pid/94/5744,https://dblp.org/rec/conf/isw/AlsouriSSBMK12
https://dblp.org/pid/94/5744,https://dblp.org/rec/conf/isw/OthmaneCBTBM15
https://dblp.org/pid/b/StBottcher,https://dblp.org/rec/conf/tc11-5/Bottche02
https://dblp.org/pid/s/MohammadSoleymani-2,https://dblp.org/rec/conf/spawc/SoleymaniSJSH25
https://dblp.org/pid/s/MohammadSoleymani-2,https://dblp.org/rec/conf/spawc/SantamariaSJG24
https://dblp.org/pid/s/MohammadSoleymani-2,https://dblp.org/rec/conf/spawc/SoleymaniSJRG24
https://dblp.org/pid/55/3839,https://dblp.org/rec/conf/spawc/GuoLD14
https://dblp.org/pid/90/4912,https://dblp.org/rec/conf/cad/GausemeierHS96
https://dblp.org/pid/90/4912,https://dblp.org/rec/conf/cad/GausemeierF02
https://dblp.org/pid/90/4912,https://dblp.org/rec/conf/cad/GausemeierGH98
https://dblp.org/pid/90/4912,https://dblp.org/rec/conf/cad/GausemeierF02a
https://dblp.org/pid/90/4912,https://dblp.org/rec/conf/cad/GausemeierBKEG00
https://dblp.org/pid/90/4912,https://dblp.org/rec/conf/cad/AnderlGKCA00
https://dblp.org/pid/76/5938,https://dblp.org/rec/conf/ispa/DurelliPMPRSVB14
https://dblp.org/pid/b/StBottcher,https://dblp.org/rec/conf/ispa/ObermeierBK08
https://dblp.org/pid/84/1558-1,https://dblp.org/rec/conf/ispa/SussHFLD08
https://dblp.org/pid/70/4639,https://dblp.org/rec/conf/ispa/SussHFLD08
https://dblp.org/pid/e/GregorEngels,https://dblp.org/rec/conf/hicss/RettbergEHS25
https://dblp.org/pid/s/TimSchattkowsky,https://dblp.org/rec/conf/hicss/RettbergEHS25
https://dblp.org/pid/138/4956,https://dblp.org/rec/conf/hicss/HengstlerK023
https://dblp.org/pid/138/4956,https://dblp.org/rec/conf/hicss/HengstlerPT21
https://dblp.org/pid/319/8710,https://dblp.org/rec/conf/hicss/EbelKWD24
https://dblp.org/pid/138/4956,https://dblp.org/rec/conf/hicss/MasuchGT21
https://dblp.org/pid/189/4866,https://dblp.org/rec/conf/hicss/SchlangenottoK17
https://dblp.org/pid/26/4979,https://dblp.org/rec/conf/hicss/SchlangenottoK17
https://dblp.org/pid/26/4979,https://dblp.org/rec/conf/hicss/KundischJ12
https://dblp.org/pid/138/4956,https://dblp.org/rec/conf/hicss/HovelRT26
https://dblp.org/pid/70/4639,https://dblp.org/rec/conf/hicss/DangelmaierFHK99
https://dblp.org/pid/s/TimSchattkowsky,https://dblp.org/rec/conf/hicss/SchattkowskyEF07
https://dblp.org/pid/e/GregorEngels,https://dblp.org/rec/conf/hicss/SchattkowskyEF07
https://dblp.org/pid/f/AlexanderFoerster,https://dblp.org/rec/conf/hicss/SchattkowskyEF07
https://dblp.org/pid/138/4956,https://dblp.org/rec/conf/hicss/MasuchHST21
https://dblp.org/pid/138/4956,https://dblp.org/rec/conf/hicss/KleinMS024
https://dblp.org/pid/b/StBottcher,https://dblp.org/rec/conf/hicss/BottcherD04
https://dblp.org/pid/315/0981-2,https://dblp.org/rec/conf/hicss/WolfBB19
https://dblp.org/pid/26/4979,https://dblp.org/rec/conf/hicss/SzopinskiSK20
https://dblp.org/pid/m/WMuller3,https://dblp.org/rec/conf/hicss/FlakeM02
https://dblp.org/pid/m/BurkhardMonien,https://dblp.org/rec/conf/hicss/DiekmannLMS95
https://dblp.org/pid/b/StBottcher,https://dblp.org/rec/conf/hicss/BottcherHM09
https://dblp.org/pid/48/5080,https://dblp.org/rec/conf/hicss/BottcherHM09
https://dblp.org/pid/43/6309-1,https://dblp.org/rec/conf/hicss/CaronBM22
https://dblp.org/pid/319/8710,https://dblp.org/rec/conf/hicss/MeyerWPKD22
https://dblp.org/pid/70/4639,https://dblp.org/rec/conf/hicss/BleckenDDRH10
https://dblp.org/pid/68/3728,https://dblp.org/rec/conf/hicss/MencerP99
https://dblp.org/pid/p/PPfahler,https://dblp.org/rec/conf/hicss/PfahlerK01
https://dblp.org/pid/k/UweKastens,https://dblp.org/rec/conf/hicss/PfahlerK01
https://dblp.org/pid/319/8710,https://dblp.org/rec/conf/hicss/KoldeweyRDW23
https://dblp.org/pid/138/4956,https://dblp.org/rec/conf/hicss/MasuchG022
https://dblp.org/pid/26/4979,https://dblp.org/rec/conf/hicss/KundischSR08
https://dblp.org/pid/319/8710,https://dblp.org/rec/conf/hicss/KoldeweyEWK26
https://dblp.org/pid/138/4956,https://dblp.org/rec/conf/hicss/SchutzRMKMW023
https://dblp.org/pid/138/4956,https://dblp.org/rec/conf/hicss/MatschakPR022
https://dblp.org/pid/319/8710,https://dblp.org/rec/conf/hicss/KoldeweyFSBSSSK24
https://dblp.org/pid/b/StBottcher,https://dblp.org/rec/conf/hicss/BottcherD05
https://dblp.org/pid/70/4639,https://dblp.org/rec/conf/hicss/KlopperPD14
https://dblp.org/pid/138/4956,https://dblp.org/rec/conf/hicss/AslanMG0K23
https://dblp.org/pid/43/6309-1,https://dblp.org/rec/conf/hicss/BeckerBKMM11
https://dblp.org/pid/138/4956,https://dblp.org/rec/conf/hicss/ZanderTK15
https://dblp.org/pid/26/4979,https://dblp.org/rec/conf/hicss/HerrmannKR13
https://dblp.org/pid/26/4979,https://dblp.org/rec/conf/hicss/KundischWCK01
https://dblp.org/pid/43/6309-1,https://dblp.org/rec/conf/hicss/Brennig023
https://dblp.org/pid/19/6980-1,https://dblp.org/rec/conf/hicss/OttHN99
https://dblp.org/pid/138/4956,https://dblp.org/rec/conf/hicss/HengstlerN022
https://dblp.org/pid/43/6309-1,https://dblp.org/rec/conf/hicss/JaakonmakiMB17
https://dblp.org/pid/m/WMuller3,https://dblp.org/rec/conf/hicss/MuellerSB04
https://dblp.org/pid/319/8710,https://dblp.org/rec/conf/hicss/FichtlerPGKD26
https://dblp.org/pid/s/TimSchattkowsky,https://dblp.org/rec/conf/hicss/StrodickSA25
https://dblp.org/pid/26/4979,https://dblp.org/rec/conf/hicss/WagenerKRRW10
https://dblp.org/pid/70/4639,https://dblp.org/rec/conf/hicss/DangelmaierFM02
https://dblp.org/pid/43/6309-1,https://dblp.org/rec/conf/hicss/LeffrangB023
https://dblp.org/pid/m/WMuller3,https://dblp.org/rec/conf/hicss/LoeserMBE03
https://dblp.org/pid/138/4856,https://dblp.org/rec/conf/hicss/YigitbasE23
https://dblp.org/pid/e/GregorEngels,https://dblp.org/rec/conf/hicss/YigitbasE23
https://dblp.org/pid/43/6309-1,https://dblp.org/rec/conf/hicss/FriedenstabJMM12
https://dblp.org/pid/m/WMuller3,https://dblp.org/rec/conf/hicss/MuellerMZ01
https://dblp.org/pid/s/TimSchattkowsky,https://dblp.org/rec/conf/hicss/SchattkowskyER24
https://dblp.org/pid/e/GregorEngels,https://dblp.org/rec/conf/hicss/SchattkowskyER24
https://dblp.org/pid/e/GregorEngels,https://dblp.org/rec/conf/hicss/RettbergES23
https://dblp.org/pid/s/TimSchattkowsky,https://dblp.org/rec/conf/hicss/RettbergES23
https://dblp.org/pid/26/4979,https://dblp.org/rec/conf/hicss/MullerNK22
https://dblp.org/pid/26/4979,https://dblp.org/rec/conf/hicss/KundischD03
https://dblp.org/pid/43/6309-1,https://dblp.org/rec/conf/hicss/SommerauerM18
https://dblp.org/pid/70/4639,https://dblp.org/rec/conf/hicss/RustBDP10
https://dblp.org/pid/138/4956,https://dblp.org/rec/conf/hicss/TrangRK14
https://dblp.org/pid/m/WMuller3,https://dblp.org/rec/conf/hicss/GeigerLM99
https://dblp.org/pid/43/6309-1,https://dblp.org/rec/conf/hicss/HeuwinkelKM22
https://dblp.org/pid/319/8710,https://dblp.org/rec/conf/hicss/KoldeweyDR22
https://dblp.org/pid/43/6309-1,https://dblp.org/rec/conf/hicss/HalimehCM23
https://dblp.org/pid/225/7849-7,https://dblp.org/rec/conf/hicss/SeutterM0K22
https://dblp.org/pid/26/4979,https://dblp.org/rec/conf/hicss/SeutterM0K22
https://dblp.org/pid/94/5744,https://dblp.org/rec/conf/hicss/ElingRKBB16
https://dblp.org/pid/19/6980-1,https://dblp.org/rec/conf/hicss/HuthEN01
https://dblp.org/pid/m/WMuller3,https://dblp.org/rec/conf/hicss/DueckerMR99
https://dblp.org/pid/70/4639,https://dblp.org/rec/conf/hicss/DurksenD10
https://dblp.org/pid/m/BurkhardMonien,https://dblp.org/rec/conf/hicss/DumraufMT09
https://dblp.org/pid/m/WMuller3,https://dblp.org/rec/conf/hicss/SchaeferDM02
https://dblp.org/pid/m/BurkhardMonien,https://dblp.org/rec/conf/hicss/MavronicolasMP08
https://dblp.org/pid/k/ReinhardKeilSlawik,https://dblp.org/rec/conf/ichc/HashagenKN00
https://dblp.org/pid/07/2093-1,https://dblp.org/rec/conf/mis/SauerE99
https://dblp.org/pid/e/GregorEngels,https://dblp.org/rec/conf/mis/SauerE99
https://dblp.org/pid/70/4639,https://dblp.org/rec/conf/simvis/DangelmaierAHLR07
https://dblp.org/pid/m/WMuller3,https://dblp.org/rec/conf/simvis/MullerP04
https://dblp.org/pid/70/4639,https://dblp.org/rec/conf/simvis/DangelmaierMHF05
https://dblp.org/pid/90/4912,https://dblp.org/rec/conf/simvis/GausemeierBRSMP04
https://dblp.org/pid/m/WMuller3,https://dblp.org/rec/conf/simvis/GausemeierBRSMP04
https://dblp.org/pid/70/4639,https://dblp.org/rec/conf/simvis/MahajanLDKSK05
https://dblp.org/pid/50/6546,https://dblp.org/rec/conf/simvis/MahajanLDKSK05
https://dblp.org/pid/m/WMuller3,https://dblp.org/rec/conf/simvis/BraatzFMW00
https://dblp.org/pid/90/4912,https://dblp.org/rec/conf/simvis/GausemeierGMRKO05
https://dblp.org/pid/70/4639,https://dblp.org/rec/conf/simvis/MueckDLFK04
https://dblp.org/pid/84/1558-1,https://dblp.org/rec/conf/simvis/MueckDLFK04
https://dblp.org/pid/70/4639,https://dblp.org/rec/conf/simvis/MueckDFK02
https://dblp.org/pid/84/1558-1,https://dblp.org/rec/conf/simvis/MueckDFK02
https://dblp.org/pid/70/4639,https://dblp.org/rec/conf/simvis/DangelmaierHLAFKK06
https://dblp.org/pid/84/1558-1,https://dblp.org/rec/conf/simvis/DangelmaierHLAFKK06
https://dblp.org/pid/70/4639,https://dblp.org/rec/conf/simvis/LaroqueDHRAK08
https://dblp.org/pid/m/WMuller3,https://dblp.org/rec/conf/simvis/Geiger098
https://dblp.org/pid/m/WMuller3,https://dblp.org/rec/conf/simvis/GeigerLM99
https://dblp.org/pid/90/4912,https://dblp.org/rec/conf/simvis/GausemeierRWBH08
https://dblp.org/pid/70/4639,https://dblp.org/rec/conf/simvis/DangelmaierHL06
https://dblp.org/pid/168/1542,https://dblp.org/rec/conf/i-semantics/KaurBJMNU19
https://dblp.org/pid/65/4336,https://dblp.org/rec/conf/i-semantics/KaurBJMNU19
https://dblp.org/pid/65/4336,https://dblp.org/rec/conf/i-semantics/KaralisBN23
https://dblp.org/pid/65/4336,https://dblp.org/rec/conf/i-semantics/KhanANS21
https://dblp.org/pid/65/4336,https://dblp.org/rec/conf/i-semantics/BothNULLS14
https://dblp.org/pid/145/1160,https://dblp.org/rec/conf/i-semantics/SherifN15
https://dblp.org/pid/65/4336,https://dblp.org/rec/conf/i-semantics/SherifN15
https://dblp.org/pid/65/4336,https://dblp.org/rec/conf/i-semantics/MarxUNHLA14
https://dblp.org/pid/168/1542,https://dblp.org/rec/conf/i-semantics/MirelesRSVBM22
https://dblp.org/pid/65/4336,https://dblp.org/rec/conf/i-semantics/HillnerN11
https://dblp.org/pid/168/1542,https://dblp.org/rec/conf/i-semantics/MarxZMR16
https://dblp.org/pid/168/1542,https://dblp.org/rec/conf/i-semantics/EstevesMMDZL16
https://dblp.org/pid/168/1542,https://dblp.org/rec/conf/i-semantics/NetoESMVM16
https://dblp.org/pid/145/1160,https://dblp.org/rec/conf/i-semantics/ZaheraVS0N23
https://dblp.org/pid/65/4336,https://dblp.org/rec/conf/i-semantics/ZaheraVS0N23
https://dblp.org/pid/145/1160,https://dblp.org/rec/conf/i-semantics/AhmedSN18
https://dblp.org/pid/65/4336,https://dblp.org/rec/conf/i-semantics/AhmedSN18
https://dblp.org/pid/145/1160,https://dblp.org/rec/conf/i-semantics/AhmedSN23
https://dblp.org/pid/65/4336,https://dblp.org/rec/conf/i-semantics/AhmedSN23
https://dblp.org/pid/65/4336,https://dblp.org/rec/conf/i-semantics/RautenbergEMAN15
https://dblp.org/pid/145/1160,https://dblp.org/rec/conf/i-semantics/ZaveriKSBMAL13
https://dblp.org/pid/65/4336,https://dblp.org/rec/conf/i-semantics/GusmitaJVRNU19
https://dblp.org/pid/145/1160,https://dblp.org/rec/conf/i-semantics/ZaheraASMN24
https://dblp.org/pid/168/1542,https://dblp.org/rec/conf/i-semantics/ZaheraASMN24
https://dblp.org/pid/65/4336,https://dblp.org/rec/conf/i-semantics/ZaheraASMN24
https://dblp.org/pid/65/4336,https://dblp.org/rec/conf/i-semantics/SoruN14
https://dblp.org/pid/65/4336,https://dblp.org/rec/conf/i-semantics/VollmersSZN24
https://dblp.org/pid/168/1542,https://dblp.org/rec/conf/i-semantics/SoruMMPVEN17
https://dblp.org/pid/168/1542,https://dblp.org/rec/conf/i-semantics/CoelhoMPE17
https://dblp.org/pid/168/1542,https://dblp.org/rec/conf/i-semantics/EstevesMNSUAL15
https://dblp.org/pid/65/4336,https://dblp.org/rec/conf/i-semantics/0002PSHN18
https://dblp.org/pid/65/4336,https://dblp.org/rec/conf/i-semantics/SaleemPNADD13
https://dblp.org/pid/145/1160,https://dblp.org/rec/conf/i-semantics/KumarNHS24
https://dblp.org/pid/168/1542,https://dblp.org/rec/conf/i-semantics/VollmersJMTNU21
https://dblp.org/pid/65/4336,https://dblp.org/rec/conf/i-semantics/VollmersJMTNU21
https://dblp.org/pid/119/5839,https://dblp.org/rec/conf/cec/BossekKT20
https://dblp.org/pid/34/2589,https://dblp.org/rec/conf/cec/BossekKT20
https://dblp.org/pid/69/3369-1,https://dblp.org/rec/conf/cec/SteinzenBS07
https://dblp.org/pid/k/HKleineBuning,https://dblp.org/rec/conf/cec/TingB03
https://dblp.org/pid/119/5839,https://dblp.org/rec/conf/cec/BossekGRT20
https://dblp.org/pid/34/2589,https://dblp.org/rec/conf/cec/BossekGRT20
https://dblp.org/pid/34/2589,https://dblp.org/rec/conf/cec/TrautmannMN09
https://dblp.org/pid/34/2589,https://dblp.org/rec/conf/cec/MehnenTT07
https://dblp.org/pid/34/2589,https://dblp.org/rec/conf/cec/NaujoksT09
https://dblp.org/pid/34/2589,https://dblp.org/rec/conf/cec/MersmannTNW10
https://dblp.org/pid/68/3728,https://dblp.org/rec/conf/cec/KaufmannKP10
https://dblp.org/pid/34/2589,https://dblp.org/rec/conf/cec/Dominguez-MedinaRST13
https://dblp.org/pid/34/2589,https://dblp.org/rec/conf/cec/WagnerT10
https://dblp.org/pid/k/HKleineBuning,https://dblp.org/rec/conf/cec/KramerTB05
https://dblp.org/pid/f/AlexanderFoerster,https://dblp.org/rec/conf/cec/LeitnerHFFS13
https://dblp.org/pid/34/2589,https://dblp.org/rec/conf/cec/KerschkeT16
https://dblp.org/pid/e/GregorEngels,https://dblp.org/rec/conf/fmco/KusterE03
https://dblp.org/pid/88/6542,https://dblp.org/rec/conf/icassp/NeumannKBDH22
https://dblp.org/pid/88/6542,https://dblp.org/rec/conf/icassp/ZhangB0NDKOKHQ21
https://dblp.org/pid/88/6542,https://dblp.org/rec/conf/icassp/CordLandwehrBZDH23
https://dblp.org/pid/88/6542,https://dblp.org/rec/conf/icassp/HoangSH15
https://dblp.org/pid/88/6542,https://dblp.org/rec/conf/icassp/Haeb-UmbachB07
https://dblp.org/pid/88/6542,https://dblp.org/rec/conf/icassp/Haeb-UmbachGN93
https://dblp.org/pid/88/6542,https://dblp.org/rec/conf/icassp/ArakiIHWWM25
https://dblp.org/pid/88/6542,https://dblp.org/rec/conf/icassp/JacobSH13
https://dblp.org/pid/88/6542,https://dblp.org/rec/conf/icassp/NeyHTO92
https://dblp.org/pid/88/6542,https://dblp.org/rec/conf/icassp/GburrekSH22
https://dblp.org/pid/s/MohammadSoleymani-2,https://dblp.org/rec/conf/icassp/SoleymaniLSS19
https://dblp.org/pid/88/6542,https://dblp.org/rec/conf/icassp/WindmannH06
https://dblp.org/pid/88/6542,https://dblp.org/rec/conf/icassp/ChinaevH17
https://dblp.org/pid/70/8761,https://dblp.org/rec/conf/icassp/ChinaevKVH12
https://dblp.org/pid/88/6542,https://dblp.org/rec/conf/icassp/ChinaevKVH12
https://dblp.org/pid/88/6542,https://dblp.org/rec/conf/icassp/NeumannBCDH24
https://dblp.org/pid/88/6542,https://dblp.org/rec/conf/icassp/NeumannKDANH19
https://dblp.org/pid/88/6542,https://dblp.org/rec/conf/icassp/DolfingH97
https://dblp.org/pid/88/6542,https://dblp.org/rec/conf/icassp/WellingHZH98
https://dblp.org/pid/88/6542,https://dblp.org/rec/conf/icassp/Cord-LandwehrBZ24
https://dblp.org/pid/88/6542,https://dblp.org/rec/conf/icassp/Haeb-Umbach99
https://dblp.org/pid/88/6542,https://dblp.org/rec/conf/icassp/DugastBH95
https://dblp.org/pid/s/MohammadSoleymani-2,https://dblp.org/rec/conf/icassp/SantamariaSJG23
https://dblp.org/pid/70/8761,https://dblp.org/rec/conf/icassp/DrudeCVH14
https://dblp.org/pid/88/6542,https://dblp.org/rec/conf/icassp/DrudeCVH14
https://dblp.org/pid/88/6542,https://dblp.org/rec/conf/icassp/SchmalenstroeerJH14
https://dblp.org/pid/88/6542,https://dblp.org/rec/conf/icassp/DrudeHH19
https://dblp.org/pid/88/6542,https://dblp.org/rec/conf/icassp/ChinaevHTM13
https://dblp.org/pid/88/6542,https://dblp.org/rec/conf/icassp/KruegerH11
https://dblp.org/pid/88/6542,https://dblp.org/rec/conf/icassp/Haeb-UmbachBT95
https://dblp.org/pid/88/6542,https://dblp.org/rec/conf/icassp/GburrekSH21
https://dblp.org/pid/88/6542,https://dblp.org/rec/conf/icassp/RautenbergKSWWH25
https://dblp.org/pid/88/6542,https://dblp.org/rec/conf/icassp/IonH06
https://dblp.org/pid/88/6542,https://dblp.org/rec/conf/icassp/WindmannH08
https://dblp.org/pid/88/6542,https://dblp.org/rec/conf/icassp/WalterDH15
https://dblp.org/pid/88/6542,https://dblp.org/rec/conf/icassp/HogeTWHHC97
https://dblp.org/pid/88/6542,https://dblp.org/rec/conf/icassp/EbbersHS22
https://dblp.org/pid/88/6542,https://dblp.org/rec/conf/icassp/DrudeBH16
https://dblp.org/pid/88/6542,https://dblp.org/rec/conf/icassp/DrudeHKNH18
https://dblp.org/pid/88/6542,https://dblp.org/rec/conf/icassp/HeymannDHKN19
https://dblp.org/pid/70/8761,https://dblp.org/rec/conf/icassp/VuH13
https://dblp.org/pid/88/6542,https://dblp.org/rec/conf/icassp/VuH13
https://dblp.org/pid/88/6542,https://dblp.org/rec/conf/icassp/WarsitzKH08
https://dblp.org/pid/88/6542,https://dblp.org/rec/conf/icassp/EbbersKCH21
https://dblp.org/pid/88/6542,https://dblp.org/rec/conf/icassp/AbdelazizZKLH13
https://dblp.org/pid/70/8761,https://dblp.org/rec/conf/icassp/VuH10
https://dblp.org/pid/88/6542,https://dblp.org/rec/conf/icassp/VuH10
https://dblp.org/pid/88/6542,https://dblp.org/rec/conf/icassp/Cord-LandwehrBH25
https://dblp.org/pid/88/6542,https://dblp.org/rec/conf/icassp/HoangH13
https://dblp.org/pid/88/6542,https://dblp.org/rec/conf/icassp/HeymannDBHH17
https://dblp.org/pid/88/6542,https://dblp.org/rec/conf/icassp/HeitkaemperJBDH20
https://dblp.org/pid/88/6542,https://dblp.org/rec/conf/icassp/HeymannHGS15
https://dblp.org/pid/88/6542,https://dblp.org/rec/conf/icassp/IonH05
https://dblp.org/pid/88/6542,https://dblp.org/rec/conf/icassp/WarsitzH05
https://dblp.org/pid/88/6542,https://dblp.org/rec/conf/icassp/NeumannKDBDNH20
https://dblp.org/pid/88/6542,https://dblp.org/rec/conf/icassp/NeumannBKDH23
https://dblp.org/pid/88/6542,https://dblp.org/rec/conf/icassp/Hab-UmbachN92
https://dblp.org/pid/88/6542,https://dblp.org/rec/conf/icassp/BoddekerEYH18
https://dblp.org/pid/88/6542,https://dblp.org/rec/conf/icassp/HeymannDH16
https://dblp.org/pid/88/6542,https://dblp.org/rec/conf/icassp/BoddekerNKH20
https://dblp.org/pid/88/6542,https://dblp.org/rec/conf/icassp/AubertHN93
https://dblp.org/pid/88/6542,https://dblp.org/rec/conf/icassp/LiebH00
https://dblp.org/pid/88/6542,https://dblp.org/rec/conf/icassp/ChinaevH13
https://dblp.org/pid/88/6542,https://dblp.org/rec/conf/icassp/HeymannWHR14
https://dblp.org/pid/88/6542,https://dblp.org/rec/conf/icassp/BoddekerZNKODKQ21
https://dblp.org/pid/88/6542,https://dblp.org/rec/conf/icassp/DrudeNH18
https://dblp.org/pid/88/6542,https://dblp.org/rec/conf/icassp/BoddekerHDHH17
https://dblp.org/pid/48/4209,https://dblp.org/rec/conf/wcce/NelknerMR09
https://dblp.org/pid/95/4985-1,https://dblp.org/rec/conf/wcce/NelknerMR09
https://dblp.org/pid/65/4336,https://dblp.org/rec/conf/swat4ls/KhanSIMHNDS14
https://dblp.org/pid/70/4639,https://dblp.org/rec/conf/ifip5-7/KlopperRVD09
https://dblp.org/pid/70/4639,https://dblp.org/rec/conf/ifip5-7/AltemeierBD09
https://dblp.org/pid/90/4912,https://dblp.org/rec/conf/ifip5-7/RehageG15
https://dblp.org/pid/b/StBottcher,https://dblp.org/rec/conf/dexa/GaridisB91
https://dblp.org/pid/31/5809,https://dblp.org/rec/conf/dexa/EmmerichKS93
https://dblp.org/pid/b/StBottcher,https://dblp.org/rec/conf/dexa/Bottcher90
https://dblp.org/pid/b/StBottcher,https://dblp.org/rec/conf/dexa/BottcherS07
https://dblp.org/pid/48/5080,https://dblp.org/rec/conf/dexa/BottcherS07
https://dblp.org/pid/b/StBottcher,https://dblp.org/rec/conf/dexa/BottcherBHS13
https://dblp.org/pid/48/5080,https://dblp.org/rec/conf/dexa/BottcherBHS13
https://dblp.org/pid/b/StBottcher,https://dblp.org/rec/conf/dexa/BottcherHR14
https://dblp.org/pid/48/5080,https://dblp.org/rec/conf/dexa/BottcherHR14
https://dblp.org/pid/70/2162,https://dblp.org/rec/conf/dexa/StarkKSSE10
https://dblp.org/pid/48/4209,https://dblp.org/rec/conf/ectel/HinkelmannMRNHM07
https://dblp.org/pid/95/4985-1,https://dblp.org/rec/conf/ectel/HinkelmannMRNHM07
https://dblp.org/pid/95/4985-1,https://dblp.org/rec/conf/ectel/RissR12
https://dblp.org/pid/48/4209,https://dblp.org/rec/conf/ectel/KaschigMSBLMMS12
https://dblp.org/pid/95/4985-1,https://dblp.org/rec/conf/ectel/ReinhardtSMKHBZ12
https://dblp.org/pid/48/4209,https://dblp.org/rec/conf/ectel/ReinhardtSMKHBZ12
https://dblp.org/pid/26/4979,https://dblp.org/rec/conf/ectel/ReinhardtSMKHBZ12
https://dblp.org/pid/118/8181,https://dblp.org/rec/conf/ectel/ReinhardtSMKHBZ12
https://dblp.org/pid/95/4985-1,https://dblp.org/rec/conf/ectel/ReinhardtMSMS08
https://dblp.org/pid/48/4209,https://dblp.org/rec/conf/ectel/ReinhardtMSMS08
https://dblp.org/pid/95/4985-1,https://dblp.org/rec/conf/ectel/ReinhardtMDS11
https://dblp.org/pid/95/4985-1,https://dblp.org/rec/conf/ectel/UllmannWSDVPRHKF10
https://dblp.org/pid/95/4985-1,https://dblp.org/rec/conf/ectel/0001MSD12
https://dblp.org/pid/k/ReinhardKeilSlawik,https://dblp.org/rec/conf/ectel/ErrenK06
https://dblp.org/pid/95/4985-1,https://dblp.org/rec/conf/ectel/0001KVSAM12
https://dblp.org/pid/48/4209,https://dblp.org/rec/conf/ectel/0001KVSAM12
https://dblp.org/pid/53/3909,https://dblp.org/rec/conf/ectel/Selke06
https://dblp.org/pid/39/3996,https://dblp.org/rec/conf/icppw/LulingG98
https://dblp.org/pid/95/4985-1,https://dblp.org/rec/conf/mlearn/ReinhardtSC12
https://dblp.org/pid/95/4985-1,https://dblp.org/rec/conf/mlearn/SieversRKH12
https://dblp.org/pid/26/4979,https://dblp.org/rec/conf/mlearn/SieversRKH12
https://dblp.org/pid/76/3237,https://dblp.org/rec/conf/ki/TurhanZ15
https://dblp.org/pid/76/3237,https://dblp.org/rec/conf/ki/MerzPT14
https://dblp.org/pid/b/StBottcher,https://dblp.org/rec/conf/ki/Bottcher85
https://dblp.org/pid/86/4463-2,https://dblp.org/rec/conf/ki/KruseBKSKLLMRSS09
https://dblp.org/pid/90/390-4,https://dblp.org/rec/conf/ki/KruseBKSKLLMRSS09
https://dblp.org/pid/76/3237,https://dblp.org/rec/conf/ki/AlrabbaaHT21
https://dblp.org/pid/76/3237,https://dblp.org/rec/conf/ki/PenalozaT22
https://dblp.org/pid/76/3237,https://dblp.org/rec/conf/ki/HiekeT20
https://dblp.org/pid/76/3237,https://dblp.org/rec/conf/ki/BaaderT02
https://dblp.org/pid/17/2025,https://dblp.org/rec/conf/ki/MohrLH17
https://dblp.org/pid/76/3237,https://dblp.org/rec/conf/ki/EckePT13
https://dblp.org/pid/17/6729-15,https://dblp.org/rec/conf/infocom/BlocherKWE20
https://dblp.org/pid/17/6729-15,https://dblp.org/rec/conf/infocom/WangJHLM18
https://dblp.org/pid/17/6729-15,https://dblp.org/rec/conf/infocom/Feng0CTL24
https://dblp.org/pid/17/6729-15,https://dblp.org/rec/conf/infocom/ChenJWL19
https://dblp.org/pid/17/6729-15,https://dblp.org/rec/conf/infocom/ChenWL22
https://dblp.org/pid/72/8725,https://dblp.org/rec/conf/infocom/OgiermanRSSZ14
https://dblp.org/pid/s/ChristianScheideler,https://dblp.org/rec/conf/infocom/OgiermanRSSZ14
https://dblp.org/pid/17/6729-15,https://dblp.org/rec/conf/infocom/BlocherNCKEW24
https://dblp.org/pid/17/6729-15,https://dblp.org/rec/conf/infocom/PanWCL22
https://dblp.org/pid/17/6729-15,https://dblp.org/rec/conf/wowmom/SimMW0H20
https://dblp.org/pid/f/AlexanderFoerster,https://dblp.org/rec/conf/antsw/DucatelleCFG10
https://dblp.org/pid/38/1605,https://dblp.org/rec/conf/approx/GharibianP19
https://dblp.org/pid/203/2506,https://dblp.org/rec/conf/icb/TerhorstDKK19
https://dblp.org/pid/203/2506,https://dblp.org/rec/conf/icb/TerhorstFDKK20
https://dblp.org/pid/203/2506,https://dblp.org/rec/conf/icb/Al-RefaiBCRR0T24
https://dblp.org/pid/203/2506,https://dblp.org/rec/conf/icb/DamerT0K17
https://dblp.org/pid/203/2506,https://dblp.org/rec/conf/icb/TerhorstBHDKRK22
https://dblp.org/pid/203/2506,https://dblp.org/rec/conf/icb/BiagiRKT23
https://dblp.org/pid/13/8970,https://dblp.org/rec/conf/icb/AlRefaiRRCT25
https://dblp.org/pid/203/2506,https://dblp.org/rec/conf/icb/AlRefaiRRCT25
https://dblp.org/pid/203/2506,https://dblp.org/rec/conf/icb/DamerSZWTKK19
https://dblp.org/pid/203/2506,https://dblp.org/rec/conf/icb/TerhorstBDKK21
https://dblp.org/pid/203/2506,https://dblp.org/rec/conf/icb/GrossHT25
https://dblp.org/pid/203/2506,https://dblp.org/rec/conf/icb/TerhorstKDKK20
https://dblp.org/pid/65/4336,https://dblp.org/rec/conf/acl-pwnlp/GunesFSLN12
https://dblp.org/pid/b/StBottcher,https://dblp.org/rec/conf/dmin/BottcherWB05
https://dblp.org/pid/s/ChristianScheideler,https://dblp.org/rec/conf/spaa/AugustineGGHSKL19
https://dblp.org/pid/68/7642,https://dblp.org/rec/conf/spaa/DegenerKLHPW11
https://dblp.org/pid/h/FMaufderHeide,https://dblp.org/rec/conf/spaa/DegenerKLHPW11
https://dblp.org/pid/70/7642-1,https://dblp.org/rec/conf/spaa/DegenerKLHPW11
https://dblp.org/pid/s/ChristianScheideler,https://dblp.org/rec/conf/spaa/HinnenthalSS19
https://dblp.org/pid/s/ChristianScheideler,https://dblp.org/rec/conf/spaa/BhargavaKRST04
https://dblp.org/pid/s/ChristianScheideler,https://dblp.org/rec/conf/spaa/BagchiCSK02
https://dblp.org/pid/s/ChristianScheideler,https://dblp.org/rec/conf/spaa/BaumgartSS09
https://dblp.org/pid/s/ChristianScheideler,https://dblp.org/rec/conf/spaa/AwerbuchS04
https://dblp.org/pid/h/FMaufderHeide,https://dblp.org/rec/conf/spaa/DietzfelbingerH89
https://dblp.org/pid/s/ChristianScheideler,https://dblp.org/rec/conf/spaa/JiaRS03
https://dblp.org/pid/68/7642,https://dblp.org/rec/conf/spaa/DegenerKH10
https://dblp.org/pid/h/FMaufderHeide,https://dblp.org/rec/conf/spaa/DegenerKH10
https://dblp.org/pid/s/ChristianScheideler,https://dblp.org/rec/conf/spaa/KothapalliS03
https://dblp.org/pid/202/1859,https://dblp.org/rec/conf/spaa/CastenowFKMH20
https://dblp.org/pid/138/7323,https://dblp.org/rec/conf/spaa/CastenowFKMH20
https://dblp.org/pid/h/FMaufderHeide,https://dblp.org/rec/conf/spaa/CastenowFKMH20
https://dblp.org/pid/h/FMaufderHeide,https://dblp.org/rec/conf/spaa/FeldkordH17
https://dblp.org/pid/s/ChristianScheideler,https://dblp.org/rec/conf/spaa/KothapalliSOR05
https://dblp.org/pid/s/ChristianScheideler,https://dblp.org/rec/conf/spaa/DoerrGMSS11
https://dblp.org/pid/h/FMaufderHeide,https://dblp.org/rec/conf/spaa/BerenbrinkHS97
https://dblp.org/pid/h/FMaufderHeide,https://dblp.org/rec/conf/spaa/MehlerH09
https://dblp.org/pid/h/FMaufderHeide,https://dblp.org/rec/conf/spaa/HeideS18
https://dblp.org/pid/s/ChristianScheideler,https://dblp.org/rec/conf/spaa/BrinkmannSS02
https://dblp.org/pid/19/3568,https://dblp.org/rec/conf/spaa/FeldmannMM94
https://dblp.org/pid/m/BurkhardMonien,https://dblp.org/rec/conf/spaa/FeldmannMM94
https://dblp.org/pid/s/ChristianScheideler,https://dblp.org/rec/conf/spaa/KolmanS01
https://dblp.org/pid/s/ChristianScheideler,https://dblp.org/rec/conf/spaa/DreesGS16
https://dblp.org/pid/s/ChristianScheideler,https://dblp.org/rec/conf/spaa/KniesburgesKS11
https://dblp.org/pid/s/ChristianScheideler,https://dblp.org/rec/conf/spaa/DerakhshandehGR16
https://dblp.org/pid/147/3358,https://dblp.org/rec/conf/spaa/DerakhshandehGR16
https://dblp.org/pid/s/ChristianScheideler,https://dblp.org/rec/conf/spaa/BerenbrinkRS99
https://dblp.org/pid/h/FMaufderHeide,https://dblp.org/rec/conf/spaa/FeldkordH18
https://dblp.org/pid/h/FMaufderHeide,https://dblp.org/rec/conf/spaa/BrinkmannKHNRS14
https://dblp.org/pid/48/8997,https://dblp.org/rec/conf/spaa/EikelS13
https://dblp.org/pid/s/ChristianScheideler,https://dblp.org/rec/conf/spaa/EikelS13
https://dblp.org/pid/202/1859,https://dblp.org/rec/conf/spaa/CastenowKKH20
https://dblp.org/pid/h/FMaufderHeide,https://dblp.org/rec/conf/spaa/CastenowKKH20
https://dblp.org/pid/202/1859,https://dblp.org/rec/conf/spaa/CastenowFKMH22
https://dblp.org/pid/138/7323,https://dblp.org/rec/conf/spaa/CastenowFKMH22
https://dblp.org/pid/h/FMaufderHeide,https://dblp.org/rec/conf/spaa/CastenowFKMH22
https://dblp.org/pid/s/ChristianScheideler,https://dblp.org/rec/conf/spaa/AdlerS98
https://dblp.org/pid/h/FMaufderHeide,https://dblp.org/rec/conf/spaa/HeideSW95
https://dblp.org/pid/h/FMaufderHeide,https://dblp.org/rec/conf/spaa/BienkowskiKH04
https://dblp.org/pid/m/BurkhardMonien,https://dblp.org/rec/conf/spaa/ElsasserLM01
https://dblp.org/pid/m/BurkhardMonien,https://dblp.org/rec/conf/spaa/ElsM03
https://dblp.org/pid/08/7058,https://dblp.org/rec/conf/spaa/0001S19
https://dblp.org/pid/s/ChristianScheideler,https://dblp.org/rec/conf/spaa/0001S19
https://dblp.org/pid/m/BurkhardMonien,https://dblp.org/rec/conf/spaa/Monien91
https://dblp.org/pid/70/7642-1,https://dblp.org/rec/conf/spaa/Kling013
https://dblp.org/pid/68/7642,https://dblp.org/rec/conf/spaa/KempkesKH12
https://dblp.org/pid/h/FMaufderHeide,https://dblp.org/rec/conf/spaa/KempkesKH12
https://dblp.org/pid/s/ChristianScheideler,https://dblp.org/rec/conf/spaa/GotteS22
https://dblp.org/pid/m/BurkhardMonien,https://dblp.org/rec/conf/spaa/ElsasserMP00
https://dblp.org/pid/m/BurkhardMonien,https://dblp.org/rec/conf/spaa/LulingM93
https://dblp.org/pid/h/FMaufderHeide,https://dblp.org/rec/conf/spaa/LeonardiMH04
https://dblp.org/pid/h/FMaufderHeide,https://dblp.org/rec/conf/spaa/KrickHRVW99
https://dblp.org/pid/h/FMaufderHeide,https://dblp.org/rec/conf/spaa/KlingH11
https://dblp.org/pid/s/ChristianScheideler,https://dblp.org/rec/conf/spaa/BrinkmannSS00
https://dblp.org/pid/s/ChristianScheideler,https://dblp.org/rec/conf/spaa/ScheidelerV96
https://dblp.org/pid/s/ChristianScheideler,https://dblp.org/rec/conf/spaa/AwerbuchS06
https://dblp.org/pid/h/FMaufderHeide,https://dblp.org/rec/conf/spaa/HeideSVG02
https://dblp.org/pid/08/7058,https://dblp.org/rec/conf/spaa/0001KS20
https://dblp.org/pid/s/ChristianScheideler,https://dblp.org/rec/conf/spaa/0001KS20
https://dblp.org/pid/m/BurkhardMonien,https://dblp.org/rec/conf/spaa/RehrmannMLD96
https://dblp.org/pid/h/FMaufderHeide,https://dblp.org/rec/conf/spaa/HeideRW00
https://dblp.org/pid/h/FMaufderHeide,https://dblp.org/rec/conf/spaa/DietzfelbingerH93
https://dblp.org/pid/s/ChristianScheideler,https://dblp.org/rec/conf/spaa/BagchiBCES04
https://dblp.org/pid/h/FMaufderHeide,https://dblp.org/rec/conf/spaa/DyniaKHS07
https://dblp.org/pid/s/ChristianScheideler,https://dblp.org/rec/conf/spaa/KoutsopoulosSS15
https://dblp.org/pid/147/3358,https://dblp.org/rec/conf/spaa/KoutsopoulosSS15
https://dblp.org/pid/72/8725,https://dblp.org/rec/conf/spaa/OgiermanE12
https://dblp.org/pid/84/1558-1,https://dblp.org/rec/conf/spaa/Cord-Landwehr0J16
https://dblp.org/pid/98/3010-1,https://dblp.org/rec/conf/spaa/Cord-Landwehr0J16
https://dblp.org/pid/h/FMaufderHeide,https://dblp.org/rec/conf/spaa/Cord-Landwehr0J16
https://dblp.org/pid/m/BurkhardMonien,https://dblp.org/rec/conf/spaa/GairingMT05
https://dblp.org/pid/s/ChristianScheideler,https://dblp.org/rec/conf/spaa/DerakhshandehDGRSS14
https://dblp.org/pid/147/3358,https://dblp.org/rec/conf/spaa/DerakhshandehDGRSS14
https://dblp.org/pid/98/3010-1,https://dblp.org/rec/conf/spaa/JungKSS18
https://dblp.org/pid/150/0050,https://dblp.org/rec/conf/spaa/JungKSS18
https://dblp.org/pid/s/ChristianScheideler,https://dblp.org/rec/conf/spaa/JungKSS18
https://dblp.org/pid/202/1859,https://dblp.org/rec/conf/spaa/JungKSS18
https://dblp.org/pid/53/4856,https://dblp.org/rec/conf/spaa/BriestR11
https://dblp.org/pid/s/ChristianScheideler,https://dblp.org/rec/conf/spaa/FlamminiS97
https://dblp.org/pid/s/ChristianScheideler,https://dblp.org/rec/conf/spaa/RobinsonSS18
https://dblp.org/pid/m/BurkhardMonien,https://dblp.org/rec/conf/spaa/EvenM89
https://dblp.org/pid/h/FMaufderHeide,https://dblp.org/rec/conf/spaa/HeideS95
https://dblp.org/pid/s/ChristianScheideler,https://dblp.org/rec/conf/spaa/HeideS95
https://dblp.org/pid/b/StBottcher,https://dblp.org/rec/conf/bxml/GroppeB04
https://dblp.org/pid/b/StBottcher,https://dblp.org/rec/conf/bxml/GroppeB03
https://dblp.org/pid/70/8080,https://dblp.org/rec/conf/networking/WetteDS14
https://dblp.org/pid/k/ReinhardKeilSlawik,https://dblp.org/rec/conf/networking/Keil-Slawik93
https://dblp.org/pid/138/8052,https://dblp.org/rec/conf/cocoon/LiMMHR15
https://dblp.org/pid/h/FMaufderHeide,https://dblp.org/rec/conf/cocoon/LiMMHR15
https://dblp.org/pid/138/8052,https://dblp.org/rec/conf/cocoon/Abu-KhzamLMHP16
https://dblp.org/pid/h/FMaufderHeide,https://dblp.org/rec/conf/cocoon/Abu-KhzamLMHP16
https://dblp.org/pid/25/7857,https://dblp.org/rec/conf/IEEEcca/ShareefT14
https://dblp.org/pid/88/6542,https://dblp.org/rec/conf/acssc/GburrekSH23
https://dblp.org/pid/07/2093-1,https://dblp.org/rec/conf/icgse/SalgerSEB10
https://dblp.org/pid/e/GregorEngels,https://dblp.org/rec/conf/icgse/SalgerSEB10
https://dblp.org/pid/s/ChristianScheideler,https://dblp.org/rec/conf/algosensors/DaymudeGRSS17
https://dblp.org/pid/147/3358,https://dblp.org/rec/conf/algosensors/DaymudeGRSS17
https://dblp.org/pid/68/7642,https://dblp.org/rec/conf/algosensors/AbshoffCDKP11
https://dblp.org/pid/70/7642-1,https://dblp.org/rec/conf/algosensors/AbshoffCDKP11
https://dblp.org/pid/202/1859,https://dblp.org/rec/conf/algosensors/CastenowHJKH21
https://dblp.org/pid/98/3010-1,https://dblp.org/rec/conf/algosensors/CastenowHJKH21
https://dblp.org/pid/h/FMaufderHeide,https://dblp.org/rec/conf/algosensors/CastenowHJKH21
https://dblp.org/pid/h/FMaufderHeide,https://dblp.org/rec/conf/algosensors/LiHP16
https://dblp.org/pid/68/7642,https://dblp.org/rec/conf/algosensors/KempkesH11
https://dblp.org/pid/h/FMaufderHeide,https://dblp.org/rec/conf/algosensors/KempkesH11
https://dblp.org/pid/138/8052,https://dblp.org/rec/conf/algosensors/LiMHP17
https://dblp.org/pid/h/FMaufderHeide,https://dblp.org/rec/conf/algosensors/LiMHP17
https://dblp.org/pid/138/7323,https://dblp.org/rec/conf/algosensors/AbshoffBCMH13
https://dblp.org/pid/h/FMaufderHeide,https://dblp.org/rec/conf/algosensors/AbshoffBCMH13
https://dblp.org/pid/68/7642,https://dblp.org/rec/conf/algosensors/BonordenDKP09
https://dblp.org/pid/70/7642-1,https://dblp.org/rec/conf/algosensors/BonordenDKP09
https://dblp.org/pid/138/8052,https://dblp.org/rec/conf/algosensors/MarkarianHS13
https://dblp.org/pid/h/FMaufderHeide,https://dblp.org/rec/conf/algosensors/MarkarianHS13
https://dblp.org/pid/98/3010-1,https://dblp.org/rec/conf/algosensors/JungKSS18
https://dblp.org/pid/150/0050,https://dblp.org/rec/conf/algosensors/JungKSS18
https://dblp.org/pid/s/ChristianScheideler,https://dblp.org/rec/conf/algosensors/JungKSS18
https://dblp.org/pid/202/1859,https://dblp.org/rec/conf/algosensors/JungKSS18
https://dblp.org/pid/150/0050,https://dblp.org/rec/conf/algosensors/GotteKSW21
https://dblp.org/pid/s/ChristianScheideler,https://dblp.org/rec/conf/algosensors/GotteKSW21
https://dblp.org/pid/84/1558-1,https://dblp.org/rec/conf/algosensors/0001JH17
https://dblp.org/pid/98/3010-1,https://dblp.org/rec/conf/algosensors/0001JH17
https://dblp.org/pid/h/FMaufderHeide,https://dblp.org/rec/conf/algosensors/0001JH17
https://dblp.org/pid/70/4639,https://dblp.org/rec/conf/refmod/DangelmaierEGH04
https://dblp.org/pid/261/3628,https://dblp.org/rec/conf/icwsm/PohlASTG22
https://dblp.org/pid/34/2589,https://dblp.org/rec/conf/icwsm/PohlASTG22
https://dblp.org/pid/202/1859,https://dblp.org/rec/conf/icdcn/CastenowKS20
https://dblp.org/pid/150/0050,https://dblp.org/rec/conf/icdcn/CastenowKS20
https://dblp.org/pid/s/ChristianScheideler,https://dblp.org/rec/conf/icdcn/CastenowKS20
https://dblp.org/pid/s/ChristianScheideler,https://dblp.org/rec/conf/icdcn/DaymudeGHKSR20
https://dblp.org/pid/70/8080,https://dblp.org/rec/conf/monami/OlivaMMDHMSC12
https://dblp.org/pid/76/5938,https://dblp.org/rec/conf/ipsn/BeutelGHLMPTTTWY09
https://dblp.org/pid/76/5938,https://dblp.org/rec/conf/ipsn/BeutelGHLMPTTTWY09a
https://dblp.org/pid/94/5744,https://dblp.org/rec/conf/sicherheit/BartschBBBHKMSV14
https://dblp.org/pid/m/BurkhardMonien,https://dblp.org/rec/conf/gd/MonienRS95
https://dblp.org/pid/17/6729-15,https://dblp.org/rec/conf/nca/WangZHAL13
https://dblp.org/pid/40/4987-1,https://dblp.org/rec/conf/icsm/LiSAI23
https://dblp.org/pid/31/5809,https://dblp.org/rec/conf/icsm/JahnkeSZ96
https://dblp.org/pid/94/5744,https://dblp.org/rec/conf/icsm/SchottFPKB24
https://dblp.org/pid/25/7857,https://dblp.org/rec/conf/iecon/BertelsmeierPT16
https://dblp.org/pid/25/7857,https://dblp.org/rec/conf/iecon/RutingBT16
https://dblp.org/pid/b/StBottcher,https://dblp.org/rec/conf/iclp/Bottcher91
https://dblp.org/pid/174/1998,https://dblp.org/rec/conf/denert/Spath19
https://dblp.org/pid/m/WMuller3,https://dblp.org/rec/conf/isss/DomerGM02
https://dblp.org/pid/17/6729-15,https://dblp.org/rec/conf/apnet/LiuNB024
https://dblp.org/pid/26/4979,https://dblp.org/rec/conf/mkwi/KundischS12
https://dblp.org/pid/26/4979,https://dblp.org/rec/conf/mkwi/HeinrichKZ14
https://dblp.org/pid/k/ReinhardKeilSlawik,https://dblp.org/rec/conf/mkwi/KeilMSW08
https://dblp.org/pid/26/4979,https://dblp.org/rec/conf/mkwi/HeinrichKZ14a
https://dblp.org/pid/70/4639,https://dblp.org/rec/conf/mkwi/DangelmaierGPR02
https://dblp.org/pid/26/4979,https://dblp.org/rec/conf/mkwi/BohnK18
https://dblp.org/pid/26/4979,https://dblp.org/rec/conf/mkwi/NeumannGKS18
https://dblp.org/pid/26/4979,https://dblp.org/rec/conf/mkwi/HerrmannKNZ14
https://dblp.org/pid/43/6309-1,https://dblp.org/rec/conf/mkwi/HanselmannSM14
https://dblp.org/pid/189/4866,https://dblp.org/rec/conf/mkwi/Schlangenotto18
https://dblp.org/pid/117/6974-1,https://dblp.org/rec/conf/mkwi/Laroque0RS16
https://dblp.org/pid/26/4979,https://dblp.org/rec/conf/mkwi/WeskampJSK14
https://dblp.org/pid/26/4979,https://dblp.org/rec/conf/mkwi/KundischJHM12
https://dblp.org/pid/26/4979,https://dblp.org/rec/conf/mkwi/MullerKSR10
https://dblp.org/pid/77/949,https://dblp.org/rec/conf/icc/AmjadTMKKSD19
https://dblp.org/pid/s/MohammadSoleymani-2,https://dblp.org/rec/conf/icc/SoleymaniMA16
https://dblp.org/pid/17/6729-15,https://dblp.org/rec/conf/icc/ShiWZZL17
https://dblp.org/pid/m/WMuller3,https://dblp.org/rec/conf/ocl/FlakeM02
https://dblp.org/pid/81/7126,https://dblp.org/rec/conf/rtas/GroesbrinkASP14
https://dblp.org/pid/17/6729-15,https://dblp.org/rec/conf/rtas/RazaviLKMW22
https://dblp.org/pid/17/6729-15,https://dblp.org/rec/conf/icpads/ZhouWWZL17
https://dblp.org/pid/17/6729-15,https://dblp.org/rec/conf/icpads/ShiWZL19
https://dblp.org/pid/17/6729-15,https://dblp.org/rec/conf/icpads/ZangCLWWS15
https://dblp.org/pid/17/6729-15,https://dblp.org/rec/conf/icpads/WangLWLQW22
https://dblp.org/pid/m/WMuller3,https://dblp.org/rec/conf/sies/KuznikDM10
https://dblp.org/pid/81/7126,https://dblp.org/rec/conf/sies/GroesbrinkK08
https://dblp.org/pid/m/WMuller3,https://dblp.org/rec/conf/sies/KlobedanzDMK10
https://dblp.org/pid/138/4856,https://dblp.org/rec/conf/petra/BiermeierSY24
https://dblp.org/pid/138/4856,https://dblp.org/rec/conf/petra/YigitbasM24
https://dblp.org/pid/138/4856,https://dblp.org/rec/conf/ifip13-5/Yigitbas016
https://dblp.org/pid/07/2093-1,https://dblp.org/rec/conf/ifip13-5/Yigitbas016
https://dblp.org/pid/m/BurkhardMonien,https://dblp.org/rec/conf/ppsc/MonienD97
https://dblp.org/pid/55/3839,https://dblp.org/rec/conf/allerton/DeyLE08
https://dblp.org/pid/48/5080,https://dblp.org/rec/conf/icdar/DunstHL17
https://dblp.org/pid/63/4934-1,https://dblp.org/rec/conf/dsd/BeckerKM14
https://dblp.org/pid/m/WMuller3,https://dblp.org/rec/conf/dsd/BeckerKM14
https://dblp.org/pid/181/2328-6,https://dblp.org/rec/conf/dsd/XieML11
https://dblp.org/pid/m/WMuller3,https://dblp.org/rec/conf/dsd/XieML11
https://dblp.org/pid/68/3728,https://dblp.org/rec/conf/dsd/AnwerP16
https://dblp.org/pid/68/3728,https://dblp.org/rec/conf/dsd/LienenP22
https://dblp.org/pid/31/5809,https://dblp.org/rec/conf/birthday/SchaferW10
https://dblp.org/pid/138/7323,https://dblp.org/rec/conf/birthday/FeldkordMH18
https://dblp.org/pid/h/FMaufderHeide,https://dblp.org/rec/conf/birthday/FeldkordMH18
https://dblp.org/pid/m/BurkhardMonien,https://dblp.org/rec/conf/birthday/MonienBLR97
https://dblp.org/pid/e/GregorEngels,https://dblp.org/rec/conf/birthday/EngelsHC05
https://dblp.org/pid/e/GregorEngels,https://dblp.org/rec/conf/birthday/EngelsLSSW10
https://dblp.org/pid/31/5809,https://dblp.org/rec/conf/birthday/EngelsLSSW10
https://dblp.org/pid/m/BurkhardMonien,https://dblp.org/rec/conf/birthday/MavronicolasM18
https://dblp.org/pid/15/5253,https://dblp.org/rec/conf/birthday/FahleFGGM03
https://dblp.org/pid/19/3568,https://dblp.org/rec/conf/birthday/FahleFGGM03
https://dblp.org/pid/m/BurkhardMonien,https://dblp.org/rec/conf/birthday/FahleFGGM03
https://dblp.org/pid/m/BurkhardMonien,https://dblp.org/rec/conf/birthday/MavronicolasMW15
https://dblp.org/pid/76/3237,https://dblp.org/rec/conf/birthday/LutzSTTW19
https://dblp.org/pid/d/GittaDomik,https://dblp.org/rec/conf/birthday/Domik91
https://dblp.org/pid/d/GittaDomik,https://dblp.org/rec/conf/birthday/DomikF11
https://dblp.org/pid/e/GregorEngels,https://dblp.org/rec/conf/birthday/EngelsS10
https://dblp.org/pid/07/2093-1,https://dblp.org/rec/conf/birthday/EngelsS10
https://dblp.org/pid/k/HKleineBuning,https://dblp.org/rec/conf/birthday/BuningL87
https://dblp.org/pid/17/2025,https://dblp.org/rec/conf/birthday/BuningL87
https://dblp.org/pid/k/HKleineBuning,https://dblp.org/rec/conf/birthday/BuningZ04
https://dblp.org/pid/17/6729-15,https://dblp.org/rec/conf/birthday/MuhlhauserAGR024
https://dblp.org/pid/e/GregorEngels,https://dblp.org/rec/conf/birthday/EngelsG02
https://dblp.org/pid/88/6542,https://dblp.org/rec/conf/wpnc/BevermeierPH09
https://dblp.org/pid/70/8761,https://dblp.org/rec/conf/wpnc/HoangSDVSH13
https://dblp.org/pid/88/6542,https://dblp.org/rec/conf/wpnc/HoangSDVSH13
https://dblp.org/pid/88/6542,https://dblp.org/rec/conf/wpnc/BevermeierWPH10
https://dblp.org/pid/88/6542,https://dblp.org/rec/conf/wpnc/PeschkeH07
https://dblp.org/pid/88/6542,https://dblp.org/rec/conf/wpnc/WalterSEH13
https://dblp.org/pid/88/6542,https://dblp.org/rec/conf/wpnc/PeschkeBH09
https://dblp.org/pid/94/5744,https://dblp.org/rec/conf/icst/LuoPKDBS23
https://dblp.org/pid/94/5744,https://dblp.org/rec/conf/icst/KarakayaB23
https://dblp.org/pid/h/FMaufderHeide,https://dblp.org/rec/conf/istcs/CzumajHS95
https://dblp.org/pid/h/FMaufderHeide,https://dblp.org/rec/conf/tadds/BrandesH12
https://dblp.org/pid/138/8052,https://dblp.org/rec/conf/data/MarkarianF24
https://dblp.org/pid/31/5809,https://dblp.org/rec/conf/icfce/KumarNSJ11
https://dblp.org/pid/61/3108-3,https://dblp.org/rec/conf/pakm/SlawikEHBBFKMMNNOPPY04
https://dblp.org/pid/61/3108-3,https://dblp.org/rec/conf/pakm/EssmannHSBBFKMMNNOPPY04
https://dblp.org/pid/138/4956,https://dblp.org/rec/conf/ecis/MasuchGCW020
https://dblp.org/pid/26/4979,https://dblp.org/rec/conf/ecis/VorbohleK22
https://dblp.org/pid/138/4956,https://dblp.org/rec/conf/ecis/MasuchHG020
https://dblp.org/pid/34/2589,https://dblp.org/rec/conf/ecis/GrimmeMTRW15
https://dblp.org/pid/189/4866,https://dblp.org/rec/conf/ecis/SchlangenottoK17
https://dblp.org/pid/26/4979,https://dblp.org/rec/conf/ecis/SchlangenottoK17
https://dblp.org/pid/43/6309-1,https://dblp.org/rec/conf/ecis/BackhausBBFMW10
https://dblp.org/pid/43/6309-1,https://dblp.org/rec/conf/ecis/BoschMS18
https://dblp.org/pid/43/6309-1,https://dblp.org/rec/conf/ecis/Leffrang024
https://dblp.org/pid/138/4956,https://dblp.org/rec/conf/ecis/SchutzSRN023
https://dblp.org/pid/43/6309-1,https://dblp.org/rec/conf/ecis/GregorMS13
https://dblp.org/pid/138/4956,https://dblp.org/rec/conf/ecis/HovelVS024
https://dblp.org/pid/26/4979,https://dblp.org/rec/conf/ecis/GorzenK16
https://dblp.org/pid/26/4979,https://dblp.org/rec/conf/ecis/VorbohleSK21
https://dblp.org/pid/43/6309-1,https://dblp.org/rec/conf/ecis/KnackstedtKMP08
https://dblp.org/pid/26/4979,https://dblp.org/rec/conf/ecis/KutznerSSKK21
https://dblp.org/pid/26/4979,https://dblp.org/rec/conf/ecis/BuhlKLS00
https://dblp.org/pid/26/4979,https://dblp.org/rec/conf/ecis/SzopinskiSK19
https://dblp.org/pid/43/6309-1,https://dblp.org/rec/conf/ecis/ThiessM18
https://dblp.org/pid/138/4956,https://dblp.org/rec/conf/ecis/Matschak0P22
https://dblp.org/pid/26/4979,https://dblp.org/rec/conf/ecis/BohnK18
https://dblp.org/pid/43/6309-1,https://dblp.org/rec/conf/ecis/KucklickMB021
https://dblp.org/pid/315/0981-2,https://dblp.org/rec/conf/ecis/WolfB19
https://dblp.org/pid/26/4979,https://dblp.org/rec/conf/ecis/HerrmannKNZ14
https://dblp.org/pid/138/4956,https://dblp.org/rec/conf/ecis/BrinkmeierH024
https://dblp.org/pid/43/6309-1,https://dblp.org/rec/conf/ecis/ReuterVBDM14
https://dblp.org/pid/26/4979,https://dblp.org/rec/conf/ecis/PoniatowskiNGK19
https://dblp.org/pid/43/6309-1,https://dblp.org/rec/conf/ecis/GonzalezMM25
https://dblp.org/pid/43/6309-1,https://dblp.org/rec/conf/ecis/Muller-WienbergenSMKB09
https://dblp.org/pid/138/4956,https://dblp.org/rec/conf/ecis/MasuchDGMNTK21
https://dblp.org/pid/138/4956,https://dblp.org/rec/conf/ecis/MandrellaTK16
https://dblp.org/pid/218/7188,https://dblp.org/rec/conf/ecis/HemmrichBBB23
https://dblp.org/pid/33/2110,https://dblp.org/rec/conf/ecis/HemmrichBBB23
https://dblp.org/pid/138/4956,https://dblp.org/rec/conf/ecis/KhatibTR13
https://dblp.org/pid/43/6309-1,https://dblp.org/rec/conf/ecis/BeckerMW10
https://dblp.org/pid/43/6309-1,https://dblp.org/rec/conf/ecis/SommerauerM18
https://dblp.org/pid/138/4956,https://dblp.org/rec/conf/ecis/SchutzLH024
https://dblp.org/pid/43/6309-1,https://dblp.org/rec/conf/ecis/SchmiedelMDB16
https://dblp.org/pid/138/4956,https://dblp.org/rec/conf/ecis/GehrkeSMT18
https://dblp.org/pid/26/4979,https://dblp.org/rec/conf/ecis/JohnFHKKL17
https://dblp.org/pid/315/0981-2,https://dblp.org/rec/conf/ecis/WeinzierlWPBM20
https://dblp.org/pid/189/4866,https://dblp.org/rec/conf/ecis/SchlangenottoK16
https://dblp.org/pid/26/4979,https://dblp.org/rec/conf/ecis/SchlangenottoK16
https://dblp.org/pid/26/4979,https://dblp.org/rec/conf/ecis/MutterK15
https://dblp.org/pid/43/6309-1,https://dblp.org/rec/conf/ecis/HerbstSBMDV14
https://dblp.org/pid/26/4979,https://dblp.org/rec/conf/ecis/KundischM11
https://dblp.org/pid/43/6309-1,https://dblp.org/rec/conf/ecis/GorbachevaSSM15
https://dblp.org/pid/138/4956,https://dblp.org/rec/conf/ecis/TrangBSFM15
https://dblp.org/pid/26/4979,https://dblp.org/rec/conf/ecis/LauxPK23
https://dblp.org/pid/e/GregorEngels,https://dblp.org/rec/conf/edoc/HessHVE07
https://dblp.org/pid/e/GregorEngels,https://dblp.org/rec/conf/edoc/EngelsA08
https://dblp.org/pid/e/GregorEngels,https://dblp.org/rec/conf/edoc/EngelsST18
https://dblp.org/pid/147/3358,https://dblp.org/rec/conf/edoc/EngelsST18
https://dblp.org/pid/e/GregorEngels,https://dblp.org/rec/conf/edoc/NagelGEP13
https://dblp.org/pid/b/StBottcher,https://dblp.org/rec/conf/stringology/AdlerBH25
https://dblp.org/pid/48/5080,https://dblp.org/rec/conf/stringology/AdlerBH25
https://dblp.org/pid/39/1215-1,https://dblp.org/rec/conf/ladc/QanadiloSZ13
https://dblp.org/pid/e/GregorEngels,https://dblp.org/rec/conf/cicling/WachsmuthTSEP14
https://dblp.org/pid/65/4336,https://dblp.org/rec/conf/cicling/Ngomo08
https://dblp.org/pid/e/GregorEngels,https://dblp.org/rec/conf/cicling/WachsmuthRE13
https://dblp.org/pid/65/4336,https://dblp.org/rec/conf/cicling/NgomoS09
https://dblp.org/pid/76/3237,https://dblp.org/rec/conf/rweb/Turhan10
https://dblp.org/pid/65/4336,https://dblp.org/rec/conf/rweb/NgomoALZ14
https://dblp.org/pid/76/3237,https://dblp.org/rec/conf/rweb/Turhan13
https://dblp.org/pid/65/4336,https://dblp.org/rec/conf/rweb/AuerLN11
https://dblp.org/pid/65/4336,https://dblp.org/rec/conf/rweb/AuerLNZ13
https://dblp.org/pid/s/TimSchattkowsky,https://dblp.org/rec/conf/ifip10-5/RettbergSR0R05
https://dblp.org/pid/m/WMuller3,https://dblp.org/rec/conf/ifip10-5/RettbergSR0R05
https://dblp.org/pid/r/FranzJosefRammig,https://dblp.org/rec/conf/ifip10-5/RettbergSR0R05
https://dblp.org/pid/79/6049,https://dblp.org/rec/conf/acii/LohanVFRW09
https://dblp.org/pid/70/8080,https://dblp.org/rec/conf/onlinegreencomm/DraxlerDK14
https://dblp.org/pid/69/5050-8,https://dblp.org/rec/conf/globecom/SchneiderDK18
https://dblp.org/pid/17/6729-15,https://dblp.org/rec/conf/globecom/ZhouWWZL17
https://dblp.org/pid/13/8970,https://dblp.org/rec/conf/globecom/ProserpioSCGMSL10
https://dblp.org/pid/17/6729-15,https://dblp.org/rec/conf/globecom/GedeonWHWM19
https://dblp.org/pid/s/MohammadSoleymani-2,https://dblp.org/rec/conf/globecom/SoleymaniSJ23
https://dblp.org/pid/k/MKoester,https://dblp.org/rec/conf/kes/KosterGKC03
https://dblp.org/pid/80/1348-2,https://dblp.org/rec/conf/kes/SchulzSK00
https://dblp.org/pid/65/4336,https://dblp.org/rec/conf/cikm/HeindorfSWNP20
https://dblp.org/pid/65/4336,https://dblp.org/rec/conf/cikm/QudusRVN24
https://dblp.org/pid/e/GregorEngels,https://dblp.org/rec/conf/cikm/WachsmuthSE11
https://dblp.org/pid/b/StBottcher,https://dblp.org/rec/conf/cikm/BottcherLZ14
https://dblp.org/pid/e/GregorEngels,https://dblp.org/rec/conf/cikm/WachsmuthSE13
https://dblp.org/pid/e/GregorEngels,https://dblp.org/rec/conf/cikm/HeindorfPSE16
https://dblp.org/pid/65/4336,https://dblp.org/rec/conf/cikm/TeyouDN24
https://dblp.org/pid/65/4336,https://dblp.org/rec/conf/cikm/SyedRN18
https://dblp.org/pid/33/2110,https://dblp.org/rec/conf/pkc/BlomerM04
https://dblp.org/pid/134/7582,https://dblp.org/rec/conf/pkc/BohlDH14
https://dblp.org/pid/84/1558-1,https://dblp.org/rec/conf/siggraph/WandFPHS01
https://dblp.org/pid/h/FMaufderHeide,https://dblp.org/rec/conf/siggraph/WandFPHS01
https://dblp.org/pid/06/729-1,https://dblp.org/rec/conf/siggraph/ZhaoKOY99
https://dblp.org/pid/d/GittaDomik,https://dblp.org/rec/conf/siggraph/Domik09
https://dblp.org/pid/18/2890,https://dblp.org/rec/conf/siggraph/VaxmanCDBHBP17
https://dblp.org/pid/d/GittaDomik,https://dblp.org/rec/conf/siggraph/Domik07
https://dblp.org/pid/d/GittaDomik,https://dblp.org/rec/conf/siggraph/DomikSAS11
https://dblp.org/pid/d/GittaDomik,https://dblp.org/rec/conf/siggraph/GoetzD06
https://dblp.org/pid/18/2890,https://dblp.org/rec/conf/siggraph/VaxmanCDBHBP16
https://dblp.org/pid/06/456,https://dblp.org/rec/conf/ACMdis/KneerS95
https://dblp.org/pid/138/4856,https://dblp.org/rec/conf/hucapp/YigitbasKGE23
https://dblp.org/pid/e/GregorEngels,https://dblp.org/rec/conf/hucapp/YigitbasKGE23
https://dblp.org/pid/33/2110,https://dblp.org/rec/conf/icdm/BlomerBB16
https://dblp.org/pid/127/6615,https://dblp.org/rec/conf/icdm/BlomerBB16
https://dblp.org/pid/08/8419,https://dblp.org/rec/conf/icdm/RanaSSSYKWFK25
https://dblp.org/pid/08/8419,https://dblp.org/rec/conf/icdm/0001LSS22
https://dblp.org/pid/m/WMuller3,https://dblp.org/rec/conf/ehci/SchaeferBM04
https://dblp.org/pid/17/6729-15,https://dblp.org/rec/conf/icnp/WangJKB16
https://dblp.org/pid/62/6023-2,https://dblp.org/rec/conf/iccd/KhatirME10
https://dblp.org/pid/168/1542,https://dblp.org/rec/conf/acml/DemirMHN21
https://dblp.org/pid/65/4336,https://dblp.org/rec/conf/acml/DemirMHN21
https://dblp.org/pid/76/3237,https://dblp.org/rec/conf/lpnmr/PenselT17
https://dblp.org/pid/76/3237,https://dblp.org/rec/conf/lpnmr/PenselT17a
https://dblp.org/pid/33/2110,https://dblp.org/rec/conf/isaac/BlomerBB18
https://dblp.org/pid/127/6615,https://dblp.org/rec/conf/isaac/BlomerBB18
https://dblp.org/pid/s/ChristianScheideler,https://dblp.org/rec/conf/isaac/JacobRSS09
https://dblp.org/pid/53/4856,https://dblp.org/rec/conf/isaac/BriestG06
https://dblp.org/pid/70/8080,https://dblp.org/rec/conf/eucnc/AurouxDMM15
https://dblp.org/pid/69/5050-8,https://dblp.org/rec/conf/eucnc/TwamleyMBXSKPSS18
https://dblp.org/pid/69/5050-8,https://dblp.org/rec/conf/eucnc/SchneiderPBMBK19
https://dblp.org/pid/70/4639,https://dblp.org/rec/conf/IEEEicci/DoringDD07
https://dblp.org/pid/k/HKleineBuning,https://dblp.org/rec/conf/wstst/GoebelsBPW05
https://dblp.org/pid/70/4639,https://dblp.org/rec/conf/wstst/MueckHFD05
https://dblp.org/pid/43/6309-1,https://dblp.org/rec/conf/dw/WinkelmannMMB08
https://dblp.org/pid/f/AlexanderFoerster,https://dblp.org/rec/conf/tase/ForsterESS07
https://dblp.org/pid/e/GregorEngels,https://dblp.org/rec/conf/tase/ForsterESS07
https://dblp.org/pid/s/TimSchattkowsky,https://dblp.org/rec/conf/tase/ForsterESS07
https://dblp.org/pid/17/6729-15,https://dblp.org/rec/conf/icdcs/WangJLM17
https://dblp.org/pid/s/ChristianScheideler,https://dblp.org/rec/conf/icdcs/RichaSSZ11
https://dblp.org/pid/17/6729-15,https://dblp.org/rec/conf/icdcs/WangZZVRL14
https://dblp.org/pid/17/6729-15,https://dblp.org/rec/conf/icdcs/WangZYSZU15
https://dblp.org/pid/h/FMaufderHeide,https://dblp.org/rec/conf/icdcs/BrinkmannEH07
https://dblp.org/pid/69/5050-8,https://dblp.org/rec/conf/icdcs/SchneiderQK21
https://dblp.org/pid/17/6729-15,https://dblp.org/rec/conf/icdcs/SamantaJMW19
https://dblp.org/pid/138/8052,https://dblp.org/rec/conf/iwoca/Markarian18
https://dblp.org/pid/68/3728,https://dblp.org/rec/conf/embc/BoschmannP12
https://dblp.org/pid/68/3728,https://dblp.org/rec/conf/embc/BoschmannNP13
https://dblp.org/pid/68/3728,https://dblp.org/rec/conf/embc/BoschmannP14
https://dblp.org/pid/132/9687,https://dblp.org/rec/conf/sp/Acar0FGKMS17
https://dblp.org/pid/132/9687,https://dblp.org/rec/conf/sp/HuamanAOAF21
https://dblp.org/pid/132/9687,https://dblp.org/rec/conf/sp/OltroggeDSAFRPB18
https://dblp.org/pid/132/9687,https://dblp.org/rec/conf/sp/StranskyW0AF22
https://dblp.org/pid/132/9687,https://dblp.org/rec/conf/sp/MunyendoAA23
https://dblp.org/pid/327/6458,https://dblp.org/rec/conf/sp/WermkeKWSRAF23
https://dblp.org/pid/132/9687,https://dblp.org/rec/conf/sp/WermkeKWSRAF23
https://dblp.org/pid/132/9687,https://dblp.org/rec/conf/sp/FischerBXSA0F17
https://dblp.org/pid/132/9687,https://dblp.org/rec/conf/sp/FourneWEFA23
https://dblp.org/pid/132/9687,https://dblp.org/rec/conf/sp/Acar0BFM016
https://dblp.org/pid/132/9687,https://dblp.org/rec/conf/sp/GutfleischKBASF22
https://dblp.org/pid/132/9687,https://dblp.org/rec/conf/sp/JancarFBSSBFA22
https://dblp.org/pid/94/5744,https://dblp.org/rec/conf/sp/HolzingerHLBM17
https://dblp.org/pid/327/6458,https://dblp.org/rec/conf/sp/RotthalerRSFA25
https://dblp.org/pid/132/9687,https://dblp.org/rec/conf/sp/RotthalerRSFA25
https://dblp.org/pid/327/6458,https://dblp.org/rec/conf/sp/TranMRRSSSA24
https://dblp.org/pid/132/9687,https://dblp.org/rec/conf/sp/TranMRRSSSA24
https://dblp.org/pid/132/9687,https://dblp.org/rec/conf/sp/WermkeWKFAF22
https://dblp.org/pid/132/9687,https://dblp.org/rec/conf/sp/KekulluogluA23
https://dblp.org/pid/132/9687,https://dblp.org/rec/conf/sp/AcarBFKMS16
https://dblp.org/pid/132/9687,https://dblp.org/rec/conf/sp/HerbertBBKHADZS24
https://dblp.org/pid/132/9687,https://dblp.org/rec/conf/sp/MunyendoAA22
https://dblp.org/pid/19/3568,https://dblp.org/rec/conf/parle/FeldmannHMMM92
https://dblp.org/pid/m/BurkhardMonien,https://dblp.org/rec/conf/parle/FeldmannHMMM92
https://dblp.org/pid/e/GregorEngels,https://dblp.org/rec/conf/icws/SchwichtenbergG17
https://dblp.org/pid/31/5809,https://dblp.org/rec/conf/icws/PlateniusDSGE13
https://dblp.org/pid/e/GregorEngels,https://dblp.org/rec/conf/icws/PlateniusDSGE13
https://dblp.org/pid/e/GregorEngels,https://dblp.org/rec/conf/icws/WoltersHKE17
https://dblp.org/pid/70/4639,https://dblp.org/rec/conf/cimca/DangelmaierRDK06
https://dblp.org/pid/70/4639,https://dblp.org/rec/conf/cimca/DangelmaierKWD06
https://dblp.org/pid/94/5744,https://dblp.org/rec/conf/forge/VenkateshSMRB24
https://dblp.org/pid/76/3237,https://dblp.org/rec/conf/lpar/BrandtTK03
https://dblp.org/pid/65/4336,https://dblp.org/rec/conf/ausai/SpeckN13
https://dblp.org/pid/70/8080,https://dblp.org/rec/conf/greencom/DraxlerK12
https://dblp.org/pid/17/6729-15,https://dblp.org/rec/conf/greencom/HouZWL11
https://dblp.org/pid/s/ChristianScheideler,https://dblp.org/rec/conf/mobicom/RichaSSZ11
https://dblp.org/pid/r/FranzJosefRammig,https://dblp.org/rec/conf/mobicom/SchindelhauerBR04
https://dblp.org/pid/17/6729-15,https://dblp.org/rec/conf/mobicom/ApostoloBNB025
https://dblp.org/pid/33/2110,https://dblp.org/rec/conf/fdtc/BlomerSGKS14
https://dblp.org/pid/57/6293-1,https://dblp.org/rec/conf/fdtc/BlomerSGKS14
https://dblp.org/pid/33/2110,https://dblp.org/rec/conf/fdtc/BlomerGL14
https://dblp.org/pid/57/6293-1,https://dblp.org/rec/conf/fdtc/BlomerGL14
https://dblp.org/pid/33/2110,https://dblp.org/rec/conf/fdtc/BlomerOS06
https://dblp.org/pid/33/2110,https://dblp.org/rec/conf/fdtc/BlomerO06
https://dblp.org/pid/33/2110,https://dblp.org/rec/conf/fdtc/BlomerG15
https://dblp.org/pid/57/6293-1,https://dblp.org/rec/conf/fdtc/BlomerG15
https://dblp.org/pid/33/2110,https://dblp.org/rec/conf/fdtc/BlomerK06
https://dblp.org/pid/d/GittaDomik,https://dblp.org/rec/conf/ifip3-2/Domik93
https://dblp.org/pid/62/6023-2,https://dblp.org/rec/conf/nanoarch/MohammadiGYM14
https://dblp.org/pid/80/3639-9,https://dblp.org/rec/conf/ddecs/KohanAAPHJW26
https://dblp.org/pid/68/3728,https://dblp.org/rec/conf/ddecs/KohanAAPHJW26
https://dblp.org/pid/80/3639-9,https://dblp.org/rec/conf/ddecs/AwaisMJP26
https://dblp.org/pid/62/6023-2,https://dblp.org/rec/conf/ddecs/AwaisMJP26
https://dblp.org/pid/68/3728,https://dblp.org/rec/conf/ddecs/AwaisMJP26
https://dblp.org/pid/80/3639-9,https://dblp.org/rec/conf/ddecs/HadipourJAP25
https://dblp.org/pid/68/3728,https://dblp.org/rec/conf/ddecs/HadipourJAP25
https://dblp.org/pid/31/5809,https://dblp.org/rec/conf/step/ObryJOS03
https://dblp.org/pid/90/4912,https://dblp.org/rec/conf/ebusiness/GausemeierGFM03
https://dblp.org/pid/70/4639,https://dblp.org/rec/conf/ebusiness/Dangelmaier02
https://dblp.org/pid/70/4639,https://dblp.org/rec/conf/ebusiness/DangelmaierE03
https://dblp.org/pid/70/4639,https://dblp.org/rec/conf/ebusiness/DangelmaierADG09
https://dblp.org/pid/70/4639,https://dblp.org/rec/conf/ebusiness/DangelmaierDFMP02
https://dblp.org/pid/70/4639,https://dblp.org/rec/conf/ebusiness/Dangelmaier03
https://dblp.org/pid/d/GittaDomik,https://dblp.org/rec/conf/egve/VolbrachtD00
https://dblp.org/pid/90/4912,https://dblp.org/rec/conf/egve/BerssenbruggeGG03
https://dblp.org/pid/90/4912,https://dblp.org/rec/conf/egve/GausemeierGW98
https://dblp.org/pid/90/4912,https://dblp.org/rec/conf/egve/GausemeierFM02
https://dblp.org/pid/70/4639,https://dblp.org/rec/conf/simulationstechnik/DangelmaierB87
https://dblp.org/pid/25/7857,https://dblp.org/rec/conf/simulationstechnik/Trachtler90
https://dblp.org/pid/m/WMuller3,https://dblp.org/rec/conf/dtis/WuHA0SE18
https://dblp.org/pid/77/949,https://dblp.org/rec/conf/dtis/WuHA0SE18
https://dblp.org/pid/38/1605,https://dblp.org/rec/conf/innovations/RudolphGN25
https://dblp.org/pid/38/1605,https://dblp.org/rec/conf/innovations/GharibianR22
https://dblp.org/pid/38/1605,https://dblp.org/rec/conf/innovations/GharibianR23
https://dblp.org/pid/s/ChristianScheideler,https://dblp.org/rec/conf/innovations/DouGHSW25
https://dblp.org/pid/38/1605,https://dblp.org/rec/conf/innovations/AldiGR26
https://dblp.org/pid/94/5811-1,https://dblp.org/rec/conf/ecmr/MujahadFM13
https://dblp.org/pid/00/2717,https://dblp.org/rec/conf/ams/KleinjohannRT00
https://dblp.org/pid/b/StBottcher,https://dblp.org/rec/conf/adc/BottcherHW12
https://dblp.org/pid/48/5080,https://dblp.org/rec/conf/adc/BottcherHW12
https://dblp.org/pid/b/StBottcher,https://dblp.org/rec/conf/adc/BottcherH09
https://dblp.org/pid/48/5080,https://dblp.org/rec/conf/adc/BottcherH09
https://dblp.org/pid/b/StBottcher,https://dblp.org/rec/conf/adc/BottcherHH12
https://dblp.org/pid/48/5080,https://dblp.org/rec/conf/adc/BottcherHH12
https://dblp.org/pid/d/GittaDomik,https://dblp.org/rec/conf/interact/EbertDGV11
https://dblp.org/pid/138/4856,https://dblp.org/rec/conf/interact/YigitbasNE23
https://dblp.org/pid/e/GregorEngels,https://dblp.org/rec/conf/interact/YigitbasNE23
https://dblp.org/pid/06/456,https://dblp.org/rec/conf/interact/Szwillus95
https://dblp.org/pid/138/4856,https://dblp.org/rec/conf/interact/YigitbasJE21
https://dblp.org/pid/e/GregorEngels,https://dblp.org/rec/conf/interact/YigitbasJE21
https://dblp.org/pid/07/2093-1,https://dblp.org/rec/conf/interact/BernhauptSA21
https://dblp.org/pid/07/2093-1,https://dblp.org/rec/conf/interact/SauerAB25
https://dblp.org/pid/138/4856,https://dblp.org/rec/conf/interact/YigitbasJ0E19
https://dblp.org/pid/07/2093-1,https://dblp.org/rec/conf/interact/YigitbasJ0E19
https://dblp.org/pid/e/GregorEngels,https://dblp.org/rec/conf/interact/YigitbasJ0E19
https://dblp.org/pid/07/2093-1,https://dblp.org/rec/conf/interact/ArditoBS23a
https://dblp.org/pid/07/2093-1,https://dblp.org/rec/conf/interact/WeidmannKS23
https://dblp.org/pid/07/2093-1,https://dblp.org/rec/conf/interact/ArditoBP019
https://dblp.org/pid/138/4856,https://dblp.org/rec/conf/interact/YigitbasJJ0E19
https://dblp.org/pid/07/2093-1,https://dblp.org/rec/conf/interact/YigitbasJJ0E19
https://dblp.org/pid/e/GregorEngels,https://dblp.org/rec/conf/interact/YigitbasJJ0E19
https://dblp.org/pid/31/5809,https://dblp.org/rec/conf/interact/KaplanFKRS90
https://dblp.org/pid/07/2093-1,https://dblp.org/rec/conf/interact/SauerBA21
https://dblp.org/pid/138/4856,https://dblp.org/rec/conf/interact/HustermeierY25
https://dblp.org/pid/07/2093-1,https://dblp.org/rec/conf/interact/WincklerBF015
https://dblp.org/pid/07/2093-1,https://dblp.org/rec/conf/interact/SauerBHMPB11
https://dblp.org/pid/06/456,https://dblp.org/rec/conf/interact/PoeppingS95
https://dblp.org/pid/07/2093-1,https://dblp.org/rec/conf/interact/ArditoBS23
https://dblp.org/pid/138/4856,https://dblp.org/rec/conf/interact/BiermeierYWE21
https://dblp.org/pid/e/GregorEngels,https://dblp.org/rec/conf/interact/BiermeierYWE21
https://dblp.org/pid/145/1160,https://dblp.org/rec/conf/trec/ZaheraEJS19
https://dblp.org/pid/k/UweKastens,https://dblp.org/rec/conf/mobilight/JungeblutDPTRK10
https://dblp.org/pid/s/ChristianScheideler,https://dblp.org/rec/conf/iptps/AwerbuchS04
https://dblp.org/pid/s/ChristianScheideler,https://dblp.org/rec/conf/iptps/AwerbuchS07
https://dblp.org/pid/h/FMaufderHeide,https://dblp.org/rec/conf/iptps/BienkowskiKH05
https://dblp.org/pid/k/ReinhardKeilSlawik,https://dblp.org/rec/conf/ncm/KeilSD09
https://dblp.org/pid/70/2162,https://dblp.org/rec/conf/ncm/KeilSD09
https://dblp.org/pid/40/4987-1,https://dblp.org/rec/conf/wicsa/SolimanGSR16
https://dblp.org/pid/40/4987-1,https://dblp.org/rec/conf/wicsa/SolimanRZ15
https://dblp.org/pid/43/6309-1,https://dblp.org/rec/conf/bigdataconf/CaronM20
https://dblp.org/pid/17/6729-15,https://dblp.org/rec/conf/bigdataconf/DasMUWB19
https://dblp.org/pid/b/StBottcher,https://dblp.org/rec/conf/bigdataconf/BottcherH18
https://dblp.org/pid/48/5080,https://dblp.org/rec/conf/bigdataconf/BottcherH18
https://dblp.org/pid/65/4336,https://dblp.org/rec/conf/bigdataconf/NgomoHUJ17
https://dblp.org/pid/65/4336,https://dblp.org/rec/conf/bigdataconf/BinWLN17
https://dblp.org/pid/17/6729-15,https://dblp.org/rec/conf/bigdataconf/LuthraHRWK20
https://dblp.org/pid/17/6729-15,https://dblp.org/rec/conf/bigdataconf/DasMUWB19a
https://dblp.org/pid/b/StBottcher,https://dblp.org/rec/conf/waim/Bottcher06
https://dblp.org/pid/26/4979,https://dblp.org/rec/conf/icis/KundischSZHWBFM12
https://dblp.org/pid/118/8181,https://dblp.org/rec/conf/icis/KundischSZHWBFM12
https://dblp.org/pid/48/4209,https://dblp.org/rec/conf/icis/KundischSZHWBFM12
https://dblp.org/pid/138/4956,https://dblp.org/rec/conf/icis/DiederichLB019
https://dblp.org/pid/26/4979,https://dblp.org/rec/conf/icis/MullerNGK20
https://dblp.org/pid/189/4866,https://dblp.org/rec/conf/icis/SchlangenottoKG17
https://dblp.org/pid/26/4979,https://dblp.org/rec/conf/icis/SchlangenottoKG17
https://dblp.org/pid/138/4956,https://dblp.org/rec/conf/icis/HovelB025
https://dblp.org/pid/26/4979,https://dblp.org/rec/conf/icis/AlthausPK22
https://dblp.org/pid/138/4956,https://dblp.org/rec/conf/icis/Trang18
https://dblp.org/pid/26/4979,https://dblp.org/rec/conf/icis/BohnK19
https://dblp.org/pid/225/7849-7,https://dblp.org/rec/conf/icis/Muller0SK21
https://dblp.org/pid/26/4979,https://dblp.org/rec/conf/icis/Muller0SK21
https://dblp.org/pid/70/8643,https://dblp.org/rec/conf/icis/WuenderlichP17
https://dblp.org/pid/26/4979,https://dblp.org/rec/conf/icis/JohnKS17
https://dblp.org/pid/26/4979,https://dblp.org/rec/conf/icis/GuttK16
https://dblp.org/pid/26/4979,https://dblp.org/rec/conf/icis/BohnK18
https://dblp.org/pid/43/6309-1,https://dblp.org/rec/conf/icis/HeimbachRM25
https://dblp.org/pid/26/4979,https://dblp.org/rec/conf/icis/ZimmermannKK08
https://dblp.org/pid/26/4979,https://dblp.org/rec/conf/icis/GuttNJK19
https://dblp.org/pid/138/4956,https://dblp.org/rec/conf/icis/TrangZK14
https://dblp.org/pid/26/4979,https://dblp.org/rec/conf/icis/PoniatowskiSK21
https://dblp.org/pid/26/4979,https://dblp.org/rec/conf/icis/HerrmannKR12
https://dblp.org/pid/138/4956,https://dblp.org/rec/conf/icis/MasuchG020
https://dblp.org/pid/43/6309-1,https://dblp.org/rec/conf/icis/VakulenkoMB14
https://dblp.org/pid/26/4979,https://dblp.org/rec/conf/icis/NeumannGK17
https://dblp.org/pid/138/4956,https://dblp.org/rec/conf/icis/DiesterhoftMG022
https://dblp.org/pid/26/4979,https://dblp.org/rec/conf/icis/GorzenK17
https://dblp.org/pid/138/4956,https://dblp.org/rec/conf/icis/RampoldMW023
https://dblp.org/pid/43/6309-1,https://dblp.org/rec/conf/icis/CaronGM21
https://dblp.org/pid/138/4956,https://dblp.org/rec/conf/icis/GreveMH020
https://dblp.org/pid/26/4979,https://dblp.org/rec/conf/icis/BurkartEKK10
https://dblp.org/pid/26/4979,https://dblp.org/rec/conf/icis/JohnK15
https://dblp.org/pid/70/8643,https://dblp.org/rec/conf/icis/BlutWB18
https://dblp.org/pid/43/6309-1,https://dblp.org/rec/conf/icis/Leffrang023
https://dblp.org/pid/26/4979,https://dblp.org/rec/conf/icis/HerrmannKZN15
https://dblp.org/pid/26/4979,https://dblp.org/rec/conf/icis/MutterK14
https://dblp.org/pid/k/HKleineBuning,https://dblp.org/rec/conf/mates/KemmerichB11
https://dblp.org/pid/218/7188,https://dblp.org/rec/conf/cans/BobolzEKRS21
https://dblp.org/pid/216/6738,https://dblp.org/rec/conf/cans/BobolzEKRS21
https://dblp.org/pid/33/2110,https://dblp.org/rec/conf/cans/BlomerEJ18
https://dblp.org/pid/216/6738,https://dblp.org/rec/conf/cans/BlomerEJ18
https://dblp.org/pid/94/5744,https://dblp.org/rec/conf/post/FalzonB16
https://dblp.org/pid/40/4987-1,https://dblp.org/rec/conf/techdebt/LiSA23
https://dblp.org/pid/17/6729-15,https://dblp.org/rec/conf/eenergy/JoWKM18
https://dblp.org/pid/17/6729-15,https://dblp.org/rec/conf/eenergy/LiuW21
https://dblp.org/pid/48/4209,https://dblp.org/rec/conf/issep/MagenheimNRS10
https://dblp.org/pid/48/4209,https://dblp.org/rec/conf/issep/MagenheimMSBHHM18
https://dblp.org/pid/14/3197-1,https://dblp.org/rec/conf/issep/MagenheimMSBHHM18
https://dblp.org/pid/14/3197-1,https://dblp.org/rec/conf/issep/LenkeKBS25
https://dblp.org/pid/14/3197-1,https://dblp.org/rec/conf/issep/Schulte08
https://dblp.org/pid/48/4209,https://dblp.org/rec/conf/issep/NeugebauerHMOSS14
https://dblp.org/pid/48/4209,https://dblp.org/rec/conf/issep/NeugebauerMOSS15
https://dblp.org/pid/48/4209,https://dblp.org/rec/conf/issep/MagenheimNSOLSNS13
https://dblp.org/pid/168/1542,https://dblp.org/rec/conf/acl/KrahmerFWKM18
https://dblp.org/pid/08/8419,https://dblp.org/rec/conf/acl/KotnisGRSRTNL22
https://dblp.org/pid/65/4336,https://dblp.org/rec/conf/acl/CabotTNN23
https://dblp.org/pid/222/1046-1,https://dblp.org/rec/conf/acl/ZiegenbeinSLPW23
https://dblp.org/pid/e/GregorEngels,https://dblp.org/rec/conf/sde/EngelsNS86
https://dblp.org/pid/31/5809,https://dblp.org/rec/conf/sde/EngelsNS86
https://dblp.org/pid/70/4639,https://dblp.org/rec/conf/euromedia/DangelmaierKW96
https://dblp.org/pid/79/6049,https://dblp.org/rec/conf/acmidc/TolksdorfVCR21
https://dblp.org/pid/81/7126,https://dblp.org/rec/conf/ssiri/Groesbrink14
https://dblp.org/pid/38/1605,https://dblp.org/rec/conf/sosa/BuhrmanGLGST26
https://dblp.org/pid/77/4790,https://dblp.org/rec/conf/scesm/GieseHHK06
https://dblp.org/pid/00/2717,https://dblp.org/rec/conf/iess/JungmannJK15
https://dblp.org/pid/44/5175-1,https://dblp.org/rec/conf/iess/DittmannGFD09
https://dblp.org/pid/44/5175-1,https://dblp.org/rec/conf/iess/DittmannB05
https://dblp.org/pid/k/UweKastens,https://dblp.org/rec/conf/iess/DreesenJTPKR09
https://dblp.org/pid/81/7126,https://dblp.org/rec/conf/iess/Groesbrink13
https://dblp.org/pid/r/FranzJosefRammig,https://dblp.org/rec/conf/iess/Rammig07
https://dblp.org/pid/43/917,https://dblp.org/rec/conf/iess/KerstanO07
https://dblp.org/pid/m/WMuller3,https://dblp.org/rec/conf/iess/KlobedanzJRM13
https://dblp.org/pid/24/160,https://dblp.org/rec/conf/iess/Krupp009
https://dblp.org/pid/m/WMuller3,https://dblp.org/rec/conf/iess/Krupp009
https://dblp.org/pid/m/WMuller3,https://dblp.org/rec/conf/iess/KlobedanzKEM09
https://dblp.org/pid/43/917,https://dblp.org/rec/conf/iess/GrieseOP05
https://dblp.org/pid/81/7126,https://dblp.org/rec/conf/iess/GillesGBK13
https://dblp.org/pid/24/160,https://dblp.org/rec/conf/iess/ZabelRK07
https://dblp.org/pid/128/3400,https://dblp.org/rec/conf/humanoids/RohrmullerBGMP23
https://dblp.org/pid/m/BurkhardMonien,https://dblp.org/rec/conf/automata/Monien73
https://dblp.org/pid/m/BurkhardMonien,https://dblp.org/rec/conf/automata/Monien75
https://dblp.org/pid/14/6145-5,https://dblp.org/rec/conf/icpr/ChengDHT00
https://dblp.org/pid/33/2110,https://dblp.org/rec/conf/icpr/BlomerBK14
https://dblp.org/pid/127/6615,https://dblp.org/rec/conf/icpr/BlomerBK14
https://dblp.org/pid/203/2506,https://dblp.org/rec/conf/icpr/BoraTVRR24
https://dblp.org/pid/203/2506,https://dblp.org/rec/conf/icpr/HuberTLKD22
https://dblp.org/pid/88/6542,https://dblp.org/rec/conf/icpr/DuinLH00
https://dblp.org/pid/81/7083-5,https://dblp.org/rec/conf/icpr/DeAndresTameFTAVT24
https://dblp.org/pid/203/2506,https://dblp.org/rec/conf/icpr/DeAndresTameFTAVT24
https://dblp.org/pid/48/5080,https://dblp.org/rec/conf/icpr/HartelD20
https://dblp.org/pid/31/5809,https://dblp.org/rec/conf/ecoopw/ReimerSS97
https://dblp.org/pid/138/4856,https://dblp.org/rec/conf/chira/YigitbasD24
https://dblp.org/pid/95/4985-1,https://dblp.org/rec/conf/geneme/0001BKM09
https://dblp.org/pid/95/4985-1,https://dblp.org/rec/conf/geneme/Friberg009
https://dblp.org/pid/22/2959-2,https://dblp.org/rec/conf/geneme/RothH05
https://dblp.org/pid/22/2959-2,https://dblp.org/rec/conf/geneme/HampelRKK05
https://dblp.org/pid/70/4639,https://dblp.org/rec/conf/geneme/DangelmaierEHTD05
https://dblp.org/pid/19/6980-1,https://dblp.org/rec/conf/geneme/HuthHRV06
https://dblp.org/pid/145/1160,https://dblp.org/rec/conf/nldb/AhmedSN19
https://dblp.org/pid/65/4336,https://dblp.org/rec/conf/nldb/AhmedSN19
https://dblp.org/pid/168/1542,https://dblp.org/rec/conf/nldb/GusmitaAMN24
https://dblp.org/pid/65/4336,https://dblp.org/rec/conf/nldb/GusmitaAMN24
https://dblp.org/pid/168/1542,https://dblp.org/rec/conf/nldb/GusmitaFMN23
https://dblp.org/pid/65/4336,https://dblp.org/rec/conf/nldb/GusmitaFMN23
https://dblp.org/pid/168/1542,https://dblp.org/rec/conf/nldb/AliNSMN24
https://dblp.org/pid/65/4336,https://dblp.org/rec/conf/nldb/AliNSMN24
https://dblp.org/pid/145/1160,https://dblp.org/rec/conf/nldb/AhmedFSMN23
https://dblp.org/pid/168/1542,https://dblp.org/rec/conf/nldb/AhmedFSMN23
https://dblp.org/pid/65/4336,https://dblp.org/rec/conf/nldb/AhmedFSMN23
https://dblp.org/pid/94/5744,https://dblp.org/rec/conf/mobilesoft/KhedkarB24
https://dblp.org/pid/138/8052,https://dblp.org/rec/conf/faw/Abu-KhzamLMHP17
https://dblp.org/pid/h/FMaufderHeide,https://dblp.org/rec/conf/faw/Abu-KhzamLMHP17
https://dblp.org/pid/k/HKleineBuning,https://dblp.org/rec/conf/faw/BuningWS19
https://dblp.org/pid/17/6729-15,https://dblp.org/rec/conf/ipccc/LiuW23
https://dblp.org/pid/94/5744,https://dblp.org/rec/conf/ide/JohnsonPKB24
https://dblp.org/pid/79/6049,https://dblp.org/rec/conf/esann/SchulzeWR11
https://dblp.org/pid/f/AlexanderFoerster,https://dblp.org/rec/conf/esann/ForsterGS07
https://dblp.org/pid/65/4336,https://dblp.org/rec/conf/esann/RobertsTSKNH26
https://dblp.org/pid/94/5744,https://dblp.org/rec/conf/kbse/LillackKB14
https://dblp.org/pid/94/5744,https://dblp.org/rec/conf/kbse/KummitaZBW24
https://dblp.org/pid/07/2093-1,https://dblp.org/rec/conf/kbse/GuldaliFJSE09
https://dblp.org/pid/e/GregorEngels,https://dblp.org/rec/conf/kbse/GuldaliFJSE09
https://dblp.org/pid/e/GregorEngels,https://dblp.org/rec/conf/kbse/LohmannES06
https://dblp.org/pid/07/2093-1,https://dblp.org/rec/conf/kbse/LohmannES06
https://dblp.org/pid/94/5744,https://dblp.org/rec/conf/kbse/PiskachevDJB19
https://dblp.org/pid/71/11054,https://dblp.org/rec/conf/kbse/PohlmannH15
https://dblp.org/pid/94/5744,https://dblp.org/rec/conf/kbse/KhedkarSB24
https://dblp.org/pid/94/5744,https://dblp.org/rec/conf/kbse/KrugerNRAMBGGWD17
https://dblp.org/pid/94/5744,https://dblp.org/rec/conf/kbse/LuoBS19
https://dblp.org/pid/174/1998,https://dblp.org/rec/conf/kbse/LuoBS19
https://dblp.org/pid/e/GregorEngels,https://dblp.org/rec/conf/kbse/KienzleCMABBEGJ22
https://dblp.org/pid/33/5440-1,https://dblp.org/rec/conf/kbse/GuoH04
https://dblp.org/pid/94/5744,https://dblp.org/rec/conf/kbse/NachtigallDB19
https://dblp.org/pid/69/3369-1,https://dblp.org/rec/conf/kbse/ArifulinaWBP14
https://dblp.org/pid/e/GregorEngels,https://dblp.org/rec/conf/kbse/EngelsE05
https://dblp.org/pid/138/4856,https://dblp.org/rec/conf/kbse/KarakayaKY25
https://dblp.org/pid/94/5744,https://dblp.org/rec/conf/kbse/KhedkarMB24
https://dblp.org/pid/174/1998,https://dblp.org/rec/conf/kbse/LerchSBM15
https://dblp.org/pid/94/5744,https://dblp.org/rec/conf/kbse/LerchSBM15
https://dblp.org/pid/94/5744,https://dblp.org/rec/conf/kbse/JohnsonFKCSB25
https://dblp.org/pid/94/5744,https://dblp.org/rec/conf/kbse/KummitaBMW25
https://dblp.org/pid/138/4856,https://dblp.org/rec/conf/bx/AnjorinYK19
https://dblp.org/pid/90/4912,https://dblp.org/rec/conf/isda/GausemeierZOP08
https://dblp.org/pid/43/917,https://dblp.org/rec/conf/isda/GausemeierZOP08
https://dblp.org/pid/70/4639,https://dblp.org/rec/conf/isda/DangelmaierKWT06
https://dblp.org/pid/69/3369-1,https://dblp.org/rec/conf/kpdays/LehrigB14
https://dblp.org/pid/e/GregorEngels,https://dblp.org/rec/conf/tagt/BusattoEMW98
https://dblp.org/pid/e/GregorEngels,https://dblp.org/rec/conf/tagt/EhrigE94
https://dblp.org/pid/e/GregorEngels,https://dblp.org/rec/conf/isooms/EbertE94
https://dblp.org/pid/12/4452,https://dblp.org/rec/conf/metainformatics/GeisslerH05
https://dblp.org/pid/55/3839,https://dblp.org/rec/conf/amcc/FarokhiLSZ23
https://dblp.org/pid/81/3518,https://dblp.org/rec/conf/amcc/FlaskampO12
https://dblp.org/pid/55/3839,https://dblp.org/rec/conf/amcc/LeongQ13
https://dblp.org/pid/55/3839,https://dblp.org/rec/conf/amcc/HuangLQS19
https://dblp.org/pid/25/7857,https://dblp.org/rec/conf/amcc/KrugerRKT13
https://dblp.org/pid/25/7857,https://dblp.org/rec/conf/amcc/ReinoldT13
https://dblp.org/pid/d/GittaDomik,https://dblp.org/rec/conf/visualization/DomikG94
https://dblp.org/pid/s/ChristianScheideler,https://dblp.org/rec/conf/latin/GallJRSST10
https://dblp.org/pid/h/FMaufderHeide,https://dblp.org/rec/conf/latin/HeideM98
https://dblp.org/pid/h/FMaufderHeide,https://dblp.org/rec/conf/latin/DemaineHPP06
https://dblp.org/pid/88/6542,https://dblp.org/rec/conf/asru/HeymannDCH15
https://dblp.org/pid/88/6542,https://dblp.org/rec/conf/asru/HeymannWHR13
https://dblp.org/pid/88/6542,https://dblp.org/rec/conf/asru/ZorilaBDH19
https://dblp.org/pid/88/6542,https://dblp.org/rec/conf/asru/WalterKHGR13
https://dblp.org/pid/132/9687,https://dblp.org/rec/conf/uss/KostanOSA24
https://dblp.org/pid/132/9687,https://dblp.org/rec/conf/uss/OltroggeHAA0F21
https://dblp.org/pid/327/6458,https://dblp.org/rec/conf/uss/RamuluSWA24
https://dblp.org/pid/132/9687,https://dblp.org/rec/conf/uss/RamuluSWA24
https://dblp.org/pid/132/9687,https://dblp.org/rec/conf/uss/KrauseKHWAF23
https://dblp.org/pid/132/9687,https://dblp.org/rec/conf/uss/KohnoAL23
https://dblp.org/pid/132/9687,https://dblp.org/rec/conf/uss/MinkKSFA23
https://dblp.org/pid/327/6458,https://dblp.org/rec/conf/uss/MungaraRA25
https://dblp.org/pid/132/9687,https://dblp.org/rec/conf/uss/MungaraRA25
https://dblp.org/pid/132/9687,https://dblp.org/rec/conf/uss/OltroggeAD0F15
https://dblp.org/pid/132/9687,https://dblp.org/rec/conf/uss/HuamanSKFATAF24
https://dblp.org/pid/132/9687,https://dblp.org/rec/conf/uss/FourneBJSSBFA24
https://dblp.org/pid/132/9687,https://dblp.org/rec/conf/uss/HaneyAF21
https://dblp.org/pid/132/9687,https://dblp.org/rec/conf/uss/HuamanSSWADF21
https://dblp.org/pid/132/9687,https://dblp.org/rec/conf/uss/StranskyANWKR0G17
https://dblp.org/pid/132/9687,https://dblp.org/rec/conf/uss/DechandSBAF016
https://dblp.org/pid/94/5744,https://dblp.org/rec/conf/uss/OcteauMJBBKT13
https://dblp.org/pid/132/9687,https://dblp.org/rec/conf/uss/FischerTGAFS24
https://dblp.org/pid/13/8970,https://dblp.org/rec/conf/uss/KabloKC25
https://dblp.org/pid/132/9687,https://dblp.org/rec/conf/uss/KaurAVAF22
https://dblp.org/pid/132/9687,https://dblp.org/rec/conf/uss/HoltervennhoffK23
https://dblp.org/pid/13/8970,https://dblp.org/rec/conf/uss/CabarcosHB0S21
https://dblp.org/pid/132/9687,https://dblp.org/rec/conf/uss/PanahiRABKS24
https://dblp.org/pid/132/9687,https://dblp.org/rec/conf/uss/HoltervennhoffW24
https://dblp.org/pid/e/GregorEngels,https://dblp.org/rec/conf/fmoods/EngelsSW07
https://dblp.org/pid/50/6546,https://dblp.org/rec/conf/fmoods/EngelsSW07
https://dblp.org/pid/17/2025,https://dblp.org/rec/conf/aia/SteinNL06
https://dblp.org/pid/94/5744,https://dblp.org/rec/conf/wistp/RasthoferAHB15
https://dblp.org/pid/17/6729-15,https://dblp.org/rec/conf/sc/KarlosB024
https://dblp.org/pid/76/5938,https://dblp.org/rec/conf/sc/MeyerKP20
https://dblp.org/pid/169/3113,https://dblp.org/rec/conf/sc/LassSKP20
https://dblp.org/pid/76/5938,https://dblp.org/rec/conf/sc/LassSKP20
https://dblp.org/pid/b/StBottcher,https://dblp.org/rec/conf/wi/BeierleB89
https://dblp.org/pid/189/4866,https://dblp.org/rec/conf/wi/SchlangenottoK17
https://dblp.org/pid/26/4979,https://dblp.org/rec/conf/wi/SchlangenottoK17
https://dblp.org/pid/138/4856,https://dblp.org/rec/conf/wi/YigitbasGNE22
https://dblp.org/pid/e/GregorEngels,https://dblp.org/rec/conf/wi/YigitbasGNE22
https://dblp.org/pid/315/0981-2,https://dblp.org/rec/conf/wi/BeverungenLW17
https://dblp.org/pid/138/4956,https://dblp.org/rec/conf/wi/LichtenbergBB0D21
https://dblp.org/pid/k/UweKastens,https://dblp.org/rec/conf/wi/Kastens85
https://dblp.org/pid/189/4866,https://dblp.org/rec/conf/wi/GuttSK17
https://dblp.org/pid/26/4979,https://dblp.org/rec/conf/wi/GuttSK17
https://dblp.org/pid/138/4856,https://dblp.org/rec/conf/wi/GottschalkYNE22
https://dblp.org/pid/e/GregorEngels,https://dblp.org/rec/conf/wi/GottschalkYNE22
https://dblp.org/pid/m/BurkhardMonien,https://dblp.org/rec/conf/ictcs/GairingLMMS03
https://dblp.org/pid/i/TobiasIsenberg2,https://dblp.org/rec/conf/acsd/Isenberg15
https://dblp.org/pid/68/3728,https://dblp.org/rec/conf/fpl/EisenringP00
https://dblp.org/pid/68/3728,https://dblp.org/rec/conf/fpl/GiefersP07
https://dblp.org/pid/68/3728,https://dblp.org/rec/conf/fpl/LubbersP08
https://dblp.org/pid/68/3728,https://dblp.org/rec/conf/fpl/AngermeierMTBSGHBLPCSHRM08
https://dblp.org/pid/76/5938,https://dblp.org/rec/conf/fpl/EnzlerPP03
https://dblp.org/pid/68/3728,https://dblp.org/rec/conf/fpl/EnzlerPP03
https://dblp.org/pid/68/3728,https://dblp.org/rec/conf/fpl/GiefersP10
https://dblp.org/pid/r/FranzJosefRammig,https://dblp.org/rec/conf/fpl/SchallenbergRNR08
https://dblp.org/pid/68/3728,https://dblp.org/rec/conf/fpl/SteigerWP03
https://dblp.org/pid/68/3728,https://dblp.org/rec/conf/fpl/LubbersP09
https://dblp.org/pid/68/3728,https://dblp.org/rec/conf/fpl/AgnePL11
https://dblp.org/pid/68/3728,https://dblp.org/rec/conf/fpl/LeongAABCDGHLLL15
https://dblp.org/pid/68/3728,https://dblp.org/rec/conf/fpl/HoKP14
https://dblp.org/pid/68/3728,https://dblp.org/rec/conf/fpl/EisenringPT99
https://dblp.org/pid/68/3728,https://dblp.org/rec/conf/fpl/WalderP04
https://dblp.org/pid/68/3728,https://dblp.org/rec/conf/fpl/DanneP05
https://dblp.org/pid/76/5938,https://dblp.org/rec/conf/fpl/RuethingAHP12
https://dblp.org/pid/68/3728,https://dblp.org/rec/conf/fpl/LubbersP07
https://dblp.org/pid/76/5938,https://dblp.org/rec/conf/fpl/StachuraLWPF24
https://dblp.org/pid/96/1876-1,https://dblp.org/rec/conf/fpl/SchumacherPP09
https://dblp.org/pid/76/5938,https://dblp.org/rec/conf/fpl/SchumacherPP09
https://dblp.org/pid/68/3728,https://dblp.org/rec/conf/fpl/SchumacherPP09
https://dblp.org/pid/r/FranzJosefRammig,https://dblp.org/rec/conf/fpl/JanzenR96
https://dblp.org/pid/76/5938,https://dblp.org/rec/conf/fpl/KenterFP17
https://dblp.org/pid/68/3728,https://dblp.org/rec/conf/fpl/PlatznerM98
https://dblp.org/pid/44/5175-1,https://dblp.org/rec/conf/fpl/Dittmann05
https://dblp.org/pid/68/3728,https://dblp.org/rec/conf/fpl/GiefersP09
https://dblp.org/pid/76/5938,https://dblp.org/rec/conf/fpl/MeyerSPF12
https://dblp.org/pid/169/3113,https://dblp.org/rec/conf/fpl/RamaswamiKKP20
https://dblp.org/pid/76/5938,https://dblp.org/rec/conf/fpl/RamaswamiKKP20
https://dblp.org/pid/k/MKoester,https://dblp.org/rec/conf/fpl/KoesterLB08
https://dblp.org/pid/76/5938,https://dblp.org/rec/conf/fpl/DyerPP02
https://dblp.org/pid/68/3728,https://dblp.org/rec/conf/fpl/DyerPP02
https://dblp.org/pid/19/3568,https://dblp.org/rec/conf/fpl/FeldmannHMT03
https://dblp.org/pid/m/BurkhardMonien,https://dblp.org/rec/conf/fpl/FeldmannHMT03
https://dblp.org/pid/54/503-1,https://dblp.org/rec/conf/fpl/BobdaL00
https://dblp.org/pid/44/5175-1,https://dblp.org/rec/conf/fpl/DittmannF07
https://dblp.org/pid/k/MKoester,https://dblp.org/rec/conf/fpl/HagemeyerKKP07
https://dblp.org/pid/76/5938,https://dblp.org/rec/conf/fpl/OpdenhovelAPK24
https://dblp.org/pid/68/3728,https://dblp.org/rec/conf/fpl/DanneMP06
https://dblp.org/pid/65/4336,https://dblp.org/rec/conf/conversations/JalotaTMNU19
https://dblp.org/pid/96/1876-1,https://dblp.org/rec/conf/parco/SchumacherLKP07
https://dblp.org/pid/68/3728,https://dblp.org/rec/conf/parco/SchumacherLKP07
https://dblp.org/pid/70/8080,https://dblp.org/rec/conf/simutools/DraxlerBKAK12
https://dblp.org/pid/71/11054,https://dblp.org/rec/conf/simutools/PohlmannDMTT14
https://dblp.org/pid/68/283-1,https://dblp.org/rec/conf/simutools/PohlmannDMTT14
https://dblp.org/pid/21/7559-2,https://dblp.org/rec/conf/simutools/PohlmannDMTT14
https://dblp.org/pid/33/2110,https://dblp.org/rec/conf/macis/BlomerJL15
https://dblp.org/pid/178/6439,https://dblp.org/rec/conf/macis/BlomerJL15
https://dblp.org/pid/33/2110,https://dblp.org/rec/conf/macis/BlomerL17
https://dblp.org/pid/57/6293-1,https://dblp.org/rec/conf/macis/GuntherK15
https://dblp.org/pid/k/HKleineBuning,https://dblp.org/rec/conf/cade/BuningL86
https://dblp.org/pid/17/2025,https://dblp.org/rec/conf/cade/BuningL86
https://dblp.org/pid/76/3237,https://dblp.org/rec/conf/cade/HaarslevMT01
https://dblp.org/pid/76/3237,https://dblp.org/rec/conf/cade/PenalozaT10
https://dblp.org/pid/76/3237,https://dblp.org/rec/conf/cade/TurhanK04
https://dblp.org/pid/b/StBottcher,https://dblp.org/rec/conf/wea/AdlerBHS25
https://dblp.org/pid/48/5080,https://dblp.org/rec/conf/wea/AdlerBHS25
https://dblp.org/pid/68/7642,https://dblp.org/rec/conf/wea/KempkesH12
https://dblp.org/pid/h/FMaufderHeide,https://dblp.org/rec/conf/wea/KempkesH12
https://dblp.org/pid/m/BurkhardMonien,https://dblp.org/rec/conf/wea/MonienW06
https://dblp.org/pid/15/5253,https://dblp.org/rec/conf/wea/FahleT05
https://dblp.org/pid/25/7857,https://dblp.org/rec/conf/ism2/BatheltDHT24
https://dblp.org/pid/150/4812-2,https://dblp.org/rec/conf/ijcai/FichteH0M21
https://dblp.org/pid/164/2698,https://dblp.org/rec/conf/ijcai/NguyenDMH18
https://dblp.org/pid/65/4336,https://dblp.org/rec/conf/ijcai/KouagouHDN24
https://dblp.org/pid/150/4812-2,https://dblp.org/rec/conf/ijcai/Hecher0M024
https://dblp.org/pid/65/4336,https://dblp.org/rec/conf/ijcai/NgomoA11
https://dblp.org/pid/08/8419,https://dblp.org/rec/conf/ijcai/YuSAP20
https://dblp.org/pid/150/4812-2,https://dblp.org/rec/conf/ijcai/FichteH0M23
https://dblp.org/pid/65/4336,https://dblp.org/rec/conf/ijcai/DemirN23
https://dblp.org/pid/76/3237,https://dblp.org/rec/conf/ijcai/ZarriessT13
https://dblp.org/pid/150/4812-2,https://dblp.org/rec/conf/ijcai/Fichte0HL0MP25
https://dblp.org/pid/77/949,https://dblp.org/rec/conf/mwscas/JavedS21
https://dblp.org/pid/65/4336,https://dblp.org/rec/conf/nesy/KouagouHDN23
https://dblp.org/pid/76/5938,https://dblp.org/rec/conf/iswc/PlesslEWBPT02
https://dblp.org/pid/68/3728,https://dblp.org/rec/conf/iswc/PlesslEWBPT02
https://dblp.org/pid/77/4790,https://dblp.org/rec/conf/fase/KleinG07
https://dblp.org/pid/07/2093-1,https://dblp.org/rec/conf/fase/HeckelS01
https://dblp.org/pid/129/9137-1,https://dblp.org/rec/conf/fase/BrennerGS15
https://dblp.org/pid/31/5809,https://dblp.org/rec/conf/fase/BrennerGS15
https://dblp.org/pid/68/3728,https://dblp.org/rec/conf/pdpta/EisenringP00
https://dblp.org/pid/s/ChristianScheideler,https://dblp.org/rec/conf/pdpta/BerenbrinkBS00
https://dblp.org/pid/269/5697,https://dblp.org/rec/conf/rev/EckertzAD21
https://dblp.org/pid/269/5697,https://dblp.org/rec/conf/rev/EckertzBAD19
https://dblp.org/pid/94/5744,https://dblp.org/rec/conf/cgo/KrugerAB20
https://dblp.org/pid/177/9340,https://dblp.org/rec/conf/lics/0001HV18
https://dblp.org/pid/b/StBottcher,https://dblp.org/rec/conf/ideas/BoseBGOSS05
https://dblp.org/pid/b/StBottcher,https://dblp.org/rec/conf/ideas/ObermeierBW07
https://dblp.org/pid/b/StBottcher,https://dblp.org/rec/conf/ideas/Bottcher04
https://dblp.org/pid/b/StBottcher,https://dblp.org/rec/conf/ideas/ObermeierB07
https://dblp.org/pid/06/729-1,https://dblp.org/rec/conf/knowright/ZhaoK95
https://dblp.org/pid/77/4790,https://dblp.org/rec/conf/e4mas/KleinG05
https://dblp.org/pid/90/4912,https://dblp.org/rec/conf/ic3k/Reyes-PerezBG09
https://dblp.org/pid/65/4336,https://dblp.org/rec/conf/ic3k/AvdiyenkoNLWNB15
https://dblp.org/pid/f/AlexanderFoerster,https://dblp.org/rec/conf/dsdis/ThatmannZFK15
https://dblp.org/pid/65/4336,https://dblp.org/rec/conf/aswc/ShekarpourNA12
https://dblp.org/pid/65/4336,https://dblp.org/rec/conf/aswc/SoruN12
https://dblp.org/pid/k/UweKastens,https://dblp.org/rec/conf/programmier/Kastens74
https://dblp.org/pid/k/UweKastens,https://dblp.org/rec/conf/programmier/Kastens78
https://dblp.org/pid/k/UweKastens,https://dblp.org/rec/conf/programmier/Kastens76
https://dblp.org/pid/k/UweKastens,https://dblp.org/rec/conf/programmier/Kastens80
https://dblp.org/pid/53/3909,https://dblp.org/rec/conf/d-cscl/BrenneckeS00
https://dblp.org/pid/39/3996,https://dblp.org/rec/conf/sofsem/LulingGS98
https://dblp.org/pid/84/1558-1,https://dblp.org/rec/conf/sofsem/Cord-LandwehrDFHKKKKMHa11
https://dblp.org/pid/48/8997,https://dblp.org/rec/conf/sofsem/Cord-LandwehrDFHKKKKMHa11
https://dblp.org/pid/68/7642,https://dblp.org/rec/conf/sofsem/Cord-LandwehrDFHKKKKMHa11
https://dblp.org/pid/h/FMaufderHeide,https://dblp.org/rec/conf/sofsem/Cord-LandwehrDFHKKKKMHa11
https://dblp.org/pid/08/335-1,https://dblp.org/rec/conf/sofsem/Cord-LandwehrDFHKKKKMHa11
https://dblp.org/pid/m/BurkhardMonien,https://dblp.org/rec/conf/sofsem/Monien06
https://dblp.org/pid/d/GittaDomik,https://dblp.org/rec/conf/sofsem/Domik96
https://dblp.org/pid/k/UweKastens,https://dblp.org/rec/conf/sofsem/EilinghoffK98
https://dblp.org/pid/h/FMaufderHeide,https://dblp.org/rec/conf/sofsem/HeideS96
https://dblp.org/pid/s/ChristianScheideler,https://dblp.org/rec/conf/sofsem/HeideS96
https://dblp.org/pid/19/3568,https://dblp.org/rec/conf/sofsem/Feldmann97
https://dblp.org/pid/h/FMaufderHeide,https://dblp.org/rec/conf/sofsem/MackerHP20
https://dblp.org/pid/54/503-1,https://dblp.org/rec/conf/rsp/RettbergZLB03
https://dblp.org/pid/00/2717,https://dblp.org/rec/conf/rsp/HardtK98
https://dblp.org/pid/00/2717,https://dblp.org/rec/conf/rsp/HardtKR00
https://dblp.org/pid/31/5809,https://dblp.org/rec/conf/ispw/SchaferBHS89
https://dblp.org/pid/31/5809,https://dblp.org/rec/conf/ispw/HeinzemannSST13
https://dblp.org/pid/31/5809,https://dblp.org/rec/conf/ispw/PeuschelSW91
https://dblp.org/pid/31/5809,https://dblp.org/rec/conf/ispw/SchaferW94
https://dblp.org/pid/31/5809,https://dblp.org/rec/conf/ispw/Schafer96
https://dblp.org/pid/31/5809,https://dblp.org/rec/conf/ispw/PeuschelSW90
https://dblp.org/pid/68/283-1,https://dblp.org/rec/conf/ispw/HoltmannBMST15
https://dblp.org/pid/e/GregorEngels,https://dblp.org/rec/conf/ispw/EngelsG93
https://dblp.org/pid/31/5809,https://dblp.org/rec/conf/ispw/Schafer05
https://dblp.org/pid/94/5744,https://dblp.org/rec/conf/ispw/GeismannGB18
https://dblp.org/pid/31/5809,https://dblp.org/rec/conf/ispw/DeitersGS89
https://dblp.org/pid/e/GregorEngels,https://dblp.org/rec/conf/ispw/GroenewegenE96
https://dblp.org/pid/31/5809,https://dblp.org/rec/conf/ispw/KindlerRS05
https://dblp.org/pid/31/5809,https://dblp.org/rec/conf/ispw/RubinGAKDS07
https://dblp.org/pid/68/3728,https://dblp.org/rec/conf/recosoc/DrzevitzkyP11
https://dblp.org/pid/44/5175-1,https://dblp.org/rec/conf/recosoc/GotzXD07
https://dblp.org/pid/68/3728,https://dblp.org/rec/conf/recosoc/AndrewsP16
https://dblp.org/pid/44/5175-1,https://dblp.org/rec/conf/recosoc/WarkentinD06
https://dblp.org/pid/68/3728,https://dblp.org/rec/conf/recosoc/GuettatfiHPR17
https://dblp.org/pid/60/10319,https://dblp.org/rec/conf/recosoc/WiersemaP16
https://dblp.org/pid/68/3728,https://dblp.org/rec/conf/recosoc/WiersemaP16
https://dblp.org/pid/26/4979,https://dblp.org/rec/conf/financecom/BohnRKYM12
https://dblp.org/pid/26/4979,https://dblp.org/rec/conf/financecom/KundischSR07
https://dblp.org/pid/203/2506,https://dblp.org/rec/conf/biosig/TerhorstHDRKSK20
https://dblp.org/pid/70/8080,https://dblp.org/rec/conf/fnms/CicconettiMDKMSGOSSR13
https://dblp.org/pid/k/ReinhardKeilSlawik,https://dblp.org/rec/conf/softerg/BrenneckeK97
https://dblp.org/pid/k/ReinhardKeilSlawik,https://dblp.org/rec/conf/softerg/BrenneckeK95
https://dblp.org/pid/06/456,https://dblp.org/rec/conf/softerg/Szwillus97
https://dblp.org/pid/06/456,https://dblp.org/rec/conf/softerg/BomsdorfS97
https://dblp.org/pid/k/ReinhardKeilSlawik,https://dblp.org/rec/conf/softerg/BrenneckeKR99
https://dblp.org/pid/k/ReinhardKeilSlawik,https://dblp.org/rec/conf/softerg/BrenneckeHKMS99
https://dblp.org/pid/53/3909,https://dblp.org/rec/conf/softerg/BrenneckeHKMS99
https://dblp.org/pid/06/456,https://dblp.org/rec/conf/softerg/ShahrbabakiS95
https://dblp.org/pid/06/456,https://dblp.org/rec/conf/softerg/UhrGPS97
https://dblp.org/pid/06/456,https://dblp.org/rec/conf/softerg/BomsdorfS97a
https://dblp.org/pid/k/ReinhardKeilSlawik,https://dblp.org/rec/conf/softerg/Keil-Slawik89
https://dblp.org/pid/06/456,https://dblp.org/rec/conf/softerg/KneerS95
https://dblp.org/pid/119/5839,https://dblp.org/rec/conf/lion/BossekNN21
https://dblp.org/pid/34/2589,https://dblp.org/rec/conf/lion/CarneinTBP20
https://dblp.org/pid/34/2589,https://dblp.org/rec/conf/lion/RudolphSGT14
https://dblp.org/pid/34/2589,https://dblp.org/rec/conf/lion/MersmannTNW10
https://dblp.org/pid/34/2589,https://dblp.org/rec/conf/lion/BlotHJKT16
https://dblp.org/pid/119/5839,https://dblp.org/rec/conf/lion/MersmannBBT0N12
https://dblp.org/pid/34/2589,https://dblp.org/rec/conf/lion/MersmannBBT0N12
https://dblp.org/pid/119/5839,https://dblp.org/rec/conf/lion/BossekT18
https://dblp.org/pid/34/2589,https://dblp.org/rec/conf/lion/BossekT18
https://dblp.org/pid/119/5839,https://dblp.org/rec/conf/lion/BossekG18
https://dblp.org/pid/34/2589,https://dblp.org/rec/conf/lion/TrautmannWB13
https://dblp.org/pid/34/2589,https://dblp.org/rec/conf/lion/KotthoffKHT15
https://dblp.org/pid/119/5839,https://dblp.org/rec/conf/lion/BossekT16
https://dblp.org/pid/34/2589,https://dblp.org/rec/conf/lion/BossekT16
https://dblp.org/pid/261/3628,https://dblp.org/rec/conf/lion/SeilerSDT24
https://dblp.org/pid/34/2589,https://dblp.org/rec/conf/lion/SeilerSDT24
https://dblp.org/pid/69/5050-8,https://dblp.org/rec/conf/noms/SchneiderWKHK22
https://dblp.org/pid/69/5050-8,https://dblp.org/rec/conf/noms/WernerSK22
https://dblp.org/pid/k/HKleineBuning,https://dblp.org/rec/conf/aisadm/AkchurinaB07
https://dblp.org/pid/25/7857,https://dblp.org/rec/conf/iconac/WuthishuwongT14
https://dblp.org/pid/33/2110,https://dblp.org/rec/conf/fc/BlomerJK15
https://dblp.org/pid/150/0050,https://dblp.org/rec/conf/fc/BlomerJK15
https://dblp.org/pid/218/7188,https://dblp.org/rec/conf/fc/BobolzDK24
https://dblp.org/pid/33/2110,https://dblp.org/rec/conf/fc/BlomerS03
https://dblp.org/pid/33/2110,https://dblp.org/rec/conf/fps/BlomerGKL17
https://dblp.org/pid/57/6293-1,https://dblp.org/rec/conf/fps/BlomerGKL17
https://dblp.org/pid/178/6439,https://dblp.org/rec/conf/fps/BlomerGKL17
https://dblp.org/pid/33/2110,https://dblp.org/rec/conf/fps/BlomerL19
https://dblp.org/pid/178/6439,https://dblp.org/rec/conf/fps/BlomerL19
https://dblp.org/pid/168/1542,https://dblp.org/rec/conf/lrec/MoussallemSEZN18
https://dblp.org/pid/145/1160,https://dblp.org/rec/conf/lrec/MoussallemSEZN18
https://dblp.org/pid/65/4336,https://dblp.org/rec/conf/lrec/MoussallemSEZN18
https://dblp.org/pid/65/4336,https://dblp.org/rec/conf/lrec/NgomoHSM14
https://dblp.org/pid/145/1160,https://dblp.org/rec/conf/lrec/SherifCUHLBB14
https://dblp.org/pid/168/1542,https://dblp.org/rec/conf/lrec/MoussallemFZCXN18
https://dblp.org/pid/65/4336,https://dblp.org/rec/conf/lrec/MoussallemFZCXN18
https://dblp.org/pid/76/5938,https://dblp.org/rec/conf/rtsi/RieblerVPTDSSB16
https://dblp.org/pid/43/917,https://dblp.org/rec/conf/pearl/OberthurBR05
https://dblp.org/pid/r/FranzJosefRammig,https://dblp.org/rec/conf/pearl/OberthurBR05
https://dblp.org/pid/r/FranzJosefRammig,https://dblp.org/rec/conf/isorc/HeimfarthGRW03
https://dblp.org/pid/r/FranzJosefRammig,https://dblp.org/rec/conf/isorc/RammigKMSZ13
https://dblp.org/pid/39/1215-1,https://dblp.org/rec/conf/isorc/RammigKMSZ13
https://dblp.org/pid/r/FranzJosefRammig,https://dblp.org/rec/conf/isorc/Rammig04
https://dblp.org/pid/r/FranzJosefRammig,https://dblp.org/rec/conf/isorc/Rammig02
https://dblp.org/pid/r/FranzJosefRammig,https://dblp.org/rec/conf/isorc/ChivukulaBR02
https://dblp.org/pid/39/1215-1,https://dblp.org/rec/conf/isorc/ZhaoR12
https://dblp.org/pid/r/FranzJosefRammig,https://dblp.org/rec/conf/isorc/ZhaoR12
https://dblp.org/pid/s/TimSchattkowsky,https://dblp.org/rec/conf/isorc/SchattkowskyM04
https://dblp.org/pid/m/WMuller3,https://dblp.org/rec/conf/isorc/SchattkowskyM04
https://dblp.org/pid/r/FranzJosefRammig,https://dblp.org/rec/conf/isorc/FranciscoR05
https://dblp.org/pid/r/FranzJosefRammig,https://dblp.org/rec/conf/isorc/WehrmeisterFPR08
https://dblp.org/pid/r/FranzJosefRammig,https://dblp.org/rec/conf/isorc/KhalufMR11
https://dblp.org/pid/39/1215-1,https://dblp.org/rec/conf/isorc/SudhakarZR14
https://dblp.org/pid/r/FranzJosefRammig,https://dblp.org/rec/conf/isorc/SudhakarZR14
https://dblp.org/pid/31/5809,https://dblp.org/rec/conf/isorc/PriesterjahnHS13
https://dblp.org/pid/r/FranzJosefRammig,https://dblp.org/rec/conf/isorc/MontealegreR12
https://dblp.org/pid/r/FranzJosefRammig,https://dblp.org/rec/conf/isorc/Tsai02
https://dblp.org/pid/00/2717,https://dblp.org/rec/conf/isorc/EsauKKS03
https://dblp.org/pid/17/5476,https://dblp.org/rec/conf/isorc/EsauKKS03
https://dblp.org/pid/r/FranzJosefRammig,https://dblp.org/rec/conf/isorc/RammigGHJO06
https://dblp.org/pid/43/917,https://dblp.org/rec/conf/isorc/RammigGHJO06
https://dblp.org/pid/r/FranzJosefRammig,https://dblp.org/rec/conf/isorc/Rammig07
https://dblp.org/pid/43/917,https://dblp.org/rec/conf/isorc/HenklerOGS10
https://dblp.org/pid/h/FMaufderHeide,https://dblp.org/rec/conf/isorc/HappeHKPP13
https://dblp.org/pid/68/3728,https://dblp.org/rec/conf/isorc/HappeHKPP13
https://dblp.org/pid/76/5938,https://dblp.org/rec/conf/isorc/HappeHKPP13
https://dblp.org/pid/43/917,https://dblp.org/rec/conf/isorc/OberthurZL10
https://dblp.org/pid/63/4934-1,https://dblp.org/rec/conf/isorc/BeckerK013
https://dblp.org/pid/m/WMuller3,https://dblp.org/rec/conf/isorc/BeckerK013
https://dblp.org/pid/m/WMuller3,https://dblp.org/rec/conf/isorc/HeM12
https://dblp.org/pid/m/WMuller3,https://dblp.org/rec/conf/isorc/KlobedanzMR12
https://dblp.org/pid/61/3108-3,https://dblp.org/rec/conf/isorc/KlobedanzK0R11
https://dblp.org/pid/m/WMuller3,https://dblp.org/rec/conf/isorc/KlobedanzK0R11
https://dblp.org/pid/r/FranzJosefRammig,https://dblp.org/rec/conf/isorc/RammigSV13
https://dblp.org/pid/00/2717,https://dblp.org/rec/conf/isorc/BiermeyerSK06
https://dblp.org/pid/r/FranzJosefRammig,https://dblp.org/rec/conf/isorc/RammigS14
https://dblp.org/pid/e/GregorEngels,https://dblp.org/rec/conf/pret/BaumannEHSW09
https://dblp.org/pid/07/2093-1,https://dblp.org/rec/conf/pret/BaumannEHSW09
https://dblp.org/pid/06/729-1,https://dblp.org/rec/conf/huc/HintzeKSM16
https://dblp.org/pid/06/729-1,https://dblp.org/rec/conf/huc/HintzeFMKM15
https://dblp.org/pid/b/StBottcher,https://dblp.org/rec/conf/xsym/BottcherS03
https://dblp.org/pid/48/5080,https://dblp.org/rec/conf/xsym/BottcherS03
https://dblp.org/pid/b/StBottcher,https://dblp.org/rec/conf/xsym/BottcherHM10
https://dblp.org/pid/48/5080,https://dblp.org/rec/conf/xsym/BottcherHM10
https://dblp.org/pid/17/6729-15,https://dblp.org/rec/conf/edge/GedeonSKFKMWM18
https://dblp.org/pid/68/3728,https://dblp.org/rec/conf/fccm/DyerPT04
https://dblp.org/pid/76/5938,https://dblp.org/rec/conf/fccm/PlesslP02
https://dblp.org/pid/68/3728,https://dblp.org/rec/conf/fccm/PlesslP02
https://dblp.org/pid/76/5938,https://dblp.org/rec/conf/fccm/TareenMPK24
https://dblp.org/pid/76/5938,https://dblp.org/rec/conf/fccm/MenzelP25
https://dblp.org/pid/96/1876-1,https://dblp.org/rec/conf/fccm/SchumacherPP09
https://dblp.org/pid/76/5938,https://dblp.org/rec/conf/fccm/SchumacherPP09
https://dblp.org/pid/68/3728,https://dblp.org/rec/conf/fccm/SchumacherPP09
https://dblp.org/pid/169/3113,https://dblp.org/rec/conf/fccm/WuKSKP23
https://dblp.org/pid/76/5938,https://dblp.org/rec/conf/fccm/WuKSKP23
https://dblp.org/pid/76/5938,https://dblp.org/rec/conf/fccm/KenterMAG0AHFP18
https://dblp.org/pid/k/MKoester,https://dblp.org/rec/conf/fccm/KorfCKHPRS11
https://dblp.org/pid/76/5938,https://dblp.org/rec/conf/fccm/RieblerKPS14
https://dblp.org/pid/132/9687,https://dblp.org/rec/conf/soups/WermkeHSBAF20
https://dblp.org/pid/132/9687,https://dblp.org/rec/conf/soups/AcarSWMF17
https://dblp.org/pid/132/9687,https://dblp.org/rec/conf/soups/GorskiIWSMAF18
https://dblp.org/pid/132/9687,https://dblp.org/rec/conf/soups/HaneyTAP18
https://dblp.org/pid/132/9687,https://dblp.org/rec/conf/soups/HaringGT0WFA21
https://dblp.org/pid/132/9687,https://dblp.org/rec/conf/soups/NeilBLAR21
https://dblp.org/pid/132/9687,https://dblp.org/rec/conf/soups/HuamanKWKSAF22
https://dblp.org/pid/327/6458,https://dblp.org/rec/conf/soups/NeilRAR23
https://dblp.org/pid/132/9687,https://dblp.org/rec/conf/soups/NeilRAR23
https://dblp.org/pid/132/9687,https://dblp.org/rec/conf/soups/StranskyWSHAFWU21
https://dblp.org/pid/132/9687,https://dblp.org/rec/conf/soups/FahlHAS13
https://dblp.org/pid/13/8970,https://dblp.org/rec/conf/soups/Cabarcos025
https://dblp.org/pid/13/8970,https://dblp.org/rec/conf/soups/CabarcosK17
https://dblp.org/pid/132/9687,https://dblp.org/rec/conf/soups/BuckmannNAZ25
https://dblp.org/pid/132/9687,https://dblp.org/rec/conf/soups/AmftHHAF23
https://dblp.org/pid/f/AlexanderFoerster,https://dblp.org/rec/conf/adhocnets/ForsterFM09
https://dblp.org/pid/77/4790,https://dblp.org/rec/conf/selmas/0001T06
https://dblp.org/pid/77/4790,https://dblp.org/rec/conf/selmas/KleinG05
https://dblp.org/pid/77/4790,https://dblp.org/rec/conf/selmas/0001G05
https://dblp.org/pid/77/4790,https://dblp.org/rec/conf/selmas/KleinG04
https://dblp.org/pid/e/GregorEngels,https://dblp.org/rec/conf/compsac/DepkeETLL02
https://dblp.org/pid/24/160,https://dblp.org/rec/conf/aswsd/GrossmannFKCWM06
https://dblp.org/pid/m/WMuller3,https://dblp.org/rec/conf/aswsd/GrossmannFKCWM06
https://dblp.org/pid/81/10647,https://dblp.org/rec/conf/dfn/OevelP16
https://dblp.org/pid/81/10647,https://dblp.org/rec/conf/dfn/BrenneckeOS11
https://dblp.org/pid/81/10647,https://dblp.org/rec/conf/dfn/OevelPB14
https://dblp.org/pid/189/4866,https://dblp.org/rec/conf/icit2/IllianZS24
https://dblp.org/pid/138/8052,https://dblp.org/rec/conf/icores/MarkarianH19
https://dblp.org/pid/h/FMaufderHeide,https://dblp.org/rec/conf/icores/MarkarianH19
https://dblp.org/pid/138/8052,https://dblp.org/rec/conf/icores/YassineME20
https://dblp.org/pid/138/8052,https://dblp.org/rec/conf/icores/MarkarianK20
https://dblp.org/pid/138/8052,https://dblp.org/rec/conf/icores/MarkarianK21
https://dblp.org/pid/138/8052,https://dblp.org/rec/conf/icores/MarkarianKY21
https://dblp.org/pid/b/StBottcher,https://dblp.org/rec/conf/ACMicec/ObermeierB08
https://dblp.org/pid/00/2717,https://dblp.org/rec/conf/adprl/RichertSKKS09
https://dblp.org/pid/m/WMuller3,https://dblp.org/rec/conf/codes/OliveiraKLGH0DEE12
https://dblp.org/pid/m/WMuller3,https://dblp.org/rec/conf/codes/MullerE12
https://dblp.org/pid/68/3728,https://dblp.org/rec/conf/codes/HenkelBBBBCEEHHHKLMPRSSTTWW11
https://dblp.org/pid/68/3728,https://dblp.org/rec/conf/codes/Platzner16
https://dblp.org/pid/08/335-1,https://dblp.org/rec/conf/compgeom/ArtmannMP0S25
https://dblp.org/pid/s/ChristianScheideler,https://dblp.org/rec/conf/compgeom/ArtmannMP0S25
https://dblp.org/pid/33/2110,https://dblp.org/rec/conf/compgeom/AltBB91
https://dblp.org/pid/17/6729-15,https://dblp.org/rec/conf/euromlsys/RazaviGMJW24
https://dblp.org/pid/17/6729-15,https://dblp.org/rec/conf/euromlsys/ZohdiW26
https://dblp.org/pid/44/5175-1,https://dblp.org/rec/conf/sbcci/DittmannRW07
https://dblp.org/pid/r/FranzJosefRammig,https://dblp.org/rec/conf/sbcci/OliveiraFNRW09
https://dblp.org/pid/00/2717,https://dblp.org/rec/conf/sbcci/RettbergK01
https://dblp.org/pid/44/5175-1,https://dblp.org/rec/conf/sbcci/RettbergDZL03
https://dblp.org/pid/54/503-1,https://dblp.org/rec/conf/sbcci/RettbergDZL03
https://dblp.org/pid/54/503-1,https://dblp.org/rec/conf/sbcci/ZanellaRFH0G01
https://dblp.org/pid/44/5175-1,https://dblp.org/rec/conf/sbcci/DittmannH05
https://dblp.org/pid/54/503-1,https://dblp.org/rec/conf/sbcci/RettbergZLDR03
https://dblp.org/pid/88/6542,https://dblp.org/rec/conf/eusipco/XieKRTH24
https://dblp.org/pid/203/2506,https://dblp.org/rec/conf/eusipco/DamerBT0K18
https://dblp.org/pid/88/6542,https://dblp.org/rec/conf/eusipco/Schmalenstroeer21
https://dblp.org/pid/70/8761,https://dblp.org/rec/conf/eusipco/HoangSDVH13
https://dblp.org/pid/88/6542,https://dblp.org/rec/conf/eusipco/HoangSDVH13
https://dblp.org/pid/s/MohammadSoleymani-2,https://dblp.org/rec/conf/eusipco/0002LSS19
https://dblp.org/pid/88/6542,https://dblp.org/rec/conf/eusipco/Schmalenstroeer16
https://dblp.org/pid/88/6542,https://dblp.org/rec/conf/eusipco/WerningH24
https://dblp.org/pid/88/6542,https://dblp.org/rec/conf/eusipco/Schmalenstroeer18
https://dblp.org/pid/88/6542,https://dblp.org/rec/conf/eusipco/GburrekSH23
https://dblp.org/pid/04/9921,https://dblp.org/rec/conf/eusipco/NoePWS14
https://dblp.org/pid/s/MohammadSoleymani-2,https://dblp.org/rec/conf/eusipco/SoleymaniSMS20
https://dblp.org/pid/88/6542,https://dblp.org/rec/conf/eusipco/HeitkaemperSH22
https://dblp.org/pid/88/6542,https://dblp.org/rec/conf/eusipco/EbbersKH21
https://dblp.org/pid/70/8761,https://dblp.org/rec/conf/eusipco/VuH13
https://dblp.org/pid/88/6542,https://dblp.org/rec/conf/eusipco/VuH13
https://dblp.org/pid/88/6542,https://dblp.org/rec/conf/eusipco/DrudeJH15
https://dblp.org/pid/88/6542,https://dblp.org/rec/conf/eusipco/EnznerSH13
https://dblp.org/pid/s/MohammadSoleymani-2,https://dblp.org/rec/conf/eusipco/0002SJ23
https://dblp.org/pid/88/6542,https://dblp.org/rec/conf/eusipco/GburrekSBKH20
https://dblp.org/pid/55/3839,https://dblp.org/rec/conf/eusipco/LeongDQ16
https://dblp.org/pid/88/6542,https://dblp.org/rec/conf/eusipco/SchmalenstroeerH13
https://dblp.org/pid/k/UweKastens,https://dblp.org/rec/conf/plilp/Kastens93
https://dblp.org/pid/17/6729-15,https://dblp.org/rec/conf/secon/JiaoPWLL18
https://dblp.org/pid/34/2589,https://dblp.org/rec/conf/aciids/AssenmacherT22
https://dblp.org/pid/77/949,https://dblp.org/rec/conf/iscas/GrassHPSSGKTEWSK07
https://dblp.org/pid/k/MKoester,https://dblp.org/rec/conf/iscas/BeckerKL10
https://dblp.org/pid/55/3839,https://dblp.org/rec/conf/iscas/VoLI04
https://dblp.org/pid/77/949,https://dblp.org/rec/conf/iscas/AbughannamS22
https://dblp.org/pid/77/949,https://dblp.org/rec/conf/iscas/OstrovskyySLPJ12
https://dblp.org/pid/77/949,https://dblp.org/rec/conf/iscas/WuWS20
https://dblp.org/pid/77/949,https://dblp.org/rec/conf/iscas/HuHS10
https://dblp.org/pid/138/8052,https://dblp.org/rec/conf/iceis/Markarian22
https://dblp.org/pid/b/StBottcher,https://dblp.org/rec/conf/iceis/BottcherSK07
https://dblp.org/pid/48/5080,https://dblp.org/rec/conf/iceis/BottcherSK07
https://dblp.org/pid/138/8052,https://dblp.org/rec/conf/iceis/Markarian21
https://dblp.org/pid/168/1542,https://dblp.org/rec/conf/iceis/OliveiraMGF20
https://dblp.org/pid/b/StBottcher,https://dblp.org/rec/conf/iceis/BottcherO07
https://dblp.org/pid/70/2162,https://dblp.org/rec/conf/iceis/HampelPS08
https://dblp.org/pid/70/2162,https://dblp.org/rec/conf/iceis/SchulteKKS11
https://dblp.org/pid/k/ReinhardKeilSlawik,https://dblp.org/rec/conf/iceis/SchulteKKS11
https://dblp.org/pid/70/4639,https://dblp.org/rec/conf/iceis/DangelmaierRHBKDT07
https://dblp.org/pid/70/2162,https://dblp.org/rec/conf/iceis/SchulteKRF11
https://dblp.org/pid/k/ReinhardKeilSlawik,https://dblp.org/rec/conf/iceis/SchulteKRF11
https://dblp.org/pid/b/StBottcher,https://dblp.org/rec/conf/iceis/BottcherHK10
https://dblp.org/pid/48/5080,https://dblp.org/rec/conf/iceis/BottcherHK10
https://dblp.org/pid/b/StBottcher,https://dblp.org/rec/conf/iceis/BettentruppGGBG06
https://dblp.org/pid/b/StBottcher,https://dblp.org/rec/conf/iceis/BottcherHM10a
https://dblp.org/pid/48/5080,https://dblp.org/rec/conf/iceis/BottcherHM10a
https://dblp.org/pid/70/2162,https://dblp.org/rec/conf/iceis/SchulteHSES08
https://dblp.org/pid/70/2162,https://dblp.org/rec/conf/iceis/Schulte11
https://dblp.org/pid/138/8052,https://dblp.org/rec/conf/iceis/MarkarianE21
https://dblp.org/pid/e/GregorEngels,https://dblp.org/rec/conf/iceis/EngelsHHJLRVW08
https://dblp.org/pid/26/4979,https://dblp.org/rec/conf/iceis/JohnK12
https://dblp.org/pid/138/8052,https://dblp.org/rec/conf/iceis/MarkarianF23
https://dblp.org/pid/b/StBottcher,https://dblp.org/rec/conf/iceis/ObermeierB10
https://dblp.org/pid/138/8052,https://dblp.org/rec/conf/iceis/Markarian22a
https://dblp.org/pid/70/2162,https://dblp.org/rec/conf/iceis/Schulte11a
https://dblp.org/pid/b/StBottcher,https://dblp.org/rec/conf/iceis/GroppeBB04
https://dblp.org/pid/b/StBottcher,https://dblp.org/rec/conf/iceis/BottcherG03
https://dblp.org/pid/b/StBottcher,https://dblp.org/rec/conf/iceis/BottcherHM10
https://dblp.org/pid/48/5080,https://dblp.org/rec/conf/iceis/BottcherHM10
https://dblp.org/pid/138/8052,https://dblp.org/rec/conf/iceis/MarkarianE21a
https://dblp.org/pid/70/2162,https://dblp.org/rec/conf/iceis/BoppSH07
https://dblp.org/pid/70/4639,https://dblp.org/rec/conf/iceis/DangelmaierKKBR07
https://dblp.org/pid/95/4985-1,https://dblp.org/rec/conf/informatiktage/SchmidtRM08
https://dblp.org/pid/127/6615,https://dblp.org/rec/conf/informatiktage/DiekwischMWSJMM11
https://dblp.org/pid/84/1558-1,https://dblp.org/rec/conf/informatiktage/DiekwischMWSJMM11
https://dblp.org/pid/147/3358,https://dblp.org/rec/conf/informatiktage/Strothmann13
https://dblp.org/pid/95/4985-1,https://dblp.org/rec/conf/informatiktage/Reinhardt09
https://dblp.org/pid/95/4985-1,https://dblp.org/rec/conf/informatiktage/Reinhardt06
https://dblp.org/pid/95/4985-1,https://dblp.org/rec/conf/informatiktage/MlynarskiNR07
https://dblp.org/pid/95/4985-1,https://dblp.org/rec/conf/informatiktage/Reinhardt07
https://dblp.org/pid/95/4985-1,https://dblp.org/rec/conf/informatiktage/Reinhardt06a
https://dblp.org/pid/96/1876-1,https://dblp.org/rec/conf/informatiktage/BirkenheuerHHJK05
https://dblp.org/pid/18/2890,https://dblp.org/rec/conf/informatiktage/Campen09
https://dblp.org/pid/14/4836-3,https://dblp.org/rec/conf/informatiktage/Winter05
https://dblp.org/pid/79/6049,https://dblp.org/rec/conf/ro-man/PitschLRSNW12
https://dblp.org/pid/79/6049,https://dblp.org/rec/conf/ro-man/TolksdorfR20
https://dblp.org/pid/79/6049,https://dblp.org/rec/conf/ro-man/SalemRKJ11
https://dblp.org/pid/79/6049,https://dblp.org/rec/conf/ro-man/HegelLSWRW07
https://dblp.org/pid/17/5476,https://dblp.org/rec/conf/ro-man/AustermannEKK05
https://dblp.org/pid/00/2717,https://dblp.org/rec/conf/ro-man/AustermannEKK05
https://dblp.org/pid/19/6980-1,https://dblp.org/rec/conf/iweb/OttH98
https://dblp.org/pid/53/3909,https://dblp.org/rec/conf/wetice/HampelSV05
https://dblp.org/pid/19/6980-1,https://dblp.org/rec/conf/wetice/OttH98
https://dblp.org/pid/m/WMuller3,https://dblp.org/rec/conf/wetice/FlakeGMPRR01
https://dblp.org/pid/b/StBottcher,https://dblp.org/rec/conf/widm/GroppeB03
https://dblp.org/pid/m/WMuller3,https://dblp.org/rec/conf/seke/FlakeM03
https://dblp.org/pid/31/5809,https://dblp.org/rec/conf/seke/SchaferW95
https://dblp.org/pid/b/StBottcher,https://dblp.org/rec/conf/seke/Bottcher90
https://dblp.org/pid/m/WMuller3,https://dblp.org/rec/conf/isocc/Kuznik011
https://dblp.org/pid/14/3197-1,https://dblp.org/rec/conf/iticse/SchulteCTBP10
https://dblp.org/pid/14/3197-1,https://dblp.org/rec/conf/iticse/IzuSACDGHKLMW19a
https://dblp.org/pid/48/4209,https://dblp.org/rec/conf/iticse/HubwieserGBBDMP15
https://dblp.org/pid/14/3197-1,https://dblp.org/rec/conf/iticse/Hoper0M24
https://dblp.org/pid/k/ReinhardKeilSlawik,https://dblp.org/rec/conf/iticse/HampelFKM98
https://dblp.org/pid/14/3197-1,https://dblp.org/rec/conf/iticse/DorgeS08
https://dblp.org/pid/14/3197-1,https://dblp.org/rec/conf/iticse/IzuSACDGHKLMW19
https://dblp.org/pid/14/3197-1,https://dblp.org/rec/conf/iticse/0001SSAYLRSSTTV24
https://dblp.org/pid/14/3197-1,https://dblp.org/rec/conf/iticse/EhlertS10
https://dblp.org/pid/48/4209,https://dblp.org/rec/conf/iticse/HubwieserABDDGK11
https://dblp.org/pid/48/4209,https://dblp.org/rec/conf/iticse/BergesHMBBMNSSO13
https://dblp.org/pid/14/3197-1,https://dblp.org/rec/conf/iticse/0001SSAYLRSSTTV24a
https://dblp.org/pid/79/6049,https://dblp.org/rec/conf/iticse/Rohlfing21
https://dblp.org/pid/14/3197-1,https://dblp.org/rec/conf/iticse/BrindaPS09
https://dblp.org/pid/e/GregorEngels,https://dblp.org/rec/conf/caise/NagelGPE13
https://dblp.org/pid/138/4856,https://dblp.org/rec/conf/caise/GottschalkYNE21
https://dblp.org/pid/e/GregorEngels,https://dblp.org/rec/conf/caise/GottschalkYNE21
https://dblp.org/pid/138/4856,https://dblp.org/rec/conf/caise/JovanovikjYG0E19
https://dblp.org/pid/07/2093-1,https://dblp.org/rec/conf/caise/JovanovikjYG0E19
https://dblp.org/pid/e/GregorEngels,https://dblp.org/rec/conf/caise/JovanovikjYG0E19
https://dblp.org/pid/70/2162,https://dblp.org/rec/conf/caise/StarkSHSZE08
https://dblp.org/pid/07/2093-1,https://dblp.org/rec/conf/caise/Salger0E09
https://dblp.org/pid/e/GregorEngels,https://dblp.org/rec/conf/caise/Salger0E09
https://dblp.org/pid/e/GregorEngels,https://dblp.org/rec/conf/caise/JovanovikjEA018
https://dblp.org/pid/07/2093-1,https://dblp.org/rec/conf/caise/JovanovikjEA018
https://dblp.org/pid/e/GregorEngels,https://dblp.org/rec/conf/caise/JazayeriSKZE20
https://dblp.org/pid/e/GregorEngels,https://dblp.org/rec/conf/caise/KhalufGE11
https://dblp.org/pid/f/AlexanderFoerster,https://dblp.org/rec/conf/caise/KusterGFE08
https://dblp.org/pid/e/GregorEngels,https://dblp.org/rec/conf/caise/KusterGFE08
https://dblp.org/pid/31/5809,https://dblp.org/rec/conf/caise/KindlerRS06
https://dblp.org/pid/e/GregorEngels,https://dblp.org/rec/conf/caise/PittkeNEM14
https://dblp.org/pid/e/GregorEngels,https://dblp.org/rec/conf/caise/HumaGEJ12
https://dblp.org/pid/e/GregorEngels,https://dblp.org/rec/conf/caise/WoltersGE16
https://dblp.org/pid/31/5809,https://dblp.org/rec/conf/ecmdafa/BurmesterGS05
https://dblp.org/pid/138/4856,https://dblp.org/rec/conf/ecmdafa/YigitbasALG18
https://dblp.org/pid/138/4856,https://dblp.org/rec/conf/ecmdafa/YigitbasS0E17
https://dblp.org/pid/07/2093-1,https://dblp.org/rec/conf/ecmdafa/YigitbasS0E17
https://dblp.org/pid/e/GregorEngels,https://dblp.org/rec/conf/ecmdafa/YigitbasS0E17
https://dblp.org/pid/e/GregorEngels,https://dblp.org/rec/conf/ecmdafa/KusterGE10
https://dblp.org/pid/e/GregorEngels,https://dblp.org/rec/conf/ecmdafa/EngelsKRSSW08
https://dblp.org/pid/50/6546,https://dblp.org/rec/conf/ecmdafa/EngelsKRSSW08
https://dblp.org/pid/e/GregorEngels,https://dblp.org/rec/conf/ecmdafa/KusterGE09
https://dblp.org/pid/e/GregorEngels,https://dblp.org/rec/conf/ecmdafa/SchwichtenbergGHE14
https://dblp.org/pid/31/5809,https://dblp.org/rec/conf/ecmdafa/Schafer11
https://dblp.org/pid/145/1160,https://dblp.org/rec/conf/kcap/AhmedSN19
https://dblp.org/pid/65/4336,https://dblp.org/rec/conf/kcap/AhmedSN19
https://dblp.org/pid/150/4812-2,https://dblp.org/rec/conf/kcap/TeyouFKD0HN25
https://dblp.org/pid/65/4336,https://dblp.org/rec/conf/kcap/TeyouFKD0HN25
https://dblp.org/pid/65/4336,https://dblp.org/rec/conf/kcap/SapkotaDSN25
https://dblp.org/pid/65/4336,https://dblp.org/rec/conf/kcap/IhtassineFSANS25
https://dblp.org/pid/145/1160,https://dblp.org/rec/conf/kcap/IhtassineFSANS25
https://dblp.org/pid/65/4336,https://dblp.org/rec/conf/kcap/ZaheraHN21
https://dblp.org/pid/168/1542,https://dblp.org/rec/conf/kcap/SrivastavaPKMN023
https://dblp.org/pid/65/4336,https://dblp.org/rec/conf/kcap/SrivastavaPKMN023
https://dblp.org/pid/65/4336,https://dblp.org/rec/conf/kcap/Akhter0BN21
https://dblp.org/pid/65/4336,https://dblp.org/rec/conf/kcap/SpeckN17
https://dblp.org/pid/168/1542,https://dblp.org/rec/conf/kcap/FirmansyahMN21
https://dblp.org/pid/65/4336,https://dblp.org/rec/conf/kcap/FirmansyahMN21
https://dblp.org/pid/65/4336,https://dblp.org/rec/conf/kcap/VollmersSZN25
https://dblp.org/pid/65/4336,https://dblp.org/rec/conf/kcap/SaleemSMLN17
https://dblp.org/pid/145/1160,https://dblp.org/rec/conf/kcap/ZaheraSN19
https://dblp.org/pid/65/4336,https://dblp.org/rec/conf/kcap/ZaheraSN19
https://dblp.org/pid/65/4336,https://dblp.org/rec/conf/kcap/ZhangRSKN25
https://dblp.org/pid/168/1542,https://dblp.org/rec/conf/kcap/MoussallemURN17
https://dblp.org/pid/65/4336,https://dblp.org/rec/conf/kcap/MoussallemURN17
https://dblp.org/pid/168/1542,https://dblp.org/rec/conf/kcap/MoussallemNBA19
https://dblp.org/pid/65/4336,https://dblp.org/rec/conf/kcap/MoussallemNBA19
https://dblp.org/pid/65/4336,https://dblp.org/rec/conf/kcap/NgomoCPT19
https://dblp.org/pid/76/3237,https://dblp.org/rec/conf/kcap/NgomoCPT19
https://dblp.org/pid/228/3129,https://dblp.org/rec/conf/is/KaczmarekMajerCCLH22
https://dblp.org/pid/94/5744,https://dblp.org/rec/conf/aosd/BoddenTI13
https://dblp.org/pid/94/5744,https://dblp.org/rec/conf/aosd/BoddenSH08
https://dblp.org/pid/94/5744,https://dblp.org/rec/conf/aosd/Bodden11
https://dblp.org/pid/94/5744,https://dblp.org/rec/conf/aosd/BoddenCR09
https://dblp.org/pid/e/GregorEngels,https://dblp.org/rec/conf/ewdw/EngelL94
https://dblp.org/pid/17/6729-15,https://dblp.org/rec/conf/iscc/WangAZWL15
https://dblp.org/pid/17/6729-15,https://dblp.org/rec/conf/iscc/RazaviFKNMW24
https://dblp.org/pid/43/6309-1,https://dblp.org/rec/conf/rectour/HalimehF023
https://dblp.org/pid/53/4856,https://dblp.org/rec/conf/ppsn/BriestBDEGHJLPRSSTW04
https://dblp.org/pid/34/2589,https://dblp.org/rec/conf/ppsn/SchneiderSPBTK22
https://dblp.org/pid/261/3628,https://dblp.org/rec/conf/ppsn/PragerSTK22
https://dblp.org/pid/34/2589,https://dblp.org/rec/conf/ppsn/PragerSTK22
https://dblp.org/pid/119/5839,https://dblp.org/rec/conf/ppsn/HeinsRSKBT22
https://dblp.org/pid/34/2589,https://dblp.org/rec/conf/ppsn/HeinsRSKBT22
https://dblp.org/pid/119/5839,https://dblp.org/rec/conf/ppsn/BossekNN20
https://dblp.org/pid/34/2589,https://dblp.org/rec/conf/ppsn/MostaghimTM10
https://dblp.org/pid/34/2589,https://dblp.org/rec/conf/ppsn/TrautmannLMP08
https://dblp.org/pid/34/2589,https://dblp.org/rec/conf/ppsn/MersmannPT10
https://dblp.org/pid/34/2589,https://dblp.org/rec/conf/ppsn/KerschkeWPGDTE16
https://dblp.org/pid/261/3628,https://dblp.org/rec/conf/ppsn/SeilerSCDT24
https://dblp.org/pid/34/2589,https://dblp.org/rec/conf/ppsn/SeilerSCDT24
https://dblp.org/pid/34/2589,https://dblp.org/rec/conf/ppsn/DietrichPDT24
https://dblp.org/pid/119/5839,https://dblp.org/rec/conf/ppsn/NikfarjamNBN22
https://dblp.org/pid/34/2589,https://dblp.org/rec/conf/ppsn/WessingPT14
https://dblp.org/pid/53/4856,https://dblp.org/rec/conf/ppsn/BriestBDEGHJLPRSSTW04a
https://dblp.org/pid/261/3628,https://dblp.org/rec/conf/ppsn/SeilerPBKT20
https://dblp.org/pid/119/5839,https://dblp.org/rec/conf/ppsn/SeilerPBKT20
https://dblp.org/pid/34/2589,https://dblp.org/rec/conf/ppsn/SeilerPBKT20
https://dblp.org/pid/34/2589,https://dblp.org/rec/conf/ppsn/VossTI10
https://dblp.org/pid/119/5839,https://dblp.org/rec/conf/ppsn/BossekDKNN20
https://dblp.org/pid/80/3639-9,https://dblp.org/rec/conf/glvlsi/00090P21
https://dblp.org/pid/62/6023-2,https://dblp.org/rec/conf/glvlsi/00090P21
https://dblp.org/pid/68/3728,https://dblp.org/rec/conf/glvlsi/00090P21
https://dblp.org/pid/80/3639-9,https://dblp.org/rec/conf/glvlsi/AwaisMP20
https://dblp.org/pid/62/6023-2,https://dblp.org/rec/conf/glvlsi/AwaisMP20
https://dblp.org/pid/68/3728,https://dblp.org/rec/conf/glvlsi/AwaisMP20
https://dblp.org/pid/62/6023-2,https://dblp.org/rec/conf/glvlsi/WitschenMAP19
https://dblp.org/pid/68/3728,https://dblp.org/rec/conf/glvlsi/WitschenMAP19
https://dblp.org/pid/h/FMaufderHeide,https://dblp.org/rec/conf/mss/BrinkmannHHRSV04
https://dblp.org/pid/76/3237,https://dblp.org/rec/conf/kr/EckePT14
https://dblp.org/pid/76/3237,https://dblp.org/rec/conf/kr/BrandtKT02
https://dblp.org/pid/76/3237,https://dblp.org/rec/conf/kr/PenalozaTT18
https://dblp.org/pid/70/4639,https://dblp.org/rec/conf/ifip5-3/FerreiraMDKG98
https://dblp.org/pid/70/4639,https://dblp.org/rec/conf/ifip5-3/DoringDL08
https://dblp.org/pid/138/4856,https://dblp.org/rec/conf/profes/GottschalkYNE21
https://dblp.org/pid/e/GregorEngels,https://dblp.org/rec/conf/profes/GottschalkYNE21
https://dblp.org/pid/138/4856,https://dblp.org/rec/conf/profes/GottschalkPYE22
https://dblp.org/pid/e/GregorEngels,https://dblp.org/rec/conf/profes/GottschalkPYE22
https://dblp.org/pid/138/4856,https://dblp.org/rec/conf/profes/YigitbasWGE23
https://dblp.org/pid/e/GregorEngels,https://dblp.org/rec/conf/profes/YigitbasWGE23
https://dblp.org/pid/e/GregorEngels,https://dblp.org/rec/conf/profes/Fazal-BaqaieGE14
https://dblp.org/pid/07/2093-1,https://dblp.org/rec/conf/profes/Fazal-BaqaieG015
https://dblp.org/pid/e/GregorEngels,https://dblp.org/rec/conf/profes/WoltersE22
https://dblp.org/pid/07/2093-1,https://dblp.org/rec/conf/profes/GorissenSB24
https://dblp.org/pid/69/3369-1,https://dblp.org/rec/conf/esocc/BeckerPB14
https://dblp.org/pid/31/5809,https://dblp.org/rec/conf/esocc/PlateniusAPS14
https://dblp.org/pid/14/3197-1,https://dblp.org/rec/conf/etra/SparmannS23
https://dblp.org/pid/14/3197-1,https://dblp.org/rec/conf/etra/HusingS0B24
https://dblp.org/pid/14/3197-1,https://dblp.org/rec/conf/etra/BusjahnBS14
https://dblp.org/pid/43/6309-1,https://dblp.org/rec/conf/bir/ThiessM20
https://dblp.org/pid/68/3728,https://dblp.org/rec/conf/socpar/HoKP19
https://dblp.org/pid/36/10647,https://dblp.org/rec/conf/hvc/TravkinMW13
https://dblp.org/pid/36/10647,https://dblp.org/rec/conf/hvc/WehrheimT15
https://dblp.org/pid/36/10647,https://dblp.org/rec/conf/hvc/TravkinW14
https://dblp.org/pid/e/GregorEngels,https://dblp.org/rec/conf/apn/EngelsHS00
https://dblp.org/pid/07/2093-1,https://dblp.org/rec/conf/apn/EngelsHS00
https://dblp.org/pid/00/2717,https://dblp.org/rec/conf/apn/KleinjohannKT96
https://dblp.org/pid/17/5476,https://dblp.org/rec/conf/apn/KleinjohannKT96
https://dblp.org/pid/02/691-2,https://dblp.org/rec/conf/apn/KindlerRW06
https://dblp.org/pid/77/949,https://dblp.org/rec/conf/rfidta/HaddadianS19
https://dblp.org/pid/e/GregorEngels,https://dblp.org/rec/conf/qosa/SalgerBEL08
https://dblp.org/pid/69/3369-1,https://dblp.org/rec/conf/qosa/BeckerLB12
https://dblp.org/pid/69/3369-1,https://dblp.org/rec/conf/qosa/BeckerLB13
https://dblp.org/pid/34/2589,https://dblp.org/rec/conf/evostar/PreussRT24
https://dblp.org/pid/r/FranzJosefRammig,https://dblp.org/rec/conf/ecal/KhalufR13
https://dblp.org/pid/65/4336,https://dblp.org/rec/conf/aaaifs/TsatsaronisSPAAGGAAZN12
https://dblp.org/pid/b/StBottcher,https://dblp.org/rec/conf/secrypt/ObermeierB07
https://dblp.org/pid/25/7857,https://dblp.org/rec/conf/smartgreens/MalenaLBGT21
https://dblp.org/pid/94/5744,https://dblp.org/rec/conf/ecoop/SchiebelSSAB24
https://dblp.org/pid/94/5744,https://dblp.org/rec/conf/ecoop/LuoDB19
https://dblp.org/pid/94/5744,https://dblp.org/rec/conf/ecoop/SchottPFKB24
https://dblp.org/pid/94/5744,https://dblp.org/rec/conf/ecoop/BonifacioKNBM21
https://dblp.org/pid/94/5744,https://dblp.org/rec/conf/ecoop/BoddenHL07
https://dblp.org/pid/174/1998,https://dblp.org/rec/conf/ecoop/KrugerS0BM18
https://dblp.org/pid/94/5744,https://dblp.org/rec/conf/ecoop/KrugerS0BM18
https://dblp.org/pid/94/5744,https://dblp.org/rec/conf/ecoop/SchubertHB21
https://dblp.org/pid/174/1998,https://dblp.org/rec/conf/ecoop/SpathDAB16
https://dblp.org/pid/94/5744,https://dblp.org/rec/conf/ecoop/SpathDAB16
https://dblp.org/pid/26/4979,https://dblp.org/rec/conf/wmc/KundischS03
https://dblp.org/pid/84/1558-1,https://dblp.org/rec/conf/wae/FischerLZ98
https://dblp.org/pid/b/StBottcher,https://dblp.org/rec/conf/icete/BottcherO07
https://dblp.org/pid/19/6980-1,https://dblp.org/rec/conf/icete/HuthVHR06
https://dblp.org/pid/04/9921,https://dblp.org/rec/conf/icumt/HussinPN11
https://dblp.org/pid/79/6049,https://dblp.org/rec/conf/cts/FischerLSNWR13
https://dblp.org/pid/134/7582,https://dblp.org/rec/conf/provsec/BoydDGRT18
https://dblp.org/pid/94/5744,https://dblp.org/rec/conf/isola/BoddenFPS12
https://dblp.org/pid/94/5744,https://dblp.org/rec/conf/isola/BoddenFR12
https://dblp.org/pid/94/5744,https://dblp.org/rec/conf/isola/BoddenPSSW16
https://dblp.org/pid/m/WMuller3,https://dblp.org/rec/conf/isola/GrossmannM06
https://dblp.org/pid/70/4639,https://dblp.org/rec/conf/bis/DangelmaierKTB07
https://dblp.org/pid/k/HKleineBuning,https://dblp.org/rec/conf/alt/BuningL96
https://dblp.org/pid/17/2025,https://dblp.org/rec/conf/alt/BuningL96
https://dblp.org/pid/34/2589,https://dblp.org/rec/conf/foga/PragerDSSBKTM23
https://dblp.org/pid/119/5839,https://dblp.org/rec/conf/foga/HeinsBPSTK21
https://dblp.org/pid/261/3628,https://dblp.org/rec/conf/foga/HeinsBPSTK21
https://dblp.org/pid/34/2589,https://dblp.org/rec/conf/foga/HeinsBPSTK21
https://dblp.org/pid/119/5839,https://dblp.org/rec/conf/foga/BossekS19
https://dblp.org/pid/119/5839,https://dblp.org/rec/conf/foga/NikfarjamB0N21
https://dblp.org/pid/119/5839,https://dblp.org/rec/conf/foga/BossekKN00T19
https://dblp.org/pid/34/2589,https://dblp.org/rec/conf/foga/BossekKN00T19
https://dblp.org/pid/119/5839,https://dblp.org/rec/conf/foga/BossekS21
https://dblp.org/pid/34/2589,https://dblp.org/rec/conf/foga/RookRTH25
https://dblp.org/pid/34/2589,https://dblp.org/rec/conf/foga/Nallaperuma0NBMT13
https://dblp.org/pid/b/StBottcher,https://dblp.org/rec/conf/ictai/Bottcher90
https://dblp.org/pid/k/HKleineBuning,https://dblp.org/rec/conf/ictai/KlerxABP14
https://dblp.org/pid/55/3839,https://dblp.org/rec/conf/ascc/NiLQS17
https://dblp.org/pid/94/5811-1,https://dblp.org/rec/conf/cases/TeichWFT00
https://dblp.org/pid/94/5811-1,https://dblp.org/rec/conf/cases/FischerTTW02
https://dblp.org/pid/94/5811-1,https://dblp.org/rec/conf/cases/FischerTWKT01
https://dblp.org/pid/k/UweKastens,https://dblp.org/rec/conf/cases/FischerTWKT01
https://dblp.org/pid/65/4336,https://dblp.org/rec/conf/esws/KouagouHDN23
https://dblp.org/pid/65/4336,https://dblp.org/rec/conf/esws/WilkeN23
https://dblp.org/pid/65/4336,https://dblp.org/rec/conf/esws/LykoHSNL13
https://dblp.org/pid/65/4336,https://dblp.org/rec/conf/esws/ValdestilhasSNM18
https://dblp.org/pid/65/4336,https://dblp.org/rec/conf/esws/RoderUN15
https://dblp.org/pid/145/1160,https://dblp.org/rec/conf/esws/SherifNL17
https://dblp.org/pid/65/4336,https://dblp.org/rec/conf/esws/SherifNL17
https://dblp.org/pid/168/1542,https://dblp.org/rec/conf/esws/MoussallemURN18
https://dblp.org/pid/65/4336,https://dblp.org/rec/conf/esws/MoussallemURN18
https://dblp.org/pid/65/4336,https://dblp.org/rec/conf/esws/KhaliliAN14
https://dblp.org/pid/145/1160,https://dblp.org/rec/conf/esws/WauerSN18
https://dblp.org/pid/65/4336,https://dblp.org/rec/conf/esws/WauerSN18
https://dblp.org/pid/65/4336,https://dblp.org/rec/conf/esws/NapolitanoUN18
https://dblp.org/pid/65/4336,https://dblp.org/rec/conf/esws/MarxZMRLNC16
https://dblp.org/pid/65/4336,https://dblp.org/rec/conf/esws/GeorgalaSJPRN17
https://dblp.org/pid/65/4336,https://dblp.org/rec/conf/esws/UsbeckRN15
https://dblp.org/pid/168/1542,https://dblp.org/rec/conf/esws/FirmansyahMN24
https://dblp.org/pid/65/4336,https://dblp.org/rec/conf/esws/FirmansyahMN24
https://dblp.org/pid/65/4336,https://dblp.org/rec/conf/esws/KhaliliAN14a
https://dblp.org/pid/65/4336,https://dblp.org/rec/conf/esws/RoderFCN21
https://dblp.org/pid/65/4336,https://dblp.org/rec/conf/esws/NgomoLC13
https://dblp.org/pid/65/4336,https://dblp.org/rec/conf/esws/GeorgalaSJPSRN18
https://dblp.org/pid/65/4336,https://dblp.org/rec/conf/esws/RoderUN15a
https://dblp.org/pid/168/1542,https://dblp.org/rec/conf/esws/AliSMSN23
https://dblp.org/pid/145/1160,https://dblp.org/rec/conf/esws/AliSMSN23
https://dblp.org/pid/65/4336,https://dblp.org/rec/conf/esws/AliSMSN23
https://dblp.org/pid/65/4336,https://dblp.org/rec/conf/esws/UngerNC16
https://dblp.org/pid/65/4336,https://dblp.org/rec/conf/esws/SpeckROAN17
https://dblp.org/pid/145/1160,https://dblp.org/rec/conf/esws/FirmansyahZSMN25
https://dblp.org/pid/168/1542,https://dblp.org/rec/conf/esws/FirmansyahZSMN25
https://dblp.org/pid/65/4336,https://dblp.org/rec/conf/esws/FirmansyahZSMN25
https://dblp.org/pid/65/4336,https://dblp.org/rec/conf/esws/OzkanSDN16
https://dblp.org/pid/65/4336,https://dblp.org/rec/conf/esws/GeorgalaON18
https://dblp.org/pid/65/4336,https://dblp.org/rec/conf/esws/SpeckRCRRSSASMN18
https://dblp.org/pid/65/4336,https://dblp.org/rec/conf/esws/DemirN21
https://dblp.org/pid/65/4336,https://dblp.org/rec/conf/esws/NgomoKHHAR13
https://dblp.org/pid/65/4336,https://dblp.org/rec/conf/esws/NgomoH16
https://dblp.org/pid/65/4336,https://dblp.org/rec/conf/esws/TeyouDN26
https://dblp.org/pid/65/4336,https://dblp.org/rec/conf/esws/NgomoSL14
https://dblp.org/pid/145/1160,https://dblp.org/rec/conf/esws/NgomoSL14
https://dblp.org/pid/65/4336,https://dblp.org/rec/conf/esws/NgomoL12
https://dblp.org/pid/65/4336,https://dblp.org/rec/conf/esws/RoderUSN15
https://dblp.org/pid/65/4336,https://dblp.org/rec/conf/esws/PerevalovCKSLDBN24
https://dblp.org/pid/76/3237,https://dblp.org/rec/conf/esws/PenalozaT11
https://dblp.org/pid/65/4336,https://dblp.org/rec/conf/esws/JhaRN17a
https://dblp.org/pid/145/1160,https://dblp.org/rec/conf/esws/KaralisBHSN24
https://dblp.org/pid/65/4336,https://dblp.org/rec/conf/esws/KaralisBHSN24
https://dblp.org/pid/65/4336,https://dblp.org/rec/conf/esws/UsbeckNBU15
https://dblp.org/pid/65/4336,https://dblp.org/rec/conf/esws/SaleemN14
https://dblp.org/pid/65/4336,https://dblp.org/rec/conf/esws/QudusPRN26
https://dblp.org/pid/65/4336,https://dblp.org/rec/conf/esws/PanditRN25
https://dblp.org/pid/65/4336,https://dblp.org/rec/conf/esws/AliSN21
https://dblp.org/pid/65/4336,https://dblp.org/rec/conf/esws/NgomoS16
https://dblp.org/pid/65/4336,https://dblp.org/rec/conf/esws/KapoorSRDN25
https://dblp.org/pid/65/4336,https://dblp.org/rec/conf/esws/UsbeckNHKRN17
https://dblp.org/pid/65/4336,https://dblp.org/rec/conf/esws/JhaRN17
https://dblp.org/pid/42/9934-1,https://dblp.org/rec/conf/esws/BeckerNS26
https://dblp.org/pid/65/4336,https://dblp.org/rec/conf/esws/BeckerNS26
https://dblp.org/pid/145/1160,https://dblp.org/rec/conf/esws/BeckerNS26
https://dblp.org/pid/65/4336,https://dblp.org/rec/conf/esws/KouagouHDN22
https://dblp.org/pid/65/4336,https://dblp.org/rec/conf/esws/ZaheraHBHVWWN22
https://dblp.org/pid/65/4336,https://dblp.org/rec/conf/esws/RoderNEB16
https://dblp.org/pid/145/1160,https://dblp.org/rec/conf/esws/SherifNL15
https://dblp.org/pid/65/4336,https://dblp.org/rec/conf/esws/SherifNL15
https://dblp.org/pid/65/4336,https://dblp.org/rec/conf/esws/RulaPNGLB14
https://dblp.org/pid/65/4336,https://dblp.org/rec/conf/esws/NentwigSNR14
https://dblp.org/pid/42/9934-1,https://dblp.org/rec/conf/esws/BeckerNS26a
https://dblp.org/pid/65/4336,https://dblp.org/rec/conf/esws/BeckerNS26a
https://dblp.org/pid/145/1160,https://dblp.org/rec/conf/esws/BeckerNS26a
https://dblp.org/pid/150/4812-2,https://dblp.org/rec/conf/esws/AliZSMKSN26
https://dblp.org/pid/65/4336,https://dblp.org/rec/conf/esws/AliZSMKSN26
https://dblp.org/pid/79/6049,https://dblp.org/rec/conf/re/RohlfingC22
https://dblp.org/pid/31/5809,https://dblp.org/rec/conf/re/FerrariMSHGS10
https://dblp.org/pid/123/8761,https://dblp.org/rec/conf/re/RooijenBPGHE17
https://dblp.org/pid/e/GregorEngels,https://dblp.org/rec/conf/re/RooijenBPGHE17
https://dblp.org/pid/123/8761,https://dblp.org/rec/conf/re/RooijenH16
https://dblp.org/pid/77/4790,https://dblp.org/rec/conf/re/AxenathGKF06
https://dblp.org/pid/25/7857,https://dblp.org/rec/conf/re/LankeitMHT18
https://dblp.org/pid/65/4336,https://dblp.org/rec/conf/clef/BalikasPNKP14
https://dblp.org/pid/65/4336,https://dblp.org/rec/conf/clef/PenasUN14
https://dblp.org/pid/65/4336,https://dblp.org/rec/conf/clef/CimianoLUCNW13
https://dblp.org/pid/65/4336,https://dblp.org/rec/conf/clef/UngerFLNCCW14
https://dblp.org/pid/65/4336,https://dblp.org/rec/conf/clef/PartalasGN13
https://dblp.org/pid/65/4336,https://dblp.org/rec/conf/clef/UsbeckN15
https://dblp.org/pid/65/4336,https://dblp.org/rec/conf/clef/UngerFLNCCW15
https://dblp.org/pid/65/4336,https://dblp.org/rec/conf/clef/CabrioCLNUW13
https://dblp.org/pid/13/8970,https://dblp.org/rec/conf/medhocnet/LopezMCS16
https://dblp.org/pid/k/UweKastens,https://dblp.org/rec/conf/saga/Kastens91a
https://dblp.org/pid/k/UweKastens,https://dblp.org/rec/conf/saga/Kastens91
https://dblp.org/pid/k/UweKastens,https://dblp.org/rec/conf/saga/Kastens91b
https://dblp.org/pid/65/4336,https://dblp.org/rec/conf/iiwas/AbreuFNRWS17
https://dblp.org/pid/k/HKleineBuning,https://dblp.org/rec/conf/iiwas/MohrB13
https://dblp.org/pid/138/4856,https://dblp.org/rec/conf/ease/WuppelmannY25
https://dblp.org/pid/132/9687,https://dblp.org/rec/conf/eurosp/PottebaumRSAFCBG23
https://dblp.org/pid/13/8970,https://dblp.org/rec/conf/eurosp/PottebaumRSAFCBG23
https://dblp.org/pid/94/5744,https://dblp.org/rec/conf/eurosp/PottebaumRSAFCBG23
https://dblp.org/pid/92/6400,https://dblp.org/rec/conf/eurosp/PottebaumRSAFCBG23
https://dblp.org/pid/33/2110,https://dblp.org/rec/conf/sacrypt/BlomerM01
https://dblp.org/pid/134/7582,https://dblp.org/rec/conf/sacrypt/DaviesP22
https://dblp.org/pid/33/2110,https://dblp.org/rec/conf/sacrypt/BlomerGK04
https://dblp.org/pid/33/2110,https://dblp.org/rec/conf/sacrypt/BlomerK07
https://dblp.org/pid/b/StBottcher,https://dblp.org/rec/conf/sis/Bottcher07
https://dblp.org/pid/r/FranzJosefRammig,https://dblp.org/rec/conf/icftcs/Bidjan-IraniGR87
https://dblp.org/pid/17/6729-15,https://dblp.org/rec/conf/alenex/SteinWWKKSWM17
https://dblp.org/pid/s/ChristianScheideler,https://dblp.org/rec/conf/alenex/OnusRS07
https://dblp.org/pid/44/5175-1,https://dblp.org/rec/conf/arcs/DittmannH06
https://dblp.org/pid/r/FranzJosefRammig,https://dblp.org/rec/conf/arcs/Ramming80
https://dblp.org/pid/00/2717,https://dblp.org/rec/conf/arcs/RichertKK05
https://dblp.org/pid/17/5476,https://dblp.org/rec/conf/arcs/RichertKK05
https://dblp.org/pid/68/3728,https://dblp.org/rec/conf/arcs/KaufmannP07
https://dblp.org/pid/r/FranzJosefRammig,https://dblp.org/rec/conf/arcs/Rammig86
https://dblp.org/pid/44/5175-1,https://dblp.org/rec/conf/arcs/DittmannRS05
https://dblp.org/pid/68/3728,https://dblp.org/rec/conf/arcs/LoschWP18
https://dblp.org/pid/43/6309-1,https://dblp.org/rec/conf/icexss/BeckerBMM10
https://dblp.org/pid/k/HKleineBuning,https://dblp.org/rec/conf/icla/BuningWS17
https://dblp.org/pid/m/WMuller3,https://dblp.org/rec/conf/serp/FlakeM03
https://dblp.org/pid/76/5938,https://dblp.org/rec/conf/ieeehpcs/BarrioCSKP12
https://dblp.org/pid/94/5744,https://dblp.org/rec/conf/oopsla/AvgustinovTBHLMOS06
https://dblp.org/pid/94/5744,https://dblp.org/rec/conf/oopsla/Bodden07
https://dblp.org/pid/94/5744,https://dblp.org/rec/conf/oopsla/Bodden04
https://dblp.org/pid/94/5744,https://dblp.org/rec/conf/oopsla/Bodden03
https://dblp.org/pid/94/5744,https://dblp.org/rec/conf/oopsla/ArztNABEM15
https://dblp.org/pid/94/5744,https://dblp.org/rec/conf/oopsla/WalkingshawKEAB14
https://dblp.org/pid/94/5744,https://dblp.org/rec/conf/sigsoft/PauckBW18
https://dblp.org/pid/94/5744,https://dblp.org/rec/conf/sigsoft/InostrozaTB11
https://dblp.org/pid/e/GregorEngels,https://dblp.org/rec/conf/sigsoft/EngelsKHG01
https://dblp.org/pid/129/9137-1,https://dblp.org/rec/conf/sigsoft/GreenyerBCHG13
https://dblp.org/pid/31/5809,https://dblp.org/rec/conf/sigsoft/GieseBSO04
https://dblp.org/pid/94/5744,https://dblp.org/rec/conf/sigsoft/DoB18
https://dblp.org/pid/21/7559-2,https://dblp.org/rec/conf/sigsoft/DziwokGBTHP14
https://dblp.org/pid/71/11054,https://dblp.org/rec/conf/sigsoft/DziwokGBTHP14
https://dblp.org/pid/94/5744,https://dblp.org/rec/conf/sigsoft/Bodden11
https://dblp.org/pid/31/5809,https://dblp.org/rec/conf/sigsoft/SchaferBBDEOPRRT10
https://dblp.org/pid/33/2110,https://dblp.org/rec/conf/sigsoft/SchaferBBDEOPRRT10
https://dblp.org/pid/e/GregorEngels,https://dblp.org/rec/conf/sigsoft/SchaferBBDEOPRRT10
https://dblp.org/pid/68/3728,https://dblp.org/rec/conf/sigsoft/SchaferBBDEOPRRT10
https://dblp.org/pid/r/FranzJosefRammig,https://dblp.org/rec/conf/sigsoft/SchaferBBDEOPRRT10
https://dblp.org/pid/25/7857,https://dblp.org/rec/conf/sigsoft/SchaferBBDEOPRRT10
https://dblp.org/pid/94/5744,https://dblp.org/rec/conf/sigsoft/LuoSSB21
https://dblp.org/pid/94/5744,https://dblp.org/rec/conf/sigsoft/LerchHBM14
https://dblp.org/pid/94/5744,https://dblp.org/rec/conf/sigsoft/BoddenLH08
https://dblp.org/pid/31/5809,https://dblp.org/rec/conf/sigsoft/GerkingLS15
https://dblp.org/pid/94/5744,https://dblp.org/rec/conf/sigsoft/BruchBMM10
https://dblp.org/pid/31/5809,https://dblp.org/rec/conf/sigsoft/Schafer11
https://dblp.org/pid/77/949,https://dblp.org/rec/conf/rws/WesselSSK18
https://dblp.org/pid/k/UweKastens,https://dblp.org/rec/conf/ac/Kastens83
https://dblp.org/pid/33/2110,https://dblp.org/rec/conf/dfg/AltB92
https://dblp.org/pid/r/FranzJosefRammig,https://dblp.org/rec/conf/dfg/KardosR04
https://dblp.org/pid/m/WMuller3,https://dblp.org/rec/conf/dfg/FlakeMPR04
https://dblp.org/pid/19/3568,https://dblp.org/rec/conf/dfg/FeldmannMM92
https://dblp.org/pid/m/BurkhardMonien,https://dblp.org/rec/conf/dfg/FeldmannMM92
https://dblp.org/pid/h/FMaufderHeide,https://dblp.org/rec/conf/dfg/DietzfelbingerH92
https://dblp.org/pid/m/BurkhardMonien,https://dblp.org/rec/conf/dfg/GrothklagsLM09
https://dblp.org/pid/31/5809,https://dblp.org/rec/conf/dfg/SchaferWGE04
https://dblp.org/pid/02/691-2,https://dblp.org/rec/conf/dfg/SchaferWGE04
https://dblp.org/pid/90/4912,https://dblp.org/rec/conf/dfg/SchaferWGE04
https://dblp.org/pid/m/BurkhardMonien,https://dblp.org/rec/conf/sbac-pad/MonienS04
https://dblp.org/pid/68/283-1,https://dblp.org/rec/conf/eclipse/MeyerW04
https://dblp.org/pid/70/8080,https://dblp.org/rec/conf/iwcmc/DraxlerK13
https://dblp.org/pid/b/StBottcher,https://dblp.org/rec/conf/iski/Bottcher90
https://dblp.org/pid/i/TobiasIsenberg2,https://dblp.org/rec/conf/forte/IsenbergSW13
https://dblp.org/pid/164/2698,https://dblp.org/rec/conf/dis/NguyenDH19
https://dblp.org/pid/97/114-4,https://dblp.org/rec/conf/dis/SchaferH18
https://dblp.org/pid/164/2698,https://dblp.org/rec/conf/dis/NguyenHRMF20
https://dblp.org/pid/e/GregorEngels,https://dblp.org/rec/conf/wecwis/GottschalkRE20
https://dblp.org/pid/34/2589,https://dblp.org/rec/conf/wecwis/CarneinHTV19
https://dblp.org/pid/68/3728,https://dblp.org/rec/conf/ices/GletteTKP08
https://dblp.org/pid/68/3728,https://dblp.org/rec/conf/ices/HoKP14
https://dblp.org/pid/68/3728,https://dblp.org/rec/conf/ices/KnieperKGPT10
https://dblp.org/pid/r/FranzJosefRammig,https://dblp.org/rec/conf/ifip/Rammig92
https://dblp.org/pid/06/729-1,https://dblp.org/rec/conf/ifip/Koch96
https://dblp.org/pid/e/GregorEngels,https://dblp.org/rec/conf/ifip/EngelsGK96
https://dblp.org/pid/06/729-1,https://dblp.org/rec/conf/ifip/ZhaoDK96
https://dblp.org/pid/e/GregorEngels,https://dblp.org/rec/conf/ifip/EngelsK94
https://dblp.org/pid/90/4912,https://dblp.org/rec/conf/cser/RudtschGR14
https://dblp.org/pid/117/6974-1,https://dblp.org/rec/conf/springsim/ReischWLS15
https://dblp.org/pid/70/2162,https://dblp.org/rec/conf/springsim/LaroqueS11
https://dblp.org/pid/18/2890,https://dblp.org/rec/conf/aag/ZimmerCHK12
https://dblp.org/pid/e/GregorEngels,https://dblp.org/rec/conf/adt/EngelsG82
https://dblp.org/pid/k/HKleineBuning,https://dblp.org/rec/conf/icatech/VodencarevicBNM11
https://dblp.org/pid/25/7857,https://dblp.org/rec/conf/indin/LenzHT23
https://dblp.org/pid/25/7857,https://dblp.org/rec/conf/indin/KoppertBHT23
https://dblp.org/pid/70/4639,https://dblp.org/rec/conf/indin/KlopperPD12
https://dblp.org/pid/25/7857,https://dblp.org/rec/conf/indin/HolscherZKKT12
https://dblp.org/pid/69/5050-8,https://dblp.org/rec/conf/indin/MullerBBPSK19
https://dblp.org/pid/315/0793-2,https://dblp.org/rec/conf/indin/SchierbaumJR12
https://dblp.org/pid/31/5809,https://dblp.org/rec/conf/indin/PriesterjahnHST12
https://dblp.org/pid/m/WMuller3,https://dblp.org/rec/conf/prdc/KuznikM11
https://dblp.org/pid/94/5744,https://dblp.org/rec/conf/stm/FollnerBPCIPB16
https://dblp.org/pid/33/2110,https://dblp.org/rec/conf/stm/BlomerL19
https://dblp.org/pid/178/6439,https://dblp.org/rec/conf/stm/BlomerL19
https://dblp.org/pid/153/6937,https://dblp.org/rec/conf/icvs/KazmiMM19
https://dblp.org/pid/62/782,https://dblp.org/rec/conf/icns/SternAKA08
https://dblp.org/pid/168/1542,https://dblp.org/rec/conf/semco/DemirMN21
https://dblp.org/pid/65/4336,https://dblp.org/rec/conf/semco/DemirMN21
https://dblp.org/pid/168/1542,https://dblp.org/rec/conf/semco/SpeckMN21
https://dblp.org/pid/65/4336,https://dblp.org/rec/conf/semco/SpeckMN21
https://dblp.org/pid/65/4336,https://dblp.org/rec/conf/semco/Marx0LN18
https://dblp.org/pid/65/4336,https://dblp.org/rec/conf/semco/PerevalovNB22
https://dblp.org/pid/65/4336,https://dblp.org/rec/conf/semco/MarxSAN13
https://dblp.org/pid/140/3577,https://dblp.org/rec/conf/semco/RoderSKDN21
https://dblp.org/pid/65/4336,https://dblp.org/rec/conf/semco/RoderSKDN21
https://dblp.org/pid/65/4336,https://dblp.org/rec/conf/semco/MarxSSBSBWLNA17
https://dblp.org/pid/65/4336,https://dblp.org/rec/conf/semco/AthreyaBNU21
https://dblp.org/pid/140/3577,https://dblp.org/rec/conf/semco/DesoukiCRN21
https://dblp.org/pid/65/4336,https://dblp.org/rec/conf/semco/DesoukiCRN21
https://dblp.org/pid/168/1542,https://dblp.org/rec/conf/semco/JalotaVMN21
https://dblp.org/pid/65/4336,https://dblp.org/rec/conf/semco/JalotaVMN21
https://dblp.org/pid/65/4336,https://dblp.org/rec/conf/semco/NgomoLH13
https://dblp.org/pid/65/4336,https://dblp.org/rec/conf/semco/WilkeBN21
https://dblp.org/pid/65/4336,https://dblp.org/rec/conf/semco/RoderNCSN21
https://dblp.org/pid/65/4336,https://dblp.org/rec/conf/semco/AliSN23
https://dblp.org/pid/48/8997,https://dblp.org/rec/conf/waoa/EikelSS14
https://dblp.org/pid/s/ChristianScheideler,https://dblp.org/rec/conf/waoa/EikelSS14
https://dblp.org/pid/m/BurkhardMonien,https://dblp.org/rec/conf/waoa/DeckerLM03
https://dblp.org/pid/138/7323,https://dblp.org/rec/conf/waoa/MackerMHR17
https://dblp.org/pid/h/FMaufderHeide,https://dblp.org/rec/conf/waoa/MackerMHR17
https://dblp.org/pid/h/FMaufderHeide,https://dblp.org/rec/conf/waoa/MaackHP21
https://dblp.org/pid/53/4856,https://dblp.org/rec/conf/waoa/BriestR10
https://dblp.org/pid/138/7323,https://dblp.org/rec/conf/waoa/FeldkordKMH19
https://dblp.org/pid/h/FMaufderHeide,https://dblp.org/rec/conf/waoa/FeldkordKMH19
https://dblp.org/pid/138/7323,https://dblp.org/rec/conf/waoa/BiermeierFMH17
https://dblp.org/pid/h/FMaufderHeide,https://dblp.org/rec/conf/waoa/BiermeierFMH17
https://dblp.org/pid/31/5809,https://dblp.org/rec/conf/mbees/GehrkeNNSH06
https://dblp.org/pid/31/5809,https://dblp.org/rec/conf/mbees/HenklerMSN10
https://dblp.org/pid/31/5809,https://dblp.org/rec/conf/mbees/GehrkeHSNSN07
https://dblp.org/pid/31/5809,https://dblp.org/rec/conf/mbees/MeyerS09
https://dblp.org/pid/r/FranzJosefRammig,https://dblp.org/rec/conf/mbees/RammigGHJO06
https://dblp.org/pid/43/917,https://dblp.org/rec/conf/mbees/RammigGHJO06
https://dblp.org/pid/327/6458,https://dblp.org/rec/conf/scored/SammakRRWA24
https://dblp.org/pid/132/9687,https://dblp.org/rec/conf/scored/SammakRRWA24
https://dblp.org/pid/76/5938,https://dblp.org/rec/conf/emnets/WoehrlePBT07
https://dblp.org/pid/138/4956,https://dblp.org/rec/conf/gamifin/TrangW19
https://dblp.org/pid/81/3518,https://dblp.org/rec/conf/hybrid/FlasskampO11
https://dblp.org/pid/203/2506,https://dblp.org/rec/conf/cvpr/BoraTVRR24
https://dblp.org/pid/203/2506,https://dblp.org/rec/conf/cvpr/NetoSCT23
https://dblp.org/pid/18/2890,https://dblp.org/rec/conf/cvpr/ZimmerCK13
https://dblp.org/pid/203/2506,https://dblp.org/rec/conf/cvpr/TerhorstKDKK20
https://dblp.org/pid/r/FranzJosefRammig,https://dblp.org/rec/conf/mompes/WehrmeisterFOPR08
https://dblp.org/pid/m/WMuller3,https://dblp.org/rec/conf/mompes/OliveiraN0W10
https://dblp.org/pid/b/StBottcher,https://dblp.org/rec/conf/dcc/BottcherBH11
https://dblp.org/pid/48/5080,https://dblp.org/rec/conf/dcc/BottcherBH11
https://dblp.org/pid/b/StBottcher,https://dblp.org/rec/conf/dcc/BottcherHJM15
https://dblp.org/pid/48/5080,https://dblp.org/rec/conf/dcc/BottcherHJM15
https://dblp.org/pid/b/StBottcher,https://dblp.org/rec/conf/dcc/AdlerBH25
https://dblp.org/pid/48/5080,https://dblp.org/rec/conf/dcc/AdlerBH25
https://dblp.org/pid/b/StBottcher,https://dblp.org/rec/conf/dcc/BottcherBHS12
https://dblp.org/pid/48/5080,https://dblp.org/rec/conf/dcc/BottcherBHS12
https://dblp.org/pid/b/StBottcher,https://dblp.org/rec/conf/dcc/AdlerBH24
https://dblp.org/pid/48/5080,https://dblp.org/rec/conf/dcc/AdlerBH24
https://dblp.org/pid/b/StBottcher,https://dblp.org/rec/conf/dcc/BottcherHP20
https://dblp.org/pid/48/5080,https://dblp.org/rec/conf/dcc/BottcherHP20
https://dblp.org/pid/b/StBottcher,https://dblp.org/rec/conf/dcc/AdlerBH26
https://dblp.org/pid/48/5080,https://dblp.org/rec/conf/dcc/AdlerBH26
https://dblp.org/pid/84/1558-1,https://dblp.org/rec/conf/nas/SussWF10
https://dblp.org/pid/65/4336,https://dblp.org/rec/conf/www/UsbeckRNBBBCCCE15
https://dblp.org/pid/65/4336,https://dblp.org/rec/conf/www/HassanLN15
https://dblp.org/pid/65/4336,https://dblp.org/rec/conf/www/ShekarpourNA13
https://dblp.org/pid/65/4336,https://dblp.org/rec/conf/www/RulaPRN0ME19
https://dblp.org/pid/65/4336,https://dblp.org/rec/conf/www/NgomoBULG13a
https://dblp.org/pid/17/6729-15,https://dblp.org/rec/conf/www/HuLPY0W24
https://dblp.org/pid/k/ReinhardKeilSlawik,https://dblp.org/rec/conf/www/HampelK01
https://dblp.org/pid/65/4336,https://dblp.org/rec/conf/www/SilvaPRN26
https://dblp.org/pid/145/1160,https://dblp.org/rec/conf/www/StadlerUWSL15
https://dblp.org/pid/65/4336,https://dblp.org/rec/conf/www/UngerBLNGC12
https://dblp.org/pid/65/4336,https://dblp.org/rec/conf/www/SoruMN15
https://dblp.org/pid/65/4336,https://dblp.org/rec/conf/www/AthreyaNU18
https://dblp.org/pid/48/4209,https://dblp.org/rec/conf/www/MagenheimS04
https://dblp.org/pid/65/4336,https://dblp.org/rec/conf/www/HeindorfBDWGDN22
https://dblp.org/pid/65/4336,https://dblp.org/rec/conf/www/MartinASNSA15
https://dblp.org/pid/65/4336,https://dblp.org/rec/conf/www/SavetaDFFHN15
https://dblp.org/pid/65/4336,https://dblp.org/rec/conf/www/NgomoBULG13
https://dblp.org/pid/132/9687,https://dblp.org/rec/conf/www/WuGWAFU18
https://dblp.org/pid/65/4336,https://dblp.org/rec/conf/www/PerevalovBDN22
https://dblp.org/pid/65/4336,https://dblp.org/rec/conf/www/KouagouDZWHLN24
https://dblp.org/pid/k/ReinhardKeilSlawik,https://dblp.org/rec/conf/www/HampelK03
https://dblp.org/pid/65/4336,https://dblp.org/rec/conf/www/0001SCBMN19
https://dblp.org/pid/e/GregorEngels,https://dblp.org/rec/conf/www/HeindorfSEP19
https://dblp.org/pid/06/456,https://dblp.org/rec/conf/www/BomsdorfS03
https://dblp.org/pid/14/3197-1,https://dblp.org/rec/conf/schule/SchlichtigOSBFP19
https://dblp.org/pid/48/4209,https://dblp.org/rec/conf/schule/BergnerKMMRSS17
https://dblp.org/pid/14/3197-1,https://dblp.org/rec/conf/schule/BergnerKMMRSS17
https://dblp.org/pid/14/3197-1,https://dblp.org/rec/conf/schule/BrindaS05
https://dblp.org/pid/14/3197-1,https://dblp.org/rec/conf/schule/MullerS17
https://dblp.org/pid/48/4209,https://dblp.org/rec/conf/schule/MagenheimO95
https://dblp.org/pid/14/3197-1,https://dblp.org/rec/conf/schule/OpelSSBFPW19
https://dblp.org/pid/14/3197-1,https://dblp.org/rec/conf/schule/SchulteM05
https://dblp.org/pid/48/4209,https://dblp.org/rec/conf/schule/SchulteM05
https://dblp.org/pid/14/3197-1,https://dblp.org/rec/conf/schule/SchmidtS19
https://dblp.org/pid/14/3197-1,https://dblp.org/rec/conf/schule/MullerSM19
https://dblp.org/pid/48/4209,https://dblp.org/rec/conf/schule/MullerSM19
https://dblp.org/pid/14/3197-1,https://dblp.org/rec/conf/schule/HoperS21
https://dblp.org/pid/14/3197-1,https://dblp.org/rec/conf/schule/Schulte09
https://dblp.org/pid/14/3197-1,https://dblp.org/rec/conf/schule/Schulte07
https://dblp.org/pid/14/3197-1,https://dblp.org/rec/conf/schule/HoperPHSFBFM21
https://dblp.org/pid/14/3197-1,https://dblp.org/rec/conf/schule/SchulteB02
https://dblp.org/pid/14/3197-1,https://dblp.org/rec/conf/schule/EhlertS09
https://dblp.org/pid/48/4209,https://dblp.org/rec/conf/schule/HampelMS99
https://dblp.org/pid/14/3197-1,https://dblp.org/rec/conf/schule/HampelMS99
https://dblp.org/pid/14/3197-1,https://dblp.org/rec/conf/schule/Schulte11
https://dblp.org/pid/14/3197-1,https://dblp.org/rec/conf/schule/SchulteT06
https://dblp.org/pid/14/3197-1,https://dblp.org/rec/conf/schule/SchulteS01
https://dblp.org/pid/14/3197-1,https://dblp.org/rec/conf/schule/PodwornyHFHS21
https://dblp.org/pid/48/4209,https://dblp.org/rec/conf/schule/Magenheim03
https://dblp.org/pid/14/3197-1,https://dblp.org/rec/conf/schule/KalbitzVS11
https://dblp.org/pid/14/3197-1,https://dblp.org/rec/conf/schule/KoubekSSW09
https://dblp.org/pid/14/3197-1,https://dblp.org/rec/conf/schule/KappS19
https://dblp.org/pid/14/3197-1,https://dblp.org/rec/conf/schule/SchulteD08
https://dblp.org/pid/14/3197-1,https://dblp.org/rec/conf/schule/SchulteK07
https://dblp.org/pid/48/4209,https://dblp.org/rec/conf/schule/DohmenME09
https://dblp.org/pid/k/UweKastens,https://dblp.org/rec/conf/schule/Kastens98
https://dblp.org/pid/b/StBottcher,https://dblp.org/rec/conf/awc/BottcherHT14
https://dblp.org/pid/48/5080,https://dblp.org/rec/conf/awc/BottcherHT14
https://dblp.org/pid/21/7559-2,https://dblp.org/rec/conf/awc/BottcherHT14
https://dblp.org/pid/b/StBottcher,https://dblp.org/rec/conf/awc/BottcherBH14
https://dblp.org/pid/48/5080,https://dblp.org/rec/conf/awc/BottcherBH14
https://dblp.org/pid/f/AlexanderFoerster,https://dblp.org/rec/conf/icdl-epirob/LeitnerCHFSFTS12
https://dblp.org/pid/79/6049,https://dblp.org/rec/conf/icdl-epirob/HemionJR11
https://dblp.org/pid/79/6049,https://dblp.org/rec/conf/icdl-epirob/LuckingRWS16
https://dblp.org/pid/79/6049,https://dblp.org/rec/conf/icdl-epirob/VollmerWRC13
https://dblp.org/pid/79/6049,https://dblp.org/rec/conf/icdl-epirob/GriffithsNMSKRW12
https://dblp.org/pid/79/6049,https://dblp.org/rec/conf/icdl-epirob/FischerFRW11
https://dblp.org/pid/79/6049,https://dblp.org/rec/conf/icdl-epirob/VollmerGLRO14
https://dblp.org/pid/79/6049,https://dblp.org/rec/conf/icdl-epirob/LohanRSNW12
https://dblp.org/pid/79/6049,https://dblp.org/rec/conf/icdl-epirob/LeonardiNRR16
https://dblp.org/pid/79/6049,https://dblp.org/rec/conf/icdl-epirob/LohanPRFSLNW11
https://dblp.org/pid/79/6049,https://dblp.org/rec/conf/icdl-epirob/RohlfingG19
https://dblp.org/pid/00/2717,https://dblp.org/rec/conf/visapp/JungmannSK12
https://dblp.org/pid/00/2717,https://dblp.org/rec/conf/visapp/JungmannJK14
https://dblp.org/pid/f/AlexanderFoerster,https://dblp.org/rec/conf/bica/LeitnerHFFS12
https://dblp.org/pid/80/3639-9,https://dblp.org/rec/conf/vlsi/AwaisMP18
https://dblp.org/pid/62/6023-2,https://dblp.org/rec/conf/vlsi/AwaisMP18
https://dblp.org/pid/68/3728,https://dblp.org/rec/conf/vlsi/AwaisMP18
https://dblp.org/pid/m/WMuller3,https://dblp.org/rec/conf/vlsi/AdeltKMBKS16
https://dblp.org/pid/63/4934-1,https://dblp.org/rec/conf/vlsi/AdeltKMBKS16
https://dblp.org/pid/00/2717,https://dblp.org/rec/conf/vlsi/AdeltKMBKS16
https://dblp.org/pid/77/949,https://dblp.org/rec/conf/vlsi/AdeltKMBKS16
https://dblp.org/pid/80/3639-9,https://dblp.org/rec/conf/vlsi/AwaisMP25
https://dblp.org/pid/62/6023-2,https://dblp.org/rec/conf/vlsi/AwaisMP25
https://dblp.org/pid/68/3728,https://dblp.org/rec/conf/vlsi/AwaisMP25
https://dblp.org/pid/80/3639-9,https://dblp.org/rec/conf/vlsi/AwaisP22
https://dblp.org/pid/68/3728,https://dblp.org/rec/conf/vlsi/AwaisP22
https://dblp.org/pid/k/MKoester,https://dblp.org/rec/conf/vlsi/KoesterKPR05
https://dblp.org/pid/48/4209,https://dblp.org/rec/conf/educon/BrokerM14
https://dblp.org/pid/48/4209,https://dblp.org/rec/conf/educon/DanielsiekVHKMO17
https://dblp.org/pid/14/3197-1,https://dblp.org/rec/conf/educon/SchulteMMB17
https://dblp.org/pid/48/4209,https://dblp.org/rec/conf/educon/SchulteMMB17
https://dblp.org/pid/48/4209,https://dblp.org/rec/conf/educon/LinckOSSMNNS13
https://dblp.org/pid/138/4856,https://dblp.org/rec/conf/educon/YigitbasSBBE24
https://dblp.org/pid/e/GregorEngels,https://dblp.org/rec/conf/educon/YigitbasSBBE24
https://dblp.org/pid/48/4209,https://dblp.org/rec/conf/educon/MargaritisM15
https://dblp.org/pid/48/4209,https://dblp.org/rec/conf/educon/WilkeM17
https://dblp.org/pid/48/4209,https://dblp.org/rec/conf/educon/MargaritisMHBOS15
https://dblp.org/pid/48/4209,https://dblp.org/rec/conf/educon/WilkeM19
https://dblp.org/pid/14/3197-1,https://dblp.org/rec/conf/educon/Lenke025
https://dblp.org/pid/17/6729-15,https://dblp.org/rec/conf/ieeesec/NigadeWB20
https://dblp.org/pid/71/11054,https://dblp.org/rec/conf/staf/PohlmannMDB14
https://dblp.org/pid/68/283-1,https://dblp.org/rec/conf/staf/PohlmannMDB14
https://dblp.org/pid/m/WMuller3,https://dblp.org/rec/conf/uic/SchaeferMG06
https://dblp.org/pid/b/StBottcher,https://dblp.org/rec/conf/dbisp2p/TurlingB04
https://dblp.org/pid/b/StBottcher,https://dblp.org/rec/conf/icde/BottcherS06
https://dblp.org/pid/48/5080,https://dblp.org/rec/conf/icde/BottcherS06
https://dblp.org/pid/b/StBottcher,https://dblp.org/rec/conf/icde/Bottcher90
https://dblp.org/pid/b/StBottcher,https://dblp.org/rec/conf/icde/GroppeBG06
https://dblp.org/pid/b/StBottcher,https://dblp.org/rec/conf/icde/ObermeierBHCS08
https://dblp.org/pid/b/StBottcher,https://dblp.org/rec/conf/icde/BottcherHJM16
https://dblp.org/pid/48/5080,https://dblp.org/rec/conf/icde/BottcherHJM16
https://dblp.org/pid/13/8970,https://dblp.org/rec/conf/icce-berlin/LopezSMCSS12
https://dblp.org/pid/13/8970,https://dblp.org/rec/conf/icce-berlin/SanchezSLAA12
https://dblp.org/pid/h/FMaufderHeide,https://dblp.org/rec/conf/fct/HeideR81
https://dblp.org/pid/m/BurkhardMonien,https://dblp.org/rec/conf/fct/Monien81
https://dblp.org/pid/m/BurkhardMonien,https://dblp.org/rec/conf/fct/Monien85
https://dblp.org/pid/123/8761,https://dblp.org/rec/conf/fct/CzerwinskiMRZ15
https://dblp.org/pid/k/HKleineBuning,https://dblp.org/rec/conf/fct/Buning81
https://dblp.org/pid/k/HKleineBuning,https://dblp.org/rec/conf/fct/Buning79
https://dblp.org/pid/25/7857,https://dblp.org/rec/conf/ifip5-1/PeitzmeierEHTS25
https://dblp.org/pid/76/3237,https://dblp.org/rec/conf/gcai/AlrabbaaKT19
https://dblp.org/pid/94/5744,https://dblp.org/rec/conf/mpc/AvgustinovBHMOSST06
https://dblp.org/pid/94/5744,https://dblp.org/rec/conf/soap-ws/KarakayaMB25
https://dblp.org/pid/39/3996,https://dblp.org/rec/conf/hpcn/GomezL98
https://dblp.org/pid/65/4336,https://dblp.org/rec/conf/icwe/AuerSVPCKLJESIA17
https://dblp.org/pid/65/4336,https://dblp.org/rec/conf/icwe/Stadler0NL18
https://dblp.org/pid/65/4336,https://dblp.org/rec/conf/icwe/HassanSN15
https://dblp.org/pid/138/4856,https://dblp.org/rec/conf/icwe/YigitbasKU016
https://dblp.org/pid/07/2093-1,https://dblp.org/rec/conf/icwe/YigitbasKU016
https://dblp.org/pid/65/4336,https://dblp.org/rec/conf/icwe/ObraczkaN19
https://dblp.org/pid/34/2589,https://dblp.org/rec/conf/pakdd/CarneinT19
https://dblp.org/pid/33/2110,https://dblp.org/rec/conf/pakdd/BlomerB16
https://dblp.org/pid/127/6615,https://dblp.org/rec/conf/pakdd/BlomerB16
https://dblp.org/pid/94/5744,https://dblp.org/rec/conf/essos/RasthoferAMB16
https://dblp.org/pid/94/5744,https://dblp.org/rec/conf/essos/GerkingSB18
https://dblp.org/pid/94/5744,https://dblp.org/rec/conf/essos/FollnerBB16
https://dblp.org/pid/25/7857,https://dblp.org/rec/conf/itsc/MalenaLGT25
https://dblp.org/pid/25/7857,https://dblp.org/rec/conf/itsc/MalenaLGT24
https://dblp.org/pid/25/7857,https://dblp.org/rec/conf/itsc/KhatabT13
https://dblp.org/pid/25/7857,https://dblp.org/rec/conf/itsc/HenningMLGT20
https://dblp.org/pid/s/MohammadSoleymani-2,https://dblp.org/rec/conf/ssp/SoleymaniLSS18
https://dblp.org/pid/s/TimSchattkowsky,https://dblp.org/rec/conf/aina/SchattkowskyLM04
https://dblp.org/pid/m/WMuller3,https://dblp.org/rec/conf/aina/SchattkowskyLM04
https://dblp.org/pid/r/FranzJosefRammig,https://dblp.org/rec/conf/aina/JanacikHR06
https://dblp.org/pid/17/6729-15,https://dblp.org/rec/conf/icdcsw/GedeonMBSWM17
https://dblp.org/pid/h/FMaufderHeide,https://dblp.org/rec/conf/algocloud/BenterKHSS18
https://dblp.org/pid/202/1859,https://dblp.org/rec/conf/algocloud/BenterKHSS18
https://dblp.org/pid/33/2110,https://dblp.org/rec/conf/acns/BlomerB18
https://dblp.org/pid/218/7188,https://dblp.org/rec/conf/acns/BlomerB18
https://dblp.org/pid/138/8052,https://dblp.org/rec/conf/cocoa/FeldkordMH17
https://dblp.org/pid/h/FMaufderHeide,https://dblp.org/rec/conf/cocoa/FeldkordMH17
https://dblp.org/pid/138/8052,https://dblp.org/rec/conf/cocoa/AbshoffMH14
https://dblp.org/pid/h/FMaufderHeide,https://dblp.org/rec/conf/cocoa/AbshoffMH14
https://dblp.org/pid/138/7323,https://dblp.org/rec/conf/cocoa/MackerMHR16
https://dblp.org/pid/h/FMaufderHeide,https://dblp.org/rec/conf/cocoa/MackerMHR16
https://dblp.org/pid/h/FMaufderHeide,https://dblp.org/rec/conf/cocoa/KonigMHR16
https://dblp.org/pid/138/8052,https://dblp.org/rec/conf/cocoa/Abu-KhzamLMHP16
https://dblp.org/pid/h/FMaufderHeide,https://dblp.org/rec/conf/cocoa/Abu-KhzamLMHP16
https://dblp.org/pid/81/3518,https://dblp.org/rec/conf/gsi/OffenO23
https://dblp.org/pid/81/3518,https://dblp.org/rec/conf/gsi/JimenezO19
https://dblp.org/pid/17/6729-15,https://dblp.org/rec/conf/rtss/NigadeBB022
https://dblp.org/pid/68/3728,https://dblp.org/rec/conf/rtss/SteigerWPT03
https://dblp.org/pid/42/7777-1,https://dblp.org/rec/conf/pdp/SchmidtR01
https://dblp.org/pid/s/GeorgSchneider5,https://dblp.org/rec/conf/pdp/KochS00
https://dblp.org/pid/68/3728,https://dblp.org/rec/conf/pdp/PlatznerRW95
https://dblp.org/pid/75/4066-2,https://dblp.org/rec/conf/pdp/SikkelNS98
https://dblp.org/pid/s/ChristianScheideler,https://dblp.org/rec/conf/pdp/BerenbrinkBS01
https://dblp.org/pid/00/2717,https://dblp.org/rec/conf/ismar/GeigerKRS01
https://dblp.org/pid/92/6400,https://dblp.org/rec/conf/ismar/CharalampakisSSEGDM25
https://dblp.org/pid/00/2717,https://dblp.org/rec/conf/ismar/BeierBBSK03
https://dblp.org/pid/00/2717,https://dblp.org/rec/conf/icic/RichertKK05
https://dblp.org/pid/17/5476,https://dblp.org/rec/conf/icic/RichertKK05
https://dblp.org/pid/s/ChristianScheideler,https://dblp.org/rec/conf/podc/RichaSSZ12
https://dblp.org/pid/s/ChristianScheideler,https://dblp.org/rec/conf/podc/AwerbuchS03
https://dblp.org/pid/138/8052,https://dblp.org/rec/conf/podc/MarkarianH15
https://dblp.org/pid/h/FMaufderHeide,https://dblp.org/rec/conf/podc/MarkarianH15
https://dblp.org/pid/s/ChristianScheideler,https://dblp.org/rec/conf/podc/JacobRSST09
https://dblp.org/pid/s/ChristianScheideler,https://dblp.org/rec/conf/podc/AwerbuchS07
https://dblp.org/pid/s/ChristianScheideler,https://dblp.org/rec/conf/podc/RichaZSS10
https://dblp.org/pid/s/ChristianScheideler,https://dblp.org/rec/conf/podc/PadalkinS24
https://dblp.org/pid/s/ChristianScheideler,https://dblp.org/rec/conf/podc/DouGHSW23
https://dblp.org/pid/17/6729-15,https://dblp.org/rec/conf/podc/ArocaAMTW14
https://dblp.org/pid/s/ChristianScheideler,https://dblp.org/rec/conf/podc/AguilieraRSPSW22
https://dblp.org/pid/s/ChristianScheideler,https://dblp.org/rec/conf/podc/Scheideler18
https://dblp.org/pid/s/ChristianScheideler,https://dblp.org/rec/conf/podc/GotteHSW21
https://dblp.org/pid/s/ChristianScheideler,https://dblp.org/rec/conf/podc/AwerbuchRS08
https://dblp.org/pid/147/3358,https://dblp.org/rec/conf/podc/DerakhshandehGS15
https://dblp.org/pid/s/ChristianScheideler,https://dblp.org/rec/conf/podc/DerakhshandehGS15
https://dblp.org/pid/s/ChristianScheideler,https://dblp.org/rec/conf/dna/KostitsynaSW22
https://dblp.org/pid/08/335-1,https://dblp.org/rec/conf/dna/KostitsynaSW22
https://dblp.org/pid/s/ChristianScheideler,https://dblp.org/rec/conf/dna/GmyrHKKRSS18
https://dblp.org/pid/147/3358,https://dblp.org/rec/conf/dna/GmyrHKKRSS18
https://dblp.org/pid/s/ChristianScheideler,https://dblp.org/rec/conf/dna/DerakhshandehGP16
https://dblp.org/pid/147/3358,https://dblp.org/rec/conf/dna/DerakhshandehGP16
https://dblp.org/pid/s/ChristianScheideler,https://dblp.org/rec/conf/dna/PadalkinSW22
https://dblp.org/pid/08/335-1,https://dblp.org/rec/conf/dna/PadalkinSW22
https://dblp.org/pid/147/3358,https://dblp.org/rec/conf/dna/DerakhshandehGS15
https://dblp.org/pid/s/ChristianScheideler,https://dblp.org/rec/conf/dna/DerakhshandehGS15
https://dblp.org/pid/m/WMuller3,https://dblp.org/rec/conf/patmos/MischkallaM13
https://dblp.org/pid/m/WMuller3,https://dblp.org/rec/conf/patmos/KoppelmannAMS19
https://dblp.org/pid/77/949,https://dblp.org/rec/conf/patmos/KoppelmannAMS19
https://dblp.org/pid/m/WMuller3,https://dblp.org/rec/conf/patmos/MischkallaM14
https://dblp.org/pid/e/GregorEngels,https://dblp.org/rec/conf/icsr/GriegerFEK16
https://dblp.org/pid/228/3129,https://dblp.org/rec/conf/fuzzIEEE/LeiteSBG16
https://dblp.org/pid/228/3129,https://dblp.org/rec/conf/fuzzIEEE/MenezesRSSL25
https://dblp.org/pid/228/3129,https://dblp.org/rec/conf/fuzzIEEE/BuenoCMCL15
https://dblp.org/pid/228/3129,https://dblp.org/rec/conf/fuzzIEEE/DeckerLGB20
https://dblp.org/pid/228/3129,https://dblp.org/rec/conf/fuzzIEEE/LeiteDSS20
https://dblp.org/pid/228/3129,https://dblp.org/rec/conf/fuzzIEEE/SoaresMPL17
https://dblp.org/pid/228/3129,https://dblp.org/rec/conf/fuzzIEEE/LeiteGY22
https://dblp.org/pid/228/3129,https://dblp.org/rec/conf/fuzzIEEE/MotaDSL17
https://dblp.org/pid/228/3129,https://dblp.org/rec/conf/fuzzIEEE/DeckerLB22
https://dblp.org/pid/228/3129,https://dblp.org/rec/conf/fuzzIEEE/LeiteGBC11
https://dblp.org/pid/228/3129,https://dblp.org/rec/conf/fuzzIEEE/SharmaLDN24
https://dblp.org/pid/65/4336,https://dblp.org/rec/conf/fuzzIEEE/SharmaLDN24
https://dblp.org/pid/17/5476,https://dblp.org/rec/conf/fuzzIEEE/EsauWKK07
https://dblp.org/pid/00/2717,https://dblp.org/rec/conf/fuzzIEEE/EsauWKK07
https://dblp.org/pid/228/3129,https://dblp.org/rec/conf/fuzzIEEE/LeiteSDN24
https://dblp.org/pid/65/4336,https://dblp.org/rec/conf/fuzzIEEE/LeiteSDN24
https://dblp.org/pid/228/3129,https://dblp.org/rec/conf/fuzzIEEE/LemosLMBCG12
https://dblp.org/pid/228/3129,https://dblp.org/rec/conf/fuzzIEEE/SoaresCCL18
https://dblp.org/pid/228/3129,https://dblp.org/rec/conf/fuzzIEEE/LeiteSG25
https://dblp.org/pid/228/3129,https://dblp.org/rec/conf/fuzzIEEE/LeiteGS19
https://dblp.org/pid/228/3129,https://dblp.org/rec/conf/fuzzIEEE/LeiteAPSS19
https://dblp.org/pid/77/949,https://dblp.org/rec/conf/esscirc/GlisicSHPGSW08
https://dblp.org/pid/77/949,https://dblp.org/rec/conf/esscirc/WinklerDHKRSST09
https://dblp.org/pid/i/TobiasIsenberg2,https://dblp.org/rec/conf/icfem/0002W14
https://dblp.org/pid/64/226-1,https://dblp.org/rec/conf/icfem/MetzlerWW08
https://dblp.org/pid/h/FMaufderHeide,https://dblp.org/rec/conf/esa/BaumkerDH95
https://dblp.org/pid/m/BurkhardMonien,https://dblp.org/rec/conf/esa/ElsasserMS04
https://dblp.org/pid/h/FMaufderHeide,https://dblp.org/rec/conf/esa/HeideVW99
https://dblp.org/pid/33/2110,https://dblp.org/rec/conf/esa/Blomer98
https://dblp.org/pid/15/5253,https://dblp.org/rec/conf/esa/SellmannF01
https://dblp.org/pid/84/1558-1,https://dblp.org/rec/conf/esa/FischerLZ98
https://dblp.org/pid/m/BurkhardMonien,https://dblp.org/rec/conf/esa/DiekmannFM98
https://dblp.org/pid/h/FMaufderHeide,https://dblp.org/rec/conf/esa/DamerowHRSS03
https://dblp.org/pid/s/ChristianScheideler,https://dblp.org/rec/conf/esa/DamerowHRSS03
https://dblp.org/pid/h/FMaufderHeide,https://dblp.org/rec/conf/esa/CzumajHS95
https://dblp.org/pid/h/FMaufderHeide,https://dblp.org/rec/conf/esa/BansalHS04
https://dblp.org/pid/15/5253,https://dblp.org/rec/conf/esa/Fahle02
https://dblp.org/pid/33/2110,https://dblp.org/rec/conf/esa/Blomer97
https://dblp.org/pid/84/1558-1,https://dblp.org/rec/conf/esa/FischerHS97
https://dblp.org/pid/h/FMaufderHeide,https://dblp.org/rec/conf/esa/FischerHS97
https://dblp.org/pid/h/FMaufderHeide,https://dblp.org/rec/conf/esa/HeideS95
https://dblp.org/pid/s/ChristianScheideler,https://dblp.org/rec/conf/esa/HeideS95
https://dblp.org/pid/92/6400,https://dblp.org/rec/conf/kka/GrasslerBPGR20
https://dblp.org/pid/94/5744,https://dblp.org/rec/conf/kka/GrasslerBPGR20
https://dblp.org/pid/k/UweKastens,https://dblp.org/rec/conf/scm/WaiteHK88
https://dblp.org/pid/90/4912,https://dblp.org/rec/conf/afrigraph/GausemeierFMBB03
https://dblp.org/pid/228/3129,https://dblp.org/rec/conf/icmlc/LeiteG23
https://dblp.org/pid/25/7857,https://dblp.org/rec/conf/icar/ShareefJTLT13
https://dblp.org/pid/134/7582,https://dblp.org/rec/conf/acisp/DaviesGGJ20
https://dblp.org/pid/84/1558-1,https://dblp.org/rec/conf/cccg/FischerLZ99
https://dblp.org/pid/94/5744,https://dblp.org/rec/conf/bcs/BoddenLH08
https://dblp.org/pid/88/6542,https://dblp.org/rec/conf/interspeech/BoddekerCNH22
https://dblp.org/pid/88/6542,https://dblp.org/rec/conf/interspeech/BeyerleinAHHKWMPS99
https://dblp.org/pid/88/6542,https://dblp.org/rec/conf/interspeech/KruegerH09
https://dblp.org/pid/88/6542,https://dblp.org/rec/conf/interspeech/Cord-LandwehrGD25
https://dblp.org/pid/88/6542,https://dblp.org/rec/conf/interspeech/SchmalenstroeerH07
https://dblp.org/pid/88/6542,https://dblp.org/rec/conf/interspeech/MarchiSBGBAH15
https://dblp.org/pid/88/6542,https://dblp.org/rec/conf/interspeech/KinoshitaNDNH20
https://dblp.org/pid/88/6542,https://dblp.org/rec/conf/interspeech/LeutnantH09
https://dblp.org/pid/88/6542,https://dblp.org/rec/conf/interspeech/LeutnantKH11
https://dblp.org/pid/79/6049,https://dblp.org/rec/conf/interspeech/SchillingmannWMWR11
https://dblp.org/pid/88/6542,https://dblp.org/rec/conf/interspeech/KinoshitaNDBH22
https://dblp.org/pid/88/6542,https://dblp.org/rec/conf/interspeech/HarrisAHB99
https://dblp.org/pid/88/6542,https://dblp.org/rec/conf/interspeech/KuhlmannSWH25
https://dblp.org/pid/88/6542,https://dblp.org/rec/conf/interspeech/Haeb-Umbach97
https://dblp.org/pid/88/6542,https://dblp.org/rec/conf/interspeech/RajWKH10
https://dblp.org/pid/88/6542,https://dblp.org/rec/conf/interspeech/BoeddekerCH24
https://dblp.org/pid/88/6542,https://dblp.org/rec/conf/interspeech/Haeb-UmbachI04
https://dblp.org/pid/88/6542,https://dblp.org/rec/conf/interspeech/Haeb-Umbach00
https://dblp.org/pid/88/6542,https://dblp.org/rec/conf/interspeech/DrudeRH16
https://dblp.org/pid/88/6542,https://dblp.org/rec/conf/interspeech/LangmannFWHE97
https://dblp.org/pid/88/6542,https://dblp.org/rec/conf/interspeech/KandaBHFHNH19
https://dblp.org/pid/88/6542,https://dblp.org/rec/conf/interspeech/DrudeBHHKDN18
https://dblp.org/pid/88/6542,https://dblp.org/rec/conf/interspeech/BergerVBSH23
https://dblp.org/pid/88/6542,https://dblp.org/rec/conf/interspeech/EiseleHL96
https://dblp.org/pid/88/6542,https://dblp.org/rec/conf/interspeech/GlarnerBWH17
https://dblp.org/pid/88/6542,https://dblp.org/rec/conf/interspeech/DrudeHH19
https://dblp.org/pid/88/6542,https://dblp.org/rec/conf/interspeech/SteinbissNHIEKOMADGHB93
https://dblp.org/pid/88/6542,https://dblp.org/rec/conf/interspeech/Haeb-UmbachN91
https://dblp.org/pid/88/6542,https://dblp.org/rec/conf/interspeech/Martin-DonasHHG19
https://dblp.org/pid/88/6542,https://dblp.org/rec/conf/interspeech/KruegerWLH12
https://dblp.org/pid/88/6542,https://dblp.org/rec/conf/interspeech/SchmalenstroeerJHHF11
https://dblp.org/pid/88/6542,https://dblp.org/rec/conf/interspeech/SchmalenstroeerH06
https://dblp.org/pid/88/6542,https://dblp.org/rec/conf/interspeech/IonH06
https://dblp.org/pid/88/6542,https://dblp.org/rec/conf/interspeech/WalterDHGOh14
https://dblp.org/pid/88/6542,https://dblp.org/rec/conf/interspeech/ChinaevH15
https://dblp.org/pid/88/6542,https://dblp.org/rec/conf/interspeech/Haeb-UmbachL99
https://dblp.org/pid/88/6542,https://dblp.org/rec/conf/interspeech/Haeb-UmbachKS05
https://dblp.org/pid/88/6542,https://dblp.org/rec/conf/interspeech/RautenbergSWKWH25
https://dblp.org/pid/88/6542,https://dblp.org/rec/conf/interspeech/IonH07
https://dblp.org/pid/88/6542,https://dblp.org/rec/conf/interspeech/NeumannKBDH21
https://dblp.org/pid/88/6542,https://dblp.org/rec/conf/interspeech/LoogH00
https://dblp.org/pid/88/6542,https://dblp.org/rec/conf/interspeech/WindmannH07
https://dblp.org/pid/70/8761,https://dblp.org/rec/conf/interspeech/VuH11
https://dblp.org/pid/88/6542,https://dblp.org/rec/conf/interspeech/VuH11
https://dblp.org/pid/88/6542,https://dblp.org/rec/conf/interspeech/SchmalenstroeerKLH09
https://dblp.org/pid/88/6542,https://dblp.org/rec/conf/interspeech/Cord-LandwehrBZ23
https://dblp.org/pid/88/6542,https://dblp.org/rec/conf/interspeech/GlarnerHEH18
https://dblp.org/pid/88/6542,https://dblp.org/rec/conf/interspeech/DrudeH17
https://dblp.org/pid/88/6542,https://dblp.org/rec/conf/interspeech/EbbersHDGHR17
https://dblp.org/pid/88/6542,https://dblp.org/rec/conf/interspeech/LeutnantH10
https://dblp.org/pid/88/6542,https://dblp.org/rec/conf/interspeech/IonH05
https://dblp.org/pid/88/6542,https://dblp.org/rec/conf/interspeech/SchmalenstroeerBH11
https://dblp.org/pid/88/6542,https://dblp.org/rec/conf/interspeech/Haeb-UmbachG95
https://dblp.org/pid/88/6542,https://dblp.org/rec/conf/interspeech/KuhlmannSEWH22
https://dblp.org/pid/88/6542,https://dblp.org/rec/conf/interspeech/DespotovicWH15
https://dblp.org/pid/88/6542,https://dblp.org/rec/conf/interspeech/LangmannHBO96
https://dblp.org/pid/88/6542,https://dblp.org/rec/conf/interspeech/WarsitzHV07
https://dblp.org/pid/70/8761,https://dblp.org/rec/conf/interspeech/WarsitzHV07
https://dblp.org/pid/88/6542,https://dblp.org/rec/conf/interspeech/ChinaevH16
https://dblp.org/pid/88/6542,https://dblp.org/rec/conf/interspeech/NelusEHM19
https://dblp.org/pid/88/6542,https://dblp.org/rec/conf/interspeech/HeitkaemperSH20
https://dblp.org/pid/88/6542,https://dblp.org/rec/conf/interspeech/Haeb-UmbachS05
https://dblp.org/pid/88/6542,https://dblp.org/rec/conf/interspeech/Haeb-UmbachPW04
https://dblp.org/pid/88/6542,https://dblp.org/rec/conf/interspeech/NeumannBDKDNH20
https://dblp.org/pid/r/FranzJosefRammig,https://dblp.org/rec/conf/cic/TienRT04
https://dblp.org/pid/150/4812-2,https://dblp.org/rec/conf/lfcs/0002M020
https://dblp.org/pid/150/4812-2,https://dblp.org/rec/conf/lfcs/KontinenMM22
https://dblp.org/pid/b/StBottcher,https://dblp.org/rec/conf/icdt/Bottcher90
https://dblp.org/pid/63/4934-1,https://dblp.org/rec/conf/dsn/BeckerKJXM12
https://dblp.org/pid/181/2328-6,https://dblp.org/rec/conf/dsn/BeckerKJXM12
https://dblp.org/pid/m/WMuller3,https://dblp.org/rec/conf/dsn/BeckerKJXM12
https://dblp.org/pid/80/3639-9,https://dblp.org/rec/conf/dsn/JalilAAMJP25
https://dblp.org/pid/62/6023-2,https://dblp.org/rec/conf/dsn/JalilAAMJP25
https://dblp.org/pid/68/3728,https://dblp.org/rec/conf/dsn/JalilAAMJP25
https://dblp.org/pid/s/ChristianScheideler,https://dblp.org/rec/conf/wdag/KniesburgesS12
https://dblp.org/pid/s/ChristianScheideler,https://dblp.org/rec/conf/wdag/HinnenthalSS19
https://dblp.org/pid/s/ChristianScheideler,https://dblp.org/rec/conf/wdag/SchmidASHL12
https://dblp.org/pid/s/ChristianScheideler,https://dblp.org/rec/conf/wdag/AwerbuchS07
https://dblp.org/pid/s/ChristianScheideler,https://dblp.org/rec/conf/wdag/ArtmannPS25
https://dblp.org/pid/s/ChristianScheideler,https://dblp.org/rec/conf/wdag/RichaSSZ10
https://dblp.org/pid/s/ChristianScheideler,https://dblp.org/rec/conf/wdag/DoerrGMSS10
https://dblp.org/pid/m/BurkhardMonien,https://dblp.org/rec/conf/wdag/KrogerLMV90
https://dblp.org/pid/m/BurkhardMonien,https://dblp.org/rec/conf/wdag/LulingM89
https://dblp.org/pid/m/BurkhardMonien,https://dblp.org/rec/conf/wdag/MonienT07
https://dblp.org/pid/s/ChristianScheideler,https://dblp.org/rec/conf/wdag/DaymudeRS21
https://dblp.org/pid/s/ChristianScheideler,https://dblp.org/rec/conf/wdag/ScheidelerSS16
https://dblp.org/pid/147/3358,https://dblp.org/rec/conf/wdag/ScheidelerSS16
https://dblp.org/pid/s/ChristianScheideler,https://dblp.org/rec/conf/wdag/KniesburgesKS13
https://dblp.org/pid/84/1558-1,https://dblp.org/rec/conf/egpgv/SussJF10
https://dblp.org/pid/203/2506,https://dblp.org/rec/conf/fgr/XuTPR25
https://dblp.org/pid/203/2506,https://dblp.org/rec/conf/fgr/BortolatoIRKTDP20
https://dblp.org/pid/203/2506,https://dblp.org/rec/conf/fgr/RotTPS24
https://dblp.org/pid/25/7857,https://dblp.org/rec/conf/aimech/XuTT17
https://dblp.org/pid/25/7857,https://dblp.org/rec/conf/aimech/ReilingHHGT24
https://dblp.org/pid/25/7857,https://dblp.org/rec/conf/aimech/LenzBRHT24
https://dblp.org/pid/25/7857,https://dblp.org/rec/conf/aimech/KohlstedtTOJT17
https://dblp.org/pid/25/7857,https://dblp.org/rec/conf/aimech/PaiRT16
https://dblp.org/pid/h/FMaufderHeide,https://dblp.org/rec/conf/wine/Cord-LandwehrMH14
https://dblp.org/pid/53/4856,https://dblp.org/rec/conf/wine/AckermannBFV07
https://dblp.org/pid/53/4856,https://dblp.org/rec/conf/wine/BriestCKLN10
https://dblp.org/pid/98/3010-1,https://dblp.org/rec/conf/wine/AbshoffCJS14
https://dblp.org/pid/m/BurkhardMonien,https://dblp.org/rec/conf/wine/DumraufM08
https://dblp.org/pid/m/BurkhardMonien,https://dblp.org/rec/conf/wine/MavronicolasMW07
https://dblp.org/pid/m/BurkhardMonien,https://dblp.org/rec/conf/wine/MazalovMST06
https://dblp.org/pid/19/3568,https://dblp.org/rec/conf/wine/FeldmannMM09
https://dblp.org/pid/m/BurkhardMonien,https://dblp.org/rec/conf/wine/FeldmannMM09
https://dblp.org/pid/53/4856,https://dblp.org/rec/conf/wine/BriestHGV09
https://dblp.org/pid/m/BurkhardMonien,https://dblp.org/rec/conf/wine/ElsasserGLMM05
https://dblp.org/pid/m/BurkhardMonien,https://dblp.org/rec/conf/wine/BleischwitzMS07
https://dblp.org/pid/168/1542,https://dblp.org/rec/conf/webi/EstevesMSNLND17
https://dblp.org/pid/65/4336,https://dblp.org/rec/conf/webi/EstevesMSNLND17
https://dblp.org/pid/168/1542,https://dblp.org/rec/conf/webi/ErmilovMUN17
https://dblp.org/pid/65/4336,https://dblp.org/rec/conf/webi/ErmilovMUN17
https://dblp.org/pid/65/4336,https://dblp.org/rec/conf/webi/ValdestilhasSN17
https://dblp.org/pid/65/4336,https://dblp.org/rec/conf/webi/ShekarpourANGHS11
https://dblp.org/pid/65/4336,https://dblp.org/rec/conf/webi/GeorgalaHN17
https://dblp.org/pid/145/1160,https://dblp.org/rec/conf/webi/PokharelSL14
https://dblp.org/pid/174/1998,https://dblp.org/rec/conf/conext/HauserWSC25
https://dblp.org/pid/17/6729-15,https://dblp.org/rec/conf/conext/RazaviKNMW22
https://dblp.org/pid/68/3728,https://dblp.org/rec/conf/icsoft/GhribiAKP16a
https://dblp.org/pid/94/5744,https://dblp.org/rec/conf/icsoft/VangheluweSB07
https://dblp.org/pid/68/3728,https://dblp.org/rec/conf/icsoft/GhribiAKP16
https://dblp.org/pid/68/3728,https://dblp.org/rec/conf/arc/ClausingGKLP23
https://dblp.org/pid/76/5938,https://dblp.org/rec/conf/arc/KenterVP14
https://dblp.org/pid/68/3728,https://dblp.org/rec/conf/arc/JafariP25
https://dblp.org/pid/169/3113,https://dblp.org/rec/conf/arc/RamaswamiKKP21
https://dblp.org/pid/76/5938,https://dblp.org/rec/conf/arc/RamaswamiKKP21
https://dblp.org/pid/68/3728,https://dblp.org/rec/conf/arc/HappeLP09
https://dblp.org/pid/44/5175-1,https://dblp.org/rec/conf/arc/GotzD06
https://dblp.org/pid/68/3728,https://dblp.org/rec/conf/arc/GuettatfiKP20
https://dblp.org/pid/60/10319,https://dblp.org/rec/conf/arc/AhmedWP19
https://dblp.org/pid/68/3728,https://dblp.org/rec/conf/arc/AhmedWP19
https://dblp.org/pid/60/10319,https://dblp.org/rec/conf/arc/WiersemaWP15
https://dblp.org/pid/06/6420-5,https://dblp.org/rec/conf/arc/WiersemaWP15
https://dblp.org/pid/68/3728,https://dblp.org/rec/conf/arc/WiersemaWP15
https://dblp.org/pid/76/5938,https://dblp.org/rec/conf/arc/DurelliCDKMPPPSB14
https://dblp.org/pid/68/3728,https://dblp.org/rec/conf/arc/MeisnerP14
https://dblp.org/pid/60/10319,https://dblp.org/rec/conf/arc/WitschenWNBP21
https://dblp.org/pid/68/3728,https://dblp.org/rec/conf/arc/WitschenWNBP21
https://dblp.org/pid/68/3728,https://dblp.org/rec/conf/arc/HansmeierPA18
https://dblp.org/pid/17/6729-15,https://dblp.org/rec/conf/hotedge/TrivediWBI20
https://dblp.org/pid/70/4639,https://dblp.org/rec/conf/eee/DangelmaierHP05
https://dblp.org/pid/261/3628,https://dblp.org/rec/conf/evoapps/SkvorcSSGBT26
https://dblp.org/pid/34/2589,https://dblp.org/rec/conf/evoapps/SkvorcSSGBT26
https://dblp.org/pid/34/2589,https://dblp.org/rec/conf/evoapps/PragerT13
https://dblp.org/pid/70/4639,https://dblp.org/rec/conf/holomas/DangelmaierKB07
https://dblp.org/pid/s/ChristianScheideler,https://dblp.org/rec/conf/sand/KostitsynaSW22
https://dblp.org/pid/08/335-1,https://dblp.org/rec/conf/sand/KostitsynaSW22
https://dblp.org/pid/s/ChristianScheideler,https://dblp.org/rec/conf/sand/HinnenthalLS24
https://dblp.org/pid/s/ChristianScheideler,https://dblp.org/rec/conf/sand/DaymudeRS22
https://dblp.org/pid/s/ChristianScheideler,https://dblp.org/rec/conf/sand/Padalkin0S24
https://dblp.org/pid/13/8970,https://dblp.org/rec/conf/mwcn/CabarcosMLD09
https://dblp.org/pid/13/8970,https://dblp.org/rec/conf/mwcn/GuerreroMSAM12
https://dblp.org/pid/13/8970,https://dblp.org/rec/conf/mwcn/SanchezM12
https://dblp.org/pid/70/8080,https://dblp.org/rec/conf/mwcn/DraxlerBK15
https://dblp.org/pid/13/8970,https://dblp.org/rec/conf/mwcn/GuerreroSMAPM11
https://dblp.org/pid/13/8970,https://dblp.org/rec/conf/mwcn/SanchezMMCGS11
https://dblp.org/pid/94/5744,https://dblp.org/rec/conf/esem/HazhirpasandGKB19
https://dblp.org/pid/70/4639,https://dblp.org/rec/conf/cica/KlopperHPD11
https://dblp.org/pid/70/4639,https://dblp.org/rec/conf/cica/KlopperHD11
https://dblp.org/pid/38/1605,https://dblp.org/rec/conf/tqc/BroadbentGZ20
https://dblp.org/pid/38/1605,https://dblp.org/rec/conf/tqc/GharibianY17
https://dblp.org/pid/00/2717,https://dblp.org/rec/conf/eurodac/BrielmannK93
https://dblp.org/pid/r/FranzJosefRammig,https://dblp.org/rec/conf/eurodac/LutterGR92
https://dblp.org/pid/r/FranzJosefRammig,https://dblp.org/rec/conf/eurodac/Rammig93
https://dblp.org/pid/m/WMuller3,https://dblp.org/rec/conf/eurodac/MullerBG94
https://dblp.org/pid/00/2717,https://dblp.org/rec/conf/eurodac/KleinjohannK91
https://dblp.org/pid/34/34-2,https://dblp.org/rec/conf/eurodac/SeawrightBHMPV96
https://dblp.org/pid/r/FranzJosefRammig,https://dblp.org/rec/conf/eurodac/Rammig96
https://dblp.org/pid/94/5811-1,https://dblp.org/rec/conf/robocup/MujahedFM16
https://dblp.org/pid/k/HKleineBuning,https://dblp.org/rec/conf/iat/KemmerichB10
https://dblp.org/pid/k/HKleineBuning,https://dblp.org/rec/conf/iat/KemmerichB11
https://dblp.org/pid/m/BurkhardMonien,https://dblp.org/rec/conf/ispan/ElsasserMS04
https://dblp.org/pid/s/ChristianScheideler,https://dblp.org/rec/conf/ispan/KorzeniowskiS05
https://dblp.org/pid/s/ChristianScheideler,https://dblp.org/rec/conf/ispan/KothapalliS05
https://dblp.org/pid/s/ChristianScheideler,https://dblp.org/rec/conf/ispan/OnusRKS05
https://dblp.org/pid/76/3237,https://dblp.org/rec/conf/ruleml/MichelTZ19
https://dblp.org/pid/164/2698,https://dblp.org/rec/conf/ruleml/HullermeierFMNR20
https://dblp.org/pid/65/4336,https://dblp.org/rec/conf/ecai/BinBLN16
https://dblp.org/pid/145/1160,https://dblp.org/rec/conf/ecai/GeorgalaSN16
https://dblp.org/pid/65/4336,https://dblp.org/rec/conf/ecai/GeorgalaSN16
https://dblp.org/pid/76/3237,https://dblp.org/rec/conf/ecai/CarapelleT16
https://dblp.org/pid/150/4812-2,https://dblp.org/rec/conf/ecai/FichteH0M24
https://dblp.org/pid/k/HKleineBuning,https://dblp.org/rec/conf/ecai/KlerxAB14
https://dblp.org/pid/65/4336,https://dblp.org/rec/conf/ecai/UsbeckNRGCAB14
https://dblp.org/pid/76/3237,https://dblp.org/rec/conf/ecai/GilPPT23
https://dblp.org/pid/65/4336,https://dblp.org/rec/conf/ecai/TeyouDN24
https://dblp.org/pid/68/3728,https://dblp.org/rec/conf/eurosim/PlatznerRW95
https://dblp.org/pid/261/3628,https://dblp.org/rec/conf/nips/AssenmacherNMSR21
https://dblp.org/pid/34/2589,https://dblp.org/rec/conf/nips/AssenmacherNMSR21
https://dblp.org/pid/e/GregorEngels,https://dblp.org/rec/conf/bmsd/KirchhoffGE22
https://dblp.org/pid/e/GregorEngels,https://dblp.org/rec/conf/bmsd/GottschalkRE19
https://dblp.org/pid/138/4856,https://dblp.org/rec/conf/bmsd/GottschalkYE20
https://dblp.org/pid/e/GregorEngels,https://dblp.org/rec/conf/bmsd/GottschalkYE20
https://dblp.org/pid/e/GregorEngels,https://dblp.org/rec/conf/bmsd/GuptaSE21
https://dblp.org/pid/e/GregorEngels,https://dblp.org/rec/conf/bmsd/JazayeriZEKKS18
https://dblp.org/pid/26/4979,https://dblp.org/rec/conf/bmsd/JazayeriZEKKS18
https://dblp.org/pid/26/4979,https://dblp.org/rec/conf/bmsd/VorbohleSK20
https://dblp.org/pid/e/GregorEngels,https://dblp.org/rec/conf/bmsd/GottschalkKE21
https://dblp.org/pid/168/1542,https://dblp.org/rec/conf/xai/LiSHMSN24
https://dblp.org/pid/65/4336,https://dblp.org/rec/conf/xai/LiSHMSN24
https://dblp.org/pid/14/3197-1,https://dblp.org/rec/conf/xai/TerflothSBS23
https://dblp.org/pid/14/3197-1,https://dblp.org/rec/conf/xai/SchafferT0B24
https://dblp.org/pid/h/FMaufderHeide,https://dblp.org/rec/conf/eurocolt/AmeurFHH93
https://dblp.org/pid/150/0050,https://dblp.org/rec/conf/qest/BuddeKS21
https://dblp.org/pid/34/2589,https://dblp.org/rec/conf/er/CarneinHHTVBK17
https://dblp.org/pid/e/GregorEngels,https://dblp.org/rec/conf/er/HohensteinE90
https://dblp.org/pid/138/4956,https://dblp.org/rec/conf/er/KuhnelTL19
https://dblp.org/pid/e/GregorEngels,https://dblp.org/rec/conf/er/ThoneDE02
https://dblp.org/pid/34/2589,https://dblp.org/rec/conf/er/CarneinAT17
https://dblp.org/pid/88/6542,https://dblp.org/rec/conf/iwaenc/HeymannDHKN18
https://dblp.org/pid/70/8761,https://dblp.org/rec/conf/iwaenc/DrudeCVH14
https://dblp.org/pid/88/6542,https://dblp.org/rec/conf/iwaenc/DrudeCVH14
https://dblp.org/pid/88/6542,https://dblp.org/rec/conf/iwaenc/Cord-LandwehrBN22
https://dblp.org/pid/88/6542,https://dblp.org/rec/conf/iwaenc/GburrekMSH24
https://dblp.org/pid/88/6542,https://dblp.org/rec/conf/iwaenc/Cord-LandwehrNB22
https://dblp.org/pid/70/8761,https://dblp.org/rec/conf/iwaenc/VuH12
https://dblp.org/pid/88/6542,https://dblp.org/rec/conf/iwaenc/VuH12
https://dblp.org/pid/88/6542,https://dblp.org/rec/conf/iwaenc/GburrekSHH22
https://dblp.org/pid/88/6542,https://dblp.org/rec/conf/iwaenc/JacobSH12
https://dblp.org/pid/169/3113,https://dblp.org/rec/conf/urai/AdoniFLGK24
https://dblp.org/pid/s/ChristianScheideler,https://dblp.org/rec/conf/stoc/FeigeS98
https://dblp.org/pid/33/2110,https://dblp.org/rec/conf/stoc/BlomerS99
https://dblp.org/pid/m/BurkhardMonien,https://dblp.org/rec/conf/stoc/GairingLMM04
https://dblp.org/pid/h/FMaufderHeide,https://dblp.org/rec/conf/stoc/GilHW90
https://dblp.org/pid/m/BurkhardMonien,https://dblp.org/rec/conf/stoc/MonienS81
https://dblp.org/pid/s/ChristianScheideler,https://dblp.org/rec/conf/stoc/Scheideler05
https://dblp.org/pid/h/FMaufderHeide,https://dblp.org/rec/conf/stoc/KarpLH92
https://dblp.org/pid/h/FMaufderHeide,https://dblp.org/rec/conf/stoc/CypherHSV96
https://dblp.org/pid/s/ChristianScheideler,https://dblp.org/rec/conf/stoc/CypherHSV96
https://dblp.org/pid/38/1605,https://dblp.org/rec/conf/stoc/GharibianG22
https://dblp.org/pid/h/FMaufderHeide,https://dblp.org/rec/conf/stoc/GrigorievKHS96
https://dblp.org/pid/h/FMaufderHeide,https://dblp.org/rec/conf/stoc/DietzfelbingerH90
https://dblp.org/pid/h/FMaufderHeide,https://dblp.org/rec/conf/stoc/FichHRW85
https://dblp.org/pid/h/FMaufderHeide,https://dblp.org/rec/conf/stoc/Heide85
https://dblp.org/pid/h/FMaufderHeide,https://dblp.org/rec/conf/stoc/Heide83
https://dblp.org/pid/s/ChristianScheideler,https://dblp.org/rec/conf/stoc/CzumajS00
https://dblp.org/pid/53/4856,https://dblp.org/rec/conf/stoc/BriestKV05
https://dblp.org/pid/s/ChristianScheideler,https://dblp.org/rec/conf/stoc/ScheidelerV99
https://dblp.org/pid/h/FMaufderHeide,https://dblp.org/rec/conf/stoc/ColeMHMRSSV98
https://dblp.org/pid/25/7857,https://dblp.org/rec/conf/isie/ElattarCWJT17
https://dblp.org/pid/17/6729-15,https://dblp.org/rec/conf/hotnets/KarlosBW21
https://dblp.org/pid/25/7857,https://dblp.org/rec/conf/icarm/LenzBHT24
https://dblp.org/pid/164/2698,https://dblp.org/rec/conf/sum/NguyenDM17
https://dblp.org/pid/164/2698,https://dblp.org/rec/conf/sum/NguyenMH24
https://dblp.org/pid/164/2698,https://dblp.org/rec/conf/sum/MadrigalNGD24
https://dblp.org/pid/138/8052,https://dblp.org/rec/conf/in4pl/Markarian21
https://dblp.org/pid/138/8052,https://dblp.org/rec/conf/in4pl/Markarian21a
https://dblp.org/pid/138/8052,https://dblp.org/rec/conf/in4pl/MarkarianK21a
https://dblp.org/pid/138/8052,https://dblp.org/rec/conf/in4pl/MarkarianK21
https://dblp.org/pid/138/8052,https://dblp.org/rec/conf/in4pl/MarkarianP25
https://dblp.org/pid/269/5697,https://dblp.org/rec/conf/iros/WestfechtelOMNK16
https://dblp.org/pid/68/3728,https://dblp.org/rec/conf/iros/LienenMP23
https://dblp.org/pid/f/AlexanderFoerster,https://dblp.org/rec/conf/iros/StollengaPFLFS13
https://dblp.org/pid/90/4912,https://dblp.org/rec/conf/iros/GausemeierGGL94
https://dblp.org/pid/94/5811-1,https://dblp.org/rec/conf/iros/MujahadFMJ10
https://dblp.org/pid/153/6937,https://dblp.org/rec/conf/iros/KazmiM16
https://dblp.org/pid/f/AlexanderFoerster,https://dblp.org/rec/conf/iros/LeitnerHFFS12
https://dblp.org/pid/17/5476,https://dblp.org/rec/conf/iros/EsauKK07
https://dblp.org/pid/00/2717,https://dblp.org/rec/conf/iros/EsauKK07
https://dblp.org/pid/17/5476,https://dblp.org/rec/conf/iros/AustermannEKK05
https://dblp.org/pid/00/2717,https://dblp.org/rec/conf/iros/AustermannEKK05
https://dblp.org/pid/138/4856,https://dblp.org/rec/conf/eics/Yigitbas0E17
https://dblp.org/pid/07/2093-1,https://dblp.org/rec/conf/eics/Yigitbas0E17
https://dblp.org/pid/e/GregorEngels,https://dblp.org/rec/conf/eics/Yigitbas0E17
https://dblp.org/pid/138/4856,https://dblp.org/rec/conf/eics/YigitbasJJKAE19
https://dblp.org/pid/e/GregorEngels,https://dblp.org/rec/conf/eics/YigitbasJJKAE19
https://dblp.org/pid/138/4856,https://dblp.org/rec/conf/eics/KringsYBE22
https://dblp.org/pid/e/GregorEngels,https://dblp.org/rec/conf/eics/KringsYBE22
https://dblp.org/pid/138/4856,https://dblp.org/rec/conf/eics/Yigitbas0E21
https://dblp.org/pid/07/2093-1,https://dblp.org/rec/conf/eics/Yigitbas0E21
https://dblp.org/pid/e/GregorEngels,https://dblp.org/rec/conf/eics/Yigitbas0E21
https://dblp.org/pid/138/4856,https://dblp.org/rec/conf/eics/YigitbasM015
https://dblp.org/pid/07/2093-1,https://dblp.org/rec/conf/eics/YigitbasM015
https://dblp.org/pid/138/4856,https://dblp.org/rec/conf/eics/KringsYJ0E20
https://dblp.org/pid/07/2093-1,https://dblp.org/rec/conf/eics/KringsYJ0E20
https://dblp.org/pid/e/GregorEngels,https://dblp.org/rec/conf/eics/KringsYJ0E20
https://dblp.org/pid/164/2698,https://dblp.org/rec/conf/robio/PhamNVLNN24
https://dblp.org/pid/94/5811-1,https://dblp.org/rec/conf/robio/MujahedFM15
https://dblp.org/pid/s/ChristianScheideler,https://dblp.org/rec/conf/iwia/AtenieseRS04
https://dblp.org/pid/16/8643-2,https://dblp.org/rec/conf/iscram/PottebaumMS14
https://dblp.org/pid/16/8643-2,https://dblp.org/rec/conf/iscram/PetersenBKSP15
https://dblp.org/pid/76/5938,https://dblp.org/rec/conf/asap/PlesslP05
https://dblp.org/pid/68/3728,https://dblp.org/rec/conf/asap/PlesslP05
https://dblp.org/pid/76/5938,https://dblp.org/rec/conf/asap/BeiselNP10
https://dblp.org/pid/68/3728,https://dblp.org/rec/conf/asap/LoschP18
https://dblp.org/pid/68/3728,https://dblp.org/rec/conf/asap/LoschP17
https://dblp.org/pid/60/10319,https://dblp.org/rec/conf/asap/BeiselWPB11
https://dblp.org/pid/76/5938,https://dblp.org/rec/conf/asap/BeiselWPB11
https://dblp.org/pid/s/AdrianSlowik,https://dblp.org/rec/conf/europar/HeineS00
https://dblp.org/pid/s/ChristianScheideler,https://dblp.org/rec/conf/europar/AugustineSW25
https://dblp.org/pid/h/FMaufderHeide,https://dblp.org/rec/conf/europar/HeideSS96
https://dblp.org/pid/h/FMaufderHeide,https://dblp.org/rec/conf/europar/BamkerDHR96
https://dblp.org/pid/h/FMaufderHeide,https://dblp.org/rec/conf/europar/HeideKR00
https://dblp.org/pid/h/FMaufderHeide,https://dblp.org/rec/conf/europar/HeideV97
https://dblp.org/pid/68/3728,https://dblp.org/rec/conf/europar/FriedlPR95
https://dblp.org/pid/m/BurkhardMonien,https://dblp.org/rec/conf/europar/ElsasserFMP99
https://dblp.org/pid/68/3728,https://dblp.org/rec/conf/europar/GrafLPS11
https://dblp.org/pid/19/3568,https://dblp.org/rec/conf/europar/BilardiFHM01
https://dblp.org/pid/76/5938,https://dblp.org/rec/conf/europar/MeyerKPOBP24
https://dblp.org/pid/19/3568,https://dblp.org/rec/conf/europar/FeldmannR02
https://dblp.org/pid/m/BurkhardMonien,https://dblp.org/rec/conf/europar/MonienS12
https://dblp.org/pid/s/ChristianScheideler,https://dblp.org/rec/conf/europar/MonienS12
https://dblp.org/pid/h/FMaufderHeide,https://dblp.org/rec/conf/europar/HeideKNS02
https://dblp.org/pid/h/FMaufderHeide,https://dblp.org/rec/conf/europar/KaraivazoglouH97
https://dblp.org/pid/76/5938,https://dblp.org/rec/conf/europar/AlhaddadFGGGHKP20
https://dblp.org/pid/m/BurkhardMonien,https://dblp.org/rec/conf/europar/DeckerMP00
https://dblp.org/pid/14/3197-1,https://dblp.org/rec/conf/kolicalling/SchulteB18
https://dblp.org/pid/14/3197-1,https://dblp.org/rec/conf/kolicalling/HornungS11
https://dblp.org/pid/14/3197-1,https://dblp.org/rec/conf/kolicalling/BednarikSBHV18
https://dblp.org/pid/14/3197-1,https://dblp.org/rec/conf/kolicalling/MuhlingSBBG19
https://dblp.org/pid/14/3197-1,https://dblp.org/rec/conf/kolicalling/BusjahnS13
https://dblp.org/pid/14/3197-1,https://dblp.org/rec/conf/kolicalling/HeinemannOBSFBP18
https://dblp.org/pid/14/3197-1,https://dblp.org/rec/conf/kolicalling/BusjahnSB11
https://dblp.org/pid/14/3197-1,https://dblp.org/rec/conf/kolicalling/Hoper024
https://dblp.org/pid/14/3197-1,https://dblp.org/rec/conf/kolicalling/WinkelnkemperS23
https://dblp.org/pid/14/3197-1,https://dblp.org/rec/conf/kolicalling/SparmannAM025
https://dblp.org/pid/14/3197-1,https://dblp.org/rec/conf/kolicalling/PodwornyFHBFHS21
https://dblp.org/pid/14/3197-1,https://dblp.org/rec/conf/kolicalling/TerflothBS20
https://dblp.org/pid/14/3197-1,https://dblp.org/rec/conf/kolicalling/SparmannHS23
https://dblp.org/pid/14/3197-1,https://dblp.org/rec/conf/kolicalling/SchulteHSDJTEP12
https://dblp.org/pid/e/GregorEngels,https://dblp.org/rec/conf/tapsoft/EngelsS85
https://dblp.org/pid/31/5809,https://dblp.org/rec/conf/tapsoft/EngelsS85
https://dblp.org/pid/s/TimSchattkowsky,https://dblp.org/rec/conf/icn/SchattkowskyFL06
https://dblp.org/pid/f/AlexanderFoerster,https://dblp.org/rec/conf/icn/SchattkowskyFL06
https://dblp.org/pid/s/TimSchattkowsky,https://dblp.org/rec/conf/icn/Schattkowsky05
https://dblp.org/pid/s/TimSchattkowsky,https://dblp.org/rec/conf/icn/LoeserSSS06
https://dblp.org/pid/14/3197-1,https://dblp.org/rec/conf/ppig/BennedsenS06
https://dblp.org/pid/14/3197-1,https://dblp.org/rec/conf/ppig/BusjahnSK14
https://dblp.org/pid/08/8419,https://dblp.org/rec/conf/lwa/ShakerSH11
https://dblp.org/pid/97/114-4,https://dblp.org/rec/conf/lwa/SchaferH16
https://dblp.org/pid/97/114-4,https://dblp.org/rec/conf/lwa/SchaferH14
https://dblp.org/pid/95/4985-1,https://dblp.org/rec/conf/lwa/0001VMW10
https://dblp.org/pid/97/114-4,https://dblp.org/rec/conf/lwa/Schafer17
https://dblp.org/pid/17/6729-15,https://dblp.org/rec/conf/eurosys/ApostoloBNBW22
https://dblp.org/pid/17/6729-15,https://dblp.org/rec/conf/eurosys/BrandhermWM19
https://dblp.org/pid/36/10647,https://dblp.org/rec/conf/ictac/TravkinW16
https://dblp.org/pid/36/10647,https://dblp.org/rec/conf/ictac/DongolTDW13
https://dblp.org/pid/s/TimSchattkowsky,https://dblp.org/rec/conf/icse-gas/StrodickS24
https://dblp.org/pid/34/2589,https://dblp.org/rec/conf/ssci/PragerTWBK20
https://dblp.org/pid/261/3628,https://dblp.org/rec/conf/ssci/SeilerRHPBT23
https://dblp.org/pid/119/5839,https://dblp.org/rec/conf/ssci/SeilerRHPBT23
https://dblp.org/pid/34/2589,https://dblp.org/rec/conf/ssci/SeilerRHPBT23
https://dblp.org/pid/34/2589,https://dblp.org/rec/conf/ssci/SteinhoffKATG20
https://dblp.org/pid/261/3628,https://dblp.org/rec/conf/ssci/PragerSTK21
https://dblp.org/pid/34/2589,https://dblp.org/rec/conf/ssci/PragerSTK21
https://dblp.org/pid/119/5839,https://dblp.org/rec/conf/ssci/BossekG17a
https://dblp.org/pid/119/5839,https://dblp.org/rec/conf/ssci/BossekG17
https://dblp.org/pid/40/4987-1,https://dblp.org/rec/conf/iwpc/Li0SA21
https://dblp.org/pid/14/3197-1,https://dblp.org/rec/conf/iwpc/BusjahnBBCPSST15
https://dblp.org/pid/79/6049,https://dblp.org/rec/conf/icdl/SinghWRGR25
https://dblp.org/pid/79/6049,https://dblp.org/rec/conf/icdl/VollmerPLFRW10
https://dblp.org/pid/222/1046-1,https://dblp.org/rec/conf/coling/AlshomaryLBSCW24
https://dblp.org/pid/65/4336,https://dblp.org/rec/conf/coling/0001WHBN0BHP22
https://dblp.org/pid/e/GregorEngels,https://dblp.org/rec/conf/coling/NouriWE20
https://dblp.org/pid/e/GregorEngels,https://dblp.org/rec/conf/coling/WachsmuthTSE14
https://dblp.org/pid/168/1542,https://dblp.org/rec/conf/coling/SrivastavaKNSRZ25
https://dblp.org/pid/65/4336,https://dblp.org/rec/conf/coling/SrivastavaKNSRZ25
https://dblp.org/pid/168/1542,https://dblp.org/rec/conf/coling/VollmersZMN25
https://dblp.org/pid/65/4336,https://dblp.org/rec/conf/coling/VollmersZMN25
https://dblp.org/pid/r/FranzJosefRammig,https://dblp.org/rec/conf/microcomputing/RammigAC79
https://dblp.org/pid/65/4336,https://dblp.org/rec/conf/f-egc/Ngonga23
https://dblp.org/pid/17/6729-15,https://dblp.org/rec/conf/asplos/BlocherWES21
https://dblp.org/pid/b/StBottcher,https://dblp.org/rec/conf/vldb/BottcherJS86
https://dblp.org/pid/17/6729-15,https://dblp.org/rec/conf/kivs/HeuschkelSWM17
https://dblp.org/pid/70/8080,https://dblp.org/rec/conf/kivs/DraxlerBDVK15
https://dblp.org/pid/14/6145-5,https://dblp.org/rec/conf/dagm/ChengDH00
https://dblp.org/pid/203/2506,https://dblp.org/rec/conf/dagm/DamerBWBTBK18
https://dblp.org/pid/e/GregorEngels,https://dblp.org/rec/conf/ijcnlp/WachsmuthSE13
https://dblp.org/pid/127/6615,https://dblp.org/rec/conf/ijcnlp/WachsmuthB11
https://dblp.org/pid/76/5938,https://dblp.org/rec/conf/fpt/RieblerKSP13
https://dblp.org/pid/68/3728,https://dblp.org/rec/conf/fpt/BerganskiJPKG24
https://dblp.org/pid/76/5938,https://dblp.org/rec/conf/fpt/PlesslPT06
https://dblp.org/pid/68/3728,https://dblp.org/rec/conf/fpt/PlesslPT06
https://dblp.org/pid/60/10319,https://dblp.org/rec/conf/fpt/WiersemaDP14
https://dblp.org/pid/68/3728,https://dblp.org/rec/conf/fpt/WiersemaDP14
https://dblp.org/pid/68/3728,https://dblp.org/rec/conf/fpt/HoKP17
https://dblp.org/pid/k/MKoester,https://dblp.org/rec/conf/fpt/KoesterPK05
https://dblp.org/pid/68/3728,https://dblp.org/rec/conf/fpt/MeisnerP15
https://dblp.org/pid/76/5938,https://dblp.org/rec/conf/fpt/PlesslP03
https://dblp.org/pid/68/3728,https://dblp.org/rec/conf/fpt/PlesslP03
https://dblp.org/pid/m/WMuller3,https://dblp.org/rec/conf/sefm/FlakeM04
https://dblp.org/pid/36/10647,https://dblp.org/rec/conf/sefm/SchellhornWTKW18
https://dblp.org/pid/39/1215-1,https://dblp.org/rec/conf/fdl/Zhao03
https://dblp.org/pid/m/WMuller3,https://dblp.org/rec/conf/fdl/ZambaldiEKM04
https://dblp.org/pid/24/160,https://dblp.org/rec/conf/fdl/KruppM03
https://dblp.org/pid/m/WMuller3,https://dblp.org/rec/conf/fdl/KruppM03
https://dblp.org/pid/77/949,https://dblp.org/rec/conf/fdl/LuchterhandtGWSMD25
https://dblp.org/pid/m/WMuller3,https://dblp.org/rec/conf/fdl/LuchterhandtGWSMD25
https://dblp.org/pid/e/GregorEngels,https://dblp.org/rec/conf/IEEEscc/GerthLKE10
https://dblp.org/pid/00/2717,https://dblp.org/rec/conf/IEEEscc/JungmannK13
https://dblp.org/pid/00/2717,https://dblp.org/rec/conf/IEEEscc/JungmannK12
https://dblp.org/pid/k/HKleineBuning,https://dblp.org/rec/conf/IEEEscc/MohrJB15
https://dblp.org/pid/00/2717,https://dblp.org/rec/conf/IEEEscc/JungmannK16
https://dblp.org/pid/e/GregorEngels,https://dblp.org/rec/conf/IEEEscc/GerthLKE11
https://dblp.org/pid/62/6023-2,https://dblp.org/rec/conf/dft/MohammadiGYM13
https://dblp.org/pid/68/3728,https://dblp.org/rec/conf/dft/AnwerP14
https://dblp.org/pid/k/UweKastens,https://dblp.org/rec/conf/lctrts/KastensLST04
https://dblp.org/pid/s/AdrianSlowik,https://dblp.org/rec/conf/lctrts/KastensLST04
https://dblp.org/pid/68/3728,https://dblp.org/rec/conf/lctrts/DanneP06
https://dblp.org/pid/e/GregorEngels,https://dblp.org/rec/conf/quatic/SalgerEE10
https://dblp.org/pid/76/5938,https://dblp.org/rec/conf/inss/WoehrlePT10
https://dblp.org/pid/m/WMuller3,https://dblp.org/rec/conf/uml/FlakeM02
https://dblp.org/pid/07/2093-1,https://dblp.org/rec/conf/uml/LohmannSS03
https://dblp.org/pid/s/TimSchattkowsky,https://dblp.org/rec/conf/uml/LohmannSS03
https://dblp.org/pid/e/GregorEngels,https://dblp.org/rec/conf/uml/EngelsHK01
https://dblp.org/pid/e/GregorEngels,https://dblp.org/rec/conf/uml/EngelsHSW99
https://dblp.org/pid/07/2093-1,https://dblp.org/rec/conf/uml/EngelsHSW99
https://dblp.org/pid/s/TimSchattkowsky,https://dblp.org/rec/conf/uml/SchattkowskyL02
https://dblp.org/pid/07/2093-1,https://dblp.org/rec/conf/uml/HausmannKS01
https://dblp.org/pid/s/TimSchattkowsky,https://dblp.org/rec/conf/uml/SchattkowskyL05
https://dblp.org/pid/s/TimSchattkowsky,https://dblp.org/rec/conf/uml/SchattkowskyL05a
https://dblp.org/pid/e/GregorEngels,https://dblp.org/rec/conf/uml/EngelsHKG02
https://dblp.org/pid/e/GregorEngels,https://dblp.org/rec/conf/uml/EngelsHHS00
https://dblp.org/pid/07/2093-1,https://dblp.org/rec/conf/uml/EngelsHHS00
https://dblp.org/pid/e/GregorEngels,https://dblp.org/rec/conf/uml/EngelsHLS05
https://dblp.org/pid/07/2093-1,https://dblp.org/rec/conf/uml/EngelsHLS05
https://dblp.org/pid/m/WMuller3,https://dblp.org/rec/conf/uml/FlakeM04
https://dblp.org/pid/07/2093-1,https://dblp.org/rec/conf/uml/PleussBSH05
https://dblp.org/pid/f/AlexanderFoerster,https://dblp.org/rec/conf/uml/ForsterES05
https://dblp.org/pid/e/GregorEngels,https://dblp.org/rec/conf/uml/ForsterES05
https://dblp.org/pid/s/TimSchattkowsky,https://dblp.org/rec/conf/uml/ForsterES05
https://dblp.org/pid/e/GregorEngels,https://dblp.org/rec/conf/uml/EngelsHK03
https://dblp.org/pid/177/9340,https://dblp.org/rec/conf/iwpec/LeonhardtDHKM0P23
https://dblp.org/pid/77/949,https://dblp.org/rec/conf/issse2/WolfKS12
https://dblp.org/pid/65/4336,https://dblp.org/rec/conf/ideal/FeldhansWHSHNH21
https://dblp.org/pid/76/3237,https://dblp.org/rec/conf/owled/GoetzMTT13
https://dblp.org/pid/76/3237,https://dblp.org/rec/conf/owled/BechhoferLLNPSTW06
https://dblp.org/pid/76/3237,https://dblp.org/rec/conf/owled/EckeT12
https://dblp.org/pid/94/5744,https://dblp.org/rec/conf/ndss/RasthoferAMB16
https://dblp.org/pid/94/5744,https://dblp.org/rec/conf/ndss/RasthoferAB14
https://dblp.org/pid/117/6974-1,https://dblp.org/rec/conf/konvens/WeberCLSGJ14
https://dblp.org/pid/203/2506,https://dblp.org/rec/conf/btas/TerhorstHKZDKK19
https://dblp.org/pid/203/2506,https://dblp.org/rec/conf/btas/DamerWBBT0K18
https://dblp.org/pid/69/3369-1,https://dblp.org/rec/conf/refsq/Munoz-Fernandez17
https://dblp.org/pid/138/4856,https://dblp.org/rec/conf/refsq/FischerRYF16
https://dblp.org/pid/31/5809,https://dblp.org/rec/conf/refsq/FerrariSHGSM10
https://dblp.org/pid/26/2578-8,https://dblp.org/rec/conf/avi/Zhao92
https://dblp.org/pid/77/949,https://dblp.org/rec/conf/pimrc/WangSKBGBS13
https://dblp.org/pid/77/949,https://dblp.org/rec/conf/pimrc/AbughannamS20
https://dblp.org/pid/77/949,https://dblp.org/rec/conf/pimrc/ChoiGHPSSGKTEWKS08
https://dblp.org/pid/77/949,https://dblp.org/rec/conf/pimrc/ChoiEGS10
https://dblp.org/pid/55/3839,https://dblp.org/rec/conf/pimrc/LeongQD20
https://dblp.org/pid/77/949,https://dblp.org/rec/conf/pimrc/GrassSGESLHUPKS08
https://dblp.org/pid/s/MohammadSoleymani-2,https://dblp.org/rec/conf/pimrc/0003M19
https://dblp.org/pid/70/8080,https://dblp.org/rec/conf/pimrc/DraxlerBKK12
https://dblp.org/pid/b/StBottcher,https://dblp.org/rec/conf/ecweb/BottcherD04
https://dblp.org/pid/94/5744,https://dblp.org/rec/conf/agtive/BoddenV07
https://dblp.org/pid/e/GregorEngels,https://dblp.org/rec/conf/agtive/ZamperoniE99
https://dblp.org/pid/e/GregorEngels,https://dblp.org/rec/conf/agtive/EngelsGSW07
https://dblp.org/pid/50/6546,https://dblp.org/rec/conf/agtive/EngelsGSW07
https://dblp.org/pid/76/3237,https://dblp.org/rec/conf/nmr/CamaraT22
https://dblp.org/pid/76/5938,https://dblp.org/rec/conf/hpcasia/KarpPKJPSM22
https://dblp.org/pid/i/TobiasIsenberg2,https://dblp.org/rec/conf/tap/0002JPW19
https://dblp.org/pid/138/4856,https://dblp.org/rec/conf/programming/AnjorinYKP18
https://dblp.org/pid/06/729-1,https://dblp.org/rec/conf/momm/HintzeMFSKM15
https://dblp.org/pid/77/949,https://dblp.org/rec/conf/ccnc/ChoiGPEMKS10
https://dblp.org/pid/h/FMaufderHeide,https://dblp.org/rec/conf/ifip10/HeideS08
https://dblp.org/pid/r/FranzJosefRammig,https://dblp.org/rec/conf/ifip10/MontealegreR08
https://dblp.org/pid/68/3728,https://dblp.org/rec/conf/ifip10/KnieperDKP08
https://dblp.org/pid/00/2717,https://dblp.org/rec/conf/ifip10/RichertKK06
https://dblp.org/pid/17/5476,https://dblp.org/rec/conf/ifip10/RichertKK06
https://dblp.org/pid/43/917,https://dblp.org/rec/conf/ifip10/GieseMMOS06
https://dblp.org/pid/h/FMaufderHeide,https://dblp.org/rec/conf/ifip10/DyniaKLH06
https://dblp.org/pid/17/5476,https://dblp.org/rec/conf/ifip10/EsauKK08
https://dblp.org/pid/00/2717,https://dblp.org/rec/conf/ifip10/EsauKK08
https://dblp.org/pid/00/2717,https://dblp.org/rec/conf/ifip10/GolombekRKA08
https://dblp.org/pid/62/782,https://dblp.org/rec/conf/ifip10/GolombekRKA08
https://dblp.org/pid/203/2506,https://dblp.org/rec/conf/bmvc/HuberTKDK22
https://dblp.org/pid/d/GittaDomik,https://dblp.org/rec/conf/cgi/StuweLD98
https://dblp.org/pid/d/GittaDomik,https://dblp.org/rec/conf/cgi/KonigLD98
https://dblp.org/pid/69/5050-8,https://dblp.org/rec/conf/netsoft/SchneiderSPK20
https://dblp.org/pid/69/5050-8,https://dblp.org/rec/conf/netsoft/PeusterSBMBK19
https://dblp.org/pid/69/5050-8,https://dblp.org/rec/conf/netsoft/DraxlerSK18
https://dblp.org/pid/69/5050-8,https://dblp.org/rec/conf/netsoft/ZafeiropoulosFP20
https://dblp.org/pid/69/5050-8,https://dblp.org/rec/conf/netsoft/MullerBBSPK20
https://dblp.org/pid/71/11054,https://dblp.org/rec/conf/eoolt/SchamaiPFPHS10
https://dblp.org/pid/71/11054,https://dblp.org/rec/conf/eoolt/PohlmannT11
https://dblp.org/pid/m/BurkhardMonien,https://dblp.org/rec/conf/caap/MonienS83
https://dblp.org/pid/76/5938,https://dblp.org/rec/conf/pasc/ButtnerAKKPA24
https://dblp.org/pid/169/3113,https://dblp.org/rec/conf/pasc/LassMWKP18
https://dblp.org/pid/76/5938,https://dblp.org/rec/conf/pasc/LassMWKP18
https://dblp.org/pid/76/5938,https://dblp.org/rec/conf/pasc/FajKFPA23
https://dblp.org/pid/s/ChristianScheideler,https://dblp.org/rec/conf/p2p/FeldottoSG14
https://dblp.org/pid/63/4934-1,https://dblp.org/rec/conf/iccps/BeckerKM14
https://dblp.org/pid/m/WMuller3,https://dblp.org/rec/conf/iccps/BeckerKM14
https://dblp.org/pid/138/4856,https://dblp.org/rec/conf/modelsward/JovanovikjY0E20
https://dblp.org/pid/07/2093-1,https://dblp.org/rec/conf/modelsward/JovanovikjY0E20
https://dblp.org/pid/e/GregorEngels,https://dblp.org/rec/conf/modelsward/JovanovikjY0E20
https://dblp.org/pid/e/GregorEngels,https://dblp.org/rec/conf/modelsward/WoltersE23
https://dblp.org/pid/138/4856,https://dblp.org/rec/conf/modelsward/JovanovikjYG0E19
https://dblp.org/pid/07/2093-1,https://dblp.org/rec/conf/modelsward/JovanovikjYG0E19
https://dblp.org/pid/e/GregorEngels,https://dblp.org/rec/conf/modelsward/JovanovikjYG0E19
https://dblp.org/pid/94/5744,https://dblp.org/rec/conf/modelsward/KochTDB22
https://dblp.org/pid/71/11054,https://dblp.org/rec/conf/modelsward/GeismannPS17
https://dblp.org/pid/138/4856,https://dblp.org/rec/conf/modelsward/JovanovikjTVY0E21
https://dblp.org/pid/07/2093-1,https://dblp.org/rec/conf/modelsward/JovanovikjTVY0E21
https://dblp.org/pid/e/GregorEngels,https://dblp.org/rec/conf/modelsward/JovanovikjTVY0E21
https://dblp.org/pid/94/5744,https://dblp.org/rec/conf/modelsward/TrentinagliaKB26
https://dblp.org/pid/e/GregorEngels,https://dblp.org/rec/conf/modelsward/JovanovikjNE018
https://dblp.org/pid/07/2093-1,https://dblp.org/rec/conf/modelsward/JovanovikjNE018
https://dblp.org/pid/71/11054,https://dblp.org/rec/conf/modelsward/GeismannHKPS17
https://dblp.org/pid/34/34-2,https://dblp.org/rec/conf/itc/VierhausMG93
https://dblp.org/pid/h/FMaufderHeide,https://dblp.org/rec/conf/focs/MaggsHVW97
https://dblp.org/pid/h/FMaufderHeide,https://dblp.org/rec/conf/focs/DietzfelbingerKMHRT88
https://dblp.org/pid/33/2110,https://dblp.org/rec/conf/focs/AlbaneseBELS94
https://dblp.org/pid/h/FMaufderHeide,https://dblp.org/rec/conf/focs/HeideS96
https://dblp.org/pid/s/ChristianScheideler,https://dblp.org/rec/conf/focs/HeideS96
https://dblp.org/pid/h/FMaufderHeide,https://dblp.org/rec/conf/focs/HeideR84
https://dblp.org/pid/h/FMaufderHeide,https://dblp.org/rec/conf/focs/Heide85
https://dblp.org/pid/33/2110,https://dblp.org/rec/conf/focs/Blomer92
https://dblp.org/pid/33/2110,https://dblp.org/rec/conf/focs/Blomer91
https://dblp.org/pid/s/ChristianScheideler,https://dblp.org/rec/conf/focs/AwerbuchBBS01
https://dblp.org/pid/h/FMaufderHeide,https://dblp.org/rec/conf/focs/HeideW85
https://dblp.org/pid/e/GregorEngels,https://dblp.org/rec/conf/csmr/HeckelE01
https://dblp.org/pid/62/782,https://dblp.org/rec/conf/ifip10-3/SternARK08
https://dblp.org/pid/00/2717,https://dblp.org/rec/conf/ifip10-3/SternARK08
https://dblp.org/pid/00/2717,https://dblp.org/rec/conf/ifip10-3/Kleinjohann98
https://dblp.org/pid/62/782,https://dblp.org/rec/conf/ifip10-3/SternASKK10
https://dblp.org/pid/17/5476,https://dblp.org/rec/conf/ifip10-3/SternASKK10
https://dblp.org/pid/00/2717,https://dblp.org/rec/conf/ifip10-3/SternASKK10
https://dblp.org/pid/m/WMuller3,https://dblp.org/rec/conf/ifip10-3/0003BKL10
https://dblp.org/pid/24/160,https://dblp.org/rec/conf/ifip10-3/0003BKL10
https://dblp.org/pid/181/2328-6,https://dblp.org/rec/conf/ifip10-3/XieML10
https://dblp.org/pid/m/WMuller3,https://dblp.org/rec/conf/ifip10-3/XieML10
https://dblp.org/pid/r/FranzJosefRammig,https://dblp.org/rec/conf/ifip10-3/RettbergRGGHK00
https://dblp.org/pid/00/2717,https://dblp.org/rec/conf/ifip10-3/RettbergRGGHK00
https://dblp.org/pid/39/1215-1,https://dblp.org/rec/conf/ifip10-3/Zhao04
https://dblp.org/pid/00/2717,https://dblp.org/rec/conf/ifip10-3/RettbergKR02
https://dblp.org/pid/r/FranzJosefRammig,https://dblp.org/rec/conf/ifip10-3/RettbergKR02
https://dblp.org/pid/00/2717,https://dblp.org/rec/conf/ifip10-3/RichertKKBRA06
https://dblp.org/pid/62/782,https://dblp.org/rec/conf/ifip10-3/RichertKKBRA06
https://dblp.org/pid/54/503-1,https://dblp.org/rec/conf/ifip10-3/ZanellaLHP02
https://dblp.org/pid/r/FranzJosefRammig,https://dblp.org/rec/conf/ifip10-3/RustR04a
https://dblp.org/pid/00/2717,https://dblp.org/rec/conf/ifip10-3/HardtABCDEGKLRRSST98
https://dblp.org/pid/r/FranzJosefRammig,https://dblp.org/rec/conf/ifip10-3/HardtABCDEGKLRRSST98
https://dblp.org/pid/m/WMuller3,https://dblp.org/rec/conf/ifip10-3/KlobedanzDZ0Z10
https://dblp.org/pid/r/FranzJosefRammig,https://dblp.org/rec/conf/ifip10-3/LindsayRHT10
https://dblp.org/pid/39/1215-1,https://dblp.org/rec/conf/ifip10-3/SamaraZR10
https://dblp.org/pid/r/FranzJosefRammig,https://dblp.org/rec/conf/ifip10-3/SamaraZR10
https://dblp.org/pid/m/WMuller3,https://dblp.org/rec/conf/ifip10-3/ZabelM08
https://dblp.org/pid/43/917,https://dblp.org/rec/conf/ifip10-3/BoekeO04
https://dblp.org/pid/00/2717,https://dblp.org/rec/conf/ifip10-3/SticklingK02
https://dblp.org/pid/r/FranzJosefRammig,https://dblp.org/rec/conf/ifip10-3/RettbergR06
https://dblp.org/pid/00/2717,https://dblp.org/rec/conf/ifip10-3/WolfKK10
https://dblp.org/pid/17/5476,https://dblp.org/rec/conf/ifip10-3/WolfKK10
https://dblp.org/pid/63/4934-1,https://dblp.org/rec/conf/ifip10-3/BeckerZ010
https://dblp.org/pid/m/WMuller3,https://dblp.org/rec/conf/ifip10-3/BeckerZ010
https://dblp.org/pid/39/1215-1,https://dblp.org/rec/conf/ifip10-3/KardosZ04
https://dblp.org/pid/44/5175-1,https://dblp.org/rec/conf/ifip10-3/DittmanR04
https://dblp.org/pid/e/GregorEngels,https://dblp.org/rec/conf/ewgdss/KirchhoffWE22
https://dblp.org/pid/94/5744,https://dblp.org/rec/conf/soco/BoddenS06
https://dblp.org/pid/94/5744,https://dblp.org/rec/conf/soco/AnsaloniBBBHMQSSTZ12
https://dblp.org/pid/68/3728,https://dblp.org/rec/conf/samos/GiefersP08
https://dblp.org/pid/m/WMuller3,https://dblp.org/rec/conf/samos/MischkallaM14
https://dblp.org/pid/228/3129,https://dblp.org/rec/conf/ipmu/LeiteCG10
https://dblp.org/pid/65/4336,https://dblp.org/rec/conf/jist/DemirN19
https://dblp.org/pid/76/3237,https://dblp.org/rec/conf/jist/KoopmannHT17
https://dblp.org/pid/65/4336,https://dblp.org/rec/conf/jist/0002AVN22
https://dblp.org/pid/76/3237,https://dblp.org/rec/conf/jist/MailisT14
https://dblp.org/pid/31/5809,https://dblp.org/rec/conf/dagstuhl/TamuraVMSBKMPSTW10
https://dblp.org/pid/b/StBottcher,https://dblp.org/rec/conf/dagstuhl/Bottcher06
https://dblp.org/pid/e/GregorEngels,https://dblp.org/rec/conf/dagstuhl/LemosGMSALSTVVWBBBBCDDEGGGGIKKLMMMMMNPPSSSSTWW10
https://dblp.org/pid/31/5809,https://dblp.org/rec/conf/dagstuhl/LemosGMSALSTVVWBBBBCDDEGGGGIKKLMMMMMNPPSSSSTWW10
https://dblp.org/pid/31/5809,https://dblp.org/rec/conf/dagstuhl/BroyJNRCEGGGGGH05
https://dblp.org/pid/33/2110,https://dblp.org/rec/conf/dagstuhl/BlomerBCM07
https://dblp.org/pid/e/GregorEngels,https://dblp.org/rec/conf/dagstuhl/BurnettEMR07a
https://dblp.org/pid/k/ReinhardKeilSlawik,https://dblp.org/rec/conf/dagstuhl/Keil-Slawik93
https://dblp.org/pid/e/GregorEngels,https://dblp.org/rec/conf/dagstuhl/AndriesE93
https://dblp.org/pid/s/ChristianScheideler,https://dblp.org/rec/conf/dagstuhl/DoerrGMSS09
https://dblp.org/pid/b/StBottcher,https://dblp.org/rec/conf/dagstuhl/BoseBGPRSST04
https://dblp.org/pid/48/5080,https://dblp.org/rec/conf/dagstuhl/BonczBIJKLMMORSSSST06
https://dblp.org/pid/33/2110,https://dblp.org/rec/conf/dagstuhl/BlomerBCM07a
https://dblp.org/pid/14/3197-1,https://dblp.org/rec/conf/dagstuhl/Schulte04
https://dblp.org/pid/r/FranzJosefRammig,https://dblp.org/rec/conf/dagstuhl/RammigHJ08
https://dblp.org/pid/b/StBottcher,https://dblp.org/rec/conf/dagstuhl/BottcherLMR08a
https://dblp.org/pid/34/2589,https://dblp.org/rec/conf/dagstuhl/WeihsT07
https://dblp.org/pid/b/StBottcher,https://dblp.org/rec/conf/dagstuhl/BonczBBBCGIJKMMOOS06
https://dblp.org/pid/19/3568,https://dblp.org/rec/conf/dagstuhl/Feldmann05
https://dblp.org/pid/h/FMaufderHeide,https://dblp.org/rec/conf/dagstuhl/LeonardiHW05
https://dblp.org/pid/70/4639,https://dblp.org/rec/conf/dagstuhl/DangelmaierD09
https://dblp.org/pid/31/5809,https://dblp.org/rec/conf/dagstuhl/LegrosSSS07
https://dblp.org/pid/77/4790,https://dblp.org/rec/conf/dagstuhl/GieseKB03
https://dblp.org/pid/b/StBottcher,https://dblp.org/rec/conf/dagstuhl/BoseBGMOPRSS04
https://dblp.org/pid/m/BurkhardMonien,https://dblp.org/rec/conf/dagstuhl/GairingLMM05
https://dblp.org/pid/77/4790,https://dblp.org/rec/conf/dagstuhl/GieseK03
https://dblp.org/pid/b/StBottcher,https://dblp.org/rec/conf/dagstuhl/BottcherLMR08
https://dblp.org/pid/e/GregorEngels,https://dblp.org/rec/conf/dagstuhl/BurnettEMR07
https://dblp.org/pid/44/5175-1,https://dblp.org/rec/conf/dagstuhl/Dittmann06
https://dblp.org/pid/b/StBottcher,https://dblp.org/rec/conf/dagstuhl/Bottcher04
https://dblp.org/pid/e/GregorEngels,https://dblp.org/rec/conf/dagstuhl/Engels07
https://dblp.org/pid/b/StBottcher,https://dblp.org/rec/conf/dagstuhl/ObermeierBBCDGMOSV06
https://dblp.org/pid/31/5809,https://dblp.org/rec/conf/dagstuhl/PriesterjahnTHHS07
https://dblp.org/pid/b/StBottcher,https://dblp.org/rec/conf/dagstuhl/BottcherGMP06
https://dblp.org/pid/b/StBottcher,https://dblp.org/rec/conf/dagstuhl/BottcherGMP06a
https://dblp.org/pid/e/GregorEngels,https://dblp.org/rec/conf/dagstuhl/LemosGMSABBBBCD10
https://dblp.org/pid/31/5809,https://dblp.org/rec/conf/dagstuhl/LemosGMSABBBBCD10
https://dblp.org/pid/s/MohammadSoleymani-2,https://dblp.org/rec/conf/wsa/SoleymaniSJSH25
https://dblp.org/pid/00/2717,https://dblp.org/rec/conf/cloudcom/JungmannK14
https://dblp.org/pid/169/3113,https://dblp.org/rec/conf/eurogp/KuhneHAE16
https://dblp.org/pid/e/GregorEngels,https://dblp.org/rec/conf/eurogp/KuhneHAE16
https://dblp.org/pid/77/949,https://dblp.org/rec/conf/eurocon/JavedSKK17
https://dblp.org/pid/65/4336,https://dblp.org/rec/conf/edbt/AthanasiouGGK0N19
https://dblp.org/pid/145/1160,https://dblp.org/rec/conf/edbt/AthanasiouGGK0N19
https://dblp.org/pid/h/FMaufderHeide,https://dblp.org/rec/conf/stacs/HeideV95
https://dblp.org/pid/177/9340,https://dblp.org/rec/conf/stacs/HaakM0R21
https://dblp.org/pid/h/FMaufderHeide,https://dblp.org/rec/conf/stacs/BerenbrinkHS96
https://dblp.org/pid/m/BurkhardMonien,https://dblp.org/rec/conf/stacs/LeungM85
https://dblp.org/pid/h/FMaufderHeide,https://dblp.org/rec/conf/stacs/Lurwer-BruggemeierH93
https://dblp.org/pid/h/FMaufderHeide,https://dblp.org/rec/conf/stacs/BorodinFHUW86
https://dblp.org/pid/m/BurkhardMonien,https://dblp.org/rec/conf/stacs/ElsasserKM01
https://dblp.org/pid/h/FMaufderHeide,https://dblp.org/rec/conf/stacs/Heide84
https://dblp.org/pid/m/BurkhardMonien,https://dblp.org/rec/conf/stacs/KlasingMPS92
https://dblp.org/pid/s/ChristianScheideler,https://dblp.org/rec/conf/stacs/Scheideler02
https://dblp.org/pid/m/BurkhardMonien,https://dblp.org/rec/conf/stacs/LorenzM02
https://dblp.org/pid/h/FMaufderHeide,https://dblp.org/rec/conf/stacs/Heide89
https://dblp.org/pid/h/FMaufderHeide,https://dblp.org/rec/conf/stacs/Heide86
https://dblp.org/pid/53/4856,https://dblp.org/rec/conf/stacs/BriestHK08
https://dblp.org/pid/m/BurkhardMonien,https://dblp.org/rec/conf/stacs/ChytilM90
https://dblp.org/pid/38/1605,https://dblp.org/rec/conf/stacs/GharibianPY20
https://dblp.org/pid/h/FMaufderHeide,https://dblp.org/rec/conf/stacs/HeideW89
https://dblp.org/pid/38/1605,https://dblp.org/rec/conf/stacs/WatsonBG23
https://dblp.org/pid/m/BurkhardMonien,https://dblp.org/rec/conf/stacs/AlandDGMS06
https://dblp.org/pid/h/FMaufderHeide,https://dblp.org/rec/conf/stacs/JustHW88
https://dblp.org/pid/m/BurkhardMonien,https://dblp.org/rec/conf/stacs/MonienFKL93
https://dblp.org/pid/19/3568,https://dblp.org/rec/conf/stacs/MonienFKL93
https://dblp.org/pid/h/FMaufderHeide,https://dblp.org/rec/conf/stacs/HeideSS95
https://dblp.org/pid/s/ChristianScheideler,https://dblp.org/rec/conf/stacs/HeideSS95
https://dblp.org/pid/s/ChristianScheideler,https://dblp.org/rec/conf/stacs/KolmanS11
https://dblp.org/pid/h/FMaufderHeide,https://dblp.org/rec/conf/stacs/Heide89a
https://dblp.org/pid/19/3568,https://dblp.org/rec/conf/stacs/FeldmannMMT97
https://dblp.org/pid/m/BurkhardMonien,https://dblp.org/rec/conf/stacs/FeldmannMMT97
https://dblp.org/pid/33/2110,https://dblp.org/rec/conf/stacs/AckermannBKS11
https://dblp.org/pid/h/FMaufderHeide,https://dblp.org/rec/conf/stacs/HeideP92
https://dblp.org/pid/m/BurkhardMonien,https://dblp.org/rec/conf/stacs/LuckingMMR04
https://dblp.org/pid/b/StBottcher,https://dblp.org/rec/conf/adbis/BottcherS03
https://dblp.org/pid/48/5080,https://dblp.org/rec/conf/adbis/BottcherS03
https://dblp.org/pid/b/StBottcher,https://dblp.org/rec/conf/adbis/GroppeB05
https://dblp.org/pid/b/StBottcher,https://dblp.org/rec/conf/adbis/KleinGBG05
https://dblp.org/pid/b/StBottcher,https://dblp.org/rec/conf/adbis/BenterBH11
https://dblp.org/pid/48/5080,https://dblp.org/rec/conf/adbis/BenterBH11
https://dblp.org/pid/b/StBottcher,https://dblp.org/rec/conf/adbis/GroppeBHB04
https://dblp.org/pid/92/1305,https://dblp.org/rec/conf/dms/Wolter12
https://dblp.org/pid/94/5744,https://dblp.org/rec/conf/gsem/BoddenFS06
https://dblp.org/pid/70/2162,https://dblp.org/rec/conf/colcom/SchulteDKSE09
https://dblp.org/pid/k/ReinhardKeilSlawik,https://dblp.org/rec/conf/colcom/SchulteDKSE09
https://dblp.org/pid/95/4985-1,https://dblp.org/rec/conf/colcom/ReinhardtMV09
https://dblp.org/pid/70/2162,https://dblp.org/rec/conf/colcom/SommerkampSKRF09
https://dblp.org/pid/k/ReinhardKeilSlawik,https://dblp.org/rec/conf/colcom/SommerkampSKRF09
https://dblp.org/pid/88/6542,https://dblp.org/rec/conf/mcss/BevermeierH07
https://dblp.org/pid/88/6542,https://dblp.org/rec/conf/mcss/BevermeierEH07
https://dblp.org/pid/55/3839,https://dblp.org/rec/conf/ausctw/GuoLD16
https://dblp.org/pid/38/1605,https://dblp.org/rec/conf/coco/GharibianK11
https://dblp.org/pid/38/1605,https://dblp.org/rec/conf/coco/BittelGK23
https://dblp.org/pid/38/1605,https://dblp.org/rec/conf/coco/BeaudrapG16
https://dblp.org/pid/79/6049,https://dblp.org/rec/conf/socrob/SalemERKJ11
https://dblp.org/pid/08/8419,https://dblp.org/rec/conf/cores/ShakerH13
https://dblp.org/pid/h/FMaufderHeide,https://dblp.org/rec/conf/sirocco/KlingHP12
https://dblp.org/pid/70/7642-1,https://dblp.org/rec/conf/sirocco/KlingHP12
https://dblp.org/pid/h/FMaufderHeide,https://dblp.org/rec/conf/sirocco/AbshoffH14
https://dblp.org/pid/138/8052,https://dblp.org/rec/conf/sirocco/KniesburgesMHS14
https://dblp.org/pid/h/FMaufderHeide,https://dblp.org/rec/conf/sirocco/KniesburgesMHS14
https://dblp.org/pid/s/ChristianScheideler,https://dblp.org/rec/conf/sirocco/KniesburgesMHS14
https://dblp.org/pid/202/1859,https://dblp.org/rec/conf/sirocco/BraunCH20
https://dblp.org/pid/h/FMaufderHeide,https://dblp.org/rec/conf/sirocco/BraunCH20
https://dblp.org/pid/138/7323,https://dblp.org/rec/conf/sirocco/BemmannBBKKKKMM17
https://dblp.org/pid/h/FMaufderHeide,https://dblp.org/rec/conf/sirocco/BemmannBBKKKKMM17
https://dblp.org/pid/202/1859,https://dblp.org/rec/conf/sirocco/BemmannBBKKKKMM17
https://dblp.org/pid/s/ChristianScheideler,https://dblp.org/rec/conf/sirocco/CoyCSSW23
https://dblp.org/pid/68/7642,https://dblp.org/rec/conf/sirocco/BrandesDKH11
https://dblp.org/pid/h/FMaufderHeide,https://dblp.org/rec/conf/sirocco/BrandesDKH11
https://dblp.org/pid/s/ChristianScheideler,https://dblp.org/rec/conf/sirocco/KostitsynaLS24
https://dblp.org/pid/68/7642,https://dblp.org/rec/conf/sirocco/DegenerKKH10
https://dblp.org/pid/h/FMaufderHeide,https://dblp.org/rec/conf/sirocco/DegenerKKH10
https://dblp.org/pid/h/FMaufderHeide,https://dblp.org/rec/conf/sirocco/JuurlinkKHR00
https://dblp.org/pid/s/ChristianScheideler,https://dblp.org/rec/conf/sirocco/GotteHS19
https://dblp.org/pid/s/ChristianScheideler,https://dblp.org/rec/conf/sirocco/KniesburgesKS13
https://dblp.org/pid/202/1859,https://dblp.org/rec/conf/sirocco/CastenowKS19
https://dblp.org/pid/150/0050,https://dblp.org/rec/conf/sirocco/CastenowKS19
https://dblp.org/pid/s/ChristianScheideler,https://dblp.org/rec/conf/sirocco/CastenowKS19
https://dblp.org/pid/36/10647,https://dblp.org/rec/conf/fm/DerrickDSTW15
https://dblp.org/pid/36/10647,https://dblp.org/rec/conf/fm/DerrickDSTTW14
https://dblp.org/pid/174/1998,https://dblp.org/rec/conf/fm/PiskachevPSB19
https://dblp.org/pid/94/5744,https://dblp.org/rec/conf/fm/PiskachevPSB19
https://dblp.org/pid/13/204-6,https://dblp.org/rec/conf/iccl2/MullerGT17
https://dblp.org/pid/m/BurkhardMonien,https://dblp.org/rec/conf/scoop/LulingMRT96
https://dblp.org/pid/e/GregorEngels,https://dblp.org/rec/conf/seuh/AlfertDELMS03
https://dblp.org/pid/48/4209,https://dblp.org/rec/conf/seuh/AlfertDELMS03
https://dblp.org/pid/84/1558-1,https://dblp.org/rec/conf/isvc/PetringEJFH13
https://dblp.org/pid/h/FMaufderHeide,https://dblp.org/rec/conf/isvc/PetringEJFH13
https://dblp.org/pid/84/1558-1,https://dblp.org/rec/conf/isvc/JahnEFPH13
https://dblp.org/pid/h/FMaufderHeide,https://dblp.org/rec/conf/isvc/JahnEFPH13
https://dblp.org/pid/84/1558-1,https://dblp.org/rec/conf/isvc/SussKJFH12
https://dblp.org/pid/h/FMaufderHeide,https://dblp.org/rec/conf/isvc/SussKJFH12
https://dblp.org/pid/84/1558-1,https://dblp.org/rec/conf/isvc/EikelJF10
https://dblp.org/pid/69/3369-1,https://dblp.org/rec/conf/vorgehensmodelle/AltemeierBDKM19
https://dblp.org/pid/07/2093-1,https://dblp.org/rec/conf/vorgehensmodelle/Fazal-Baqaie0H14
https://dblp.org/pid/70/2162,https://dblp.org/rec/conf/skg/SchulteHBH07
https://dblp.org/pid/70/2162,https://dblp.org/rec/conf/skg/SchulteHV08
https://dblp.org/pid/153/6937,https://dblp.org/rec/conf/bionetics/KazmiM15
https://dblp.org/pid/k/HKleineBuning,https://dblp.org/rec/conf/fsttcs/BuningWS19
https://dblp.org/pid/123/8761,https://dblp.org/rec/conf/fsttcs/PlaceRZ13
https://dblp.org/pid/17/6729-15,https://dblp.org/rec/conf/sensys/NigadeWBW21
https://dblp.org/pid/h/FMaufderHeide,https://dblp.org/rec/conf/swat/DietzfelbingerMHR88
https://dblp.org/pid/33/2110,https://dblp.org/rec/conf/swat/AckermannB10
https://dblp.org/pid/269/5697,https://dblp.org/rec/conf/icict2/EckertzMAD21
https://dblp.org/pid/269/5697,https://dblp.org/rec/conf/icict2/EckertzAD22
https://dblp.org/pid/174/1998,https://dblp.org/rec/conf/gnnet/SpathHJC24
https://dblp.org/pid/33/2110,https://dblp.org/rec/conf/calc/BlomerM01
https://dblp.org/pid/168/1542,https://dblp.org/rec/conf/text2kg/Ananya24
https://dblp.org/pid/132/9687,https://dblp.org/rec/conf/secdev/AcarFM16
https://dblp.org/pid/94/5744,https://dblp.org/rec/conf/secdev/PiskachevDKMB22
https://dblp.org/pid/94/5744,https://dblp.org/rec/conf/secdev/KrugerRWNABAMF23
https://dblp.org/pid/132/9687,https://dblp.org/rec/conf/secdev/KrugerRWNABAMF23
https://dblp.org/pid/132/9687,https://dblp.org/rec/conf/secdev/AcarSWWMF17
https://dblp.org/pid/31/5809,https://dblp.org/rec/conf/saso/HeinzemannRS13
https://dblp.org/pid/e/GregorEngels,https://dblp.org/rec/conf/saso/LuckeyTGE12
https://dblp.org/pid/25/7857,https://dblp.org/rec/conf/simultech/EhlertHT22
https://dblp.org/pid/72/8725,https://dblp.org/rec/conf/simultech/ElsasserO013
https://dblp.org/pid/m/MichaelMeier5,https://dblp.org/rec/conf/simultech/ElsasserO013
https://dblp.org/pid/72/8725,https://dblp.org/rec/conf/simultech/ElsasserOM13
https://dblp.org/pid/m/MichaelMeier5,https://dblp.org/rec/conf/simultech/ElsasserOM13
https://dblp.org/pid/70/4639,https://dblp.org/rec/conf/simultech/RenkenD13
https://dblp.org/pid/76/5938,https://dblp.org/rec/conf/ppopp/RieblerVKP18
https://dblp.org/pid/25/7857,https://dblp.org/rec/conf/icann/MazurPAKHTH25
https://dblp.org/pid/326/5192,https://dblp.org/rec/conf/icann/HotegniP25
https://dblp.org/pid/f/AlexanderFoerster,https://dblp.org/rec/conf/icann/WierstraFPS07
https://dblp.org/pid/k/MKoester,https://dblp.org/rec/conf/ipps/KoesterPR05
https://dblp.org/pid/s/ChristianScheideler,https://dblp.org/rec/conf/ipps/AvinHLSS13
https://dblp.org/pid/44/5175-1,https://dblp.org/rec/conf/ipps/DittmannFO08
https://dblp.org/pid/43/917,https://dblp.org/rec/conf/ipps/DittmannFO08
https://dblp.org/pid/68/7642,https://dblp.org/rec/conf/ipps/DegenerKP10
https://dblp.org/pid/70/7642-1,https://dblp.org/rec/conf/ipps/DegenerKP10
https://dblp.org/pid/68/3728,https://dblp.org/rec/conf/ipps/LoschP20
https://dblp.org/pid/00/2717,https://dblp.org/rec/conf/ipps/HardtRK99
https://dblp.org/pid/h/FMaufderHeide,https://dblp.org/rec/conf/ipps/BockHS97
https://dblp.org/pid/s/ChristianScheideler,https://dblp.org/rec/conf/ipps/BockHS97
https://dblp.org/pid/s/ChristianScheideler,https://dblp.org/rec/conf/ipps/RileyS04
https://dblp.org/pid/44/5175-1,https://dblp.org/rec/conf/ipps/DittmannG06
https://dblp.org/pid/b/StBottcher,https://dblp.org/rec/conf/ipps/BottcherD03
https://dblp.org/pid/17/6729-15,https://dblp.org/rec/conf/ipps/WuWD0ZYL25
https://dblp.org/pid/m/BurkhardMonien,https://dblp.org/rec/conf/ipps/LulingM92
https://dblp.org/pid/138/7323,https://dblp.org/rec/conf/ipps/MackerMH15
https://dblp.org/pid/h/FMaufderHeide,https://dblp.org/rec/conf/ipps/MackerMH15
https://dblp.org/pid/48/8997,https://dblp.org/rec/conf/ipps/DreesHKS12
https://dblp.org/pid/s/ChristianScheideler,https://dblp.org/rec/conf/ipps/DreesHKS12
https://dblp.org/pid/138/7323,https://dblp.org/rec/conf/ipps/MackerMH16
https://dblp.org/pid/h/FMaufderHeide,https://dblp.org/rec/conf/ipps/MackerMH16
https://dblp.org/pid/68/3728,https://dblp.org/rec/conf/ipps/DanneP06
https://dblp.org/pid/m/BurkhardMonien,https://dblp.org/rec/conf/ipps/XuMLL95
https://dblp.org/pid/k/MKoester,https://dblp.org/rec/conf/ipps/RanaSSKKPR07
https://dblp.org/pid/08/7058,https://dblp.org/rec/conf/ipps/FeldmannKSS18
https://dblp.org/pid/150/0050,https://dblp.org/rec/conf/ipps/FeldmannKSS18
https://dblp.org/pid/s/ChristianScheideler,https://dblp.org/rec/conf/ipps/FeldmannKSS18
https://dblp.org/pid/147/3358,https://dblp.org/rec/conf/ipps/FeldmannKSS18
https://dblp.org/pid/76/5938,https://dblp.org/rec/conf/ipps/GradP11
https://dblp.org/pid/68/3728,https://dblp.org/rec/conf/ipps/WalderSP03
https://dblp.org/pid/08/7058,https://dblp.org/rec/conf/ipps/FeldmannSS18
https://dblp.org/pid/s/ChristianScheideler,https://dblp.org/rec/conf/ipps/FeldmannSS18
https://dblp.org/pid/m/BurkhardMonien,https://dblp.org/rec/conf/ipps/MeyerhenkeMS08
https://dblp.org/pid/68/3728,https://dblp.org/rec/conf/ipps/GuettatfiPKK19
https://dblp.org/pid/76/5938,https://dblp.org/rec/conf/ipps/SussSMP13
https://dblp.org/pid/68/3728,https://dblp.org/rec/conf/ipps/GiefersP09
https://dblp.org/pid/76/5938,https://dblp.org/rec/conf/ipps/KarpPJKPSM21
https://dblp.org/pid/m/BurkhardMonien,https://dblp.org/rec/conf/ipps/ElsaesserMRS02
https://dblp.org/pid/68/3728,https://dblp.org/rec/conf/ipps/AnwerPM14
https://dblp.org/pid/44/5175-1,https://dblp.org/rec/conf/ipps/DittmannGR07
https://dblp.org/pid/m/BurkhardMonien,https://dblp.org/rec/conf/ipps/TschokeLM95
https://dblp.org/pid/m/BurkhardMonien,https://dblp.org/rec/conf/ipps/MeyerhenkeMS06
https://dblp.org/pid/s/ChristianScheideler,https://dblp.org/rec/conf/ipps/KniesburgesKS12
https://dblp.org/pid/s/ChristianScheideler,https://dblp.org/rec/conf/ipps/KothapalliSOS06
https://dblp.org/pid/s/ChristianScheideler,https://dblp.org/rec/conf/ipps/GotteVS19
https://dblp.org/pid/84/1558-1,https://dblp.org/rec/conf/ipps/AbshoffC0JH16
https://dblp.org/pid/98/3010-1,https://dblp.org/rec/conf/ipps/AbshoffC0JH16
https://dblp.org/pid/h/FMaufderHeide,https://dblp.org/rec/conf/ipps/AbshoffC0JH16
https://dblp.org/pid/68/3728,https://dblp.org/rec/conf/ipps/ClausingP22
https://dblp.org/pid/s/ChristianScheideler,https://dblp.org/rec/conf/ipps/LuoSS19
https://dblp.org/pid/147/3358,https://dblp.org/rec/conf/ipps/LuoSS19
https://dblp.org/pid/77/949,https://dblp.org/rec/conf/icecsys/WeizelGZMSWS25
https://dblp.org/pid/77/949,https://dblp.org/rec/conf/icecsys/WuWS19
https://dblp.org/pid/19/6980-1,https://dblp.org/rec/conf/wm/HuthTEN03
https://dblp.org/pid/k/HKleineBuning,https://dblp.org/rec/conf/icpram/AnderkaKPB14
https://dblp.org/pid/25/7857,https://dblp.org/rec/conf/icpram/HesseHTT22
https://dblp.org/pid/m/BurkhardMonien,https://dblp.org/rec/conf/awoc/MonienS88
https://dblp.org/pid/65/4336,https://dblp.org/rec/conf/somet/HoehndorfNH09
https://dblp.org/pid/94/5811-1,https://dblp.org/rec/conf/ssrr/MujahedJFM13
https://dblp.org/pid/269/5697,https://dblp.org/rec/conf/ssrr/GaspersKNNMM18
https://dblp.org/pid/164/2698,https://dblp.org/rec/conf/iukm/HoangNKH25
https://dblp.org/pid/164/2698,https://dblp.org/rec/conf/iukm/NguyenHH23
https://dblp.org/pid/164/2698,https://dblp.org/rec/conf/iukm/NguyenDM16
https://dblp.org/pid/164/2698,https://dblp.org/rec/conf/iukm/TranHNDH25
https://dblp.org/pid/65/4336,https://dblp.org/rec/conf/wikidata/PokharelSMRN25
https://dblp.org/pid/d/GittaDomik,https://dblp.org/rec/conf/vmv/ArensBD11
https://dblp.org/pid/d/GittaDomik,https://dblp.org/rec/conf/vmv/ArensBD13
https://dblp.org/pid/44/5175-1,https://dblp.org/rec/conf/euc/DittmannRW05
https://dblp.org/pid/r/FranzJosefRammig,https://dblp.org/rec/conf/euc/Rammig06
https://dblp.org/pid/76/5938,https://dblp.org/rec/conf/reconfig/HappeAP11
https://dblp.org/pid/76/5938,https://dblp.org/rec/conf/reconfig/GradP10
https://dblp.org/pid/96/1876-1,https://dblp.org/rec/conf/reconfig/SchumacherSPP09
https://dblp.org/pid/76/5938,https://dblp.org/rec/conf/reconfig/SchumacherSPP09
https://dblp.org/pid/68/3728,https://dblp.org/rec/conf/reconfig/SchumacherSPP09
https://dblp.org/pid/60/10319,https://dblp.org/rec/conf/reconfig/WiersemaBP14
https://dblp.org/pid/68/3728,https://dblp.org/rec/conf/reconfig/WiersemaBP14
https://dblp.org/pid/44/5175-1,https://dblp.org/rec/conf/reconfig/DittmannRW06
https://dblp.org/pid/76/5938,https://dblp.org/rec/conf/reconfig/KenterSP12
https://dblp.org/pid/76/5938,https://dblp.org/rec/conf/reconfig/HappeHAP12
https://dblp.org/pid/68/3728,https://dblp.org/rec/conf/reconfig/MeisnerP16
https://dblp.org/pid/44/5175-1,https://dblp.org/rec/conf/reconfig/GotzD06
https://dblp.org/pid/68/3728,https://dblp.org/rec/conf/reconfig/BoschmannAWTKP15
https://dblp.org/pid/76/5938,https://dblp.org/rec/conf/reconfig/KenterSP14
https://dblp.org/pid/k/UweKastens,https://dblp.org/rec/conf/reconfig/DrzevitzkyKP09
https://dblp.org/pid/68/3728,https://dblp.org/rec/conf/reconfig/DrzevitzkyKP09
https://dblp.org/pid/68/3728,https://dblp.org/rec/conf/reconfig/AnwerMP13
https://dblp.org/pid/76/5938,https://dblp.org/rec/conf/reconfig/VazRKP14
https://dblp.org/pid/44/5175-1,https://dblp.org/rec/conf/reconfig/WeberDM08
https://dblp.org/pid/92/1305,https://dblp.org/rec/conf/vinci/WolterK14
https://dblp.org/pid/k/UweKastens,https://dblp.org/rec/conf/vinci/WolterK14
https://dblp.org/pid/90/4912,https://dblp.org/rec/conf/syscon/TschirnerDBG15
https://dblp.org/pid/25/7857,https://dblp.org/rec/conf/syscon/StierenLKHT24
https://dblp.org/pid/25/7857,https://dblp.org/rec/conf/syscon/HenkeMLT17
https://dblp.org/pid/25/7857,https://dblp.org/rec/conf/syscon/SchutzSHT22
https://dblp.org/pid/25/7857,https://dblp.org/rec/conf/syscon/LankeitJT16
https://dblp.org/pid/25/7857,https://dblp.org/rec/conf/syscon/MichaelHT19
https://dblp.org/pid/94/5744,https://dblp.org/rec/conf/icse/AvdiienkoKGZARB15
https://dblp.org/pid/31/5809,https://dblp.org/rec/conf/icse/SchaferZ99
https://dblp.org/pid/94/5744,https://dblp.org/rec/conf/icse/Bodden18a
https://dblp.org/pid/e/GregorEngels,https://dblp.org/rec/conf/icse/LuckeyNGE11
https://dblp.org/pid/31/5809,https://dblp.org/rec/conf/icse/PeuschelS92
https://dblp.org/pid/68/283-1,https://dblp.org/rec/conf/icse/TichyHMD08
https://dblp.org/pid/138/4856,https://dblp.org/rec/conf/icse/JosifovskaYE19
https://dblp.org/pid/e/GregorEngels,https://dblp.org/rec/conf/icse/JosifovskaYE19
https://dblp.org/pid/31/5809,https://dblp.org/rec/conf/icse/OsterweilKFS02
https://dblp.org/pid/e/GregorEngels,https://dblp.org/rec/conf/icse/EngelsG00
https://dblp.org/pid/94/5744,https://dblp.org/rec/conf/icse/BoddenSSOM11
https://dblp.org/pid/94/5744,https://dblp.org/rec/conf/icse/ArztRB17
https://dblp.org/pid/94/5744,https://dblp.org/rec/conf/icse/DoALBSM17
https://dblp.org/pid/94/5744,https://dblp.org/rec/conf/icse/BenzKLBBZ20
https://dblp.org/pid/138/4856,https://dblp.org/rec/conf/icse/JovanovikjYNA0E20
https://dblp.org/pid/07/2093-1,https://dblp.org/rec/conf/icse/JovanovikjYNA0E20
https://dblp.org/pid/e/GregorEngels,https://dblp.org/rec/conf/icse/JovanovikjYNA0E20
https://dblp.org/pid/31/5809,https://dblp.org/rec/conf/icse/FrakesBPMS91
https://dblp.org/pid/00/2717,https://dblp.org/rec/conf/icse/RichertK08
https://dblp.org/pid/e/GregorEngels,https://dblp.org/rec/conf/icse/SalgerEH10
https://dblp.org/pid/94/5744,https://dblp.org/rec/conf/icse/NadiKMB16
https://dblp.org/pid/e/GregorEngels,https://dblp.org/rec/conf/icse/LuckeyE13
https://dblp.org/pid/94/5744,https://dblp.org/rec/conf/icse/ArztB16
https://dblp.org/pid/94/5744,https://dblp.org/rec/conf/icse/VenkateshS0M0B24
https://dblp.org/pid/e/GregorEngels,https://dblp.org/rec/conf/icse/SalgerEH09
https://dblp.org/pid/129/9137-1,https://dblp.org/rec/conf/icse/MannaGGB13
https://dblp.org/pid/94/5744,https://dblp.org/rec/conf/icse/DannHB23
https://dblp.org/pid/77/4790,https://dblp.org/rec/conf/icse/BeckerBGKS06
https://dblp.org/pid/31/5809,https://dblp.org/rec/conf/icse/MadhavjiGDS90
https://dblp.org/pid/132/9687,https://dblp.org/rec/conf/icse/BoughtonMAWK24
https://dblp.org/pid/e/GregorEngels,https://dblp.org/rec/conf/icse/SchwichtenbergE25
https://dblp.org/pid/e/GregorEngels,https://dblp.org/rec/conf/icse/SalgerE10
https://dblp.org/pid/s/TimSchattkowsky,https://dblp.org/rec/conf/icse/SchattkowskyF07
https://dblp.org/pid/f/AlexanderFoerster,https://dblp.org/rec/conf/icse/SchattkowskyF07
https://dblp.org/pid/94/5744,https://dblp.org/rec/conf/icse/KarakayaB24
https://dblp.org/pid/68/283-1,https://dblp.org/rec/conf/icse/DettenMT10
https://dblp.org/pid/31/5809,https://dblp.org/rec/conf/icse/GruhnS97
https://dblp.org/pid/31/5809,https://dblp.org/rec/conf/icse/HenklerGHSAEHLSG09
https://dblp.org/pid/31/5809,https://dblp.org/rec/conf/icse/HenklerMSDN10
https://dblp.org/pid/31/5809,https://dblp.org/rec/conf/icse/BeckerDGHSMP14
https://dblp.org/pid/68/283-1,https://dblp.org/rec/conf/icse/BeckerDGHSMP14
https://dblp.org/pid/71/11054,https://dblp.org/rec/conf/icse/BeckerDGHSMP14
https://dblp.org/pid/68/283-1,https://dblp.org/rec/conf/icse/LofflerMG10
https://dblp.org/pid/e/GregorEngels,https://dblp.org/rec/conf/icse/RalphEJG15
https://dblp.org/pid/94/5744,https://dblp.org/rec/conf/icse/Bodden10
https://dblp.org/pid/94/5744,https://dblp.org/rec/conf/icse/Bodden18
https://dblp.org/pid/07/2093-1,https://dblp.org/rec/conf/icse/GuldaliSWFJ10
https://dblp.org/pid/94/5744,https://dblp.org/rec/conf/icse/0029BBKTARBOM15
https://dblp.org/pid/94/5744,https://dblp.org/rec/conf/icse/ArztB14
https://dblp.org/pid/e/GregorEngels,https://dblp.org/rec/conf/icse/SchwichtenbergJ18
https://dblp.org/pid/31/5809,https://dblp.org/rec/conf/icse/NiereSWWW02
https://dblp.org/pid/94/5744,https://dblp.org/rec/conf/icse/DoKH0B18
https://dblp.org/pid/31/5809,https://dblp.org/rec/conf/icse/SchaferW07
https://dblp.org/pid/e/GregorEngels,https://dblp.org/rec/conf/icse/MendesCDES017
https://dblp.org/pid/07/2093-1,https://dblp.org/rec/conf/icse/MendesCDES017
https://dblp.org/pid/65/4336,https://dblp.org/rec/conf/emnlp/AlemayehuZN24
https://dblp.org/pid/68/3728,https://dblp.org/rec/conf/icrai/LienenNP23
https://dblp.org/pid/55/3839,https://dblp.org/rec/conf/isccsp/LeongDN12
https://dblp.org/pid/52/7395,https://dblp.org/rec/conf/digra/Wechselberger13
https://dblp.org/pid/34/2589,https://dblp.org/rec/conf/evolve/TrautmannRDS12
https://dblp.org/pid/34/2589,https://dblp.org/rec/conf/evolve/SalomonDAFGST12
https://dblp.org/pid/31/5809,https://dblp.org/rec/conf/esec/EmmerichSW93
https://dblp.org/pid/e/GregorEngels,https://dblp.org/rec/conf/esec/EngelsS87
https://dblp.org/pid/31/5809,https://dblp.org/rec/conf/esec/JahnkeSZ98
https://dblp.org/pid/e/GregorEngels,https://dblp.org/rec/conf/esec/EngelsHTE98
https://dblp.org/pid/31/5809,https://dblp.org/rec/conf/esec/DeitersGS89
https://dblp.org/pid/06/456,https://dblp.org/rec/conf/esec/Szwillus87
https://dblp.org/pid/00/2717,https://dblp.org/rec/conf/esm/KleinjohannKT96
https://dblp.org/pid/17/5476,https://dblp.org/rec/conf/esm/KleinjohannKT96
https://dblp.org/pid/r/FranzJosefRammig,https://dblp.org/rec/conf/esm/BokeHRR00
https://dblp.org/pid/70/4639,https://dblp.org/rec/conf/esm/SchmidtmannD98
https://dblp.org/pid/m/WMuller3,https://dblp.org/rec/conf/esm/DuckerL0T96
https://dblp.org/pid/70/4639,https://dblp.org/rec/conf/esm/DangelmaierLW96
https://dblp.org/pid/k/ReinhardKeilSlawik,https://dblp.org/rec/conf/eles/Keil18
https://dblp.org/pid/48/4209,https://dblp.org/rec/conf/eles/MagenheimRKHWBZ12
https://dblp.org/pid/95/4985-1,https://dblp.org/rec/conf/eles/MagenheimRKHWBZ12
https://dblp.org/pid/26/4979,https://dblp.org/rec/conf/eles/MagenheimRKHWBZ12
https://dblp.org/pid/118/8181,https://dblp.org/rec/conf/eles/MagenheimRKHWBZ12
https://dblp.org/pid/48/5080,https://dblp.org/rec/conf/dhd/DunstH18
https://dblp.org/pid/32/10911-1,https://dblp.org/rec/conf/dhd/ErhardS15
https://dblp.org/pid/293/0898,https://dblp.org/rec/conf/dhd/OverAHNS19
https://dblp.org/pid/32/10911-1,https://dblp.org/rec/conf/dhd/Henny-KrahmerS22
https://dblp.org/pid/32/10911-1,https://dblp.org/rec/conf/dhd/SchwengelbeckWF18
https://dblp.org/pid/48/5080,https://dblp.org/rec/conf/dhd/DunstH19
https://dblp.org/pid/32/10911-1,https://dblp.org/rec/conf/dhd/StadlerKCO18
https://dblp.org/pid/48/5080,https://dblp.org/rec/conf/dhd/DunstHHL15
https://dblp.org/pid/43/917,https://dblp.org/rec/conf/dhd/GreulichOKSWSS16
https://dblp.org/pid/140/3577,https://dblp.org/rec/conf/dhd/GeigerDLSH25a
https://dblp.org/pid/32/10911-1,https://dblp.org/rec/conf/dhd/StadlerV24
https://dblp.org/pid/32/10911-1,https://dblp.org/rec/conf/dhd/StadlerBV20
https://dblp.org/pid/32/10911-1,https://dblp.org/rec/conf/dhd/DumontISS15
https://dblp.org/pid/48/5080,https://dblp.org/rec/conf/dhd/MoisichH19
https://dblp.org/pid/32/10911-1,https://dblp.org/rec/conf/dhd/BlankenRSDSMCSS16
https://dblp.org/pid/48/5080,https://dblp.org/rec/conf/dhd/DunstH16
https://dblp.org/pid/k/MKoester,https://dblp.org/rec/conf/ml4cps/Koester18
https://dblp.org/pid/117/6974-1,https://dblp.org/rec/conf/ml4cps/Muess0RJ15
https://dblp.org/pid/68/3728,https://dblp.org/rec/conf/ml4cps/GaticaP17
https://dblp.org/pid/e/GregorEngels,https://dblp.org/rec/conf/icsob/KirchhoffE22
https://dblp.org/pid/e/GregorEngels,https://dblp.org/rec/conf/icsob/GottschalkRE19
https://dblp.org/pid/319/8710,https://dblp.org/rec/conf/icsob/WerthKUZ25
https://dblp.org/pid/138/4856,https://dblp.org/rec/conf/icsob/GottschalkAYE21
https://dblp.org/pid/e/GregorEngels,https://dblp.org/rec/conf/icsob/GottschalkAYE21
https://dblp.org/pid/138/4856,https://dblp.org/rec/conf/icsob/GottschalkYNE22
https://dblp.org/pid/e/GregorEngels,https://dblp.org/rec/conf/icsob/GottschalkYNE22
https://dblp.org/pid/e/GregorEngels,https://dblp.org/rec/conf/icsob/WoltersE22
https://dblp.org/pid/138/4856,https://dblp.org/rec/conf/iseud/KroisSYO25
https://dblp.org/pid/81/10647,https://dblp.org/rec/conf/iseud/KroisSYO25
https://dblp.org/pid/17/6729-15,https://dblp.org/rec/conf/icmt/TomaszekLWS18
https://dblp.org/pid/79/6049,https://dblp.org/rec/conf/wocci/GrimmingerR17
https://dblp.org/pid/k/HKleineBuning,https://dblp.org/rec/conf/pdcn/GoebelsBPW05
https://dblp.org/pid/s/ChristianScheideler,https://dblp.org/rec/conf/nanocom/DerakhshandehGR15
https://dblp.org/pid/147/3358,https://dblp.org/rec/conf/nanocom/DerakhshandehGR15
https://dblp.org/pid/s/ChristianScheideler,https://dblp.org/rec/conf/nanocom/DolevNSS21
https://dblp.org/pid/39/3996,https://dblp.org/rec/conf/icmcs/MorisseCL99
https://dblp.org/pid/k/ReinhardKeilSlawik,https://dblp.org/rec/conf/moreal/FloydK82a
https://dblp.org/pid/k/ReinhardKeilSlawik,https://dblp.org/rec/conf/moreal/FloydK82
https://dblp.org/pid/k/ReinhardKeilSlawik,https://dblp.org/rec/conf/moreal/FloydK82b
https://dblp.org/pid/38/1605,https://dblp.org/rec/conf/icalp/GharibianS15
https://dblp.org/pid/h/FMaufderHeide,https://dblp.org/rec/conf/icalp/Heide79
https://dblp.org/pid/38/1605,https://dblp.org/rec/conf/icalp/GharibianK12
https://dblp.org/pid/m/BurkhardMonien,https://dblp.org/rec/conf/icalp/Monien72
https://dblp.org/pid/s/ChristianScheideler,https://dblp.org/rec/conf/icalp/AwerbuchS04
https://dblp.org/pid/53/4856,https://dblp.org/rec/conf/icalp/Briest08
https://dblp.org/pid/33/2110,https://dblp.org/rec/conf/icalp/AltBW90
https://dblp.org/pid/84/1558-1,https://dblp.org/rec/conf/icalp/Cord-LandwehrDFHKKKKMHRSWWW11
https://dblp.org/pid/48/8997,https://dblp.org/rec/conf/icalp/Cord-LandwehrDFHKKKKMHRSWWW11
https://dblp.org/pid/68/7642,https://dblp.org/rec/conf/icalp/Cord-LandwehrDFHKKKKMHRSWWW11
https://dblp.org/pid/h/FMaufderHeide,https://dblp.org/rec/conf/icalp/Cord-LandwehrDFHKKKKMHRSWWW11
https://dblp.org/pid/08/335-1,https://dblp.org/rec/conf/icalp/Cord-LandwehrDFHKKKKMHRSWWW11
https://dblp.org/pid/m/BurkhardMonien,https://dblp.org/rec/conf/icalp/MonienDT10
https://dblp.org/pid/m/BurkhardMonien,https://dblp.org/rec/conf/icalp/GairingLMMR04
https://dblp.org/pid/h/FMaufderHeide,https://dblp.org/rec/conf/icalp/BorodinFHUW86
https://dblp.org/pid/m/BurkhardMonien,https://dblp.org/rec/conf/icalp/Monien74
https://dblp.org/pid/33/2110,https://dblp.org/rec/conf/icalp/Blomer00
https://dblp.org/pid/m/BurkhardMonien,https://dblp.org/rec/conf/icalp/MonienS86
https://dblp.org/pid/33/2110,https://dblp.org/rec/conf/icalp/BlomerN07
https://dblp.org/pid/e/GregorEngels,https://dblp.org/rec/conf/icalp/EngelsH00
https://dblp.org/pid/38/1605,https://dblp.org/rec/conf/icalp/CadeFGHGMW23
https://dblp.org/pid/s/ChristianScheideler,https://dblp.org/rec/conf/icalp/AwerbuchBS03
https://dblp.org/pid/s/ChristianScheideler,https://dblp.org/rec/conf/icalp/ScheidelerS19
https://dblp.org/pid/m/BurkhardMonien,https://dblp.org/rec/conf/icalp/GairingLMT05
https://dblp.org/pid/38/1605,https://dblp.org/rec/conf/icalp/GharibianK24
https://dblp.org/pid/19/3568,https://dblp.org/rec/conf/icalp/FeldmannGLMR03
https://dblp.org/pid/m/BurkhardMonien,https://dblp.org/rec/conf/icalp/FeldmannGLMR03
https://dblp.org/pid/e/GregorEngels,https://dblp.org/rec/conf/icalp/EngelsH00a
https://dblp.org/pid/h/FMaufderHeide,https://dblp.org/rec/conf/icalp/HeideOW93
https://dblp.org/pid/s/ChristianScheideler,https://dblp.org/rec/conf/icalp/ScheidelerS09
https://dblp.org/pid/h/FMaufderHeide,https://dblp.org/rec/conf/icalp/DietzfelbingerH90
https://dblp.org/pid/m/BurkhardMonien,https://dblp.org/rec/conf/icalp/GairingMW05
https://dblp.org/pid/s/ChristianScheideler,https://dblp.org/rec/conf/icalp/GmyrHSS17
https://dblp.org/pid/m/BurkhardMonien,https://dblp.org/rec/conf/icalp/Monien77
https://dblp.org/pid/m/BurkhardMonien,https://dblp.org/rec/conf/icalp/MonienS79
https://dblp.org/pid/m/BurkhardMonien,https://dblp.org/rec/conf/icalp/GairingMT06
https://dblp.org/pid/k/UweKastens,https://dblp.org/rec/conf/dsml/CramerKK08
https://dblp.org/pid/r/FranzJosefRammig,https://dblp.org/rec/conf/sbesc/RammigGS014
https://dblp.org/pid/81/7126,https://dblp.org/rec/conf/sbesc/RammigGS014
https://dblp.org/pid/39/1215-1,https://dblp.org/rec/conf/sbesc/RammigGS014
https://dblp.org/pid/69/3369-1,https://dblp.org/rec/conf/etfa/PasicWDBH19
https://dblp.org/pid/71/11054,https://dblp.org/rec/conf/etfa/PohlmannTDDO14
https://dblp.org/pid/62/6023-2,https://dblp.org/rec/conf/etfa/MohammadiARMKJP20
https://dblp.org/pid/68/3728,https://dblp.org/rec/conf/etfa/MohammadiARMKJP20
https://dblp.org/pid/81/7126,https://dblp.org/rec/conf/etfa/GroesbrinkA14
https://dblp.org/pid/25/7857,https://dblp.org/rec/conf/etfa/LenzHHT22
https://dblp.org/pid/06/729-1,https://dblp.org/rec/conf/etfa/NuserKTSM17
https://dblp.org/pid/69/3369-1,https://dblp.org/rec/conf/etfa/PasicB22
https://dblp.org/pid/k/HKleineBuning,https://dblp.org/rec/conf/etfa/VodencarevicBNM11
https://dblp.org/pid/25/7857,https://dblp.org/rec/conf/etfa/BertelsmeierT15
https://dblp.org/pid/31/5809,https://dblp.org/rec/conf/etfa/AnisSPN15
https://dblp.org/pid/25/7857,https://dblp.org/rec/conf/etfa/LenzHT21
https://dblp.org/pid/31/5809,https://dblp.org/rec/conf/etfa/AnisSN14
https://dblp.org/pid/k/MKoester,https://dblp.org/rec/conf/etfa/GaticaKGBM16
https://dblp.org/pid/69/3369-1,https://dblp.org/rec/conf/etfa/PasicWB19
https://dblp.org/pid/00/2717,https://dblp.org/rec/conf/etfa/JungmannK16
https://dblp.org/pid/b/StBottcher,https://dblp.org/rec/conf/m-dbis/BottcherT03
https://dblp.org/pid/e/GregorEngels,https://dblp.org/rec/conf/iwpse/EngelsKHG02
https://dblp.org/pid/203/2506,https://dblp.org/rec/conf/fusion/BoutrosDTKK19
https://dblp.org/pid/203/2506,https://dblp.org/rec/conf/fusion/TerhorstD0K18
https://dblp.org/pid/203/2506,https://dblp.org/rec/conf/fusion/TerhorstHKDKK19
https://dblp.org/pid/203/2506,https://dblp.org/rec/conf/fusion/DamerT0K18
https://dblp.org/pid/70/4639,https://dblp.org/rec/conf/uksim/DangelmaierDLT08
https://dblp.org/pid/70/4639,https://dblp.org/rec/conf/uksim/HuberELD08
https://dblp.org/pid/m/WMuller3,https://dblp.org/rec/conf/dasc/Joy0R14
https://dblp.org/pid/r/FranzJosefRammig,https://dblp.org/rec/conf/dasc/Joy0R14
https://dblp.org/pid/34/2589,https://dblp.org/rec/conf/emo/WagnerTB13
https://dblp.org/pid/34/2589,https://dblp.org/rec/conf/emo/Sosa-HernandezS15
https://dblp.org/pid/34/2589,https://dblp.org/rec/conf/emo/VermettenRPNDLTB25
https://dblp.org/pid/34/2589,https://dblp.org/rec/conf/emo/AsparKSTG21
https://dblp.org/pid/34/2589,https://dblp.org/rec/conf/emo/WagnerTM11
https://dblp.org/pid/34/2589,https://dblp.org/rec/conf/emo/TierneyHGT17
https://dblp.org/pid/119/5839,https://dblp.org/rec/conf/emo/BossekGMRT19
https://dblp.org/pid/34/2589,https://dblp.org/rec/conf/emo/BossekGMRT19
https://dblp.org/pid/34/2589,https://dblp.org/rec/conf/emo/SchapermeierKGT23
https://dblp.org/pid/34/2589,https://dblp.org/rec/conf/emo/WagnerTN09
https://dblp.org/pid/34/2589,https://dblp.org/rec/conf/emo/GrimmeKT19
https://dblp.org/pid/34/2589,https://dblp.org/rec/conf/emo/RudolphTSS13
https://dblp.org/pid/34/2589,https://dblp.org/rec/conf/emo/LiYFTJE17
https://dblp.org/pid/33/2110,https://dblp.org/rec/conf/asiacrypt/BlomerBP23
https://dblp.org/pid/218/7188,https://dblp.org/rec/conf/asiacrypt/BlomerBP23
https://dblp.org/pid/134/7582,https://dblp.org/rec/conf/asiacrypt/BoydDKGJM21
https://dblp.org/pid/00/2717,https://dblp.org/rec/conf/soca/JungmannMK14
https://dblp.org/pid/17/2025,https://dblp.org/rec/conf/soca/MohrLB13
https://dblp.org/pid/k/HKleineBuning,https://dblp.org/rec/conf/soca/MohrLB13
https://dblp.org/pid/228/3129,https://dblp.org/rec/conf/lacci/LeiteFM21
https://dblp.org/pid/b/StBottcher,https://dblp.org/rec/conf/btw/BottcherS05
https://dblp.org/pid/48/5080,https://dblp.org/rec/conf/btw/BottcherS05
https://dblp.org/pid/34/2589,https://dblp.org/rec/conf/btw/CarneinHTVK17
https://dblp.org/pid/44/5175-1,https://dblp.org/rec/conf/ersa/DittmannRW07
https://dblp.org/pid/68/3728,https://dblp.org/rec/conf/ersa/LubbersP08
https://dblp.org/pid/76/5938,https://dblp.org/rec/conf/ersa/EnzlerPP03
https://dblp.org/pid/68/3728,https://dblp.org/rec/conf/ersa/EnzlerPP03
https://dblp.org/pid/68/3728,https://dblp.org/rec/conf/ersa/GiefersP10
https://dblp.org/pid/k/MKoester,https://dblp.org/rec/conf/ersa/KoesterKP06
https://dblp.org/pid/76/5938,https://dblp.org/rec/conf/ersa/PlesslP04
https://dblp.org/pid/68/3728,https://dblp.org/rec/conf/ersa/PlesslP04
https://dblp.org/pid/76/5938,https://dblp.org/rec/conf/ersa/GradP10
https://dblp.org/pid/76/5938,https://dblp.org/rec/conf/ersa/AndrewsP10
https://dblp.org/pid/68/3728,https://dblp.org/rec/conf/ersa/WalderNP04
https://dblp.org/pid/68/3728,https://dblp.org/rec/conf/ersa/LubbersPPKP10
https://dblp.org/pid/76/5938,https://dblp.org/rec/conf/ersa/LubbersPPKP10
https://dblp.org/pid/68/3728,https://dblp.org/rec/conf/ersa/PlatznerDHKLSSW08
https://dblp.org/pid/96/1876-1,https://dblp.org/rec/conf/ersa/PlatznerDHKLSSW08
https://dblp.org/pid/44/5175-1,https://dblp.org/rec/conf/ersa/IhmorD05
https://dblp.org/pid/k/MKoester,https://dblp.org/rec/conf/ersa/KalteKKPR04
https://dblp.org/pid/68/3728,https://dblp.org/rec/conf/ersa/WalderP03
https://dblp.org/pid/k/MKoester,https://dblp.org/rec/conf/ersa/HagemeyerKKP07
https://dblp.org/pid/76/5938,https://dblp.org/rec/conf/ersa/GradP09
https://dblp.org/pid/96/1876-1,https://dblp.org/rec/conf/ersa/SchumacherMKLPP08
https://dblp.org/pid/76/5938,https://dblp.org/rec/conf/ersa/SchumacherMKLPP08
https://dblp.org/pid/68/3728,https://dblp.org/rec/conf/ersa/SchumacherMKLPP08
https://dblp.org/pid/34/2589,https://dblp.org/rec/journals/coap/RudolphSGDT16
https://dblp.org/pid/138/4956,https://dblp.org/rec/journals/isf/TrangB19
https://dblp.org/pid/e/GregorEngels,https://dblp.org/rec/journals/entcs/EngelsS95
https://dblp.org/pid/39/1215-1,https://dblp.org/rec/journals/entcs/ZhaoOKR06
https://dblp.org/pid/43/917,https://dblp.org/rec/journals/entcs/ZhaoOKR06
https://dblp.org/pid/r/FranzJosefRammig,https://dblp.org/rec/journals/entcs/ZhaoOKR06
https://dblp.org/pid/k/UweKastens,https://dblp.org/rec/journals/entcs/KlohsK05
https://dblp.org/pid/k/UweKastens,https://dblp.org/rec/journals/entcs/KastensS06
https://dblp.org/pid/91/4804-2,https://dblp.org/rec/journals/entcs/KastensS06
https://dblp.org/pid/94/5744,https://dblp.org/rec/journals/entcs/StolzB06
https://dblp.org/pid/43/917,https://dblp.org/rec/journals/entcs/LichteO08
https://dblp.org/pid/64/226-1,https://dblp.org/rec/journals/entcs/MetzlerW07
https://dblp.org/pid/24/160,https://dblp.org/rec/journals/entcs/ConradK06
https://dblp.org/pid/07/2093-1,https://dblp.org/rec/journals/entcs/HausmannHS03
https://dblp.org/pid/k/UweKastens,https://dblp.org/rec/journals/entcs/KastensS02
https://dblp.org/pid/91/4804-2,https://dblp.org/rec/journals/entcs/KastensS02
https://dblp.org/pid/e/GregorEngels,https://dblp.org/rec/journals/entcs/HeckelE01
https://dblp.org/pid/39/1215-1,https://dblp.org/rec/journals/entcs/ZhaoR09
https://dblp.org/pid/r/FranzJosefRammig,https://dblp.org/rec/journals/entcs/ZhaoR09
https://dblp.org/pid/e/GregorEngels,https://dblp.org/rec/journals/entcs/EngelsKHL03
https://dblp.org/pid/m/WMuller3,https://dblp.org/rec/journals/entcs/FlakeM04
https://dblp.org/pid/26/4979,https://dblp.org/rec/journals/cn/MutterK14
https://dblp.org/pid/88/6542,https://dblp.org/rec/journals/csl/HeymannDH17
https://dblp.org/pid/64/226-1,https://dblp.org/rec/journals/njc/BrucknerMW06
https://dblp.org/pid/s/ChristianScheideler,https://dblp.org/rec/journals/sigact/FeketeRRS17
https://dblp.org/pid/38/1605,https://dblp.org/rec/journals/sigact/Gharibian23
https://dblp.org/pid/34/2589,https://dblp.org/rec/journals/bdr/CarneinT18
https://dblp.org/pid/88/6542,https://dblp.org/rec/journals/taslp/LeutnantKH13
https://dblp.org/pid/88/6542,https://dblp.org/rec/journals/taslp/WindmannH09
https://dblp.org/pid/88/6542,https://dblp.org/rec/journals/taslp/NeumannKBDH23
https://dblp.org/pid/88/6542,https://dblp.org/rec/journals/taslp/NakataniBKIDH20
https://dblp.org/pid/88/6542,https://dblp.org/rec/journals/taslp/LiDGH14
https://dblp.org/pid/88/6542,https://dblp.org/rec/journals/taslp/KruegerH10
https://dblp.org/pid/88/6542,https://dblp.org/rec/journals/taslp/KruegerWH11
https://dblp.org/pid/88/6542,https://dblp.org/rec/journals/taslp/WindmannH09a
https://dblp.org/pid/88/6542,https://dblp.org/rec/journals/taslp/Haeb-Umbach01
https://dblp.org/pid/88/6542,https://dblp.org/rec/journals/taslp/LeutnantKH14
https://dblp.org/pid/88/6542,https://dblp.org/rec/journals/taslp/Haeb-UmbachN94
https://dblp.org/pid/88/6542,https://dblp.org/rec/journals/taslp/WarsitzH07
https://dblp.org/pid/88/6542,https://dblp.org/rec/journals/taslp/BoddekerSWHR24
https://dblp.org/pid/88/6542,https://dblp.org/rec/journals/taslp/IonH08
https://dblp.org/pid/81/3518,https://dblp.org/rec/journals/jgo/WittingOD13
https://dblp.org/pid/h/FMaufderHeide,https://dblp.org/rec/journals/scheduling/AlthausBKHNRSS18
https://dblp.org/pid/88/6542,https://dblp.org/rec/journals/ejasp/KinoshitaDGHHKL16
https://dblp.org/pid/b/StBottcher,https://dblp.org/rec/journals/eg/WagnerCIB06
https://dblp.org/pid/90/4912,https://dblp.org/rec/journals/peng/DenkenaGS13
https://dblp.org/pid/90/4912,https://dblp.org/rec/journals/peng/BiermannGHHPRW15
https://dblp.org/pid/81/7126,https://dblp.org/rec/journals/peng/Groesbrink13
https://dblp.org/pid/90/4912,https://dblp.org/rec/journals/peng/BiermannGHPW13
https://dblp.org/pid/90/4912,https://dblp.org/rec/journals/peng/DorociakGGIV13
https://dblp.org/pid/90/4912,https://dblp.org/rec/journals/peng/DumitrescuAG13
https://dblp.org/pid/08/8419,https://dblp.org/rec/journals/datamine/ShakerH21
https://dblp.org/pid/34/2589,https://dblp.org/rec/journals/datamine/AppiceEGT21
https://dblp.org/pid/17/6729-15,https://dblp.org/rec/journals/tmc/LiuW24
https://dblp.org/pid/17/6729-15,https://dblp.org/rec/journals/tmc/WangJLGM19
https://dblp.org/pid/s/ChristianScheideler,https://dblp.org/rec/journals/tmc/AtenieseRS06
https://dblp.org/pid/17/6729-15,https://dblp.org/rec/journals/tmc/LiuYW26
https://dblp.org/pid/94/5744,https://dblp.org/rec/journals/dase/OthmaneCBTB17
https://dblp.org/pid/34/2589,https://dblp.org/rec/journals/cor/GrimmeKATPDWE21
https://dblp.org/pid/15/5253,https://dblp.org/rec/journals/cor/BertelsF06
https://dblp.org/pid/s/ChristianScheideler,https://dblp.org/rec/journals/mst/GallJRSST14
https://dblp.org/pid/s/ChristianScheideler,https://dblp.org/rec/journals/mst/BagchiBCES06
https://dblp.org/pid/h/FMaufderHeide,https://dblp.org/rec/journals/mst/HeideSVG04
https://dblp.org/pid/m/BurkhardMonien,https://dblp.org/rec/journals/mst/ElsasserLM03
https://dblp.org/pid/s/ChristianScheideler,https://dblp.org/rec/journals/mst/FlamminiS99
https://dblp.org/pid/138/8052,https://dblp.org/rec/journals/mst/Abu-KhzamMHS18
https://dblp.org/pid/h/FMaufderHeide,https://dblp.org/rec/journals/mst/Abu-KhzamMHS18
https://dblp.org/pid/s/ChristianScheideler,https://dblp.org/rec/journals/mst/AwerbuchS09
https://dblp.org/pid/m/BurkhardMonien,https://dblp.org/rec/journals/mst/MavronicolasM15
https://dblp.org/pid/138/7323,https://dblp.org/rec/journals/mst/FeldkordKMH21
https://dblp.org/pid/h/FMaufderHeide,https://dblp.org/rec/journals/mst/FeldkordKMH21
https://dblp.org/pid/s/ChristianScheideler,https://dblp.org/rec/journals/mst/KolmanS13
https://dblp.org/pid/s/ChristianScheideler,https://dblp.org/rec/journals/mst/KniesburgesKS14
https://dblp.org/pid/m/BurkhardMonien,https://dblp.org/rec/journals/mst/GairingMT08
https://dblp.org/pid/19/3568,https://dblp.org/rec/journals/mst/FeldmannMP10
https://dblp.org/pid/s/ChristianScheideler,https://dblp.org/rec/journals/mst/GavoillePS10
https://dblp.org/pid/19/3568,https://dblp.org/rec/journals/mst/FeldmannM96
https://dblp.org/pid/s/ChristianScheideler,https://dblp.org/rec/journals/mst/AdlerS00
https://dblp.org/pid/s/ChristianScheideler,https://dblp.org/rec/journals/mst/KleinbergS09
https://dblp.org/pid/m/BurkhardMonien,https://dblp.org/rec/journals/mst/GeorgiouMM22
https://dblp.org/pid/m/BurkhardMonien,https://dblp.org/rec/journals/mst/HaralambidesMM91
https://dblp.org/pid/s/ChristianScheideler,https://dblp.org/rec/journals/mst/ScheidelerV98
https://dblp.org/pid/m/BurkhardMonien,https://dblp.org/rec/journals/mst/ElsasserMP02
https://dblp.org/pid/m/BurkhardMonien,https://dblp.org/rec/journals/mst/GairingLMM10
https://dblp.org/pid/m/BurkhardMonien,https://dblp.org/rec/journals/mst/Monien75
https://dblp.org/pid/h/FMaufderHeide,https://dblp.org/rec/journals/mst/BerenbrinkHS99
https://dblp.org/pid/s/ChristianScheideler,https://dblp.org/rec/journals/mst/GmyrLS19
https://dblp.org/pid/m/BurkhardMonien,https://dblp.org/rec/journals/mst/MonienS10
https://dblp.org/pid/h/FMaufderHeide,https://dblp.org/rec/journals/mst/HeideSW97
https://dblp.org/pid/h/FMaufderHeide,https://dblp.org/rec/journals/mst/KrickHRVW02
https://dblp.org/pid/119/5839,https://dblp.org/rec/journals/asc/BossekKT20
https://dblp.org/pid/34/2589,https://dblp.org/rec/journals/asc/BossekKT20
https://dblp.org/pid/228/3129,https://dblp.org/rec/journals/asc/LeitePSG26
https://dblp.org/pid/228/3129,https://dblp.org/rec/journals/asc/AndonovskiLPGPS26
https://dblp.org/pid/228/3129,https://dblp.org/rec/journals/asc/SoaresCCL18
https://dblp.org/pid/d/GittaDomik,https://dblp.org/rec/journals/cga/EncarnacaoCSKRA15
https://dblp.org/pid/d/GittaDomik,https://dblp.org/rec/journals/cga/WiensD15a
https://dblp.org/pid/d/GittaDomik,https://dblp.org/rec/journals/cga/DomikASF13
https://dblp.org/pid/d/GittaDomik,https://dblp.org/rec/journals/cga/WiensD15
https://dblp.org/pid/d/GittaDomik,https://dblp.org/rec/journals/cga/Domik00
https://dblp.org/pid/d/GittaDomik,https://dblp.org/rec/journals/cga/OwenDEKRSW13
https://dblp.org/pid/d/GittaDomik,https://dblp.org/rec/journals/cga/Domik12
https://dblp.org/pid/18/2890,https://dblp.org/rec/journals/cga/Campen17
https://dblp.org/pid/119/5839,https://dblp.org/rec/journals/rjour/Bossek17
https://dblp.org/pid/76/5938,https://dblp.org/rec/journals/cphysics/WingenbachBMSPS25
https://dblp.org/pid/50/146-4,https://dblp.org/rec/journals/jfi/BergerR14
https://dblp.org/pid/50/146-4,https://dblp.org/rec/journals/jfi/JaiswalBT24
https://dblp.org/pid/228/3129,https://dblp.org/rec/journals/jfi/AguiarLPAS21
https://dblp.org/pid/14/3197-1,https://dblp.org/rec/journals/jeric/BennedsenS10
https://dblp.org/pid/k/ReinhardKeilSlawik,https://dblp.org/rec/journals/jeric/HampelK01
https://dblp.org/pid/48/4209,https://dblp.org/rec/journals/jeric/KnobelsdorfMBEH15
https://dblp.org/pid/14/3197-1,https://dblp.org/rec/journals/jeric/GrosseBoltingGGMS23
https://dblp.org/pid/70/7024,https://dblp.org/rec/journals/bsl/Peckhaus99
https://dblp.org/pid/95/4985-1,https://dblp.org/rec/journals/ile/0001MDS14
https://dblp.org/pid/84/1558-1,https://dblp.org/rec/journals/presence/KleinKFWWH04
https://dblp.org/pid/h/FMaufderHeide,https://dblp.org/rec/journals/presence/KleinKFWWH04
https://dblp.org/pid/68/3728,https://dblp.org/rec/journals/simpra/PlatznerRW97
https://dblp.org/pid/90/4912,https://dblp.org/rec/journals/jcise/BerssenbruggeKG10
https://dblp.org/pid/25/7857,https://dblp.org/rec/journals/jcise/BerssenbruggeTS16
https://dblp.org/pid/90/4912,https://dblp.org/rec/journals/jcise/EbbesmeyerGKMG01
https://dblp.org/pid/40/4987-1,https://dblp.org/rec/journals/jss/SchroderSR18
https://dblp.org/pid/94/5744,https://dblp.org/rec/journals/jss/GeismannB20
https://dblp.org/pid/76/5938,https://dblp.org/rec/journals/mam/EnzlerPP05
https://dblp.org/pid/68/3728,https://dblp.org/rec/journals/mam/EnzlerPP05
https://dblp.org/pid/96/1876-1,https://dblp.org/rec/journals/mam/SchumacherPP12
https://dblp.org/pid/76/5938,https://dblp.org/rec/journals/mam/SchumacherPP12
https://dblp.org/pid/68/3728,https://dblp.org/rec/journals/mam/SchumacherPP12
https://dblp.org/pid/44/5175-1,https://dblp.org/rec/journals/mam/GotzDX09
https://dblp.org/pid/68/3728,https://dblp.org/rec/journals/mam/AnwerP17
https://dblp.org/pid/68/3728,https://dblp.org/rec/journals/mam/AgneHHPP14
https://dblp.org/pid/76/5938,https://dblp.org/rec/journals/mam/AgneHHPP14
https://dblp.org/pid/m/BurkhardMonien,https://dblp.org/rec/journals/siamdm/LuckingMMSV24
https://dblp.org/pid/s/ChristianScheideler,https://dblp.org/rec/journals/siamdm/BagchiCSK07
https://dblp.org/pid/h/FMaufderHeide,https://dblp.org/rec/journals/siamcomp/DietzfelbingerKMHRT94
https://dblp.org/pid/h/FMaufderHeide,https://dblp.org/rec/journals/siamcomp/GilHW96
https://dblp.org/pid/38/1605,https://dblp.org/rec/journals/siamcomp/GharibianK12
https://dblp.org/pid/53/4856,https://dblp.org/rec/journals/siamcomp/BriestK11
https://dblp.org/pid/h/FMaufderHeide,https://dblp.org/rec/journals/siamcomp/BorodinFHUW87
https://dblp.org/pid/m/BurkhardMonien,https://dblp.org/rec/journals/siamcomp/AlandDGMS11
https://dblp.org/pid/h/FMaufderHeide,https://dblp.org/rec/journals/siamcomp/Heide86
https://dblp.org/pid/53/4856,https://dblp.org/rec/journals/siamcomp/BriestKV11
https://dblp.org/pid/38/1605,https://dblp.org/rec/journals/siamcomp/GharibianG23
https://dblp.org/pid/h/FMaufderHeide,https://dblp.org/rec/journals/siamcomp/CzumajHS00
https://dblp.org/pid/s/ChristianScheideler,https://dblp.org/rec/journals/siamcomp/ScheidelerV00
https://dblp.org/pid/h/FMaufderHeide,https://dblp.org/rec/journals/siamcomp/HeideW87
https://dblp.org/pid/94/5744,https://dblp.org/rec/journals/dud/BoddenRRR13
https://dblp.org/pid/94/5744,https://dblp.org/rec/journals/dud/RasthoferAMB16
https://dblp.org/pid/26/4979,https://dblp.org/rec/journals/isem/PoniatowskiLBK22
https://dblp.org/pid/26/4979,https://dblp.org/rec/journals/isem/KundischZ12
https://dblp.org/pid/94/5744,https://dblp.org/rec/journals/tissec/FischerFKJKB22
https://dblp.org/pid/13/8970,https://dblp.org/rec/journals/tissec/CabarcosFHSBS23
https://dblp.org/pid/79/6049,https://dblp.org/rec/journals/ar/RohlfingFWJ06
https://dblp.org/pid/174/1998,https://dblp.org/rec/journals/pacmnet/KempfTJSCZ25
https://dblp.org/pid/13/8970,https://dblp.org/rec/journals/csur/HanischCPS25
https://dblp.org/pid/13/8970,https://dblp.org/rec/journals/csur/CabarcosKB19
https://dblp.org/pid/65/4336,https://dblp.org/rec/journals/csur/HoganBCdMGKGNNN21
https://dblp.org/pid/65/4336,https://dblp.org/rec/journals/csur/QudusRSN26
https://dblp.org/pid/08/7058,https://dblp.org/rec/journals/csur/0001S020
https://dblp.org/pid/s/ChristianScheideler,https://dblp.org/rec/journals/csur/0001S020
https://dblp.org/pid/18/2890,https://dblp.org/rec/journals/csur/AtteneCK13
https://dblp.org/pid/k/ReinhardKeilSlawik,https://dblp.org/rec/journals/csur/FloydKN81
https://dblp.org/pid/33/2110,https://dblp.org/rec/journals/jucs/Blomer06
https://dblp.org/pid/d/GittaDomik,https://dblp.org/rec/journals/jucs/VolbrachDSF98
https://dblp.org/pid/68/3728,https://dblp.org/rec/journals/jucs/PlatznerRW95
https://dblp.org/pid/d/GittaDomik,https://dblp.org/rec/journals/jucs/VolbrachtDBR98
https://dblp.org/pid/d/GittaDomik,https://dblp.org/rec/journals/jucs/Domik01
https://dblp.org/pid/h/FMaufderHeide,https://dblp.org/rec/journals/cc/GrigorievKHS97
https://dblp.org/pid/38/1605,https://dblp.org/rec/journals/cc/GharibianSSSY22
https://dblp.org/pid/164/2698,https://dblp.org/rec/journals/ml/NguyenZD25
https://dblp.org/pid/164/2698,https://dblp.org/rec/journals/ml/NguyenSH22
https://dblp.org/pid/97/114-4,https://dblp.org/rec/journals/ml/SchaferH18
https://dblp.org/pid/34/2589,https://dblp.org/rec/journals/ml/AppiceEGT21
https://dblp.org/pid/76/3237,https://dblp.org/rec/journals/ijar/EckePT14
https://dblp.org/pid/76/3237,https://dblp.org/rec/journals/ijar/PenselT18
https://dblp.org/pid/164/2698,https://dblp.org/rec/journals/ijar/NguyenDM18
https://dblp.org/pid/69/5050-8,https://dblp.org/rec/journals/cm/PeusterSZXTVTSV19
https://dblp.org/pid/95/344-3,https://dblp.org/rec/journals/cm/Schulz96
https://dblp.org/pid/06/729-1,https://dblp.org/rec/journals/cm/Burgett0Z98
https://dblp.org/pid/26/4979,https://dblp.org/rec/journals/jmis/MullerNK22
https://dblp.org/pid/43/6309-1,https://dblp.org/rec/journals/jmis/MullerFB18
https://dblp.org/pid/43/6309-1,https://dblp.org/rec/journals/dss/BaranBM17
https://dblp.org/pid/228/3129,https://dblp.org/rec/journals/prl/GarciaELS19
https://dblp.org/pid/203/2506,https://dblp.org/rec/journals/prl/TerhorstKDKK20
https://dblp.org/pid/140/3577,https://dblp.org/rec/journals/bmcsb/Gelius-DietrichDFL13
https://dblp.org/pid/33/2110,https://dblp.org/rec/journals/adac/BlomerBBK20
https://dblp.org/pid/127/6615,https://dblp.org/rec/journals/adac/BlomerBBK20
https://dblp.org/pid/88/6542,https://dblp.org/rec/journals/pami/LoogDH01
https://dblp.org/pid/17/6729-15,https://dblp.org/rec/journals/ton/WangJHLB21
https://dblp.org/pid/17/6729-15,https://dblp.org/rec/journals/ton/BlocherWES22
https://dblp.org/pid/s/ChristianScheideler,https://dblp.org/rec/journals/ton/RichaSSZ13
https://dblp.org/pid/s/ChristianScheideler,https://dblp.org/rec/journals/ton/SchmidASBHL16
https://dblp.org/pid/34/2589,https://dblp.org/rec/journals/bigdata/GrimmePAT17
https://dblp.org/pid/e/GregorEngels,https://dblp.org/rec/journals/scp/AndriesEHHKKPST99
https://dblp.org/pid/138/4856,https://dblp.org/rec/journals/scp/YigitbasSBGE24
https://dblp.org/pid/e/GregorEngels,https://dblp.org/rec/journals/scp/YigitbasSBGE24
https://dblp.org/pid/36/10647,https://dblp.org/rec/journals/scp/TofanTSW14
https://dblp.org/pid/31/5809,https://dblp.org/rec/journals/scp/JahnkeSWZ02
https://dblp.org/pid/h/FMaufderHeide,https://dblp.org/rec/journals/scpe/BonordenGH06
https://dblp.org/pid/k/UweKastens,https://dblp.org/rec/journals/spe/KastensW17
https://dblp.org/pid/k/UweKastens,https://dblp.org/rec/journals/spe/KastensW09
https://dblp.org/pid/91/4804-2,https://dblp.org/rec/journals/spe/SchmidtK03
https://dblp.org/pid/k/UweKastens,https://dblp.org/rec/journals/spe/SchmidtK03
https://dblp.org/pid/88/6542,https://dblp.org/rec/journals/ejasmp/GburrekSH21
https://dblp.org/pid/269/5697,https://dblp.org/rec/journals/ijrr/WestfechtelOMHN18
https://dblp.org/pid/68/7642,https://dblp.org/rec/journals/csr/DegenerFKH11
https://dblp.org/pid/h/FMaufderHeide,https://dblp.org/rec/journals/csr/DegenerFKH11
https://dblp.org/pid/150/0050,https://dblp.org/rec/journals/csr/NicolettiPKS23
https://dblp.org/pid/79/6049,https://dblp.org/rec/journals/ijsr/SalemKWRJ12
https://dblp.org/pid/79/6049,https://dblp.org/rec/journals/ijsr/SalemERKJ13
https://dblp.org/pid/79/6049,https://dblp.org/rec/journals/ijsr/VollmerRWC15
https://dblp.org/pid/79/6049,https://dblp.org/rec/journals/ijsr/LohanRPSLNFW12
https://dblp.org/pid/79/6049,https://dblp.org/rec/journals/ijsr/TolksdorfSZHR21
https://dblp.org/pid/08/8419,https://dblp.org/rec/journals/sigkdd/KremplZBHLLNSSSS14
https://dblp.org/pid/68/3728,https://dblp.org/rec/journals/iet-cdt/KebschullPT10
https://dblp.org/pid/68/3728,https://dblp.org/rec/journals/iet-cdt/DanneMP07
https://dblp.org/pid/43/917,https://dblp.org/rec/journals/csse/HenklerOGS11
https://dblp.org/pid/55/3839,https://dblp.org/rec/journals/tsp/LeongDE08
https://dblp.org/pid/55/3839,https://dblp.org/rec/journals/tsp/LeongDNS11
https://dblp.org/pid/s/MohammadSoleymani-2,https://dblp.org/rec/journals/tsp/SoleymaniSJR23
https://dblp.org/pid/55/3839,https://dblp.org/rec/journals/tsp/LeongDE07a
https://dblp.org/pid/55/3839,https://dblp.org/rec/journals/tsp/LeongDE07
https://dblp.org/pid/55/3839,https://dblp.org/rec/journals/tsp/LeongDN13
https://dblp.org/pid/55/3839,https://dblp.org/rec/journals/tsp/WangLD11
https://dblp.org/pid/e/GregorEngels,https://dblp.org/rec/journals/sosym/Engels10
https://dblp.org/pid/e/GregorEngels,https://dblp.org/rec/journals/sosym/EngelsW12
https://dblp.org/pid/02/691-2,https://dblp.org/rec/journals/sosym/GieseW09
https://dblp.org/pid/138/4856,https://dblp.org/rec/journals/sosym/GottschalkYNE23
https://dblp.org/pid/e/GregorEngels,https://dblp.org/rec/journals/sosym/GottschalkYNE23
https://dblp.org/pid/e/GregorEngels,https://dblp.org/rec/journals/sosym/Derakhshanmanesh19
https://dblp.org/pid/m/WMuller3,https://dblp.org/rec/journals/sosym/FlakeM03
https://dblp.org/pid/138/4856,https://dblp.org/rec/journals/sosym/YigitbasJBSE20
https://dblp.org/pid/07/2093-1,https://dblp.org/rec/journals/sosym/YigitbasJBSE20
https://dblp.org/pid/e/GregorEngels,https://dblp.org/rec/journals/sosym/YigitbasJBSE20
https://dblp.org/pid/e/GregorEngels,https://dblp.org/rec/journals/sosym/GerthKLE13
https://dblp.org/pid/e/GregorEngels,https://dblp.org/rec/journals/sosym/MussbacherCKAAB20
https://dblp.org/pid/138/4856,https://dblp.org/rec/journals/sosym/YigitbasGWE23
https://dblp.org/pid/e/GregorEngels,https://dblp.org/rec/journals/sosym/YigitbasGWE23
https://dblp.org/pid/07/2093-1,https://dblp.org/rec/journals/sosym/HausmannHS04
https://dblp.org/pid/43/6309-1,https://dblp.org/rec/journals/misqe/KrancherNM25
https://dblp.org/pid/70/8643,https://dblp.org/rec/journals/misqe/BreidbachJMBTDW22
https://dblp.org/pid/43/6309-1,https://dblp.org/rec/journals/misqe/MullerJDB16
https://dblp.org/pid/169/3113,https://dblp.org/rec/journals/pc/SchadeKELSLPMHK22
https://dblp.org/pid/76/5938,https://dblp.org/rec/journals/pc/SchadeKELSLPMHK22
https://dblp.org/pid/m/BurkhardMonien,https://dblp.org/rec/journals/pc/MeyerhenkeMS09
https://dblp.org/pid/m/BurkhardMonien,https://dblp.org/rec/journals/pc/MonienPD00
https://dblp.org/pid/m/BurkhardMonien,https://dblp.org/rec/journals/pc/BruneGKMRR98
https://dblp.org/pid/m/BurkhardMonien,https://dblp.org/rec/journals/pc/DiekmannFM99
https://dblp.org/pid/32/10911-1,https://dblp.org/rec/journals/el/StadlerMT99
https://dblp.org/pid/43/6309-1,https://dblp.org/rec/journals/ejis/MullerJBD16
https://dblp.org/pid/138/4956,https://dblp.org/rec/journals/ejis/TrangTWTC20
https://dblp.org/pid/138/4956,https://dblp.org/rec/journals/ejis/NastjukTGAT24
https://dblp.org/pid/138/4956,https://dblp.org/rec/journals/ejis/NastjukRTB25
https://dblp.org/pid/138/4956,https://dblp.org/rec/journals/ejis/TrangMMK22
https://dblp.org/pid/81/3518,https://dblp.org/rec/journals/ijcon/FlasskampTOT14
https://dblp.org/pid/25/7857,https://dblp.org/rec/journals/ijcon/FlasskampTOT14
https://dblp.org/pid/50/146-4,https://dblp.org/rec/journals/ijcon/Berger19
https://dblp.org/pid/50/146-4,https://dblp.org/rec/journals/ijcon/BergerI13
https://dblp.org/pid/50/146-4,https://dblp.org/rec/journals/ijcon/Berger12
https://dblp.org/pid/m/WMuller3,https://dblp.org/rec/journals/jmui/Schaefer008
https://dblp.org/pid/h/FMaufderHeide,https://dblp.org/rec/journals/jal/HeideV99
https://dblp.org/pid/s/ChristianScheideler,https://dblp.org/rec/journals/jal/KolmanS06
https://dblp.org/pid/17/6729-15,https://dblp.org/rec/journals/fgcs/ArocaAMTW16
https://dblp.org/pid/119/5839,https://dblp.org/rec/journals/tcs/BossekS23
https://dblp.org/pid/h/FMaufderHeide,https://dblp.org/rec/journals/tcs/LiHP21
https://dblp.org/pid/s/ChristianScheideler,https://dblp.org/rec/journals/tcs/JacobRSS12
https://dblp.org/pid/33/2110,https://dblp.org/rec/journals/tcs/BlomerN09
https://dblp.org/pid/m/BurkhardMonien,https://dblp.org/rec/journals/tcs/MonienRS93
https://dblp.org/pid/68/7642,https://dblp.org/rec/journals/tcs/BrandesDKH13
https://dblp.org/pid/h/FMaufderHeide,https://dblp.org/rec/journals/tcs/BrandesDKH13
https://dblp.org/pid/s/ChristianScheideler,https://dblp.org/rec/journals/tcs/ClouserNS12
https://dblp.org/pid/s/ChristianScheideler,https://dblp.org/rec/journals/tcs/AwerbuchS09
https://dblp.org/pid/202/1859,https://dblp.org/rec/journals/tcs/CastenowHJKH23
https://dblp.org/pid/98/3010-1,https://dblp.org/rec/journals/tcs/CastenowHJKH23
https://dblp.org/pid/h/FMaufderHeide,https://dblp.org/rec/journals/tcs/CastenowHJKH23
https://dblp.org/pid/h/FMaufderHeide,https://dblp.org/rec/journals/tcs/HeideSS96
https://dblp.org/pid/s/ChristianScheideler,https://dblp.org/rec/journals/tcs/HeideSS96
https://dblp.org/pid/138/8052,https://dblp.org/rec/journals/tcs/LiMHP21
https://dblp.org/pid/h/FMaufderHeide,https://dblp.org/rec/journals/tcs/LiMHP21
https://dblp.org/pid/k/HKleineBuning,https://dblp.org/rec/journals/tcs/AdarichevaIBT17
https://dblp.org/pid/s/ChristianScheideler,https://dblp.org/rec/journals/tcs/DerakhshandehGR17
https://dblp.org/pid/147/3358,https://dblp.org/rec/journals/tcs/DerakhshandehGR17
https://dblp.org/pid/m/BurkhardMonien,https://dblp.org/rec/journals/tcs/GairingLMMS05
https://dblp.org/pid/m/BurkhardMonien,https://dblp.org/rec/journals/tcs/MavronicolasM16
https://dblp.org/pid/k/HKleineBuning,https://dblp.org/rec/journals/tcs/Buning93
https://dblp.org/pid/119/5839,https://dblp.org/rec/journals/tcs/HeinsBPSTK23
https://dblp.org/pid/261/3628,https://dblp.org/rec/journals/tcs/HeinsBPSTK23
https://dblp.org/pid/34/2589,https://dblp.org/rec/journals/tcs/HeinsBPSTK23
https://dblp.org/pid/k/HKleineBuning,https://dblp.org/rec/journals/tcs/BuningZ08
https://dblp.org/pid/h/FMaufderHeide,https://dblp.org/rec/journals/tcs/Heide81
https://dblp.org/pid/m/BurkhardMonien,https://dblp.org/rec/journals/tcs/MonienS82
https://dblp.org/pid/s/ChristianScheideler,https://dblp.org/rec/journals/tcs/NorNS13
https://dblp.org/pid/68/3728,https://dblp.org/rec/journals/tcs/GrafP16
https://dblp.org/pid/m/BurkhardMonien,https://dblp.org/rec/journals/tcs/LorenzM04
https://dblp.org/pid/m/BurkhardMonien,https://dblp.org/rec/journals/tcs/MonienRS94
https://dblp.org/pid/k/HKleineBuning,https://dblp.org/rec/journals/tcs/Buning24
https://dblp.org/pid/m/BurkhardMonien,https://dblp.org/rec/journals/tcs/MavronicolasM20
https://dblp.org/pid/m/BurkhardMonien,https://dblp.org/rec/journals/tcs/HromkovicJM94
https://dblp.org/pid/m/BurkhardMonien,https://dblp.org/rec/journals/tcs/ChytilCMR91
https://dblp.org/pid/h/FMaufderHeide,https://dblp.org/rec/journals/tcs/HeideSS98
https://dblp.org/pid/m/BurkhardMonien,https://dblp.org/rec/journals/tcs/GeorgiouMM21
https://dblp.org/pid/k/HKleineBuning,https://dblp.org/rec/journals/tcs/BorgerB80
https://dblp.org/pid/h/FMaufderHeide,https://dblp.org/rec/journals/tcs/FeldkordKH22
https://dblp.org/pid/202/1859,https://dblp.org/rec/journals/tcs/CastenowFHJH20
https://dblp.org/pid/84/1558-1,https://dblp.org/rec/journals/tcs/CastenowFHJH20
https://dblp.org/pid/98/3010-1,https://dblp.org/rec/journals/tcs/CastenowFHJH20
https://dblp.org/pid/h/FMaufderHeide,https://dblp.org/rec/journals/tcs/CastenowFHJH20
https://dblp.org/pid/138/8052,https://dblp.org/rec/journals/tcs/Abu-KhzamLMHP19
https://dblp.org/pid/h/FMaufderHeide,https://dblp.org/rec/journals/tcs/Abu-KhzamLMHP19
https://dblp.org/pid/k/HKleineBuning,https://dblp.org/rec/journals/tcs/BuningWS18
https://dblp.org/pid/k/HKleineBuning,https://dblp.org/rec/journals/tcs/BuningR10
https://dblp.org/pid/m/BurkhardMonien,https://dblp.org/rec/journals/tcs/Monien76
https://dblp.org/pid/m/BurkhardMonien,https://dblp.org/rec/journals/tcs/GairingLMM06
https://dblp.org/pid/s/ChristianScheideler,https://dblp.org/rec/journals/tcs/DolevS12
https://dblp.org/pid/m/BurkhardMonien,https://dblp.org/rec/journals/tcs/LuckingMMR08
https://dblp.org/pid/s/ChristianScheideler,https://dblp.org/rec/journals/tcs/HinnenthalLS25
https://dblp.org/pid/m/BurkhardMonien,https://dblp.org/rec/journals/tcs/MonienS88
https://dblp.org/pid/m/BurkhardMonien,https://dblp.org/rec/journals/tcs/GairingMW07
https://dblp.org/pid/s/ChristianScheideler,https://dblp.org/rec/journals/tcs/Scheideler18
https://dblp.org/pid/h/FMaufderHeide,https://dblp.org/rec/journals/tcs/Heide85
https://dblp.org/pid/s/ChristianScheideler,https://dblp.org/rec/journals/tcs/KniesburgesKS15
https://dblp.org/pid/h/FMaufderHeide,https://dblp.org/rec/journals/tcs/BorodinFHUW88
https://dblp.org/pid/s/ChristianScheideler,https://dblp.org/rec/journals/tcs/CoyCSSW24
https://dblp.org/pid/m/BurkhardMonien,https://dblp.org/rec/journals/tcs/ElsasserKM03
https://dblp.org/pid/m/BurkhardMonien,https://dblp.org/rec/journals/tcs/DeckerLM06
https://dblp.org/pid/k/HKleineBuning,https://dblp.org/rec/journals/tcs/BuningLM89
https://dblp.org/pid/17/2025,https://dblp.org/rec/journals/tcs/BuningLM89
https://dblp.org/pid/m/BurkhardMonien,https://dblp.org/rec/journals/tcs/BezrukovEMPT04
https://dblp.org/pid/h/FMaufderHeide,https://dblp.org/rec/journals/tcs/BaumkerDH98
https://dblp.org/pid/m/BurkhardMonien,https://dblp.org/rec/journals/tcs/MonienS85
https://dblp.org/pid/h/FMaufderHeide,https://dblp.org/rec/journals/tcs/KutylowskiH09
https://dblp.org/pid/150/0050,https://dblp.org/rec/journals/tcs/GotteKSW23
https://dblp.org/pid/s/ChristianScheideler,https://dblp.org/rec/journals/tcs/GotteKSW23
https://dblp.org/pid/m/BurkhardMonien,https://dblp.org/rec/journals/tcs/DumraufM13
https://dblp.org/pid/48/4209,https://dblp.org/rec/journals/bjet/KramerNMH15
https://dblp.org/pid/65/4336,https://dblp.org/rec/journals/datasci/RoderKN20
https://dblp.org/pid/88/6542,https://dblp.org/rec/journals/tvt/GrimmFWFBH22
https://dblp.org/pid/s/MohammadSoleymani-2,https://dblp.org/rec/journals/tvt/SoleymaniSS20
https://dblp.org/pid/s/MohammadSoleymani-2,https://dblp.org/rec/journals/tvt/SoleymaniSJ23
https://dblp.org/pid/77/949,https://dblp.org/rec/journals/tvt/AmjadTMKKSD21
https://dblp.org/pid/88/6542,https://dblp.org/rec/journals/tvt/Haeb-UmbachP07
https://dblp.org/pid/88/6542,https://dblp.org/rec/journals/sigpro/SchmalenstroeerJH15
https://dblp.org/pid/55/3839,https://dblp.org/rec/journals/sigpro/LeongZ22
https://dblp.org/pid/55/3839,https://dblp.org/rec/journals/sigpro/ChenNLPBR25
https://dblp.org/pid/38/1605,https://dblp.org/rec/journals/toct/GharibianS18
https://dblp.org/pid/79/6049,https://dblp.org/rec/journals/cogsci/AbramovKKMRK21
https://dblp.org/pid/s/ChristianScheideler,https://dblp.org/rec/journals/iandc/KoutsopoulosSS17
https://dblp.org/pid/147/3358,https://dblp.org/rec/journals/iandc/KoutsopoulosSS17
https://dblp.org/pid/h/FMaufderHeide,https://dblp.org/rec/journals/iandc/CzumajHS97
https://dblp.org/pid/k/HKleineBuning,https://dblp.org/rec/journals/iandc/BuningL89
https://dblp.org/pid/s/ChristianScheideler,https://dblp.org/rec/journals/iandc/KnollmannS22
https://dblp.org/pid/h/FMaufderHeide,https://dblp.org/rec/journals/iandc/BabaiJH88
https://dblp.org/pid/h/FMaufderHeide,https://dblp.org/rec/journals/iandc/Heide85
https://dblp.org/pid/h/FMaufderHeide,https://dblp.org/rec/journals/iandc/DietzfelbingerH93
https://dblp.org/pid/202/1859,https://dblp.org/rec/journals/iandc/CastenowKKH22
https://dblp.org/pid/h/FMaufderHeide,https://dblp.org/rec/journals/iandc/CastenowKKH22
https://dblp.org/pid/k/HKleineBuning,https://dblp.org/rec/journals/iandc/BuningKF95
https://dblp.org/pid/k/HKleineBuning,https://dblp.org/rec/journals/ipl/Buning90
https://dblp.org/pid/k/HKleineBuning,https://dblp.org/rec/journals/ipl/BuningZ02
https://dblp.org/pid/m/BurkhardMonien,https://dblp.org/rec/journals/ipl/MavronicolasM15
https://dblp.org/pid/h/FMaufderHeide,https://dblp.org/rec/journals/ipl/BreslauerCDH97
https://dblp.org/pid/k/HKleineBuning,https://dblp.org/rec/journals/ipl/BubeckB09
https://dblp.org/pid/h/FMaufderHeide,https://dblp.org/rec/journals/ipl/Heide83
https://dblp.org/pid/h/FMaufderHeide,https://dblp.org/rec/journals/ipl/LautemannH85
https://dblp.org/pid/m/BurkhardMonien,https://dblp.org/rec/journals/ipl/Monien84
https://dblp.org/pid/81/3518,https://dblp.org/rec/journals/jns/JimenezO21
https://dblp.org/pid/81/3518,https://dblp.org/rec/journals/jns/FlasskampOK12
https://dblp.org/pid/81/3518,https://dblp.org/rec/journals/jns/KonopikLMOA26
https://dblp.org/pid/81/3518,https://dblp.org/rec/journals/jns/BelgacemJO25
https://dblp.org/pid/94/5744,https://dblp.org/rec/journals/tse/DoB22
https://dblp.org/pid/94/5744,https://dblp.org/rec/journals/tse/BoddenH10
https://dblp.org/pid/94/5744,https://dblp.org/rec/journals/tse/DannHB21
https://dblp.org/pid/174/1998,https://dblp.org/rec/journals/tse/KrugerSABM21
https://dblp.org/pid/94/5744,https://dblp.org/rec/journals/tse/KrugerSABM21
https://dblp.org/pid/40/4987-1,https://dblp.org/rec/journals/tse/LiSAS23
https://dblp.org/pid/94/5744,https://dblp.org/rec/journals/tse/RobillardBKMR13
https://dblp.org/pid/94/5744,https://dblp.org/rec/journals/tse/DwyerBFKKKMMMSS16
https://dblp.org/pid/94/5744,https://dblp.org/rec/journals/tse/DoKH0B20
https://dblp.org/pid/94/5744,https://dblp.org/rec/journals/tse/TorresCAPBdLBC23
https://dblp.org/pid/31/5809,https://dblp.org/rec/journals/tse/HarroldS03
https://dblp.org/pid/31/5809,https://dblp.org/rec/journals/tse/MadhavjiS91
https://dblp.org/pid/94/5744,https://dblp.org/rec/journals/tse/LillackKB18
https://dblp.org/pid/08/8419,https://dblp.org/rec/journals/tse/PlateniusSBHS17
https://dblp.org/pid/69/3369-1,https://dblp.org/rec/journals/tse/PlateniusSBHS17
https://dblp.org/pid/31/5809,https://dblp.org/rec/journals/tse/PlateniusSBHS17
https://dblp.org/pid/31/5809,https://dblp.org/rec/journals/tse/MurphyS10
https://dblp.org/pid/07/2093-1,https://dblp.org/rec/journals/tse/KuhrmannTHKMLPF22
https://dblp.org/pid/94/5744,https://dblp.org/rec/journals/tse/DannPHPB22
https://dblp.org/pid/65/4336,https://dblp.org/rec/journals/wias/ShekarpourANGHS13
https://dblp.org/pid/62/6023-2,https://dblp.org/rec/journals/wipiec/JafariMP25
https://dblp.org/pid/68/3728,https://dblp.org/rec/journals/wipiec/JafariMP25
https://dblp.org/pid/77/949,https://dblp.org/rec/journals/tcasI/WuS21
https://dblp.org/pid/40/4987-1,https://dblp.org/rec/journals/smr/LiLSA22
https://dblp.org/pid/68/283-1,https://dblp.org/rec/journals/smr/HoltmannBMST16
https://dblp.org/pid/e/GregorEngels,https://dblp.org/rec/journals/smr/HeckelE02
https://dblp.org/pid/65/4336,https://dblp.org/rec/journals/firai/TobergNBC24
https://dblp.org/pid/79/6049,https://dblp.org/rec/journals/firai/TolksdorfVR21
https://dblp.org/pid/79/6049,https://dblp.org/rec/journals/firai/SciuttiLGKR16
https://dblp.org/pid/79/6049,https://dblp.org/rec/journals/firai/GrossSBRSRW23
https://dblp.org/pid/79/6049,https://dblp.org/rec/journals/firai/RohlfingACBBTH22
https://dblp.org/pid/f/AlexanderFoerster,https://dblp.org/rec/journals/firai/LeitnerHFC16
https://dblp.org/pid/14/3197-1,https://dblp.org/rec/journals/didactica/Schulte01
https://dblp.org/pid/34/2589,https://dblp.org/rec/journals/cstat/RodriguesKPTWHP22
https://dblp.org/pid/119/5839,https://dblp.org/rec/journals/cstat/CasalicchioBLKK19
https://dblp.org/pid/34/2589,https://dblp.org/rec/journals/cstat/RodriguesKPTWHP22a
https://dblp.org/pid/65/4336,https://dblp.org/rec/journals/informaticaSI/Ngomo10
https://dblp.org/pid/s/ChristianScheideler,https://dblp.org/rec/journals/jacm/JacobRSST14
https://dblp.org/pid/h/FMaufderHeide,https://dblp.org/rec/journals/jacm/Heide84
https://dblp.org/pid/h/FMaufderHeide,https://dblp.org/rec/journals/jacm/Heide88
https://dblp.org/pid/h/FMaufderHeide,https://dblp.org/rec/journals/jacm/Heide85
https://dblp.org/pid/88/6542,https://dblp.org/rec/journals/ijprai/NeySHTE94
https://dblp.org/pid/65/4336,https://dblp.org/rec/journals/semweb/UsbeckRHCHNDU19
https://dblp.org/pid/145/1160,https://dblp.org/rec/journals/semweb/SherifN15
https://dblp.org/pid/65/4336,https://dblp.org/rec/journals/semweb/SherifN15
https://dblp.org/pid/65/4336,https://dblp.org/rec/journals/semweb/NgomoU17
https://dblp.org/pid/65/4336,https://dblp.org/rec/journals/semweb/RoderUN18
https://dblp.org/pid/65/4336,https://dblp.org/rec/journals/semweb/SaleemKHEN15
https://dblp.org/pid/76/3237,https://dblp.org/rec/journals/semweb/BourgauxKT19
https://dblp.org/pid/65/4336,https://dblp.org/rec/journals/semweb/HoffnerWMULN17
https://dblp.org/pid/65/4336,https://dblp.org/rec/journals/semweb/StadlerSMADHN24
https://dblp.org/pid/65/4336,https://dblp.org/rec/journals/semweb/NentwigHNR17
https://dblp.org/pid/65/4336,https://dblp.org/rec/journals/semweb/DresslerN17
https://dblp.org/pid/145/1160,https://dblp.org/rec/journals/semweb/SherifN18
https://dblp.org/pid/65/4336,https://dblp.org/rec/journals/semweb/SherifN18
https://dblp.org/pid/65/4336,https://dblp.org/rec/journals/semweb/CapadisliAN15
https://dblp.org/pid/65/4336,https://dblp.org/rec/journals/semweb/Usbeck0P0SKMH0N24
https://dblp.org/pid/145/1160,https://dblp.org/rec/journals/semweb/ZaveriLAHSM13
https://dblp.org/pid/65/4336,https://dblp.org/rec/journals/semweb/PerevalovBN24
https://dblp.org/pid/65/4336,https://dblp.org/rec/journals/semweb/QudusSNL21
https://dblp.org/pid/119/5839,https://dblp.org/rec/journals/ec/KerschkeKBHT18
https://dblp.org/pid/34/2589,https://dblp.org/rec/journals/ec/KerschkeKBHT18
https://dblp.org/pid/123/8761,https://dblp.org/rec/journals/ec/WeverRH20
https://dblp.org/pid/34/2589,https://dblp.org/rec/journals/ec/BrockhoffWT15
https://dblp.org/pid/34/2589,https://dblp.org/rec/journals/ec/PragerT24
https://dblp.org/pid/34/2589,https://dblp.org/rec/journals/ec/KerschkeT19
https://dblp.org/pid/34/2589,https://dblp.org/rec/journals/ec/KerschkeHNT19
https://dblp.org/pid/34/2589,https://dblp.org/rec/journals/ec/KerschkeWPGDTE19
https://dblp.org/pid/34/2589,https://dblp.org/rec/journals/ec/HoosNT19
https://dblp.org/pid/34/2589,https://dblp.org/rec/journals/ec/BischlMTW12
https://dblp.org/pid/119/5839,https://dblp.org/rec/journals/ec/BossekG24
https://dblp.org/pid/34/2589,https://dblp.org/rec/journals/ec/TrautmannWNPM09
https://dblp.org/pid/34/2589,https://dblp.org/rec/journals/ec/MersmannPTBW15
https://dblp.org/pid/f/AlexanderFoerster,https://dblp.org/rec/journals/finr/PapeOCCFCS12
https://dblp.org/pid/79/6049,https://dblp.org/rec/journals/finr/VollmerWRO16
https://dblp.org/pid/f/AlexanderFoerster,https://dblp.org/rec/journals/finr/FrankLSFS14
https://dblp.org/pid/50/146-4,https://dblp.org/rec/journals/siammax/BergerT12
https://dblp.org/pid/50/146-4,https://dblp.org/rec/journals/siammax/BergerT13
https://dblp.org/pid/26/4979,https://dblp.org/rec/journals/iam/BohnK20
https://dblp.org/pid/m/BurkhardMonien,https://dblp.org/rec/journals/networks/KlasingLM98
https://dblp.org/pid/53/4856,https://dblp.org/rec/journals/networks/BriestGHV12
https://dblp.org/pid/17/6729-15,https://dblp.org/rec/journals/sigmetrics/HouZAWL13
https://dblp.org/pid/17/6729-15,https://dblp.org/rec/journals/sigmetrics/WangZVHL13
https://dblp.org/pid/68/3728,https://dblp.org/rec/journals/vlsisp/HansmeierPPA19
https://dblp.org/pid/153/6937,https://dblp.org/rec/journals/trob/KazmiM19
https://dblp.org/pid/79/6049,https://dblp.org/rec/journals/topics/BrozNBBDFFFFGGL14
https://dblp.org/pid/79/6049,https://dblp.org/rec/journals/topics/LohanGSPR14
https://dblp.org/pid/k/HKleineBuning,https://dblp.org/rec/journals/jar/BuningSZ07
https://dblp.org/pid/k/HKleineBuning,https://dblp.org/rec/journals/jar/BuningLS90
https://dblp.org/pid/150/4812-2,https://dblp.org/rec/journals/logcom/HannulaHKMMV25
https://dblp.org/pid/k/HKleineBuning,https://dblp.org/rec/journals/logcom/GrandjeanB97
https://dblp.org/pid/150/4812-2,https://dblp.org/rec/journals/logcom/MahmoodMS21
https://dblp.org/pid/150/4812-2,https://dblp.org/rec/journals/logcom/KontinenMM22
https://dblp.org/pid/94/5744,https://dblp.org/rec/journals/logcom/BoddenHLLN10
https://dblp.org/pid/129/9137-1,https://dblp.org/rec/journals/ife/HeinzemannBDS15
https://dblp.org/pid/31/5809,https://dblp.org/rec/journals/ife/HeinzemannBDS15
https://dblp.org/pid/31/5809,https://dblp.org/rec/journals/ife/EckardtHHHPS13
https://dblp.org/pid/e/GregorEngels,https://dblp.org/rec/journals/ife/DepkeEMSW99
https://dblp.org/pid/07/2093-1,https://dblp.org/rec/journals/ife/DepkeEMSW99
https://dblp.org/pid/31/5809,https://dblp.org/rec/journals/ife/FehlingS94
https://dblp.org/pid/r/FranzJosefRammig,https://dblp.org/rec/journals/ife/AntreichRRSW97
https://dblp.org/pid/e/GregorEngels,https://dblp.org/rec/journals/ife/HumaGE15
https://dblp.org/pid/b/StBottcher,https://dblp.org/rec/journals/ife/Bottcher98
https://dblp.org/pid/e/GregorEngels,https://dblp.org/rec/journals/ife/DoberkatE02
https://dblp.org/pid/e/GregorEngels,https://dblp.org/rec/journals/ife/EngelsL13
https://dblp.org/pid/65/4336,https://dblp.org/rec/journals/jodsn/Ngomo12
https://dblp.org/pid/76/3237,https://dblp.org/rec/journals/jodsn/BorgwardtMPT16
https://dblp.org/pid/h/FMaufderHeide,https://dblp.org/rec/journals/acta/KleinH83
https://dblp.org/pid/k/HKleineBuning,https://dblp.org/rec/journals/acta/BuningP80
https://dblp.org/pid/h/FMaufderHeide,https://dblp.org/rec/journals/acta/AmeurFHH96
https://dblp.org/pid/m/BurkhardMonien,https://dblp.org/rec/journals/acta/Monien76
https://dblp.org/pid/h/FMaufderHeide,https://dblp.org/rec/journals/acta/Heide83
https://dblp.org/pid/k/UweKastens,https://dblp.org/rec/journals/acta/KastensW91
https://dblp.org/pid/k/UweKastens,https://dblp.org/rec/journals/acta/Kastens87
https://dblp.org/pid/k/UweKastens,https://dblp.org/rec/journals/acta/Kastens80
https://dblp.org/pid/m/BurkhardMonien,https://dblp.org/rec/journals/acta/Monien77
https://dblp.org/pid/m/BurkhardMonien,https://dblp.org/rec/journals/acta/Monien77a
https://dblp.org/pid/m/BurkhardMonien,https://dblp.org/rec/journals/acta/MonienS85
https://dblp.org/pid/e/GregorEngels,https://dblp.org/rec/journals/acta/EngelsPE83
https://dblp.org/pid/k/UweKastens,https://dblp.org/rec/journals/acta/KastensW94
https://dblp.org/pid/17/6729-15,https://dblp.org/rec/journals/tcc/JinZWHZL17
https://dblp.org/pid/06/729-1,https://dblp.org/rec/journals/cg/ZhaoK98
https://dblp.org/pid/d/GittaDomik,https://dblp.org/rec/journals/cg/Domik93
https://dblp.org/pid/06/729-1,https://dblp.org/rec/journals/cg/EncarnacaoMBBBBHKKK98
https://dblp.org/pid/d/GittaDomik,https://dblp.org/rec/journals/cg/Domik94
https://dblp.org/pid/s/MohammadSoleymani-2,https://dblp.org/rec/journals/icl/SantamariaGSJ25
https://dblp.org/pid/26/4979,https://dblp.org/rec/journals/electronicmarkets/SzopinskiSJKK20
https://dblp.org/pid/138/4956,https://dblp.org/rec/journals/electronicmarkets/MasuchGT21
https://dblp.org/pid/26/4979,https://dblp.org/rec/journals/electronicmarkets/SeutterKSKK23
https://dblp.org/pid/26/4979,https://dblp.org/rec/journals/electronicmarkets/Kundisch03
https://dblp.org/pid/43/6309-1,https://dblp.org/rec/journals/electronicmarkets/BackhausBBFMWKS10
https://dblp.org/pid/26/4979,https://dblp.org/rec/journals/electronicmarkets/Kundisch94
https://dblp.org/pid/138/4956,https://dblp.org/rec/journals/electronicmarkets/NastjukTP22
https://dblp.org/pid/189/4866,https://dblp.org/rec/journals/electronicmarkets/SchlangenottoKW18
https://dblp.org/pid/26/4979,https://dblp.org/rec/journals/electronicmarkets/SchlangenottoKW18
https://dblp.org/pid/70/8643,https://dblp.org/rec/journals/electronicmarkets/SchlangenottoKW18
https://dblp.org/pid/26/4979,https://dblp.org/rec/journals/electronicmarkets/AlthausVMK25
https://dblp.org/pid/43/6309-1,https://dblp.org/rec/journals/electronicmarkets/BeverungenMMMB19
https://dblp.org/pid/70/8643,https://dblp.org/rec/journals/electronicmarkets/BohmannRSBBBBGGHKLLLM25
https://dblp.org/pid/94/5744,https://dblp.org/rec/journals/ijngc/OthmaneFRBB14
https://dblp.org/pid/68/3728,https://dblp.org/rec/journals/tc/SteigerWP04
https://dblp.org/pid/68/3728,https://dblp.org/rec/journals/tc/RodriguezOPT22
https://dblp.org/pid/68/3728,https://dblp.org/rec/journals/tc/DeMaraPO17
https://dblp.org/pid/68/3728,https://dblp.org/rec/journals/tc/GiefersP14
https://dblp.org/pid/138/4956,https://dblp.org/rec/journals/chb/TrangW21
https://dblp.org/pid/s/MohammadSoleymani-2,https://dblp.org/rec/journals/tgcn/SoleymaniSS22
https://dblp.org/pid/52/7395,https://dblp.org/rec/journals/tedu/Wechselberger09
https://dblp.org/pid/17/6729-15,https://dblp.org/rec/journals/tsusc/PeiYHWZYYL25
https://dblp.org/pid/228/3129,https://dblp.org/rec/journals/nn/LeiteCG13
https://dblp.org/pid/70/4639,https://dblp.org/rec/journals/infsof/DangelmaierKW99
https://dblp.org/pid/40/4987-1,https://dblp.org/rec/journals/infsof/SolimanAMW25
https://dblp.org/pid/40/4987-1,https://dblp.org/rec/journals/infsof/SolimanAL21
https://dblp.org/pid/128/3400,https://dblp.org/rec/journals/jcc/RohrmullerHTHS15
https://dblp.org/pid/128/3388,https://dblp.org/rec/journals/jcc/RohrmullerHTHS15
https://dblp.org/pid/128/3388,https://dblp.org/rec/journals/jcc/NozakiS17
https://dblp.org/pid/133/9755,https://dblp.org/rec/journals/jcc/JainGSA22
https://dblp.org/pid/128/3388,https://dblp.org/rec/journals/jcc/JainGSA22
https://dblp.org/pid/128/3400,https://dblp.org/rec/journals/jcc/HoffmannRJVSH14
https://dblp.org/pid/128/3388,https://dblp.org/rec/journals/jcc/HoffmannRJVSH14
https://dblp.org/pid/128/3400,https://dblp.org/rec/journals/jcc/RohrmullerHWS13
https://dblp.org/pid/128/3388,https://dblp.org/rec/journals/jcc/RohrmullerHWS13
https://dblp.org/pid/133/9755,https://dblp.org/rec/journals/jcc/WitteGGBRBNGGHS16
https://dblp.org/pid/128/3388,https://dblp.org/rec/journals/jcc/WitteGGBRBNGGHS16
https://dblp.org/pid/128/3400,https://dblp.org/rec/journals/jcc/WitteRGHSH17
https://dblp.org/pid/133/9755,https://dblp.org/rec/journals/jcc/WitteRGHSH17
https://dblp.org/pid/128/3388,https://dblp.org/rec/journals/jcc/WitteRGHSH17
https://dblp.org/pid/169/3113,https://dblp.org/rec/journals/jcc/KosterSRKWVK16
https://dblp.org/pid/128/3388,https://dblp.org/rec/journals/jcc/BadalovWS20
https://dblp.org/pid/169/3113,https://dblp.org/rec/journals/jcc/AzadiSK18
https://dblp.org/pid/128/3400,https://dblp.org/rec/journals/jcc/JesserRSH14
https://dblp.org/pid/128/3388,https://dblp.org/rec/journals/jcc/JesserRSH14
https://dblp.org/pid/133/9755,https://dblp.org/rec/journals/jcc/WitteGNHS16
https://dblp.org/pid/128/3388,https://dblp.org/rec/journals/jcc/WitteGNHS16
https://dblp.org/pid/169/3113,https://dblp.org/rec/journals/jcc/Partovi-AzarK15
https://dblp.org/pid/133/9755,https://dblp.org/rec/journals/jcc/LuckeGKS17
https://dblp.org/pid/169/3113,https://dblp.org/rec/journals/jcc/LuckeGKS17
https://dblp.org/pid/128/3388,https://dblp.org/rec/journals/jcc/LuckeGKS17
https://dblp.org/pid/128/3400,https://dblp.org/rec/journals/jcc/HoffmannRJVSH15
https://dblp.org/pid/128/3388,https://dblp.org/rec/journals/jcc/HoffmannRJVSH15
https://dblp.org/pid/133/9755,https://dblp.org/rec/journals/jcc/MullerKKGSBK19
https://dblp.org/pid/128/3388,https://dblp.org/rec/journals/jcc/MullerKKGSBK19
https://dblp.org/pid/169/3113,https://dblp.org/rec/journals/jcc/MullerKKGSBK19
https://dblp.org/pid/25/7857,https://dblp.org/rec/journals/ejwcn/WuthishuwongTB15
https://dblp.org/pid/06/456,https://dblp.org/rec/journals/ijmms/NealS92
https://dblp.org/pid/88/6542,https://dblp.org/rec/journals/jstsp/SchmalenstroeerH10
https://dblp.org/pid/88/6542,https://dblp.org/rec/journals/jstsp/TanHFGO10
https://dblp.org/pid/88/6542,https://dblp.org/rec/journals/jstsp/WatanabeABHS19
https://dblp.org/pid/88/6542,https://dblp.org/rec/journals/jstsp/DrudeH19
https://dblp.org/pid/69/5050-8,https://dblp.org/rec/journals/tnsm/SchneiderKKH24
https://dblp.org/pid/69/5050-8,https://dblp.org/rec/journals/tnsm/SchneiderKMQSKH21
https://dblp.org/pid/38/1605,https://dblp.org/rec/journals/quantum/BroadbentGZ21
https://dblp.org/pid/38/1605,https://dblp.org/rec/journals/quantum/GharibianY19
https://dblp.org/pid/k/HKleineBuning,https://dblp.org/rec/journals/aml/Buning83
https://dblp.org/pid/k/HKleineBuning,https://dblp.org/rec/journals/aml/Buning81
https://dblp.org/pid/f/AlexanderFoerster,https://dblp.org/rec/journals/ahswn/ForsterFGGG15
https://dblp.org/pid/13/8970,https://dblp.org/rec/journals/wpc/CabarcosAMM14
https://dblp.org/pid/r/FranzJosefRammig,https://dblp.org/rec/journals/jec/GotzRPR09
https://dblp.org/pid/164/2698,https://dblp.org/rec/journals/jair/NguyenH21
https://dblp.org/pid/08/8419,https://dblp.org/rec/journals/amcs/ShakerH14
https://dblp.org/pid/228/3129,https://dblp.org/rec/journals/amcs/CasalinoCH0ORK23
https://dblp.org/pid/65/4336,https://dblp.org/rec/journals/simpa/DemirN22
https://dblp.org/pid/43/6309-1,https://dblp.org/rec/journals/jais/Muller-WienbergenMSB11
https://dblp.org/pid/138/4956,https://dblp.org/rec/journals/jais/MandrellaTK20
https://dblp.org/pid/17/6729-15,https://dblp.org/rec/journals/distribledger/TheisVWT22
https://dblp.org/pid/14/3197-1,https://dblp.org/rec/journals/sigcse/SchulteB21
https://dblp.org/pid/14/3197-1,https://dblp.org/rec/journals/sigcse/BorstlerHNPSST09
https://dblp.org/pid/14/3197-1,https://dblp.org/rec/journals/sigcse/ListerBCBGHHLSSW06
https://dblp.org/pid/14/3197-1,https://dblp.org/rec/journals/sigcse/SchulteB21a
https://dblp.org/pid/06/456,https://dblp.org/rec/journals/sigchi/NealS90
https://dblp.org/pid/06/456,https://dblp.org/rec/journals/sigchi/BomsdorfS99
https://dblp.org/pid/06/456,https://dblp.org/rec/journals/sigchi/BomsdorfS98
https://dblp.org/pid/55/3839,https://dblp.org/rec/journals/taes/LeongDE11
https://dblp.org/pid/55/3839,https://dblp.org/rec/journals/taes/GuoLD17
https://dblp.org/pid/50/146-4,https://dblp.org/rec/journals/taes/GuoGHGB24
https://dblp.org/pid/94/5744,https://dblp.org/rec/journals/pacmse/MiaoKBW25
https://dblp.org/pid/174/1998,https://dblp.org/rec/journals/pacmpl/SpathAB19
https://dblp.org/pid/94/5744,https://dblp.org/rec/journals/pacmpl/SpathAB19
https://dblp.org/pid/174/1998,https://dblp.org/rec/journals/pacmpl/SpathAB17
https://dblp.org/pid/94/5744,https://dblp.org/rec/journals/pacmpl/SpathAB17
https://dblp.org/pid/25/7857,https://dblp.org/rec/journals/robotica/ShareefJTT17
https://dblp.org/pid/25/7857,https://dblp.org/rec/journals/robotica/ShareefT16
https://dblp.org/pid/s/MohammadSoleymani-2,https://dblp.org/rec/journals/twc/SoleymaniSJC24
https://dblp.org/pid/s/MohammadSoleymani-2,https://dblp.org/rec/journals/twc/SoleymaniJSH26
https://dblp.org/pid/s/MohammadSoleymani-2,https://dblp.org/rec/journals/twc/SoleymaniSJRSH26
https://dblp.org/pid/17/6729-15,https://dblp.org/rec/journals/tpds/ZhengWYSU17
https://dblp.org/pid/17/6729-15,https://dblp.org/rec/journals/tpds/WuWJL24
https://dblp.org/pid/17/6729-15,https://dblp.org/rec/journals/tpds/WuWPCLY22
https://dblp.org/pid/17/6729-15,https://dblp.org/rec/journals/tpds/ChenJLW22
https://dblp.org/pid/53/4856,https://dblp.org/rec/journals/im/AckermannBFV08
https://dblp.org/pid/02/691-2,https://dblp.org/rec/journals/sttt/BurmesterGNTWWWZ04
https://dblp.org/pid/77/4790,https://dblp.org/rec/journals/sttt/BurmesterGMOKS08
https://dblp.org/pid/31/5809,https://dblp.org/rec/journals/sttt/SchaferT08
https://dblp.org/pid/94/5744,https://dblp.org/rec/journals/sttt/BoddenH12
https://dblp.org/pid/119/5839,https://dblp.org/rec/journals/algorithmica/BossekS24
https://dblp.org/pid/h/FMaufderHeide,https://dblp.org/rec/journals/algorithmica/KarpLH96
https://dblp.org/pid/s/ChristianScheideler,https://dblp.org/rec/journals/algorithmica/KolmanS04
https://dblp.org/pid/177/9340,https://dblp.org/rec/journals/algorithmica/HaakMPR23
https://dblp.org/pid/138/8052,https://dblp.org/rec/journals/algorithmica/LiMH18
https://dblp.org/pid/h/FMaufderHeide,https://dblp.org/rec/journals/algorithmica/LiMH18
https://dblp.org/pid/33/2110,https://dblp.org/rec/journals/algorithmica/AckermannBKS14
https://dblp.org/pid/33/2110,https://dblp.org/rec/journals/algorithmica/Blomer00
https://dblp.org/pid/h/FMaufderHeide,https://dblp.org/rec/journals/algorithmica/MaackHP24
https://dblp.org/pid/m/BurkhardMonien,https://dblp.org/rec/journals/algorithmica/HromkovicJM93
https://dblp.org/pid/53/4856,https://dblp.org/rec/journals/algorithmica/BriestHK12
https://dblp.org/pid/119/5839,https://dblp.org/rec/journals/algorithmica/BossekNPS21
https://dblp.org/pid/h/FMaufderHeide,https://dblp.org/rec/journals/algorithmica/HeideOW96
https://dblp.org/pid/s/ChristianScheideler,https://dblp.org/rec/journals/eatcs/FeketeRRS17
https://dblp.org/pid/m/BurkhardMonien,https://dblp.org/rec/journals/eatcs/Monien12
https://dblp.org/pid/m/BurkhardMonien,https://dblp.org/rec/journals/eatcs/Monien12a
https://dblp.org/pid/19/3568,https://dblp.org/rec/journals/eatcs/FeldmannGLMR03
https://dblp.org/pid/m/BurkhardMonien,https://dblp.org/rec/journals/eatcs/FeldmannGLMR03
https://dblp.org/pid/m/BurkhardMonien,https://dblp.org/rec/journals/eatcs/Monien12b
https://dblp.org/pid/s/ChristianScheideler,https://dblp.org/rec/journals/eatcs/Scheideler08
https://dblp.org/pid/h/FMaufderHeide,https://dblp.org/rec/journals/eatcs/Heide12
https://dblp.org/pid/06/729-1,https://dblp.org/rec/journals/cacm/ZhaoKL98
https://dblp.org/pid/17/6729-15,https://dblp.org/rec/journals/cacm/MuhlhauserMSDWR20
https://dblp.org/pid/76/3237,https://dblp.org/rec/journals/tplp/GovernatoriT25
https://dblp.org/pid/76/3237,https://dblp.org/rec/journals/tplp/BaaderKMTZ22
https://dblp.org/pid/k/UweKastens,https://dblp.org/rec/journals/cj/HeuringKPW89
https://dblp.org/pid/e/GregorEngels,https://dblp.org/rec/journals/taas/BencomoE16
https://dblp.org/pid/138/4856,https://dblp.org/rec/journals/jot/WeidmannYASJ22
https://dblp.org/pid/e/GregorEngels,https://dblp.org/rec/journals/jot/BalsCEE07
https://dblp.org/pid/138/4856,https://dblp.org/rec/journals/jot/WeidmannSAYE21
https://dblp.org/pid/e/GregorEngels,https://dblp.org/rec/journals/jot/WeidmannSAYE21
https://dblp.org/pid/90/4912,https://dblp.org/rec/journals/procedia/GausemeierGT13
https://dblp.org/pid/79/6049,https://dblp.org/rec/journals/procedia/StramadinoliRZRC11
https://dblp.org/pid/68/7642,https://dblp.org/rec/journals/procedia/DegenerKH11
https://dblp.org/pid/h/FMaufderHeide,https://dblp.org/rec/journals/procedia/DegenerKH11
https://dblp.org/pid/84/6110-2,https://dblp.org/rec/journals/procedia/RudtschBG13
https://dblp.org/pid/90/4912,https://dblp.org/rec/journals/procedia/RudtschBG13
https://dblp.org/pid/18/2890,https://dblp.org/rec/journals/cad/MandadC20
https://dblp.org/pid/18/2890,https://dblp.org/rec/journals/cad/KhanteimouriC25
https://dblp.org/pid/k/HKleineBuning,https://dblp.org/rec/journals/eik/BuningO77
https://dblp.org/pid/m/BurkhardMonien,https://dblp.org/rec/journals/eik/Monien74
https://dblp.org/pid/k/HKleineBuning,https://dblp.org/rec/journals/eik/BuningL88
https://dblp.org/pid/52/7395,https://dblp.org/rec/journals/vc/RillingW11
https://dblp.org/pid/77/4790,https://dblp.org/rec/journals/ijaose/GieseK07
https://dblp.org/pid/26/4979,https://dblp.org/rec/journals/da/RechenbergGK16
https://dblp.org/pid/319/8710,https://dblp.org/rec/journals/aiedam/MeyerFKD22
https://dblp.org/pid/k/HKleineBuning,https://dblp.org/rec/journals/amai/BuroB96
https://dblp.org/pid/150/4812-2,https://dblp.org/rec/journals/amai/MahmoodM22
https://dblp.org/pid/k/HKleineBuning,https://dblp.org/rec/journals/amai/BuningZ02
https://dblp.org/pid/k/HKleineBuning,https://dblp.org/rec/journals/amai/BuningX05
https://dblp.org/pid/k/HKleineBuning,https://dblp.org/rec/journals/amai/DavydovDB98
https://dblp.org/pid/k/HKleineBuning,https://dblp.org/rec/journals/amai/BuningZ05
https://dblp.org/pid/34/2589,https://dblp.org/rec/journals/amai/MersmannBT0BN13
https://dblp.org/pid/119/5839,https://dblp.org/rec/journals/amai/MersmannBT0BN13
https://dblp.org/pid/33/2110,https://dblp.org/rec/journals/amai/AltBB95
https://dblp.org/pid/76/3237,https://dblp.org/rec/journals/ki/Turhan15
https://dblp.org/pid/76/3237,https://dblp.org/rec/journals/ki/BaaderLT10
https://dblp.org/pid/88/6542,https://dblp.org/rec/journals/ki/WalterHMPH15
https://dblp.org/pid/k/ReinhardKeilSlawik,https://dblp.org/rec/journals/ki/ChristallerFKNR99
https://dblp.org/pid/76/3237,https://dblp.org/rec/journals/ki/Turhan25
https://dblp.org/pid/65/4336,https://dblp.org/rec/journals/ki/NgomoSGHDLOS21
https://dblp.org/pid/145/1160,https://dblp.org/rec/journals/ki/NgomoSGHDLOS21
https://dblp.org/pid/79/6049,https://dblp.org/rec/journals/ki/FisherLKBGR22
https://dblp.org/pid/06/456,https://dblp.org/rec/journals/ki/UhrGPS97
https://dblp.org/pid/76/3237,https://dblp.org/rec/journals/ki/Turhan22
https://dblp.org/pid/k/HKleineBuning,https://dblp.org/rec/journals/ki/BuningLSHCS95
https://dblp.org/pid/76/3237,https://dblp.org/rec/journals/ki/Turhan19
https://dblp.org/pid/76/3237,https://dblp.org/rec/journals/ki/BaaderBKTT20
https://dblp.org/pid/50/146-4,https://dblp.org/rec/journals/ijcta/BergerHK15
https://dblp.org/pid/k/HKleineBuning,https://dblp.org/rec/journals/jsat/BubeckB12
https://dblp.org/pid/k/HKleineBuning,https://dblp.org/rec/journals/jsat/BuningZ07a
https://dblp.org/pid/k/HKleineBuning,https://dblp.org/rec/journals/jsat/BuningZ07
https://dblp.org/pid/s/ChristianScheideler,https://dblp.org/rec/journals/arobots/PadalkinKS25
https://dblp.org/pid/71/11054,https://dblp.org/rec/journals/ase/PohlmannH19
https://dblp.org/pid/94/5744,https://dblp.org/rec/journals/ase/SchubertGPBSHWB22
https://dblp.org/pid/94/5744,https://dblp.org/rec/journals/ase/KhedkarMB26
https://dblp.org/pid/94/5744,https://dblp.org/rec/journals/ase/KhedkarSAB26
https://dblp.org/pid/96/1876-1,https://dblp.org/rec/journals/ijrc/SchumacherSPP11
https://dblp.org/pid/76/5938,https://dblp.org/rec/journals/ijrc/SchumacherSPP11
https://dblp.org/pid/68/3728,https://dblp.org/rec/journals/ijrc/SchumacherSPP11
https://dblp.org/pid/76/5938,https://dblp.org/rec/journals/ijrc/KenterSP15
https://dblp.org/pid/76/5938,https://dblp.org/rec/journals/ijrc/GradP12
https://dblp.org/pid/68/3728,https://dblp.org/rec/journals/ijrc/AnwerMP20
https://dblp.org/pid/k/UweKastens,https://dblp.org/rec/journals/ijrc/DrzevitzkyKP10
https://dblp.org/pid/68/3728,https://dblp.org/rec/journals/ijrc/DrzevitzkyKP10
https://dblp.org/pid/26/4979,https://dblp.org/rec/journals/jds/KundischD08
https://dblp.org/pid/79/6049,https://dblp.org/rec/journals/cogsr/BuschmeierBKGBFGHKLLLRS25
https://dblp.org/pid/14/3197-1,https://dblp.org/rec/journals/cogsr/BeierlingRBTSWV24
https://dblp.org/pid/76/5938,https://dblp.org/rec/journals/entropy/LassKPB24
https://dblp.org/pid/s/MohammadSoleymani-2,https://dblp.org/rec/journals/entropy/SoleymaniSLS19
https://dblp.org/pid/76/5938,https://dblp.org/rec/journals/trets/MenzelPK22
https://dblp.org/pid/76/5938,https://dblp.org/rec/journals/trets/MeyerKP23
https://dblp.org/pid/76/5938,https://dblp.org/rec/journals/trets/AgneHLPP14
https://dblp.org/pid/68/3728,https://dblp.org/rec/journals/trets/AgneHLPP14
https://dblp.org/pid/76/5938,https://dblp.org/rec/journals/trets/RieblerLMLP17
https://dblp.org/pid/k/UweKastens,https://dblp.org/rec/journals/trets/PurnaprajnaPRHTK10
https://dblp.org/pid/76/5938,https://dblp.org/rec/journals/trets/HirtumCGKRLP24
https://dblp.org/pid/68/3728,https://dblp.org/rec/journals/trets/LienenP22
https://dblp.org/pid/68/3728,https://dblp.org/rec/journals/trets/LeongAABCDGHLLL17
https://dblp.org/pid/228/3129,https://dblp.org/rec/journals/nca/SilvaCSL20
https://dblp.org/pid/15/5253,https://dblp.org/rec/journals/anor/FahleS02
https://dblp.org/pid/15/5253,https://dblp.org/rec/journals/anor/FahleJK02
https://dblp.org/pid/15/5253,https://dblp.org/rec/journals/anor/SellmannF03
https://dblp.org/pid/09/3612-1,https://dblp.org/rec/journals/anor/SchulzeF99
https://dblp.org/pid/15/5253,https://dblp.org/rec/journals/anor/SchulzeF99
https://dblp.org/pid/15/5253,https://dblp.org/rec/journals/anor/SellmannZSF02
https://dblp.org/pid/50/146-4,https://dblp.org/rec/journals/scl/BergerD15
https://dblp.org/pid/50/146-4,https://dblp.org/rec/journals/scl/BergerIR26
https://dblp.org/pid/50/146-4,https://dblp.org/rec/journals/scl/BergerR15
https://dblp.org/pid/50/146-4,https://dblp.org/rec/journals/scl/Berger22
https://dblp.org/pid/50/146-4,https://dblp.org/rec/journals/scl/JaiswalBT22
https://dblp.org/pid/50/146-4,https://dblp.org/rec/journals/scl/BergerT14
https://dblp.org/pid/76/5938,https://dblp.org/rec/journals/cee/VazRKP16
https://dblp.org/pid/60/10319,https://dblp.org/rec/journals/cee/WiersemaBP16
https://dblp.org/pid/68/3728,https://dblp.org/rec/journals/cee/WiersemaBP16
https://dblp.org/pid/90/3409-4,https://dblp.org/rec/journals/sensors/WagnerKWSKRT11
https://dblp.org/pid/13/8970,https://dblp.org/rec/journals/sensors/SanchezLMC19
https://dblp.org/pid/25/7857,https://dblp.org/rec/journals/sensors/BatheltSDHT23
https://dblp.org/pid/13/8970,https://dblp.org/rec/journals/sensors/Sanchez-Guerrero12
https://dblp.org/pid/55/3839,https://dblp.org/rec/journals/sensors/JayasekaramudeliLSNI24
https://dblp.org/pid/38/1605,https://dblp.org/rec/journals/eccc/GharibianR21
https://dblp.org/pid/53/4856,https://dblp.org/rec/journals/eccc/BriestHK07
https://dblp.org/pid/h/FMaufderHeide,https://dblp.org/rec/journals/eccc/ECCC-TR95-063
https://dblp.org/pid/53/4856,https://dblp.org/rec/journals/eccc/Briest06
https://dblp.org/pid/38/1605,https://dblp.org/rec/journals/eccc/AldiGR25
https://dblp.org/pid/53/4856,https://dblp.org/rec/journals/eccc/BriestK06
https://dblp.org/pid/33/2110,https://dblp.org/rec/journals/eccc/AckermannBS11
https://dblp.org/pid/65/4336,https://dblp.org/rec/journals/biomedsem/HoehndorfNK10
https://dblp.org/pid/65/4336,https://dblp.org/rec/journals/biomedsem/HoehndorfNPOOR11
https://dblp.org/pid/65/4336,https://dblp.org/rec/journals/biomedsem/SaleemPNIADD14
https://dblp.org/pid/65/4336,https://dblp.org/rec/journals/peerjpre/KuhnCKQVGNVD16
https://dblp.org/pid/b/StBottcher,https://dblp.org/rec/journals/dbsk/BottcherT02
https://dblp.org/pid/65/4336,https://dblp.org/rec/journals/dbsk/AuerLNSU13
https://dblp.org/pid/06/456,https://dblp.org/rec/journals/dbsk/RowenstrunkPBMS15
https://dblp.org/pid/48/4209,https://dblp.org/rec/journals/ijkbo/RissM14
https://dblp.org/pid/d/GittaDomik,https://dblp.org/rec/journals/cgx/SantosDA21
https://dblp.org/pid/81/10647,https://dblp.org/rec/journals/zfbb/OevelB19
https://dblp.org/pid/119/5839,https://dblp.org/rec/journals/jossw/Bossek18
https://dblp.org/pid/119/5839,https://dblp.org/rec/journals/jossw/Bossek17
https://dblp.org/pid/04/5465-4,https://dblp.org/rec/journals/jossw/HeidWBHW20
https://dblp.org/pid/04/5465-4,https://dblp.org/rec/journals/jossw/WallscheidPSWBMCS23
https://dblp.org/pid/123/8761,https://dblp.org/rec/journals/dmtcs/CzerwinskiMRZZ17
https://dblp.org/pid/177/9340,https://dblp.org/rec/journals/apal/HaakV19
https://dblp.org/pid/177/9340,https://dblp.org/rec/journals/apal/HaakMMV22
https://dblp.org/pid/65/4336,https://dblp.org/rec/journals/peerj-cs/KuhnCKQVGNVD16
https://dblp.org/pid/s/MohammadSoleymani-2,https://dblp.org/rec/journals/tcom/SoleymaniLSS19
https://dblp.org/pid/s/MohammadSoleymani-2,https://dblp.org/rec/journals/tcom/SoleymaniSJSH25
https://dblp.org/pid/88/6542,https://dblp.org/rec/journals/tcom/Haeb92
https://dblp.org/pid/s/MohammadSoleymani-2,https://dblp.org/rec/journals/tcom/SoleymaniLSS19a
https://dblp.org/pid/88/6542,https://dblp.org/rec/journals/tcom/HaebM89
https://dblp.org/pid/90/4912,https://dblp.org/rec/journals/jim/GausemeierG98
https://dblp.org/pid/70/4639,https://dblp.org/rec/journals/ijstm/BleckenHDS09
https://dblp.org/pid/138/8052,https://dblp.org/rec/journals/jco/AbshoffKMHP16
https://dblp.org/pid/h/FMaufderHeide,https://dblp.org/rec/journals/jco/AbshoffKMHP16
https://dblp.org/pid/70/7642-1,https://dblp.org/rec/journals/jco/AbshoffKMHP16
https://dblp.org/pid/138/7323,https://dblp.org/rec/journals/jco/MackerMHR18
https://dblp.org/pid/h/FMaufderHeide,https://dblp.org/rec/journals/jco/MackerMHR18
https://dblp.org/pid/h/FMaufderHeide,https://dblp.org/rec/journals/jco/KonigMHR18
https://dblp.org/pid/43/6309-1,https://dblp.org/rec/journals/jeim/JaakonmakiSMB18
https://dblp.org/pid/80/3639-9,https://dblp.org/rec/journals/tvlsi/AwaisMP25
https://dblp.org/pid/62/6023-2,https://dblp.org/rec/journals/tvlsi/AwaisMP25
https://dblp.org/pid/68/3728,https://dblp.org/rec/journals/tvlsi/AwaisMP25
https://dblp.org/pid/60/10319,https://dblp.org/rec/journals/tvlsi/WitschenWP20
https://dblp.org/pid/68/3728,https://dblp.org/rec/journals/tvlsi/WitschenWP20
https://dblp.org/pid/m/WMuller3,https://dblp.org/rec/journals/tvlsi/SadiyeIMS26
https://dblp.org/pid/77/949,https://dblp.org/rec/journals/tvlsi/SadiyeIMS26
https://dblp.org/pid/k/MKoester,https://dblp.org/rec/journals/tvlsi/KoesterLHPR11
https://dblp.org/pid/68/3728,https://dblp.org/rec/journals/tvlsi/MencerPMF01
https://dblp.org/pid/138/4956,https://dblp.org/rec/journals/jitech/WolfTWT24
https://dblp.org/pid/e/GregorEngels,https://dblp.org/rec/journals/dagstuhl-reports/BeckerEFFF19
https://dblp.org/pid/s/ChristianScheideler,https://dblp.org/rec/journals/dagstuhl-reports/FeketeRRS16
https://dblp.org/pid/38/1605,https://dblp.org/rec/journals/dagstuhl-reports/FeffermanGST21
https://dblp.org/pid/31/5809,https://dblp.org/rec/journals/dagstuhl-reports/Cleland-HuangRM15
https://dblp.org/pid/34/2589,https://dblp.org/rec/journals/dagstuhl-reports/HoosNT16
https://dblp.org/pid/k/HKleineBuning,https://dblp.org/rec/journals/dagstuhl-reports/AdarichevaIBT14
https://dblp.org/pid/s/ChristianScheideler,https://dblp.org/rec/journals/dagstuhl-reports/BermanFPS18
https://dblp.org/pid/94/5744,https://dblp.org/rec/journals/dagstuhl-reports/BoddenWW23
https://dblp.org/pid/174/1998,https://dblp.org/rec/journals/darts/KrugerSABM18
https://dblp.org/pid/94/5744,https://dblp.org/rec/journals/darts/KrugerSABM18
https://dblp.org/pid/94/5744,https://dblp.org/rec/journals/darts/SchottPFKB24
https://dblp.org/pid/69/3369-1,https://dblp.org/rec/journals/darts/X24
https://dblp.org/pid/174/1998,https://dblp.org/rec/journals/darts/SpathDAB16
https://dblp.org/pid/94/5744,https://dblp.org/rec/journals/darts/SpathDAB16
https://dblp.org/pid/13/8970,https://dblp.org/rec/journals/jnsm/CabarcosMLSG12
https://dblp.org/pid/65/4336,https://dblp.org/rec/journals/ws/SpeckN19
https://dblp.org/pid/65/4336,https://dblp.org/rec/journals/ws/ShekarpourMNA15
https://dblp.org/pid/65/4336,https://dblp.org/rec/journals/ws/GerberELBUNS15
https://dblp.org/pid/65/4336,https://dblp.org/rec/journals/ws/SaleemKISDN14
https://dblp.org/pid/65/4336,https://dblp.org/rec/journals/ws/RulaPRNLME19
https://dblp.org/pid/65/4336,https://dblp.org/rec/journals/ws/0002HN18
https://dblp.org/pid/168/1542,https://dblp.org/rec/journals/ws/MoussallemWN18
https://dblp.org/pid/65/4336,https://dblp.org/rec/journals/ws/MoussallemWN18
https://dblp.org/pid/43/6309-1,https://dblp.org/rec/journals/ce/SommerauerM14
https://dblp.org/pid/76/3237,https://dblp.org/rec/journals/jaise/SpringerT09
https://dblp.org/pid/55/3839,https://dblp.org/rec/journals/tac/NourianLD14
https://dblp.org/pid/50/146-4,https://dblp.org/rec/journals/tac/Berger17
https://dblp.org/pid/50/146-4,https://dblp.org/rec/journals/tac/Berger21
https://dblp.org/pid/81/3518,https://dblp.org/rec/journals/tac/LimebeerOF20
https://dblp.org/pid/81/3518,https://dblp.org/rec/journals/tac/StellatoOG17
https://dblp.org/pid/55/3839,https://dblp.org/rec/journals/tac/DingRLQS21
https://dblp.org/pid/55/3839,https://dblp.org/rec/journals/tac/LeongQ16
https://dblp.org/pid/55/3839,https://dblp.org/rec/journals/tac/LeongQDD19
https://dblp.org/pid/55/3839,https://dblp.org/rec/journals/tac/LeongWN21
https://dblp.org/pid/55/3839,https://dblp.org/rec/journals/tac/LeongQAJ16
https://dblp.org/pid/50/146-4,https://dblp.org/rec/journals/tac/BergerR18
https://dblp.org/pid/50/146-4,https://dblp.org/rec/journals/tac/Berger19
https://dblp.org/pid/50/146-4,https://dblp.org/rec/journals/tac/BergerB26
https://dblp.org/pid/81/3518,https://dblp.org/rec/journals/tac/LimebeerFO23
https://dblp.org/pid/55/3839,https://dblp.org/rec/journals/tac/DemirelLGQ19
https://dblp.org/pid/55/3839,https://dblp.org/rec/journals/tac/LeongQL23
https://dblp.org/pid/55/3839,https://dblp.org/rec/journals/tac/LeongDQ17
https://dblp.org/pid/50/146-4,https://dblp.org/rec/journals/tac/Berger24
https://dblp.org/pid/81/7126,https://dblp.org/rec/journals/sigbed/GroesbrinkASP13
https://dblp.org/pid/81/7126,https://dblp.org/rec/journals/sigbed/GroesbrinkOB13
https://dblp.org/pid/43/917,https://dblp.org/rec/journals/sigbed/GroesbrinkOB13
https://dblp.org/pid/315/0981-2,https://dblp.org/rec/journals/bise/BeverungenBBCAB21
https://dblp.org/pid/26/4979,https://dblp.org/rec/journals/bise/LeimeisterSMKFR21
https://dblp.org/pid/34/2589,https://dblp.org/rec/journals/bise/CarneinT19
https://dblp.org/pid/26/4979,https://dblp.org/rec/journals/bise/KarlKHW20
https://dblp.org/pid/h/FMaufderHeide,https://dblp.org/rec/journals/bise/KarlKHW20
https://dblp.org/pid/26/4979,https://dblp.org/rec/journals/bise/StreckerKLLS18
https://dblp.org/pid/26/4979,https://dblp.org/rec/journals/bise/EymannKRBGGKMR14
https://dblp.org/pid/26/4979,https://dblp.org/rec/journals/bise/HanKWZ15
https://dblp.org/pid/26/4979,https://dblp.org/rec/journals/bise/KundischMORRSS22
https://dblp.org/pid/43/6309-1,https://dblp.org/rec/journals/bise/DebortoliMB14
https://dblp.org/pid/26/4979,https://dblp.org/rec/journals/bise/MeierKW17
https://dblp.org/pid/26/4979,https://dblp.org/rec/journals/bise/EymannKWLSW14
https://dblp.org/pid/26/4979,https://dblp.org/rec/journals/bise/TrierKBMSMT23
https://dblp.org/pid/43/6309-1,https://dblp.org/rec/journals/bise/TrierKBMSMT23
https://dblp.org/pid/138/4956,https://dblp.org/rec/journals/bise/TrierKBMSMT23
https://dblp.org/pid/43/6309-1,https://dblp.org/rec/journals/bise/GorbachevaSSM16
https://dblp.org/pid/26/4979,https://dblp.org/rec/journals/bise/StummerKD18
https://dblp.org/pid/43/6309-1,https://dblp.org/rec/journals/bise/HeimbachABKJLMMP26
https://dblp.org/pid/26/4979,https://dblp.org/rec/journals/bise/VeitCBBHKLLS14
https://dblp.org/pid/315/0981-2,https://dblp.org/rec/journals/bise/BeverungenLW18
https://dblp.org/pid/26/4979,https://dblp.org/rec/journals/bise/KundischR17
https://dblp.org/pid/55/3839,https://dblp.org/rec/journals/inffus/TranGKALZ23
https://dblp.org/pid/k/HKleineBuning,https://dblp.org/rec/journals/actaC/Buning83
https://dblp.org/pid/50/146-4,https://dblp.org/rec/journals/cssp/BergerKL19
https://dblp.org/pid/07/2093-1,https://dblp.org/rec/journals/sqj/GuldaliFSE11
https://dblp.org/pid/e/GregorEngels,https://dblp.org/rec/journals/sqj/GuldaliFSE11
https://dblp.org/pid/62/782,https://dblp.org/rec/journals/eaai/KlopperAA12
https://dblp.org/pid/14/3197-1,https://dblp.org/rec/journals/csedu/SchulteMNS03
https://dblp.org/pid/48/4209,https://dblp.org/rec/journals/csedu/SchulteMNS03
https://dblp.org/pid/31/5809,https://dblp.org/rec/journals/csedu/SchulteMNS03
https://dblp.org/pid/14/3197-1,https://dblp.org/rec/journals/csedu/SchulteS12
https://dblp.org/pid/65/4336,https://dblp.org/rec/journals/jmlr/DemirBKSHBBBN25
https://dblp.org/pid/48/4209,https://dblp.org/rec/journals/eait/MagenheimS06
https://dblp.org/pid/14/3197-1,https://dblp.org/rec/journals/eait/MagenheimS06
https://dblp.org/pid/h/FMaufderHeide,https://dblp.org/rec/journals/join/HsuMHHLH11
https://dblp.org/pid/43/6309-1,https://dblp.org/rec/journals/tmis/KucklickM23
https://dblp.org/pid/33/2110,https://dblp.org/rec/journals/siaga/BlomerK18
https://dblp.org/pid/88/6542,https://dblp.org/rec/journals/spm/PlingeJHF16
https://dblp.org/pid/88/6542,https://dblp.org/rec/journals/spm/Haeb-UmbachWNBH19
https://dblp.org/pid/88/6542,https://dblp.org/rec/journals/spm/HebUmbachNDBO24
https://dblp.org/pid/k/HKleineBuning,https://dblp.org/rec/journals/fuin/Buning80
https://dblp.org/pid/e/GregorEngels,https://dblp.org/rec/journals/fuin/EngelsOP06
https://dblp.org/pid/26/4979,https://dblp.org/rec/journals/cais/SzopinskiMJKT22
https://dblp.org/pid/43/6309-1,https://dblp.org/rec/journals/cais/DebortoliMJB16
https://dblp.org/pid/43/6309-1,https://dblp.org/rec/journals/cais/BrockeDMR14
https://dblp.org/pid/138/4956,https://dblp.org/rec/journals/cais/SchutzGWMT26
https://dblp.org/pid/138/4856,https://dblp.org/rec/journals/sigweb/Yigitbas20
https://dblp.org/pid/81/3518,https://dblp.org/rec/journals/mp/RingkampOL17
https://dblp.org/pid/92/6400,https://dblp.org/rec/journals/systems/GraesslerG24
https://dblp.org/pid/92/6400,https://dblp.org/rec/journals/systems/GrasslerWKSM23
https://dblp.org/pid/06/729-1,https://dblp.org/rec/journals/imwut/HintzeFSFMK0M19
https://dblp.org/pid/h/FMaufderHeide,https://dblp.org/rec/journals/jda/JuurlinkKHR03
https://dblp.org/pid/h/FMaufderHeide,https://dblp.org/rec/journals/jda/BienkowskiBKH09
https://dblp.org/pid/m/BurkhardMonien,https://dblp.org/rec/journals/jda/MonienP06
https://dblp.org/pid/m/BurkhardMonien,https://dblp.org/rec/journals/jda/BleischwitzM09
https://dblp.org/pid/43/917,https://dblp.org/rec/journals/pik/SchomakerO13
https://dblp.org/pid/13/8970,https://dblp.org/rec/journals/itpro/CabarcosLPAS16
https://dblp.org/pid/i/TobiasIsenberg2,https://dblp.org/rec/journals/todaes/IsenbergPWW17
https://dblp.org/pid/68/3728,https://dblp.org/rec/journals/todaes/IsenbergPWW17
https://dblp.org/pid/60/10319,https://dblp.org/rec/journals/todaes/IsenbergPWW17
https://dblp.org/pid/e/GregorEngels,https://dblp.org/rec/journals/software/CombemaleKMAABB21
https://dblp.org/pid/s/MohammadSoleymani-2,https://dblp.org/rec/journals/spl/SantamariaSJG23
https://dblp.org/pid/203/2506,https://dblp.org/rec/journals/spl/DamerTBK17
https://dblp.org/pid/55/3839,https://dblp.org/rec/journals/spl/LeongZS22
https://dblp.org/pid/s/GeorgSchneider5,https://dblp.org/rec/journals/eor/LofflerP012
https://dblp.org/pid/43/6309-1,https://dblp.org/rec/journals/eor/MullerSW17
https://dblp.org/pid/38/2606-2,https://dblp.org/rec/journals/eor/WolfFKS14
https://dblp.org/pid/38/2606-2,https://dblp.org/rec/journals/eor/WolfK13
https://dblp.org/pid/e/GregorEngels,https://dblp.org/rec/journals/jid/EngelsKG02
https://dblp.org/pid/70/4639,https://dblp.org/rec/journals/cas/FrankeD04
https://dblp.org/pid/43/6309-1,https://dblp.org/rec/journals/wi/BeverungenKM08
https://dblp.org/pid/k/ReinhardKeilSlawik,https://dblp.org/rec/journals/wi/HampelKNS01
https://dblp.org/pid/53/3909,https://dblp.org/rec/journals/wi/HampelKNS01
https://dblp.org/pid/90/4912,https://dblp.org/rec/journals/wi/GausemeierL96
https://dblp.org/pid/26/4979,https://dblp.org/rec/journals/wi/EymannKRBGGKMR14
https://dblp.org/pid/43/6309-1,https://dblp.org/rec/journals/wi/DebortoliMB14
https://dblp.org/pid/26/4979,https://dblp.org/rec/journals/wi/EymannKWLSW14
https://dblp.org/pid/70/4639,https://dblp.org/rec/journals/wi/VitielloD96
https://dblp.org/pid/26/4979,https://dblp.org/rec/journals/wi/KundischDEP01
https://dblp.org/pid/17/3654,https://dblp.org/rec/journals/wi/KamnengBSN07
https://dblp.org/pid/26/4979,https://dblp.org/rec/journals/wi/VeitCBBHKLLS14
https://dblp.org/pid/k/ReinhardKeilSlawik,https://dblp.org/rec/journals/wi/BrenneckeEKS97
https://dblp.org/pid/53/3909,https://dblp.org/rec/journals/wi/BrenneckeEKS97
https://dblp.org/pid/26/4979,https://dblp.org/rec/journals/wi/HeinrichK07
https://dblp.org/pid/26/4979,https://dblp.org/rec/journals/wi/BuhlK03
https://dblp.org/pid/b/StBottcher,https://dblp.org/rec/journals/ijesma/ObermeierB11
https://dblp.org/pid/m/BurkhardMonien,https://dblp.org/rec/journals/ijfcs/MonienDL97
https://dblp.org/pid/203/2506,https://dblp.org/rec/journals/pr/BoraTVRR26
https://dblp.org/pid/i/TobiasIsenberg2,https://dblp.org/rec/journals/tecs/Isenberg17
https://dblp.org/pid/68/3728,https://dblp.org/rec/journals/tecs/LubbersP09
https://dblp.org/pid/76/3237,https://dblp.org/rec/journals/japll/BaaderST07
https://dblp.org/pid/123/8761,https://dblp.org/rec/journals/japll/CoumansGR14
https://dblp.org/pid/76/3237,https://dblp.org/rec/journals/japll/EckePT15
https://dblp.org/pid/77/949,https://dblp.org/rec/journals/jssc/ScheyttHL99
https://dblp.org/pid/77/949,https://dblp.org/rec/journals/jssc/OsmanyHS10
https://dblp.org/pid/77/949,https://dblp.org/rec/journals/jssc/ElkhoulyMMSE14
https://dblp.org/pid/77/949,https://dblp.org/rec/journals/jssc/KnochenhauerSE11
https://dblp.org/pid/77/949,https://dblp.org/rec/journals/jssc/AwnyMJST14
https://dblp.org/pid/77/949,https://dblp.org/rec/journals/jssc/SchmalzWBDHS10
https://dblp.org/pid/77/949,https://dblp.org/rec/journals/jssc/WangGBWS08
https://dblp.org/pid/134/7582,https://dblp.org/rec/journals/ercim/BoydDGRT16
https://dblp.org/pid/65/4336,https://dblp.org/rec/journals/ercim/NgomoGF16
https://dblp.org/pid/269/9773,https://dblp.org/rec/journals/ercim/JhaEH20
https://dblp.org/pid/13/8970,https://dblp.org/rec/journals/popets/CabarcosKS23
https://dblp.org/pid/94/5744,https://dblp.org/rec/journals/popets/0011FKB20
https://dblp.org/pid/132/9687,https://dblp.org/rec/journals/popets/HorstmannDGTAMN24
https://dblp.org/pid/65/4336,https://dblp.org/rec/journals/ijsc/MarxSSANB13
https://dblp.org/pid/62/6023-2,https://dblp.org/rec/journals/jetc/MohammadiGZMSR16
https://dblp.org/pid/70/4639,https://dblp.org/rec/journals/icae/FrankeD03
https://dblp.org/pid/138/8052,https://dblp.org/rec/journals/sncs/MarkarianKY22
https://dblp.org/pid/81/3518,https://dblp.org/rec/journals/jcphy/Ober-BlobaumTCOM13
https://dblp.org/pid/r/FranzJosefRammig,https://dblp.org/rec/journals/ijes/JoyR17
https://dblp.org/pid/k/MKoester,https://dblp.org/rec/journals/ijes/KalteKKPR05
https://dblp.org/pid/18/2890,https://dblp.org/rec/journals/insk/Campen10
https://dblp.org/pid/h/FMaufderHeide,https://dblp.org/rec/journals/insk/Heide90
https://dblp.org/pid/e/GregorEngels,https://dblp.org/rec/journals/insk/EngelsSS08
https://dblp.org/pid/07/2093-1,https://dblp.org/rec/journals/insk/EngelsSS08
https://dblp.org/pid/50/6546,https://dblp.org/rec/journals/insk/EngelsSS08
https://dblp.org/pid/76/5938,https://dblp.org/rec/journals/insk/PlesslPS15
https://dblp.org/pid/68/3728,https://dblp.org/rec/journals/insk/PlesslPS15
https://dblp.org/pid/e/GregorEngels,https://dblp.org/rec/journals/insk/BodeBDE08
https://dblp.org/pid/33/2110,https://dblp.org/rec/journals/insk/Blomer12
https://dblp.org/pid/r/FranzJosefRammig,https://dblp.org/rec/journals/insk/RammigS92
https://dblp.org/pid/e/GregorEngels,https://dblp.org/rec/journals/insk/EngelsV08
https://dblp.org/pid/68/3728,https://dblp.org/rec/journals/insk/PlatznerP19
https://dblp.org/pid/76/5938,https://dblp.org/rec/journals/insk/PlatznerP19
https://dblp.org/pid/e/GregorEngels,https://dblp.org/rec/journals/insk/EngelsGGRR09
https://dblp.org/pid/26/4979,https://dblp.org/rec/journals/insk/KundischMBHRZ13
https://dblp.org/pid/48/4209,https://dblp.org/rec/journals/insk/KundischMBHRZ13
https://dblp.org/pid/95/4985-1,https://dblp.org/rec/journals/insk/KundischMBHRZ13
https://dblp.org/pid/118/8181,https://dblp.org/rec/journals/insk/KundischMBHRZ13
https://dblp.org/pid/h/FMaufderHeide,https://dblp.org/rec/journals/insk/HeideS10
https://dblp.org/pid/s/ChristianScheideler,https://dblp.org/rec/journals/insk/HeideS10
https://dblp.org/pid/86/4463-2,https://dblp.org/rec/journals/ijhis/BaumannB14
https://dblp.org/pid/k/HKleineBuning,https://dblp.org/rec/journals/ijhis/BaumannB14
https://dblp.org/pid/68/3728,https://dblp.org/rec/journals/ijhis/HoKP20
https://dblp.org/pid/k/HKleineBuning,https://dblp.org/rec/journals/mlq/Buning82
https://dblp.org/pid/k/HKleineBuning,https://dblp.org/rec/journals/mlq/Buning83
https://dblp.org/pid/k/HKleineBuning,https://dblp.org/rec/journals/mlq/BorgerB80
https://dblp.org/pid/k/HKleineBuning,https://dblp.org/rec/journals/mlq/BuningL88
https://dblp.org/pid/17/2025,https://dblp.org/rec/journals/mlq/BuningL88
https://dblp.org/pid/53/4856,https://dblp.org/rec/journals/jet/BriestCKW15
https://dblp.org/pid/164/2698,https://dblp.org/rec/journals/bmcbi/NguyenDN26
https://dblp.org/pid/65/4336,https://dblp.org/rec/journals/bmcbi/TsatsaronisBMPZ15
https://dblp.org/pid/77/949,https://dblp.org/rec/journals/access/KressSRS24
https://dblp.org/pid/04/5465-4,https://dblp.org/rec/journals/access/WeberSW23
https://dblp.org/pid/77/949,https://dblp.org/rec/journals/access/SchwabeKSKS25
https://dblp.org/pid/80/3639-9,https://dblp.org/rec/journals/access/AwaisAAAAS23
https://dblp.org/pid/138/8052,https://dblp.org/rec/journals/access/MarkarianFY24
https://dblp.org/pid/80/3639-9,https://dblp.org/rec/journals/access/MemonWARRSA23
https://dblp.org/pid/138/8052,https://dblp.org/rec/journals/access/Markarian24
https://dblp.org/pid/04/5465-4,https://dblp.org/rec/journals/access/WeberHBLHW21
https://dblp.org/pid/65/4336,https://dblp.org/rec/journals/access/MehmoodSSNd19
https://dblp.org/pid/168/1542,https://dblp.org/rec/journals/access/AliSZSMN25
https://dblp.org/pid/65/4336,https://dblp.org/rec/journals/access/AliSZSMN25
https://dblp.org/pid/13/8970,https://dblp.org/rec/journals/access/Aguilar-Igartua20
https://dblp.org/pid/138/8052,https://dblp.org/rec/journals/access/Markarian25
https://dblp.org/pid/145/1160,https://dblp.org/rec/journals/access/AhmedSN23
https://dblp.org/pid/65/4336,https://dblp.org/rec/journals/access/AhmedSN23
https://dblp.org/pid/138/8052,https://dblp.org/rec/journals/access/RazaullaFMGMFA23
https://dblp.org/pid/138/8052,https://dblp.org/rec/journals/access/MarkarianFKPK25
https://dblp.org/pid/s/MohammadSoleymani-2,https://dblp.org/rec/journals/access/SoleymaniSJ23
https://dblp.org/pid/68/3728,https://dblp.org/rec/journals/access/JakobsPPWW21
https://dblp.org/pid/60/10319,https://dblp.org/rec/journals/access/JakobsPPWW21
https://dblp.org/pid/s/MohammadSoleymani-2,https://dblp.org/rec/journals/access/SoleymaniSS21
https://dblp.org/pid/68/3728,https://dblp.org/rec/journals/access/GhribiAKLAP18
https://dblp.org/pid/203/2506,https://dblp.org/rec/journals/access/TerhorstRDRBKSK20
https://dblp.org/pid/43/6309-1,https://dblp.org/rec/journals/access/MeyerGKM25
https://dblp.org/pid/04/5465-4,https://dblp.org/rec/journals/access/WeberSLSW26
https://dblp.org/pid/138/8052,https://dblp.org/rec/journals/access/Markarian26
https://dblp.org/pid/145/1160,https://dblp.org/rec/journals/access/ZaheraJSN21
https://dblp.org/pid/65/4336,https://dblp.org/rec/journals/access/ZaheraJSN21
https://dblp.org/pid/203/2506,https://dblp.org/rec/journals/ijon/BoraTVRR26
https://dblp.org/pid/08/8419,https://dblp.org/rec/journals/ijon/ShakerH15
https://dblp.org/pid/228/3129,https://dblp.org/rec/journals/ijon/Leite26
https://dblp.org/pid/18/2890,https://dblp.org/rec/journals/tog/ShenZCPCZ22
https://dblp.org/pid/18/2890,https://dblp.org/rec/journals/tog/CampenSZZ20
https://dblp.org/pid/18/2890,https://dblp.org/rec/journals/tog/EbkeCBK14
https://dblp.org/pid/18/2890,https://dblp.org/rec/journals/tog/CampenK14
https://dblp.org/pid/18/2890,https://dblp.org/rec/journals/tog/PietroniCSCBGSLRL23
https://dblp.org/pid/18/2890,https://dblp.org/rec/journals/tog/KhanteimouriC23
https://dblp.org/pid/18/2890,https://dblp.org/rec/journals/tog/CampenZ17
https://dblp.org/pid/18/2890,https://dblp.org/rec/journals/tog/LyonCBK19
https://dblp.org/pid/18/2890,https://dblp.org/rec/journals/tog/BommesCEAK13
https://dblp.org/pid/18/2890,https://dblp.org/rec/journals/tog/BrucklerBC22
https://dblp.org/pid/18/2890,https://dblp.org/rec/journals/tog/CampenBK15
https://dblp.org/pid/18/2890,https://dblp.org/rec/journals/tog/HinderinkBC24
https://dblp.org/pid/18/2890,https://dblp.org/rec/journals/tog/MandadC20
https://dblp.org/pid/18/2890,https://dblp.org/rec/journals/tog/Zorin16
https://dblp.org/pid/18/2890,https://dblp.org/rec/journals/tog/EbkeBCK13
https://dblp.org/pid/18/2890,https://dblp.org/rec/journals/tog/NigolianCB24
https://dblp.org/pid/18/2890,https://dblp.org/rec/journals/tog/NigolianCB23
https://dblp.org/pid/18/2890,https://dblp.org/rec/journals/tog/SchmidtCBK20
https://dblp.org/pid/18/2890,https://dblp.org/rec/journals/tog/EbkeSCK16
https://dblp.org/pid/18/2890,https://dblp.org/rec/journals/tog/HinderinkC23
https://dblp.org/pid/18/2890,https://dblp.org/rec/journals/tog/CampenCSZPZ21
https://dblp.org/pid/18/2890,https://dblp.org/rec/journals/tog/BrucklerC23
https://dblp.org/pid/18/2890,https://dblp.org/rec/journals/tog/MandadC21
https://dblp.org/pid/18/2890,https://dblp.org/rec/journals/tog/SchmidtBCK19
https://dblp.org/pid/18/2890,https://dblp.org/rec/journals/tog/CampenBK12
https://dblp.org/pid/68/3728,https://dblp.org/rec/journals/tetc/DeMaraPO17
https://dblp.org/pid/17/2025,https://dblp.org/rec/journals/tcci/LettmannBEK11
https://dblp.org/pid/86/4463-2,https://dblp.org/rec/journals/tcci/LettmannBEK11
https://dblp.org/pid/70/4639,https://dblp.org/rec/journals/jos/KlaasLRD16
https://dblp.org/pid/s/GeorgSchneider5,https://dblp.org/rec/journals/isj/KochS02
https://dblp.org/pid/315/0981-2,https://dblp.org/rec/journals/isj/BartelheimerWB23
https://dblp.org/pid/81/3518,https://dblp.org/rec/journals/jcam/WembeOMOS26
https://dblp.org/pid/81/3518,https://dblp.org/rec/journals/jcam/Ober-BlobaumO23
https://dblp.org/pid/43/6309-1,https://dblp.org/rec/journals/tem/BeckerBKMMP13
https://dblp.org/pid/39/1215-1,https://dblp.org/rec/journals/concurrency/SudhakarZR16
https://dblp.org/pid/r/FranzJosefRammig,https://dblp.org/rec/journals/concurrency/SudhakarZR16
https://dblp.org/pid/76/5938,https://dblp.org/rec/journals/concurrency/AlhaddadFGGGHKP22
https://dblp.org/pid/76/5938,https://dblp.org/rec/journals/concurrency/PlesslCC17
https://dblp.org/pid/m/BurkhardMonien,https://dblp.org/rec/journals/concurrency/XuLLML95
https://dblp.org/pid/e/GregorEngels,https://dblp.org/rec/journals/concurrency/BrusekeWEB14
https://dblp.org/pid/r/FranzJosefRammig,https://dblp.org/rec/journals/concurrency/RammigS16
https://dblp.org/pid/m/BurkhardMonien,https://dblp.org/rec/journals/concurrency/DiekmannMM98
https://dblp.org/pid/04/9921,https://dblp.org/rec/journals/ieicet/Al-BermaniWHPRN11
https://dblp.org/pid/48/8997,https://dblp.org/rec/journals/topc/EikelS15
https://dblp.org/pid/s/ChristianScheideler,https://dblp.org/rec/journals/topc/EikelS15
https://dblp.org/pid/h/FMaufderHeide,https://dblp.org/rec/journals/topc/FeldkordH19
https://dblp.org/pid/h/FMaufderHeide,https://dblp.org/rec/journals/topc/HeideSS16
https://dblp.org/pid/70/7642-1,https://dblp.org/rec/journals/topc/Kling015
https://dblp.org/pid/68/7642,https://dblp.org/rec/journals/topc/DegenerKKH15
https://dblp.org/pid/h/FMaufderHeide,https://dblp.org/rec/journals/topc/DegenerKKH15
https://dblp.org/pid/13/8970,https://dblp.org/rec/journals/comsur/SanchezLMCS19
https://dblp.org/pid/34/2589,https://dblp.org/rec/journals/tec/RodriguezFernandezSHKTS25
https://dblp.org/pid/68/3728,https://dblp.org/rec/journals/tec/KaufmannGGPTS13
https://dblp.org/pid/34/2589,https://dblp.org/rec/journals/tec/PragerT25
https://dblp.org/pid/34/2589,https://dblp.org/rec/journals/tec/WagnerT10
https://dblp.org/pid/76/5938,https://dblp.org/rec/journals/computation/RengarajJBPMWK23
https://dblp.org/pid/169/3113,https://dblp.org/rec/journals/computation/RengarajJBPMWK23
https://dblp.org/pid/76/5938,https://dblp.org/rec/journals/computation/RengarajLPK20
https://dblp.org/pid/169/3113,https://dblp.org/rec/journals/computation/RengarajLPK20
https://dblp.org/pid/81/3518,https://dblp.org/rec/journals/adcm/WengerOL17
https://dblp.org/pid/81/3518,https://dblp.org/rec/journals/adcm/Ober-BlobaumS15
https://dblp.org/pid/68/3728,https://dblp.org/rec/journals/ijaras/KaufmannGPT12
https://dblp.org/pid/k/HKleineBuning,https://dblp.org/rec/journals/ai/BubeckB15
https://dblp.org/pid/94/5744,https://dblp.org/rec/journals/compsec/OthmaneRFBB15
https://dblp.org/pid/13/8970,https://dblp.org/rec/journals/compsec/RoblesGonzalezCP23
https://dblp.org/pid/138/4956,https://dblp.org/rec/journals/compsec/TrangN21
https://dblp.org/pid/138/4956,https://dblp.org/rec/journals/compsec/HengstlerKMNT23
https://dblp.org/pid/138/4956,https://dblp.org/rec/journals/compsec/MasuchGTK22
https://dblp.org/pid/228/3129,https://dblp.org/rec/journals/tfs/GarciaLS20
https://dblp.org/pid/228/3129,https://dblp.org/rec/journals/tfs/LeiteASG20
https://dblp.org/pid/228/3129,https://dblp.org/rec/journals/tfs/LeitePCG15
https://dblp.org/pid/34/34-2,https://dblp.org/rec/journals/jsa/HubnerMV92
https://dblp.org/pid/r/FranzJosefRammig,https://dblp.org/rec/journals/jsa/RammigSV88
https://dblp.org/pid/34/34-2,https://dblp.org/rec/journals/jsa/VierhausMGC93
https://dblp.org/pid/p/PPfahler,https://dblp.org/rec/journals/jsa/PfahlerNRK93
https://dblp.org/pid/r/FranzJosefRammig,https://dblp.org/rec/journals/jsa/PfahlerNRK93
https://dblp.org/pid/k/UweKastens,https://dblp.org/rec/journals/jsa/PfahlerNRK93
https://dblp.org/pid/p/PPfahler,https://dblp.org/rec/journals/jsa/Pfahler87
https://dblp.org/pid/b/StBottcher,https://dblp.org/rec/journals/jsa/BottcherB89
https://dblp.org/pid/138/4956,https://dblp.org/rec/journals/isr/TrangKTW25
https://dblp.org/pid/26/4979,https://dblp.org/rec/journals/isr/KundischMN14
https://dblp.org/pid/26/4979,https://dblp.org/rec/journals/isr/ZimmermannHKN18
https://dblp.org/pid/40/8619-1,https://dblp.org/rec/journals/amc/StevicW09
https://dblp.org/pid/15/5253,https://dblp.org/rec/journals/jea/FahleT06
https://dblp.org/pid/88/6542,https://dblp.org/rec/journals/jsac/HaebL92
https://dblp.org/pid/17/6729-15,https://dblp.org/rec/journals/jsac/PuJCWXX18
https://dblp.org/pid/17/6729-15,https://dblp.org/rec/journals/jsac/ZhouZWHAVWWL16
https://dblp.org/pid/17/6729-15,https://dblp.org/rec/journals/jsac/WangZAVZHLL14
https://dblp.org/pid/50/146-4,https://dblp.org/rec/journals/siamco/BergerDIW22
https://dblp.org/pid/50/146-4,https://dblp.org/rec/journals/siamco/BergerR17
https://dblp.org/pid/50/146-4,https://dblp.org/rec/journals/siamco/Berger21
https://dblp.org/pid/50/146-4,https://dblp.org/rec/journals/siamco/JaiswalBT25
https://dblp.org/pid/50/146-4,https://dblp.org/rec/journals/siamco/BergerDLW24
https://dblp.org/pid/168/1542,https://dblp.org/rec/journals/is/OliveiraFSGML21
https://dblp.org/pid/e/GregorEngels,https://dblp.org/rec/journals/is/HohensteinE92
https://dblp.org/pid/43/6309-1,https://dblp.org/rec/journals/is/SkolikKBM26
https://dblp.org/pid/b/StBottcher,https://dblp.org/rec/journals/is/BottcherHW16
https://dblp.org/pid/48/5080,https://dblp.org/rec/journals/is/BottcherHW16
https://dblp.org/pid/e/GregorEngels,https://dblp.org/rec/journals/is/CarmonaEKR19
https://dblp.org/pid/00/2717,https://dblp.org/rec/journals/rts/StichlingEKK06
https://dblp.org/pid/17/5476,https://dblp.org/rec/journals/rts/StichlingEKK06
https://dblp.org/pid/17/6729-15,https://dblp.org/rec/journals/rts/NigadeBBW24
https://dblp.org/pid/90/4912,https://dblp.org/rec/journals/aei/ShenGBR05
https://dblp.org/pid/31/5809,https://dblp.org/rec/journals/ijseke/PeuschelSW92
https://dblp.org/pid/e/GregorEngels,https://dblp.org/rec/journals/ijseke/EngelsS04
https://dblp.org/pid/07/2093-1,https://dblp.org/rec/journals/ijseke/EngelsS04
https://dblp.org/pid/e/GregorEngels,https://dblp.org/rec/journals/ijseke/EngelsS97
https://dblp.org/pid/92/1305,https://dblp.org/rec/journals/ijseke/WolterK15
https://dblp.org/pid/k/UweKastens,https://dblp.org/rec/journals/ijseke/WolterK15
https://dblp.org/pid/e/GregorEngels,https://dblp.org/rec/journals/ijseke/EngelsHTE97
https://dblp.org/pid/77/949,https://dblp.org/rec/journals/iet-cds/HauptmannEKS10
https://dblp.org/pid/77/949,https://dblp.org/rec/journals/iet-cds/KhafajiCTMFSE14
https://dblp.org/pid/77/949,https://dblp.org/rec/journals/iet-cds/JensenKJKS12
https://dblp.org/pid/50/146-4,https://dblp.org/rec/journals/imamci/BergerIT22
https://dblp.org/pid/50/146-4,https://dblp.org/rec/journals/imamci/BergerL23
https://dblp.org/pid/153/6937,https://dblp.org/rec/journals/eetct/KazmiM16
https://dblp.org/pid/138/4856,https://dblp.org/rec/journals/vlc/YigitbasKGE23
https://dblp.org/pid/e/GregorEngels,https://dblp.org/rec/journals/vlc/YigitbasKGE23
https://dblp.org/pid/50/6546,https://dblp.org/rec/journals/vlc/SoltenbornE11
https://dblp.org/pid/e/GregorEngels,https://dblp.org/rec/journals/vlc/SoltenbornE11
https://dblp.org/pid/e/GregorEngels,https://dblp.org/rec/journals/vlc/LuckeyEE12
https://dblp.org/pid/e/GregorEngels,https://dblp.org/rec/journals/vlc/AndriesE96
https://dblp.org/pid/150/4812-2,https://dblp.org/rec/journals/tocl/0002M023
https://dblp.org/pid/b/StBottcher,https://dblp.org/rec/journals/jsw/BottcherO08
https://dblp.org/pid/76/5938,https://dblp.org/rec/journals/tjs/ButtnerAKKPA25
https://dblp.org/pid/68/3728,https://dblp.org/rec/journals/tjs/EisenringP02
https://dblp.org/pid/76/5938,https://dblp.org/rec/journals/tjs/PlesslP03
https://dblp.org/pid/68/3728,https://dblp.org/rec/journals/tjs/PlesslP03
https://dblp.org/pid/93/4106,https://dblp.org/rec/journals/moc/IndlekoferJ99
https://dblp.org/pid/93/4106,https://dblp.org/rec/journals/moc/IndlekoferJ96
https://dblp.org/pid/s/GeorgSchneider5,https://dblp.org/rec/journals/mansci/JohnsonP013
https://dblp.org/pid/26/4979,https://dblp.org/rec/journals/mansci/HerrmannKR15
https://dblp.org/pid/s/GeorgSchneider5,https://dblp.org/rec/journals/mansci/PfeifferS07
https://dblp.org/pid/70/8080,https://dblp.org/rec/journals/comcom/BeisterDAK14
https://dblp.org/pid/17/6729-15,https://dblp.org/rec/journals/comcom/ShiWZZML19
https://dblp.org/pid/95/4985-1,https://dblp.org/rec/journals/ijet/ReinhardtR10
https://dblp.org/pid/203/2506,https://dblp.org/rec/journals/apin/TerhorstDKK19
https://dblp.org/pid/k/HKleineBuning,https://dblp.org/rec/journals/mscs/BuningWS20
https://dblp.org/pid/150/4812-2,https://dblp.org/rec/journals/mscs/KontinenMMV24
https://dblp.org/pid/62/782,https://dblp.org/rec/journals/jrm/AdeltES09
https://dblp.org/pid/13/204-6,https://dblp.org/rec/journals/itm/MullerT17
https://dblp.org/pid/203/2506,https://dblp.org/rec/journals/tbbis/RoigRDTSB22
https://dblp.org/pid/203/2506,https://dblp.org/rec/journals/tbbis/TerhorstHDKRK23
https://dblp.org/pid/13/8970,https://dblp.org/rec/journals/tbbis/FallahiCS26
https://dblp.org/pid/203/2506,https://dblp.org/rec/journals/tbbis/TerhorstFDKK21
https://dblp.org/pid/m/BurkhardMonien,https://dblp.org/rec/journals/ppl/ElsaSserMPF04
https://dblp.org/pid/m/BurkhardMonien,https://dblp.org/rec/journals/ppl/MonienV04
https://dblp.org/pid/m/BurkhardMonien,https://dblp.org/rec/journals/ppl/GairingLMM06
https://dblp.org/pid/m/BurkhardMonien,https://dblp.org/rec/journals/ppl/DumraufM12
https://dblp.org/pid/19/3568,https://dblp.org/rec/journals/ppl/FeldmannU92
https://dblp.org/pid/13/8970,https://dblp.org/rec/journals/ieeesp/CabarcosATSL15
https://dblp.org/pid/94/5744,https://dblp.org/rec/journals/ieeesp/MassacciSMMOMRB22
https://dblp.org/pid/132/9687,https://dblp.org/rec/journals/ieeesp/FourneWFA23
https://dblp.org/pid/94/5744,https://dblp.org/rec/journals/ieeesp/BoddenPFG24
https://dblp.org/pid/92/6400,https://dblp.org/rec/journals/ieeesp/BoddenPFG24
https://dblp.org/pid/132/9687,https://dblp.org/rec/journals/ieeesp/HuamanAOAF22
https://dblp.org/pid/132/9687,https://dblp.org/rec/journals/ieeesp/AcarBFKMS17
https://dblp.org/pid/132/9687,https://dblp.org/rec/journals/ieeesp/FischerTGAFS24
https://dblp.org/pid/94/5744,https://dblp.org/rec/journals/ieeesp/ShostackMBS22
https://dblp.org/pid/94/5744,https://dblp.org/rec/journals/ieeesp/LopezNB25
https://dblp.org/pid/77/4790,https://dblp.org/rec/journals/sigsoft/GarciaGRCLLKP06
https://dblp.org/pid/e/GregorEngels,https://dblp.org/rec/journals/sigsoft/WeynsCMTABBBCDEGGYGHLLMMMRPQSVZ23
https://dblp.org/pid/77/4790,https://dblp.org/rec/journals/sigsoft/GieseKKW05
https://dblp.org/pid/02/691-2,https://dblp.org/rec/journals/sigsoft/GieseKKW05
https://dblp.org/pid/31/5809,https://dblp.org/rec/journals/sigsoft/Schafer92
https://dblp.org/pid/77/4790,https://dblp.org/rec/journals/sigsoft/KleinG05
https://dblp.org/pid/93/4106,https://dblp.org/rec/journals/pmh/IndlekoferK01
https://dblp.org/pid/70/7024,https://dblp.org/rec/journals/synthese/Peckhaus03
https://dblp.org/pid/e/GregorEngels,https://dblp.org/rec/journals/ac/MlynarskiGWE12
https://dblp.org/pid/25/7857,https://dblp.org/rec/journals/at/SchutzRHT21
https://dblp.org/pid/25/7857,https://dblp.org/rec/journals/at/VogelHeuserZKVGJTPLSHW25
https://dblp.org/pid/92/6400,https://dblp.org/rec/journals/at/GraesslerBBD20
https://dblp.org/pid/25/7857,https://dblp.org/rec/journals/at/KerstingAVTHW23
https://dblp.org/pid/25/7857,https://dblp.org/rec/journals/at/IsermannT16
https://dblp.org/pid/25/7857,https://dblp.org/rec/journals/at/Trachtler10
https://dblp.org/pid/25/7857,https://dblp.org/rec/journals/at/DumitrescuBKTF15
https://dblp.org/pid/34/2589,https://dblp.org/rec/journals/at/RudolphTS12
https://dblp.org/pid/25/7857,https://dblp.org/rec/journals/at/BrunsT09
https://dblp.org/pid/25/7857,https://dblp.org/rec/journals/at/PetersMPTHH25
https://dblp.org/pid/25/7857,https://dblp.org/rec/journals/at/RenningerT16
https://dblp.org/pid/25/7857,https://dblp.org/rec/journals/at/RutingTH19
https://dblp.org/pid/25/7857,https://dblp.org/rec/journals/at/KohlstedtOFTJT16
https://dblp.org/pid/92/6400,https://dblp.org/rec/journals/at/GraesslerH20
https://dblp.org/pid/25/7857,https://dblp.org/rec/journals/at/KerstingAVTHW25
https://dblp.org/pid/92/6400,https://dblp.org/rec/journals/at/GraesslerWPK25
https://dblp.org/pid/25/7857,https://dblp.org/rec/journals/at/KrugerT15
https://dblp.org/pid/25/7857,https://dblp.org/rec/journals/at/Trachtler05
https://dblp.org/pid/25/7857,https://dblp.org/rec/journals/at/Trachtler09
https://dblp.org/pid/34/2589,https://dblp.org/rec/journals/nc/AsparSSKTG23
https://dblp.org/pid/s/ChristianScheideler,https://dblp.org/rec/journals/nc/PadalkinSW24
https://dblp.org/pid/08/335-1,https://dblp.org/rec/journals/nc/PadalkinSW24
https://dblp.org/pid/s/ChristianScheideler,https://dblp.org/rec/journals/nc/DaymudeDGPRSS18
https://dblp.org/pid/147/3358,https://dblp.org/rec/journals/nc/DaymudeDGPRSS18
https://dblp.org/pid/s/ChristianScheideler,https://dblp.org/rec/journals/nc/GmyrHKKRSS20
https://dblp.org/pid/147/3358,https://dblp.org/rec/journals/nc/GmyrHKKRSS20
https://dblp.org/pid/s/ChristianScheideler,https://dblp.org/rec/journals/combinatorica/FeigeS02
https://dblp.org/pid/h/FMaufderHeide,https://dblp.org/rec/journals/combinatorica/HeideS01
https://dblp.org/pid/s/ChristianScheideler,https://dblp.org/rec/journals/combinatorica/HeideS01
https://dblp.org/pid/88/6542,https://dblp.org/rec/journals/speech/DespotovicWH18
https://dblp.org/pid/88/6542,https://dblp.org/rec/journals/speech/BeyerleinAHHKWMNPS02
https://dblp.org/pid/88/6542,https://dblp.org/rec/journals/speech/GammHL97
https://dblp.org/pid/88/6542,https://dblp.org/rec/journals/speech/SteinbissNETADKMOHGHB95
https://dblp.org/pid/88/6542,https://dblp.org/rec/journals/speech/IonH06
https://dblp.org/pid/88/6542,https://dblp.org/rec/journals/speech/DoblerGHMNR93
https://dblp.org/pid/f/AlexanderFoerster,https://dblp.org/rec/journals/swarm/DucatelleCFBDMMOPRTG14
https://dblp.org/pid/68/3728,https://dblp.org/rec/journals/jrtip/HappeLP13
https://dblp.org/pid/76/3237,https://dblp.org/rec/journals/flap/LukasiewiczPT17
https://dblp.org/pid/76/5938,https://dblp.org/rec/journals/taco/RieblerVKP19
https://dblp.org/pid/k/HKleineBuning,https://dblp.org/rec/journals/aicom/ZhaoDB00
https://dblp.org/pid/95/4985-1,https://dblp.org/rec/journals/fi/EichlerR10
https://dblp.org/pid/13/8970,https://dblp.org/rec/journals/titb/Sanchez-Guerrero17
https://dblp.org/pid/228/3129,https://dblp.org/rec/journals/fss/0001CKC25
https://dblp.org/pid/13/8970,https://dblp.org/rec/journals/comintsys/FallahiCS26
https://dblp.org/pid/134/7582,https://dblp.org/rec/journals/iacr/BoydDGJ18
https://dblp.org/pid/134/7582,https://dblp.org/rec/journals/iacr/BoydDGTR17
https://dblp.org/pid/33/2110,https://dblp.org/rec/journals/iacr/BlomerB18
https://dblp.org/pid/218/7188,https://dblp.org/rec/journals/iacr/BlomerB18
https://dblp.org/pid/33/2110,https://dblp.org/rec/journals/iacr/BlomerBP23
https://dblp.org/pid/218/7188,https://dblp.org/rec/journals/iacr/BlomerBP23
https://dblp.org/pid/33/2110,https://dblp.org/rec/journals/iacr/BlomerGL11
https://dblp.org/pid/57/6293-1,https://dblp.org/rec/journals/iacr/BlomerGL11
https://dblp.org/pid/134/7582,https://dblp.org/rec/journals/iacr/DaviesGGJ19
https://dblp.org/pid/33/2110,https://dblp.org/rec/journals/iacr/BemmannBBBDEEHJ18
https://dblp.org/pid/218/7188,https://dblp.org/rec/journals/iacr/BemmannBBBDEEHJ18
https://dblp.org/pid/224/4609,https://dblp.org/rec/journals/iacr/BemmannBBBDEEHJ18
https://dblp.org/pid/216/6738,https://dblp.org/rec/journals/iacr/BemmannBBBDEEHJ18
https://dblp.org/pid/33/2110,https://dblp.org/rec/journals/iacr/BlomerSGKS14
https://dblp.org/pid/57/6293-1,https://dblp.org/rec/journals/iacr/BlomerSGKS14
https://dblp.org/pid/218/7188,https://dblp.org/rec/journals/iacr/BobolzEKSS20
https://dblp.org/pid/216/6738,https://dblp.org/rec/journals/iacr/BobolzEKSS20
https://dblp.org/pid/33/2110,https://dblp.org/rec/journals/iacr/BlomerJK14
https://dblp.org/pid/150/0050,https://dblp.org/rec/journals/iacr/BlomerJK14
https://dblp.org/pid/33/2110,https://dblp.org/rec/journals/iacr/BlomerBKP25
https://dblp.org/pid/224/4609,https://dblp.org/rec/journals/iacr/BlomerBKP25
https://dblp.org/pid/134/7582,https://dblp.org/rec/journals/iacr/CarrCDG018
https://dblp.org/pid/33/2110,https://dblp.org/rec/journals/iacr/BlomerBB22
https://dblp.org/pid/218/7188,https://dblp.org/rec/journals/iacr/BlomerBB22
https://dblp.org/pid/224/4609,https://dblp.org/rec/journals/iacr/BlomerBB22
https://dblp.org/pid/134/7582,https://dblp.org/rec/journals/iacr/BoydDGRT18
https://dblp.org/pid/132/9687,https://dblp.org/rec/journals/iacr/JancarFBSSBFA21
https://dblp.org/pid/178/6439,https://dblp.org/rec/journals/iacr/Loken17
https://dblp.org/pid/33/2110,https://dblp.org/rec/journals/iacr/BlomerL13
https://dblp.org/pid/134/7582,https://dblp.org/rec/journals/iacr/DaviesP22
https://dblp.org/pid/134/7582,https://dblp.org/rec/journals/iacr/AlnahawiABDMVW25
https://dblp.org/pid/134/7582,https://dblp.org/rec/journals/iacr/BoydDGJ19
https://dblp.org/pid/33/2110,https://dblp.org/rec/journals/iacr/BlomerS02
https://dblp.org/pid/134/7582,https://dblp.org/rec/journals/iacr/QianGD23
https://dblp.org/pid/33/2110,https://dblp.org/rec/journals/iacr/BlomerL17
https://dblp.org/pid/132/9687,https://dblp.org/rec/journals/iacr/FourneBJSSBFA24
https://dblp.org/pid/134/7582,https://dblp.org/rec/journals/iacr/ArmknechtBDGT16
https://dblp.org/pid/134/7582,https://dblp.org/rec/journals/iacr/BohlDH13
https://dblp.org/pid/134/7582,https://dblp.org/rec/journals/iacr/DaviesS13
https://dblp.org/pid/33/2110,https://dblp.org/rec/journals/iacr/BlomerL14
https://dblp.org/pid/218/7188,https://dblp.org/rec/journals/iacr/BobolzDK24
https://dblp.org/pid/33/2110,https://dblp.org/rec/journals/iacr/BlomerBDE19
https://dblp.org/pid/218/7188,https://dblp.org/rec/journals/iacr/BlomerBDE19
https://dblp.org/pid/216/6738,https://dblp.org/rec/journals/iacr/BlomerBDE19
https://dblp.org/pid/218/7188,https://dblp.org/rec/journals/iacr/BobolzFKT24
https://dblp.org/pid/33/2110,https://dblp.org/rec/journals/iacr/BlomerEJ18
https://dblp.org/pid/216/6738,https://dblp.org/rec/journals/iacr/BlomerEJ18
https://dblp.org/pid/134/7582,https://dblp.org/rec/journals/iacr/DaviesJM20
https://dblp.org/pid/33/2110,https://dblp.org/rec/journals/iacr/BlomerGK04
https://dblp.org/pid/218/7188,https://dblp.org/rec/journals/iacr/BobolzEHF21
https://dblp.org/pid/216/6738,https://dblp.org/rec/journals/iacr/BobolzEHF21
https://dblp.org/pid/134/7582,https://dblp.org/rec/journals/iacr/DaviesFGHHHJ23
https://dblp.org/pid/33/2110,https://dblp.org/rec/journals/iacr/BlomerEJ18a
https://dblp.org/pid/216/6738,https://dblp.org/rec/journals/iacr/BlomerEJ18a
https://dblp.org/pid/218/7188,https://dblp.org/rec/journals/iacr/BobolzEKRS22
https://dblp.org/pid/216/6738,https://dblp.org/rec/journals/iacr/BobolzEKRS22
https://dblp.org/pid/33/2110,https://dblp.org/rec/journals/iacr/BlomerL19
https://dblp.org/pid/178/6439,https://dblp.org/rec/journals/iacr/BlomerL19
https://dblp.org/pid/218/7188,https://dblp.org/rec/journals/iacr/MirzamohammadiBSBASP25
https://dblp.org/pid/33/2110,https://dblp.org/rec/journals/iacr/Blomer0S04
https://dblp.org/pid/33/2110,https://dblp.org/rec/journals/iacr/BlomerK07
https://dblp.org/pid/33/2110,https://dblp.org/rec/journals/iacr/BlomerL16
https://dblp.org/pid/134/7582,https://dblp.org/rec/journals/iacr/BoydDKGJM21
https://dblp.org/pid/218/7188,https://dblp.org/rec/journals/iacr/BobolzBLMOS25
https://dblp.org/pid/38/1605,https://dblp.org/rec/journals/iacr/BroadbentGZ18
https://dblp.org/pid/134/7582,https://dblp.org/rec/journals/iacr/MaatDMBR25
https://dblp.org/pid/88/6542,https://dblp.org/rec/journals/pieee/Haeb-UmbachHDWD21
https://dblp.org/pid/68/3728,https://dblp.org/rec/journals/micro/JentzschUPBP22
https://dblp.org/pid/17/6729-15,https://dblp.org/rec/journals/micro/ZangCWLWS14
https://dblp.org/pid/68/3728,https://dblp.org/rec/journals/micro/AgneHKLPPP14
https://dblp.org/pid/76/5938,https://dblp.org/rec/journals/micro/AgneHKLPPP14
https://dblp.org/pid/r/FranzJosefRammig,https://dblp.org/rec/journals/tii/WehrmeisterPR13
https://dblp.org/pid/43/6309-1,https://dblp.org/rec/journals/eis/MullerSGB16
https://dblp.org/pid/92/6400,https://dblp.org/rec/journals/ijcim/Graessler03
https://dblp.org/pid/90/4912,https://dblp.org/rec/journals/ijcim/Gausemeier05
https://dblp.org/pid/70/7024,https://dblp.org/rec/journals/sLogica/Peckhaus17
https://dblp.org/pid/228/3129,https://dblp.org/rec/journals/ijertcs/DeckerLMTB22
https://dblp.org/pid/123/8761,https://dblp.org/rec/journals/igpl/ChernilovskayaGR12
https://dblp.org/pid/f/AlexanderFoerster,https://dblp.org/rec/journals/igpl/WierstraFPS10
https://dblp.org/pid/70/4639,https://dblp.org/rec/journals/emisa/DangelmaierF94
https://dblp.org/pid/12/4452,https://dblp.org/rec/journals/emisa/Geissler03
https://dblp.org/pid/i/TobiasIsenberg2,https://dblp.org/rec/journals/esl/IsenbergJPW18
https://dblp.org/pid/169/3113,https://dblp.org/rec/journals/esl/LassKP18
https://dblp.org/pid/76/5938,https://dblp.org/rec/journals/esl/LassKP18
https://dblp.org/pid/55/3839,https://dblp.org/rec/journals/tsipn/NiLQS19
https://dblp.org/pid/55/3839,https://dblp.org/rec/journals/tsipn/GuoLD17
https://dblp.org/pid/68/3728,https://dblp.org/rec/journals/ejes/BergmannPT07
https://dblp.org/pid/203/2506,https://dblp.org/rec/journals/iswa/KhodadoustMMLKBT24
https://dblp.org/pid/m/BurkhardMonien,https://dblp.org/rec/journals/jcss/GairingLMMR08
https://dblp.org/pid/177/9340,https://dblp.org/rec/journals/jcss/DurandHKV21
https://dblp.org/pid/65/4336,https://dblp.org/rec/journals/polibits/NgomoS09
https://dblp.org/pid/55/3839,https://dblp.org/rec/journals/tcns/NourianLDQ14
https://dblp.org/pid/70/4639,https://dblp.org/rec/journals/cii/DangelmaierFGGMM05
https://dblp.org/pid/84/1558-1,https://dblp.org/rec/journals/cii/DangelmaierFGGMM05
https://dblp.org/pid/90/4912,https://dblp.org/rec/journals/cii/DangelmaierFGGMM05
https://dblp.org/pid/79/6049,https://dblp.org/rec/journals/tamd/RohlfingT11
https://dblp.org/pid/79/6049,https://dblp.org/rec/journals/tamd/RohlfingLNRH20
https://dblp.org/pid/79/6049,https://dblp.org/rec/journals/tamd/NomikouR11
https://dblp.org/pid/79/6049,https://dblp.org/rec/journals/tamd/CangelosiMSNNFTBSNFWRTDSZ10
https://dblp.org/pid/79/6049,https://dblp.org/rec/journals/tamd/SchillingmannWR09
https://dblp.org/pid/79/6049,https://dblp.org/rec/journals/tamd/RohlfingCSMBBEG21
https://dblp.org/pid/88/6542,https://dblp.org/rec/journals/tamd/RohlfingCSMBBEG21
https://dblp.org/pid/65/4336,https://dblp.org/rec/journals/tamd/RohlfingCSMBBEG21
https://dblp.org/pid/14/3197-1,https://dblp.org/rec/journals/tamd/RohlfingCSMBBEG21
https://dblp.org/pid/79/6049,https://dblp.org/rec/journals/tamd/NagaiR09
https://dblp.org/pid/79/6049,https://dblp.org/rec/journals/tamd/SchillingRVYS20
https://dblp.org/pid/79/6049,https://dblp.org/rec/journals/tamd/RolfHR09
https://dblp.org/pid/79/6049,https://dblp.org/rec/journals/tamd/Raczaszek-LeonardiNR13
https://dblp.org/pid/79/6049,https://dblp.org/rec/journals/tamd/RohlfingD13
https://dblp.org/pid/79/6049,https://dblp.org/rec/journals/tamd/GaspersCRW17
https://dblp.org/pid/138/4956,https://dblp.org/rec/journals/pajais/TrangZK15
https://dblp.org/pid/261/3628,https://dblp.org/rec/journals/swevo/CenikjPSCE25
https://dblp.org/pid/34/2589,https://dblp.org/rec/journals/swevo/LiWTJE18
https://dblp.org/pid/55/3839,https://dblp.org/rec/journals/tit/LeongD11
https://dblp.org/pid/33/2110,https://dblp.org/rec/journals/tit/AlbaneseBELS96
https://dblp.org/pid/f/AlexanderFoerster,https://dblp.org/rec/journals/ram/DorigoFGMNBBBBBBCCDCDFFGGLMMOOPPRRSSSSTTTV13
https://dblp.org/pid/134/7582,https://dblp.org/rec/journals/cic/AlnahawiAADW26
https://dblp.org/pid/218/7188,https://dblp.org/rec/journals/cic/MirzamohammadiBSBASP25
https://dblp.org/pid/81/3518,https://dblp.org/rec/journals/siamsc/DellnitzHLOOPP23
https://dblp.org/pid/15/5253,https://dblp.org/rec/journals/heuristics/FahleJKKSV02
https://dblp.org/pid/34/2589,https://dblp.org/rec/journals/heuristics/SchutzeSTR16
https://dblp.org/pid/94/5811-1,https://dblp.org/rec/journals/ras/MujahedFM18
https://dblp.org/pid/94/5811-1,https://dblp.org/rec/journals/ras/MujahedFM16
https://dblp.org/pid/228/3129,https://dblp.org/rec/journals/evs/AngelovFKLPSK23
https://dblp.org/pid/228/3129,https://dblp.org/rec/journals/evs/LeiteSG20
https://dblp.org/pid/228/3129,https://dblp.org/rec/journals/evs/LucasCBLS20
https://dblp.org/pid/08/8419,https://dblp.org/rec/journals/evs/ShakerH12
https://dblp.org/pid/70/4639,https://dblp.org/rec/journals/evs/KlopperPHD12
https://dblp.org/pid/88/6542,https://dblp.org/rec/journals/evs/HerbigGMH11
https://dblp.org/pid/08/8419,https://dblp.org/rec/journals/evs/LughoferBS11
https://dblp.org/pid/08/8419,https://dblp.org/rec/journals/evs/ShakerL14
https://dblp.org/pid/228/3129,https://dblp.org/rec/journals/evs/LeiteBCG12
https://dblp.org/pid/14/3197-1,https://dblp.org/rec/journals/login/HoperHMSB21
https://dblp.org/pid/48/4209,https://dblp.org/rec/journals/login/MagenheimS05
https://dblp.org/pid/53/3909,https://dblp.org/rec/journals/login/BrenneckeES97
https://dblp.org/pid/14/3197-1,https://dblp.org/rec/journals/login/BestBFGGHHKKLS21
https://dblp.org/pid/48/4209,https://dblp.org/rec/journals/login/HirschMR00
https://dblp.org/pid/14/3197-1,https://dblp.org/rec/journals/login/SchulteSH99
https://dblp.org/pid/53/3909,https://dblp.org/rec/journals/login/SchulteSH99
https://dblp.org/pid/19/6980-1,https://dblp.org/rec/journals/login/SchulteSH99
https://dblp.org/pid/48/4209,https://dblp.org/rec/journals/login/MagenheimSSHMBF17
https://dblp.org/pid/14/3197-1,https://dblp.org/rec/journals/login/MagenheimSSHMBF17
https://dblp.org/pid/38/1605,https://dblp.org/rec/journals/fttcs/GharibianHLS15
https://dblp.org/pid/50/146-4,https://dblp.org/rec/journals/arc/BergerIR25
https://dblp.org/pid/k/HKleineBuning,https://dblp.org/rec/journals/jcst/TaoBW06
https://dblp.org/pid/169/3113,https://dblp.org/rec/journals/eswa/AdoniLGSK26
https://dblp.org/pid/50/146-4,https://dblp.org/rec/journals/csysl/LanzaKDBW25
https://dblp.org/pid/50/146-4,https://dblp.org/rec/journals/csysl/BergerD22
https://dblp.org/pid/55/3839,https://dblp.org/rec/journals/csysl/LeongQDD19
https://dblp.org/pid/50/146-4,https://dblp.org/rec/journals/csysl/GobelDLWBD25
https://dblp.org/pid/55/3839,https://dblp.org/rec/journals/csysl/FarokhiLZS23
https://dblp.org/pid/132/9687,https://dblp.org/rec/journals/tosem/WilliamsBHPRTTZMACKKWE25
https://dblp.org/pid/e/GregorEngels,https://dblp.org/rec/journals/tosem/EngelsLNSS92
https://dblp.org/pid/31/5809,https://dblp.org/rec/journals/tosem/EngelsLNSS92
https://dblp.org/pid/94/5744,https://dblp.org/rec/journals/tosem/KummitaMBW26
https://dblp.org/pid/94/5744,https://dblp.org/rec/journals/tosem/SayarBBT23
https://dblp.org/pid/94/5744,https://dblp.org/rec/journals/tosem/BoddenTI14
https://dblp.org/pid/94/5744,https://dblp.org/rec/journals/tosem/BohmeBBCLS25
https://dblp.org/pid/189/4866,https://dblp.org/rec/journals/games/SchlangenottoSV20
https://dblp.org/pid/k/HKleineBuning,https://dblp.org/rec/journals/endm/BuningZ01
https://dblp.org/pid/140/3577,https://dblp.org/rec/journals/bioinformatics/DesoukiJGL15
https://dblp.org/pid/94/5744,https://dblp.org/rec/journals/ese/PiskachevBB23
https://dblp.org/pid/40/4987-1,https://dblp.org/rec/journals/ese/LiSA23
https://dblp.org/pid/174/1998,https://dblp.org/rec/journals/ese/PiskachevSBB22
https://dblp.org/pid/94/5744,https://dblp.org/rec/journals/ese/PiskachevSBB22
https://dblp.org/pid/94/5744,https://dblp.org/rec/journals/ese/LuoPPBPMBHM22
https://dblp.org/pid/94/5744,https://dblp.org/rec/journals/ese/VenkateshSSMRB25
https://dblp.org/pid/40/4987-1,https://dblp.org/rec/journals/ese/LiSA22
https://dblp.org/pid/94/5744,https://dblp.org/rec/journals/ese/VenkateshSCWLB24
https://dblp.org/pid/19/3568,https://dblp.org/rec/journals/icga/FeldmannMMV89
https://dblp.org/pid/m/BurkhardMonien,https://dblp.org/rec/journals/icga/FeldmannMMV89
https://dblp.org/pid/m/BurkhardMonien,https://dblp.org/rec/journals/icga/MonienF98
https://dblp.org/pid/19/3568,https://dblp.org/rec/journals/icga/MonienF98
https://dblp.org/pid/m/BurkhardMonien,https://dblp.org/rec/journals/icga/MonienFH99a
https://dblp.org/pid/19/3568,https://dblp.org/rec/journals/icga/MonienFH99a
https://dblp.org/pid/m/BurkhardMonien,https://dblp.org/rec/journals/icga/HerikM99a
https://dblp.org/pid/m/BurkhardMonien,https://dblp.org/rec/journals/icga/HerikM99
https://dblp.org/pid/19/3568,https://dblp.org/rec/journals/icga/LorenzRFM95
https://dblp.org/pid/19/3568,https://dblp.org/rec/journals/icga/Feldmann95
https://dblp.org/pid/19/3568,https://dblp.org/rec/journals/icga/FeldmannMMV90
https://dblp.org/pid/m/BurkhardMonien,https://dblp.org/rec/journals/icga/FeldmannMMV90
https://dblp.org/pid/m/BurkhardMonien,https://dblp.org/rec/journals/icga/HerikM98
https://dblp.org/pid/m/BurkhardMonien,https://dblp.org/rec/journals/icga/MonienFH99
https://dblp.org/pid/19/3568,https://dblp.org/rec/journals/icga/MonienFH99
https://dblp.org/pid/19/3568,https://dblp.org/rec/journals/icga/BurtonMF91
https://dblp.org/pid/s/MohammadSoleymani-2,https://dblp.org/rec/journals/wcl/SoleymaniZJRS26
https://dblp.org/pid/s/MohammadSoleymani-2,https://dblp.org/rec/journals/wcl/SoleymaniZJRS25
https://dblp.org/pid/13/8970,https://dblp.org/rec/journals/telsys/SanchezGAMM16
https://dblp.org/pid/13/8970,https://dblp.org/rec/journals/telsys/SanchezAMGA14
https://dblp.org/pid/b/StBottcher,https://dblp.org/rec/journals/cl/GroppeGKBBG11
https://dblp.org/pid/79/6049,https://dblp.org/rec/journals/dad/Rohlfing11
https://dblp.org/pid/81/3518,https://dblp.org/rec/journals/nm/DemouresGLORW15
https://dblp.org/pid/48/4209,https://dblp.org/rec/journals/icom/MagenheimS12
https://dblp.org/pid/k/ReinhardKeilSlawik,https://dblp.org/rec/journals/icom/KeilW12
https://dblp.org/pid/138/4856,https://dblp.org/rec/journals/icom/HerderSSNYA24
https://dblp.org/pid/k/ReinhardKeilSlawik,https://dblp.org/rec/journals/icom/BaumertKS04
https://dblp.org/pid/53/3909,https://dblp.org/rec/journals/icom/BaumertKS04
https://dblp.org/pid/06/456,https://dblp.org/rec/journals/icom/MistrzykS08
https://dblp.org/pid/06/456,https://dblp.org/rec/journals/icom/ForbrigS07
https://dblp.org/pid/12/4452,https://dblp.org/rec/journals/icom/GeisslerHK04
https://dblp.org/pid/k/ReinhardKeilSlawik,https://dblp.org/rec/journals/icom/GeisslerHK04
https://dblp.org/pid/k/ReinhardKeilSlawik,https://dblp.org/rec/journals/icom/HampelKS05
https://dblp.org/pid/53/3909,https://dblp.org/rec/journals/icom/HampelKS05
https://dblp.org/pid/06/456,https://dblp.org/rec/journals/icom/BomsdorfZ02
https://dblp.org/pid/95/4985-1,https://dblp.org/rec/journals/icom/ReinhardtEM11
https://dblp.org/pid/48/4209,https://dblp.org/rec/journals/icom/ReinhardtEM11
https://dblp.org/pid/e/GregorEngels,https://dblp.org/rec/journals/comsis/WoltersGE17
https://dblp.org/pid/92/1305,https://dblp.org/rec/journals/comsis/WolterCK11
https://dblp.org/pid/k/UweKastens,https://dblp.org/rec/journals/comsis/WolterCK11
https://dblp.org/pid/26/4979,https://dblp.org/rec/journals/hmd/BachKNSW16
https://dblp.org/pid/189/4866,https://dblp.org/rec/journals/hmd/BachKNSW16
https://dblp.org/pid/26/4979,https://dblp.org/rec/journals/hmd/Robra-BissantzL22
https://dblp.org/pid/e/GregorEngels,https://dblp.org/rec/journals/hmd/Robra-BissantzL22
https://dblp.org/pid/70/8643,https://dblp.org/rec/journals/hmd/Robra-BissantzL22
https://dblp.org/pid/26/4979,https://dblp.org/rec/journals/hmd/SackmannKR08
https://dblp.org/pid/70/4639,https://dblp.org/rec/journals/hmd/DangelmaierLPR02
https://dblp.org/pid/138/4956,https://dblp.org/rec/journals/hmd/BrendelGMT21
https://dblp.org/pid/43/6309-1,https://dblp.org/rec/journals/jitta/SuomiMB18
https://dblp.org/pid/k/HKleineBuning,https://dblp.org/rec/journals/dam/BubeckB08
https://dblp.org/pid/k/HKleineBuning,https://dblp.org/rec/journals/dam/BuningZ03
https://dblp.org/pid/k/HKleineBuning,https://dblp.org/rec/journals/dam/BuningL99
https://dblp.org/pid/17/2025,https://dblp.org/rec/journals/dam/BuningL99
https://dblp.org/pid/k/HKleineBuning,https://dblp.org/rec/journals/dam/Buning00
https://dblp.org/pid/19/3568,https://dblp.org/rec/journals/dam/FeldmannHMMM94
https://dblp.org/pid/m/BurkhardMonien,https://dblp.org/rec/journals/dam/FeldmannHMMM94
https://dblp.org/pid/m/BurkhardMonien,https://dblp.org/rec/journals/dam/MavronicolasML13
https://dblp.org/pid/m/BurkhardMonien,https://dblp.org/rec/journals/dam/KlasingMPS94
https://dblp.org/pid/m/BurkhardMonien,https://dblp.org/rec/journals/dam/BezrukovMUW98
https://dblp.org/pid/m/BurkhardMonien,https://dblp.org/rec/journals/dam/MonienS85
https://dblp.org/pid/b/StBottcher,https://dblp.org/rec/journals/dpd/ObermeierBHCS09
https://dblp.org/pid/b/StBottcher,https://dblp.org/rec/journals/dpd/ObermeierBK09
https://dblp.org/pid/b/StBottcher,https://dblp.org/rec/journals/ijiit/WernerB07
https://dblp.org/pid/s/ChristianScheideler,https://dblp.org/rec/journals/dc/PadalkinS26
https://dblp.org/pid/72/8725,https://dblp.org/rec/journals/dc/OgiermanRSSZ18
https://dblp.org/pid/s/ChristianScheideler,https://dblp.org/rec/journals/dc/OgiermanRSSZ18
https://dblp.org/pid/s/ChristianScheideler,https://dblp.org/rec/journals/dc/RichaSSZ13
https://dblp.org/pid/s/ChristianScheideler,https://dblp.org/rec/journals/dc/GotteHSW23
https://dblp.org/pid/s/ChristianScheideler,https://dblp.org/rec/journals/dc/DaymudeRS23
https://dblp.org/pid/76/3237,https://dblp.org/rec/journals/fac/DubslaffKT21
https://dblp.org/pid/36/10647,https://dblp.org/rec/journals/fac/DerrickDDSTW18
https://dblp.org/pid/70/8080,https://dblp.org/rec/journals/ijwin/DraxlerBK13
https://dblp.org/pid/43/6309-1,https://dblp.org/rec/journals/emisaij/BeckerBKM09
https://dblp.org/pid/43/6309-1,https://dblp.org/rec/journals/emisaij/BeckerBKM11
https://dblp.org/pid/26/4979,https://dblp.org/rec/journals/emisaij/GuabtniKR10
https://dblp.org/pid/13/8970,https://dblp.org/rec/journals/ijdsn/KhaledMAAS16
https://dblp.org/pid/43/6309-1,https://dblp.org/rec/journals/bpmj/KohlbornMPR14
https://dblp.org/pid/43/6309-1,https://dblp.org/rec/journals/bpmj/JanieschMM12
https://dblp.org/pid/34/34-2,https://dblp.org/rec/journals/tcad/MeyerC95
https://dblp.org/pid/62/6023-2,https://dblp.org/rec/journals/tcad/MohammadiGM16
https://dblp.org/pid/65/4336,https://dblp.org/rec/journals/vldb/AliSYHN22
https://dblp.org/pid/147/3358,https://dblp.org/rec/journals/jgaa/Strothmann16
https://dblp.org/pid/m/BurkhardMonien,https://dblp.org/rec/journals/jgaa/ElsasserMS06
https://dblp.org/pid/43/6309-1,https://dblp.org/rec/journals/sjis/BeckerBKMMP13
https://dblp.org/pid/68/3728,https://dblp.org/rec/journals/expert/PlatznerRW00
https://dblp.org/pid/b/StBottcher,https://dblp.org/rec/journals/jcs/BottcherH09
https://dblp.org/pid/48/5080,https://dblp.org/rec/journals/jcs/BottcherH09
https://dblp.org/pid/k/HKleineBuning,https://dblp.org/rec/journals/dke/BuningLS89
https://dblp.org/pid/145/1160,https://dblp.org/rec/journals/dke/AhmedSMN21
https://dblp.org/pid/168/1542,https://dblp.org/rec/journals/dke/AhmedSMN21
https://dblp.org/pid/65/4336,https://dblp.org/rec/journals/dke/AhmedSMN21
https://dblp.org/pid/65/4336,https://dblp.org/rec/journals/dke/GusmitaFZN26
https://dblp.org/pid/b/StBottcher,https://dblp.org/rec/journals/dke/GroppeGB08
https://dblp.org/pid/e/GregorEngels,https://dblp.org/rec/journals/dke/EngelsGHHLSE92
https://dblp.org/pid/b/StBottcher,https://dblp.org/rec/journals/dke/GroppeBBH06
https://dblp.org/pid/26/4979,https://dblp.org/rec/journals/db/ZimmermannKK12
https://dblp.org/pid/18/2890,https://dblp.org/rec/journals/cgf/ZimmerCBK12
https://dblp.org/pid/18/2890,https://dblp.org/rec/journals/cgf/CampenHK13
https://dblp.org/pid/18/2890,https://dblp.org/rec/journals/cgf/VaxmanCDPBHB16
https://dblp.org/pid/18/2890,https://dblp.org/rec/journals/cgf/BrucklerGMC22
https://dblp.org/pid/18/2890,https://dblp.org/rec/journals/cgf/ZhouTZC20
https://dblp.org/pid/18/2890,https://dblp.org/rec/journals/cgf/CampenK11
https://dblp.org/pid/18/2890,https://dblp.org/rec/journals/cgf/CampenK14
https://dblp.org/pid/18/2890,https://dblp.org/rec/journals/cgf/BrucklerBC24
https://dblp.org/pid/84/1558-1,https://dblp.org/rec/journals/cgf/BrandtJFH19
https://dblp.org/pid/h/FMaufderHeide,https://dblp.org/rec/journals/cgf/BrandtJFH19
https://dblp.org/pid/18/2890,https://dblp.org/rec/journals/cgf/CampenK10
https://dblp.org/pid/18/2890,https://dblp.org/rec/journals/cgf/PavicCK10
https://dblp.org/pid/84/1558-1,https://dblp.org/rec/journals/cgf/EikelJFH13
https://dblp.org/pid/h/FMaufderHeide,https://dblp.org/rec/journals/cgf/EikelJFH13
https://dblp.org/pid/18/2890,https://dblp.org/rec/journals/cgf/SchmidtBBCK22
https://dblp.org/pid/18/2890,https://dblp.org/rec/journals/cgf/BornSCK21
https://dblp.org/pid/18/2890,https://dblp.org/rec/journals/cgf/CampenIEZK16
https://dblp.org/pid/18/2890,https://dblp.org/rec/journals/cgf/LudwigTC23
https://dblp.org/pid/18/2890,https://dblp.org/rec/journals/cgf/MandadC19
https://dblp.org/pid/d/GittaDomik,https://dblp.org/rec/journals/cgf/DomikS09
https://dblp.org/pid/18/2890,https://dblp.org/rec/journals/cgf/KhanteimouriMC22
https://dblp.org/pid/18/2890,https://dblp.org/rec/journals/cgf/CampenK10a
https://dblp.org/pid/18/2890,https://dblp.org/rec/journals/cgf/Campen17
https://dblp.org/pid/18/2890,https://dblp.org/rec/journals/cgf/LudwigC24
https://dblp.org/pid/18/2890,https://dblp.org/rec/journals/cgf/LyonCK21a
https://dblp.org/pid/18/2890,https://dblp.org/rec/journals/cgf/LyonCK21
https://dblp.org/pid/70/4639,https://dblp.org/rec/journals/lr/DelfmannDGKORWZ10
https://dblp.org/pid/203/2506,https://dblp.org/rec/journals/tifs/MedenRTDKSRPS21
https://dblp.org/pid/203/2506,https://dblp.org/rec/journals/tifs/TerhorstFKDKK21
https://dblp.org/pid/13/8970,https://dblp.org/rec/journals/tifs/HinarejosACFL18
https://dblp.org/pid/92/6400,https://dblp.org/rec/journals/ijiscram/GrasslerPS18
https://dblp.org/pid/f/AlexanderFoerster,https://dblp.org/rec/journals/tiis/NgoLNFSV14
https://dblp.org/pid/201/1662,https://dblp.org/rec/journals/ijghpc/BalluffBK17
https://dblp.org/pid/08/7058,https://dblp.org/rec/journals/jcb/FeldmannPSD22
https://dblp.org/pid/s/ChristianScheideler,https://dblp.org/rec/journals/jcb/FeldmannPSD22
https://dblp.org/pid/138/4856,https://dblp.org/rec/journals/programming/AnjorinYLSLW18
https://dblp.org/pid/33/2110,https://dblp.org/rec/journals/talg/AckermannBS10
https://dblp.org/pid/33/2110,https://dblp.org/rec/journals/talg/BlomerBB20
https://dblp.org/pid/127/6615,https://dblp.org/rec/journals/talg/BlomerBB20
https://dblp.org/pid/s/ChristianScheideler,https://dblp.org/rec/journals/talg/AwerbuchRSSZ14
https://dblp.org/pid/m/BurkhardMonien,https://dblp.org/rec/journals/talg/GairingMT11
https://dblp.org/pid/h/FMaufderHeide,https://dblp.org/rec/journals/talg/DamerowMHRSST12
https://dblp.org/pid/s/ChristianScheideler,https://dblp.org/rec/journals/talg/DamerowMHRSST12
https://dblp.org/pid/50/146-4,https://dblp.org/rec/journals/automatica/LeeBTS23
https://dblp.org/pid/50/146-4,https://dblp.org/rec/journals/automatica/BergerLR18
https://dblp.org/pid/50/146-4,https://dblp.org/rec/journals/automatica/Berger17
https://dblp.org/pid/55/3839,https://dblp.org/rec/journals/automatica/HuangDLQS21
https://dblp.org/pid/55/3839,https://dblp.org/rec/journals/automatica/LiuLQ24
https://dblp.org/pid/55/3839,https://dblp.org/rec/journals/automatica/DeyLE09
https://dblp.org/pid/55/3839,https://dblp.org/rec/journals/automatica/LeongRQKS20
https://dblp.org/pid/55/3839,https://dblp.org/rec/journals/automatica/QuevedoALD12
https://dblp.org/pid/55/3839,https://dblp.org/rec/journals/automatica/DolzQPLS17
https://dblp.org/pid/55/3839,https://dblp.org/rec/journals/automatica/LeongDQ18
https://dblp.org/pid/50/146-4,https://dblp.org/rec/journals/automatica/Berger16
https://dblp.org/pid/s/ChristianScheideler,https://dblp.org/rec/journals/rsa/CzumajS00
https://dblp.org/pid/33/2110,https://dblp.org/rec/journals/rsa/BlomerKW97
https://dblp.org/pid/68/3728,https://dblp.org/rec/journals/tcps/BellmanLDEHJTLP20
https://dblp.org/pid/26/4979,https://dblp.org/rec/journals/ecra/WagenerKRRHW10
https://dblp.org/pid/31/5809,https://dblp.org/rec/journals/sopr/PerryS97a
https://dblp.org/pid/31/5809,https://dblp.org/rec/journals/sopr/PerryS96
https://dblp.org/pid/31/5809,https://dblp.org/rec/journals/sopr/PerryS98
https://dblp.org/pid/31/5809,https://dblp.org/rec/journals/sopr/PerryS97b
https://dblp.org/pid/31/5809,https://dblp.org/rec/journals/sopr/PerryS98b
https://dblp.org/pid/31/5809,https://dblp.org/rec/journals/sopr/PerryS97
https://dblp.org/pid/31/5809,https://dblp.org/rec/journals/sopr/PerryS98a
https://dblp.org/pid/31/5809,https://dblp.org/rec/journals/sopr/PerryS97c
https://dblp.org/pid/31/5809,https://dblp.org/rec/journals/sopr/PerryST02a
https://dblp.org/pid/31/5809,https://dblp.org/rec/journals/sopr/PerryST01a
https://dblp.org/pid/31/5809,https://dblp.org/rec/journals/sopr/PerryST01
https://dblp.org/pid/31/5809,https://dblp.org/rec/journals/sopr/PerryS95
https://dblp.org/pid/31/5809,https://dblp.org/rec/journals/sopr/PerryS96a
https://dblp.org/pid/31/5809,https://dblp.org/rec/journals/sopr/PerryST02
https://dblp.org/pid/31/5809,https://dblp.org/rec/journals/sopr/PerryST00
https://dblp.org/pid/31/5809,https://dblp.org/rec/journals/sopr/PerryS96b
https://dblp.org/pid/31/5809,https://dblp.org/rec/journals/sopr/PerryST01b
https://dblp.org/pid/31/5809,https://dblp.org/rec/journals/sopr/PerryS96c
https://dblp.org/pid/31/5809,https://dblp.org/rec/journals/sopr/JahnkeSZ97
https://dblp.org/pid/68/3728,https://dblp.org/rec/journals/computer/Platzner00
https://dblp.org/pid/76/5938,https://dblp.org/rec/journals/computer/TorresenPY15
https://dblp.org/pid/138/8052,https://dblp.org/rec/journals/fcomp/MarkarianP26
https://dblp.org/pid/79/6049,https://dblp.org/rec/journals/fcomp/MatareseRRS25
https://dblp.org/pid/r/FranzJosefRammig,https://dblp.org/rec/journals/soco/KhalufBR16
https://dblp.org/pid/164/2698,https://dblp.org/rec/journals/soco/NguyenDMG21
https://dblp.org/pid/k/UweKastens,https://dblp.org/rec/journals/sigplan/YehK88
https://dblp.org/pid/k/UweKastens,https://dblp.org/rec/journals/sigplan/YehK88b
https://dblp.org/pid/00/2717,https://dblp.org/rec/journals/ijbpim/JungmannKK13
https://dblp.org/pid/17/5476,https://dblp.org/rec/journals/ijbpim/JungmannKK13
https://dblp.org/pid/65/4336,https://dblp.org/rec/journals/tgdk/SharmaKN25
https://dblp.org/pid/138/4856,https://dblp.org/rec/journals/pacmhci/SchmidtY24
https://dblp.org/pid/327/6458,https://dblp.org/rec/journals/pacmhci/SimkoRKA23
https://dblp.org/pid/132/9687,https://dblp.org/rec/journals/pacmhci/SimkoRKA23
https://dblp.org/pid/132/9687,https://dblp.org/rec/journals/pacmhci/BoumaSimsA23
https://dblp.org/pid/327/6458,https://dblp.org/rec/journals/pacmhci/KaurRAF23
https://dblp.org/pid/132/9687,https://dblp.org/rec/journals/pacmhci/KaurRAF23
https://dblp.org/pid/138/4856,https://dblp.org/rec/journals/pacmhci/YigitbasHRASE19
https://dblp.org/pid/07/2093-1,https://dblp.org/rec/journals/pacmhci/YigitbasHRASE19
https://dblp.org/pid/e/GregorEngels,https://dblp.org/rec/journals/pacmhci/YigitbasHRASE19
https://dblp.org/pid/138/4856,https://dblp.org/rec/journals/pacmhci/KringsY24
https://dblp.org/pid/60/10319,https://dblp.org/rec/journals/jhss/AhmedWP24
https://dblp.org/pid/68/3728,https://dblp.org/rec/journals/jhss/AhmedWP24
https://dblp.org/pid/60/10319,https://dblp.org/rec/journals/jhss/AhmedWP24a
https://dblp.org/pid/68/3728,https://dblp.org/rec/journals/jhss/AhmedWP24a
https://dblp.org/pid/70/8080,https://dblp.org/rec/journals/jcm/BiermannDK09
https://dblp.org/pid/81/3518,https://dblp.org/rec/journals/ejcon/VertovecOM23
https://dblp.org/pid/07/2093-1,https://dblp.org/rec/journals/eceasst/0001S14
https://dblp.org/pid/129/9137-1,https://dblp.org/rec/journals/eceasst/GreenyerBM13
https://dblp.org/pid/13/8970,https://dblp.org/rec/journals/eceasst/LopezCSBMS22
https://dblp.org/pid/31/5809,https://dblp.org/rec/journals/eceasst/HildebrandtLGRGSLAS13
https://dblp.org/pid/129/9137-1,https://dblp.org/rec/journals/eceasst/BrennerGHLST14
https://dblp.org/pid/50/6546,https://dblp.org/rec/journals/eceasst/ArifulinaSE12
https://dblp.org/pid/e/GregorEngels,https://dblp.org/rec/journals/eceasst/ArifulinaSE12
https://dblp.org/pid/e/GregorEngels,https://dblp.org/rec/journals/eceasst/EngelsS10
https://dblp.org/pid/50/6546,https://dblp.org/rec/journals/eceasst/EngelsS10
https://dblp.org/pid/36/10647,https://dblp.org/rec/journals/eceasst/TravkinWS12
https://dblp.org/pid/50/6546,https://dblp.org/rec/journals/eceasst/SoltenbornE10
https://dblp.org/pid/e/GregorEngels,https://dblp.org/rec/journals/eceasst/SoltenbornE10
https://dblp.org/pid/68/3728,https://dblp.org/rec/journals/jpdc/BoschmannATWKP19
https://dblp.org/pid/76/5938,https://dblp.org/rec/journals/jpdc/MeyerKP22
https://dblp.org/pid/m/BurkhardMonien,https://dblp.org/rec/journals/jpdc/MonienGSSS06
https://dblp.org/pid/m/BurkhardMonien,https://dblp.org/rec/journals/jpdc/HeckmannKMU98
https://dblp.org/pid/m/BurkhardMonien,https://dblp.org/rec/journals/jpdc/TouzeneDM05
https://dblp.org/pid/m/BurkhardMonien,https://dblp.org/rec/journals/jpdc/MeyerhenkeMS09
https://dblp.org/pid/81/3518,https://dblp.org/rec/journals/mcss/FaulwasserFOSW22
https://dblp.org/pid/50/146-4,https://dblp.org/rec/journals/mcss/BergerIR21
https://dblp.org/pid/50/146-4,https://dblp.org/rec/journals/mcss/BergerIR12
https://dblp.org/pid/50/146-4,https://dblp.org/rec/journals/mcss/Berger14
https://dblp.org/pid/81/3518,https://dblp.org/rec/journals/mcss/FlasskampOW19
https://dblp.org/pid/81/3518,https://dblp.org/rec/journals/mcss/FlasskampMOW25
https://dblp.org/pid/94/5811-1,https://dblp.org/rec/journals/jcsc/FischerTWT03
https://dblp.org/pid/b/StBottcher,https://dblp.org/rec/journals/kais/GroppeGBWG09
https://dblp.org/pid/65/4336,https://dblp.org/rec/journals/air/MindlinBSHENC25
https://dblp.org/pid/08/8419,https://dblp.org/rec/journals/isci/ShakerSH13
https://dblp.org/pid/228/3129,https://dblp.org/rec/journals/isci/LeiteSBZG23
https://dblp.org/pid/228/3129,https://dblp.org/rec/journals/isci/SkrjancISLLG19
https://dblp.org/pid/228/3129,https://dblp.org/rec/journals/isci/LeiteS19
https://dblp.org/pid/13/8970,https://dblp.org/rec/journals/tce/Rubio-DrosdovSM17
https://dblp.org/pid/13/8970,https://dblp.org/rec/journals/tce/SanchezMMPC11
https://dblp.org/pid/13/8970,https://dblp.org/rec/journals/tce/MendozaASMG11
https://dblp.org/pid/13/8970,https://dblp.org/rec/journals/tce/CabarcosMGLS12
https://dblp.org/pid/13/8970,https://dblp.org/rec/journals/tce/SanchezSAAM16
https://dblp.org/pid/13/8970,https://dblp.org/rec/journals/tce/GuerreroAASM12
https://dblp.org/pid/13/8970,https://dblp.org/rec/journals/tce/CabarcosGMDL11
https://dblp.org/pid/13/8970,https://dblp.org/rec/journals/tce/AlmenaresAMDG13
https://dblp.org/pid/43/6309-1,https://dblp.org/rec/journals/jsis/SholloHTM22
https://dblp.org/pid/26/4979,https://dblp.org/rec/journals/jsis/GuttNZKC19
https://dblp.org/pid/93/4106,https://dblp.org/rec/journals/cma/IndlekoferW06
https://dblp.org/pid/203/2506,https://dblp.org/rec/journals/istr/ChaurasiaFSTC24
https://dblp.org/pid/13/8970,https://dblp.org/rec/journals/istr/ChaurasiaFSTC24
https://dblp.org/pid/94/5744,https://dblp.org/rec/journals/istr/FollnerB16
https://dblp.org/pid/k/ReinhardKeilSlawik,https://dblp.org/rec/journals/hac/HadjakosIKOV17
https://dblp.org/pid/m/BurkhardMonien,https://dblp.org/rec/journals/jgt/MonienW18
https://dblp.org/pid/e/GregorEngels,https://dblp.org/rec/journals/stt/Derakhshanmanesh16
https://dblp.org/pid/81/7126,https://dblp.org/rec/journals/stt/GroesbrinkN14
https://dblp.org/pid/07/2093-1,https://dblp.org/rec/journals/stt/Sauer18
https://dblp.org/pid/138/4856,https://dblp.org/rec/journals/stt/JovanovikjY0E20
https://dblp.org/pid/07/2093-1,https://dblp.org/rec/journals/stt/JovanovikjY0E20
https://dblp.org/pid/e/GregorEngels,https://dblp.org/rec/journals/stt/JovanovikjY0E20
https://dblp.org/pid/07/2093-1,https://dblp.org/rec/journals/stt/Grieger0K14
https://dblp.org/pid/07/2093-1,https://dblp.org/rec/journals/stt/QuanteKSSS25a
https://dblp.org/pid/14/3197-1,https://dblp.org/rec/journals/stt/Schulte02
https://dblp.org/pid/07/2093-1,https://dblp.org/rec/journals/stt/WorkshopMSG16
https://dblp.org/pid/07/2093-1,https://dblp.org/rec/journals/stt/GriegerFS16
https://dblp.org/pid/07/2093-1,https://dblp.org/rec/journals/stt/BeckerR0KR14
https://dblp.org/pid/138/4856,https://dblp.org/rec/journals/stt/JovanovikjYAS18
https://dblp.org/pid/07/2093-1,https://dblp.org/rec/journals/stt/JovanovikjYAS18
https://dblp.org/pid/138/4856,https://dblp.org/rec/journals/stt/YigitbasJ0E19
https://dblp.org/pid/07/2093-1,https://dblp.org/rec/journals/stt/YigitbasJ0E19
https://dblp.org/pid/e/GregorEngels,https://dblp.org/rec/journals/stt/YigitbasJ0E19
https://dblp.org/pid/07/2093-1,https://dblp.org/rec/journals/stt/SauerRKH018
https://dblp.org/pid/e/GregorEngels,https://dblp.org/rec/journals/stt/DoberkatKE04
https://dblp.org/pid/43/917,https://dblp.org/rec/journals/stt/PriesterjahnDGO23
https://dblp.org/pid/92/6400,https://dblp.org/rec/journals/stt/GrasslerPP21
https://dblp.org/pid/40/4987-1,https://dblp.org/rec/journals/stt/KeimSSB25
https://dblp.org/pid/81/10647,https://dblp.org/rec/journals/stt/UngerBBBMOPT04
https://dblp.org/pid/e/GregorEngels,https://dblp.org/rec/journals/stt/DerakhshanmaneshEE14
https://dblp.org/pid/07/2093-1,https://dblp.org/rec/journals/stt/SauerE10
https://dblp.org/pid/e/GregorEngels,https://dblp.org/rec/journals/stt/SauerE10
https://dblp.org/pid/07/2093-1,https://dblp.org/rec/journals/stt/QuanteKSSS24a
https://dblp.org/pid/e/GregorEngels,https://dblp.org/rec/journals/stt/EngelsGS08
https://dblp.org/pid/07/2093-1,https://dblp.org/rec/journals/stt/EngelsGS08
https://dblp.org/pid/07/2093-1,https://dblp.org/rec/journals/stt/SauerH01
https://dblp.org/pid/07/2093-1,https://dblp.org/rec/journals/stt/Sauer24a
https://dblp.org/pid/07/2093-1,https://dblp.org/rec/journals/stt/GriegerGS12
https://dblp.org/pid/07/2093-1,https://dblp.org/rec/journals/stt/Sauer24
https://dblp.org/pid/07/2093-1,https://dblp.org/rec/journals/stt/GuldaliSL12
https://dblp.org/pid/07/2093-1,https://dblp.org/rec/journals/stt/JovanovikjS17
https://dblp.org/pid/94/5744,https://dblp.org/rec/journals/stt/BoddenAFHHR24
https://dblp.org/pid/132/9687,https://dblp.org/rec/journals/stt/BoddenAFHHR24
https://dblp.org/pid/07/2093-1,https://dblp.org/rec/journals/stt/QuanteKSSS25
https://dblp.org/pid/07/2093-1,https://dblp.org/rec/journals/stt/Fazal-BaqaieG0K14
https://dblp.org/pid/138/4856,https://dblp.org/rec/journals/stt/JovanovikjYS18
https://dblp.org/pid/07/2093-1,https://dblp.org/rec/journals/stt/JovanovikjYS18
https://dblp.org/pid/e/GregorEngels,https://dblp.org/rec/journals/stt/DoberkatE02
https://dblp.org/pid/07/2093-1,https://dblp.org/rec/journals/stt/QuanteKSSS24
https://dblp.org/pid/07/2093-1,https://dblp.org/rec/journals/stt/QuanteKSSS23
https://dblp.org/pid/07/2093-1,https://dblp.org/rec/journals/stt/Sauer12
https://dblp.org/pid/07/2093-1,https://dblp.org/rec/journals/stt/QuanteKSSS23a
https://dblp.org/pid/138/4856,https://dblp.org/rec/journals/stt/JovanovikjGY16
https://dblp.org/pid/77/949,https://dblp.org/rec/journals/tcas/HerzelOS10
https://dblp.org/pid/77/949,https://dblp.org/rec/journals/tcas/SedighiS12
https://dblp.org/pid/26/4979,https://dblp.org/rec/journals/wm/LuttenbergBPKW21
https://dblp.org/pid/70/8643,https://dblp.org/rec/journals/wm/LuttenbergBPKW21
https://dblp.org/pid/26/4979,https://dblp.org/rec/journals/wm/BohnK20
https://dblp.org/pid/26/4979,https://dblp.org/rec/journals/wm/SeutterMK23
https://dblp.org/pid/228/3129,https://dblp.org/rec/journals/cea/MotaDL18
https://dblp.org/pid/228/3129,https://dblp.org/rec/journals/cea/AlvarengaLSJFAR22
https://dblp.org/pid/26/4979,https://dblp.org/rec/journals/misq/NeumannGK23
https://dblp.org/pid/70/8643,https://dblp.org/rec/journals/misq/SchererWW15
https://dblp.org/pid/76/5938,https://dblp.org/rec/journals/puc/PlesslEWBPTT03
https://dblp.org/pid/68/3728,https://dblp.org/rec/journals/puc/PlesslEWBPTT03
https://dblp.org/pid/r/FranzJosefRammig,https://dblp.org/rec/journals/it/Rammig98
https://dblp.org/pid/r/FranzJosefRammig,https://dblp.org/rec/journals/it/BokeR99
https://dblp.org/pid/m/BurkhardMonien,https://dblp.org/rec/journals/it/LiggesmeyerM14
https://dblp.org/pid/h/FMaufderHeide,https://dblp.org/rec/journals/it/Heide03
https://dblp.org/pid/k/UweKastens,https://dblp.org/rec/journals/it/Kastens10
https://dblp.org/pid/19/3568,https://dblp.org/rec/journals/it/FeldmannMM95
https://dblp.org/pid/m/BurkhardMonien,https://dblp.org/rec/journals/it/FeldmannMM95
https://dblp.org/pid/k/ReinhardKeilSlawik,https://dblp.org/rec/journals/it/Keil-Slawik02
https://dblp.org/pid/53/4856,https://dblp.org/rec/journals/it/Briest09
https://dblp.org/pid/m/WMuller3,https://dblp.org/rec/journals/it/0003S98
https://dblp.org/pid/m/WMuller3,https://dblp.org/rec/journals/it/EikerlingMW02
https://dblp.org/pid/44/5175-1,https://dblp.org/rec/journals/it/DittmannRSHSN07
https://dblp.org/pid/r/FranzJosefRammig,https://dblp.org/rec/journals/it/DittmannRSHSN07
https://dblp.org/pid/m/BurkhardMonien,https://dblp.org/rec/journals/ita/Monien80
https://dblp.org/pid/k/HKleineBuning,https://dblp.org/rec/journals/ita/FlogelBL93
https://dblp.org/pid/17/2025,https://dblp.org/rec/journals/ita/FlogelBL93
https://dblp.org/pid/h/FMaufderHeide,https://dblp.org/rec/journals/ita/JustHW89
https://dblp.org/pid/94/5744,https://dblp.org/rec/journals/toplas/BoddenLH12
https://dblp.org/pid/38/2606-2,https://dblp.org/rec/journals/siamjo/Fabian0KS15
https://dblp.org/pid/m/BurkhardMonien,https://dblp.org/rec/journals/computing/Monien83
https://dblp.org/pid/m/BurkhardMonien,https://dblp.org/rec/journals/computing/Monien70
https://dblp.org/pid/e/GregorEngels,https://dblp.org/rec/journals/computing/EngelsGNS83
https://dblp.org/pid/31/5809,https://dblp.org/rec/journals/computing/EngelsGNS83
https://dblp.org/pid/18/2890,https://dblp.org/rec/journals/cagd/ZhouCZTS18
https://dblp.org/pid/18/2890,https://dblp.org/rec/journals/cagd/HinderinkMC22
https://dblp.org/pid/18/2890,https://dblp.org/rec/journals/cagd/MandadCBC22
https://dblp.org/pid/m/BurkhardMonien,https://dblp.org/rec/journals/paapp/DiekmannLMS96
https://dblp.org/pid/225/7849-7,https://dblp.org/rec/journals/intr/SeutterMMK24
https://dblp.org/pid/26/4979,https://dblp.org/rec/journals/intr/SeutterMMK24
https://dblp.org/pid/68/3728,https://dblp.org/rec/journals/tciaig/SchaefersP15
https://dblp.org/pid/55/3839,https://dblp.org/rec/journals/dsp/LeongS24
https://dblp.org/pid/76/5938,https://dblp.org/rec/journals/sigarch/GiefersPF13
https://dblp.org/pid/150/0050,https://dblp.org/rec/journals/corr/abs-2107-14570
https://dblp.org/pid/s/ChristianScheideler,https://dblp.org/rec/journals/corr/abs-2107-14570
https://dblp.org/pid/55/3839,https://dblp.org/rec/journals/corr/NourianLD14
https://dblp.org/pid/94/5744,https://dblp.org/rec/journals/corr/abs-2402-17679
https://dblp.org/pid/b/StBottcher,https://dblp.org/rec/journals/corr/abs-2001-04760
https://dblp.org/pid/48/5080,https://dblp.org/rec/journals/corr/abs-2001-04760
https://dblp.org/pid/b/StBottcher,https://dblp.org/rec/journals/corr/abs-2506-05023
https://dblp.org/pid/48/5080,https://dblp.org/rec/journals/corr/abs-2506-05023
https://dblp.org/pid/55/3839,https://dblp.org/rec/journals/corr/abs-1911-00156
https://dblp.org/pid/65/4336,https://dblp.org/rec/journals/corr/abs-2402-04870
https://dblp.org/pid/81/3518,https://dblp.org/rec/journals/corr/abs-2212-07209
https://dblp.org/pid/88/6542,https://dblp.org/rec/journals/corr/abs-2306-12173
https://dblp.org/pid/s/MohammadSoleymani-2,https://dblp.org/rec/journals/corr/abs-2301-00594
https://dblp.org/pid/65/4336,https://dblp.org/rec/journals/corr/abs-2410-06742
https://dblp.org/pid/h/FMaufderHeide,https://dblp.org/rec/journals/corr/Cord-LandwehrMH14
https://dblp.org/pid/150/4812-2,https://dblp.org/rec/journals/corr/abs-2510-20457
https://dblp.org/pid/65/4336,https://dblp.org/rec/journals/corr/abs-2510-20457
https://dblp.org/pid/53/4856,https://dblp.org/rec/journals/corr/abs-0802-2841
https://dblp.org/pid/132/9687,https://dblp.org/rec/journals/corr/abs-2504-00924
https://dblp.org/pid/203/2506,https://dblp.org/rec/journals/corr/abs-2111-13475
https://dblp.org/pid/138/4856,https://dblp.org/rec/journals/corr/abs-2306-12274
https://dblp.org/pid/e/GregorEngels,https://dblp.org/rec/journals/corr/abs-2306-12274
https://dblp.org/pid/s/MohammadSoleymani-2,https://dblp.org/rec/journals/corr/abs-2208-08753
https://dblp.org/pid/132/9687,https://dblp.org/rec/journals/corr/abs-2302-14326
https://dblp.org/pid/168/1542,https://dblp.org/rec/journals/corr/abs-2407-06041
https://dblp.org/pid/65/4336,https://dblp.org/rec/journals/corr/abs-2407-06041
https://dblp.org/pid/228/3129,https://dblp.org/rec/journals/corr/abs-2004-13527
https://dblp.org/pid/65/4336,https://dblp.org/rec/journals/corr/abs-2105-03161
https://dblp.org/pid/40/4987-1,https://dblp.org/rec/journals/corr/abs-2103-11392
https://dblp.org/pid/168/1542,https://dblp.org/rec/journals/corr/abs-1803-07828
https://dblp.org/pid/65/4336,https://dblp.org/rec/journals/corr/abs-1803-07828
https://dblp.org/pid/81/3518,https://dblp.org/rec/journals/corr/abs-2104-12221
https://dblp.org/pid/38/1605,https://dblp.org/rec/journals/corr/abs-1101-3884
https://dblp.org/pid/169/3113,https://dblp.org/rec/journals/corr/abs-2006-08435
https://dblp.org/pid/76/5938,https://dblp.org/rec/journals/corr/abs-2006-08435
https://dblp.org/pid/228/3129,https://dblp.org/rec/journals/corr/abs-2004-09986
https://dblp.org/pid/55/3839,https://dblp.org/rec/journals/corr/NourianLDQ14
https://dblp.org/pid/150/4812-2,https://dblp.org/rec/journals/corr/abs-2511-11281
https://dblp.org/pid/65/4336,https://dblp.org/rec/journals/corr/abs-2511-11281
https://dblp.org/pid/17/6729-15,https://dblp.org/rec/journals/corr/WangAZWL15
https://dblp.org/pid/132/9687,https://dblp.org/rec/journals/corr/abs-2507-13028
https://dblp.org/pid/88/6542,https://dblp.org/rec/journals/corr/abs-1911-08895
https://dblp.org/pid/119/5839,https://dblp.org/rec/journals/corr/abs-2004-09188
https://dblp.org/pid/s/ChristianScheideler,https://dblp.org/rec/journals/corr/abs-2509-17771
https://dblp.org/pid/48/8997,https://dblp.org/rec/journals/corr/EikelSS14
https://dblp.org/pid/s/ChristianScheideler,https://dblp.org/rec/journals/corr/EikelSS14
https://dblp.org/pid/76/5938,https://dblp.org/rec/journals/corr/abs-2202-13995
https://dblp.org/pid/168/1542,https://dblp.org/rec/journals/corr/abs-1907-10676
https://dblp.org/pid/65/4336,https://dblp.org/rec/journals/corr/abs-1907-10676
https://dblp.org/pid/88/6542,https://dblp.org/rec/journals/corr/abs-2205-00944
https://dblp.org/pid/34/2589,https://dblp.org/rec/journals/corr/abs-2208-00220
https://dblp.org/pid/65/4336,https://dblp.org/rec/journals/corr/abs-2105-12524
https://dblp.org/pid/s/ChristianScheideler,https://dblp.org/rec/journals/corr/DaymudeGRSS17
https://dblp.org/pid/147/3358,https://dblp.org/rec/journals/corr/DaymudeGRSS17
https://dblp.org/pid/203/2506,https://dblp.org/rec/journals/corr/abs-2012-01030
https://dblp.org/pid/38/1605,https://dblp.org/rec/journals/corr/abs-2407-03073
https://dblp.org/pid/138/4856,https://dblp.org/rec/journals/corr/abs-2504-18238
https://dblp.org/pid/h/FMaufderHeide,https://dblp.org/rec/journals/corr/abs-1904-05220
https://dblp.org/pid/132/9687,https://dblp.org/rec/journals/corr/abs-2212-12964
https://dblp.org/pid/88/6542,https://dblp.org/rec/journals/corr/abs-2011-15003
https://dblp.org/pid/76/5938,https://dblp.org/rec/journals/corr/abs-2108-12188
https://dblp.org/pid/s/MohammadSoleymani-2,https://dblp.org/rec/journals/corr/abs-2503-19547
https://dblp.org/pid/65/4336,https://dblp.org/rec/journals/corr/abs-2604-12651
https://dblp.org/pid/65/4336,https://dblp.org/rec/journals/corr/abs-2105-00741
https://dblp.org/pid/18/2890,https://dblp.org/rec/journals/corr/abs-2202-12670
https://dblp.org/pid/76/5938,https://dblp.org/rec/journals/corr/abs-2004-11059
https://dblp.org/pid/202/1859,https://dblp.org/rec/journals/corr/abs-2010-04424
https://dblp.org/pid/98/3010-1,https://dblp.org/rec/journals/corr/abs-2010-04424
https://dblp.org/pid/h/FMaufderHeide,https://dblp.org/rec/journals/corr/abs-2010-04424
https://dblp.org/pid/119/5839,https://dblp.org/rec/journals/corr/abs-2005-13865
https://dblp.org/pid/34/2589,https://dblp.org/rec/journals/corr/abs-2005-13865
https://dblp.org/pid/33/2110,https://dblp.org/rec/journals/corr/BlomerBB16a
https://dblp.org/pid/127/6615,https://dblp.org/rec/journals/corr/BlomerBB16a
https://dblp.org/pid/168/1542,https://dblp.org/rec/journals/corr/abs-1711-09476
https://dblp.org/pid/65/4336,https://dblp.org/rec/journals/corr/abs-1711-09476
https://dblp.org/pid/150/4812-2,https://dblp.org/rec/journals/corr/abs-2412-08324
https://dblp.org/pid/94/5744,https://dblp.org/rec/journals/corr/abs-2601-23020
https://dblp.org/pid/s/ChristianScheideler,https://dblp.org/rec/journals/corr/abs-1904-10706
https://dblp.org/pid/07/2093-1,https://dblp.org/rec/journals/corr/abs-2109-11435
https://dblp.org/pid/203/2506,https://dblp.org/rec/journals/corr/abs-2002-03592
https://dblp.org/pid/08/8419,https://dblp.org/rec/journals/corr/abs-2207-04447
https://dblp.org/pid/s/MohammadSoleymani-2,https://dblp.org/rec/journals/corr/abs-2306-01309
https://dblp.org/pid/132/9687,https://dblp.org/rec/journals/corr/abs-2405-08762
https://dblp.org/pid/s/ChristianScheideler,https://dblp.org/rec/journals/corr/abs-1007-1189
https://dblp.org/pid/08/7058,https://dblp.org/rec/journals/corr/abs-2007-01191
https://dblp.org/pid/s/ChristianScheideler,https://dblp.org/rec/journals/corr/abs-2007-01191
https://dblp.org/pid/145/1160,https://dblp.org/rec/journals/corr/abs-2002-06039
https://dblp.org/pid/65/4336,https://dblp.org/rec/journals/corr/abs-2002-06039
https://dblp.org/pid/119/5839,https://dblp.org/rec/journals/corr/abs-2207-14036
https://dblp.org/pid/138/4856,https://dblp.org/rec/journals/corr/abs-1803-10831
https://dblp.org/pid/s/ChristianScheideler,https://dblp.org/rec/journals/corr/abs-2604-16112
https://dblp.org/pid/08/335-1,https://dblp.org/rec/journals/corr/abs-2604-16112
https://dblp.org/pid/k/HKleineBuning,https://dblp.org/rec/journals/corr/BuningWS16
https://dblp.org/pid/132/9687,https://dblp.org/rec/journals/corr/abs-2307-16557
https://dblp.org/pid/119/5839,https://dblp.org/rec/journals/corr/abs-2305-18955
https://dblp.org/pid/h/FMaufderHeide,https://dblp.org/rec/journals/corr/abs-2108-02109
https://dblp.org/pid/202/1859,https://dblp.org/rec/journals/corr/abs-2109-11856
https://dblp.org/pid/h/FMaufderHeide,https://dblp.org/rec/journals/corr/abs-2109-11856
https://dblp.org/pid/13/8970,https://dblp.org/rec/journals/corr/abs-2501-17866
https://dblp.org/pid/88/6542,https://dblp.org/rec/journals/corr/abs-2309-16482
https://dblp.org/pid/132/9687,https://dblp.org/rec/journals/corr/abs-2505-10538
https://dblp.org/pid/s/ChristianScheideler,https://dblp.org/rec/journals/corr/abs-2411-19859
https://dblp.org/pid/88/6542,https://dblp.org/rec/journals/corr/abs-1712-09718
https://dblp.org/pid/81/3518,https://dblp.org/rec/journals/corr/abs-2002-04388
https://dblp.org/pid/65/4336,https://dblp.org/rec/journals/corr/abs-2112-07606
https://dblp.org/pid/40/4987-1,https://dblp.org/rec/journals/corr/abs-2103-11705
https://dblp.org/pid/81/3518,https://dblp.org/rec/journals/corr/abs-2203-12407
https://dblp.org/pid/98/3010-1,https://dblp.org/rec/journals/corr/AbshoffCJS14
https://dblp.org/pid/119/5839,https://dblp.org/rec/journals/corr/abs-2003-13826
https://dblp.org/pid/228/3129,https://dblp.org/rec/journals/corr/abs-2102-09521
https://dblp.org/pid/94/5744,https://dblp.org/rec/journals/corr/abs-2312-16882
https://dblp.org/pid/17/6729-15,https://dblp.org/rec/journals/corr/WangZZVRL14
https://dblp.org/pid/76/5938,https://dblp.org/rec/journals/corr/abs-1907-08497
https://dblp.org/pid/169/3113,https://dblp.org/rec/journals/corr/abs-1907-08497
https://dblp.org/pid/65/4336,https://dblp.org/rec/journals/corr/abs-2205-06560
https://dblp.org/pid/s/ChristianScheideler,https://dblp.org/rec/journals/corr/abs-2210-05333
https://dblp.org/pid/138/8052,https://dblp.org/rec/journals/corr/abs-2006-16762
https://dblp.org/pid/84/1558-1,https://dblp.org/rec/journals/corr/abs-0810-0052
https://dblp.org/pid/24/250-2,https://dblp.org/rec/journals/corr/abs-0810-0052
https://dblp.org/pid/h/FMaufderHeide,https://dblp.org/rec/journals/corr/abs-0810-0052
https://dblp.org/pid/38/1605,https://dblp.org/rec/journals/corr/abs-1909-05981
https://dblp.org/pid/33/2110,https://dblp.org/rec/journals/corr/BlomerBB15
https://dblp.org/pid/127/6615,https://dblp.org/rec/journals/corr/BlomerBB15
https://dblp.org/pid/43/6309-1,https://dblp.org/rec/journals/corr/abs-2105-04984
https://dblp.org/pid/65/4336,https://dblp.org/rec/journals/corr/abs-2111-08486
https://dblp.org/pid/261/3628,https://dblp.org/rec/journals/corr/abs-2601-18846
https://dblp.org/pid/34/2589,https://dblp.org/rec/journals/corr/abs-2601-18846
https://dblp.org/pid/203/2506,https://dblp.org/rec/journals/corr/abs-2211-12483
https://dblp.org/pid/34/2589,https://dblp.org/rec/journals/corr/abs-1711-08921
https://dblp.org/pid/65/4336,https://dblp.org/rec/journals/corr/abs-2406-19092
https://dblp.org/pid/203/2506,https://dblp.org/rec/journals/corr/abs-2003-09373
https://dblp.org/pid/s/ChristianScheideler,https://dblp.org/rec/journals/corr/abs-1809-02436
https://dblp.org/pid/132/9687,https://dblp.org/rec/journals/corr/abs-2510-24920
https://dblp.org/pid/76/3237,https://dblp.org/rec/journals/corr/abs-1808-01877
https://dblp.org/pid/70/8080,https://dblp.org/rec/journals/corr/DraxlerBDVK13
https://dblp.org/pid/s/MohammadSoleymani-2,https://dblp.org/rec/journals/corr/abs-2303-03014
https://dblp.org/pid/164/2698,https://dblp.org/rec/journals/corr/abs-2006-11916
https://dblp.org/pid/65/4336,https://dblp.org/rec/journals/corr/abs-2207-08544
https://dblp.org/pid/38/1605,https://dblp.org/rec/journals/corr/abs-2206-05243
https://dblp.org/pid/55/3839,https://dblp.org/rec/journals/corr/LeongQ15
https://dblp.org/pid/s/ChristianScheideler,https://dblp.org/rec/journals/corr/abs-1904-11395
https://dblp.org/pid/119/5839,https://dblp.org/rec/journals/corr/abs-2106-07412
https://dblp.org/pid/38/1605,https://dblp.org/rec/journals/corr/abs-2401-02368
https://dblp.org/pid/88/6542,https://dblp.org/rec/journals/corr/abs-2012-06142
https://dblp.org/pid/08/7058,https://dblp.org/rec/journals/corr/abs-1808-10300
https://dblp.org/pid/150/0050,https://dblp.org/rec/journals/corr/abs-1808-10300
https://dblp.org/pid/s/ChristianScheideler,https://dblp.org/rec/journals/corr/abs-1808-10300
https://dblp.org/pid/150/4812-2,https://dblp.org/rec/journals/corr/abs-2511-10767
https://dblp.org/pid/174/1998,https://dblp.org/rec/journals/corr/abs-1710-00564
https://dblp.org/pid/94/5744,https://dblp.org/rec/journals/corr/abs-1710-00564
https://dblp.org/pid/94/5744,https://dblp.org/rec/journals/corr/abs-2310-06758
https://dblp.org/pid/69/5050-8,https://dblp.org/rec/journals/corr/abs-1905-04962
https://dblp.org/pid/18/2890,https://dblp.org/rec/journals/corr/abs-1810-02460
https://dblp.org/pid/88/6542,https://dblp.org/rec/journals/corr/abs-2501-07215
https://dblp.org/pid/m/BurkhardMonien,https://dblp.org/rec/journals/corr/MavronicolasM15
https://dblp.org/pid/119/5839,https://dblp.org/rec/journals/corr/abs-2002-01070
https://dblp.org/pid/13/8970,https://dblp.org/rec/journals/corr/abs-2404-18694
https://dblp.org/pid/m/BurkhardMonien,https://dblp.org/rec/journals/corr/abs-2009-04425
https://dblp.org/pid/s/ChristianScheideler,https://dblp.org/rec/journals/corr/DerakhshandehGR15
https://dblp.org/pid/147/3358,https://dblp.org/rec/journals/corr/DerakhshandehGR15
https://dblp.org/pid/33/2110,https://dblp.org/rec/journals/corr/BlomerBK13
https://dblp.org/pid/127/6615,https://dblp.org/rec/journals/corr/BlomerBK13
https://dblp.org/pid/38/1605,https://dblp.org/rec/journals/corr/abs-2207-10250
https://dblp.org/pid/48/8997,https://dblp.org/rec/journals/corr/abs-1207-5419
https://dblp.org/pid/94/5744,https://dblp.org/rec/journals/corr/abs-1901-03603
https://dblp.org/pid/138/7323,https://dblp.org/rec/journals/corr/abs-1907-09834
https://dblp.org/pid/h/FMaufderHeide,https://dblp.org/rec/journals/corr/abs-1907-09834
https://dblp.org/pid/17/6729-15,https://dblp.org/rec/journals/corr/abs-2406-19990
https://dblp.org/pid/38/1605,https://dblp.org/rec/journals/corr/abs-1209-1055
https://dblp.org/pid/38/1605,https://dblp.org/rec/journals/corr/abs-2111-02296
https://dblp.org/pid/14/3197-1,https://dblp.org/rec/journals/corr/abs-2411-08514
https://dblp.org/pid/94/5744,https://dblp.org/rec/journals/corr/abs-1908-01489
https://dblp.org/pid/88/6542,https://dblp.org/rec/journals/corr/abs-2110-12820
https://dblp.org/pid/132/9687,https://dblp.org/rec/journals/corr/abs-2509-08782
https://dblp.org/pid/327/6458,https://dblp.org/rec/journals/corr/abs-2509-08782
https://dblp.org/pid/65/4336,https://dblp.org/rec/journals/corr/UsbeckHDN16
https://dblp.org/pid/88/6542,https://dblp.org/rec/journals/corr/abs-2303-03849
https://dblp.org/pid/b/StBottcher,https://dblp.org/rec/journals/corr/abs-2306-01028
https://dblp.org/pid/48/5080,https://dblp.org/rec/journals/corr/abs-2306-01028
https://dblp.org/pid/228/3129,https://dblp.org/rec/journals/corr/abs-2402-17792
https://dblp.org/pid/65/4336,https://dblp.org/rec/journals/corr/abs-2402-17792
https://dblp.org/pid/138/4856,https://dblp.org/rec/journals/corr/abs-2103-10804
https://dblp.org/pid/e/GregorEngels,https://dblp.org/rec/journals/corr/abs-2103-10804
https://dblp.org/pid/65/4336,https://dblp.org/rec/journals/corr/abs-2001-07418
https://dblp.org/pid/138/8052,https://dblp.org/rec/journals/corr/Abu-KhzamMHS15
https://dblp.org/pid/h/FMaufderHeide,https://dblp.org/rec/journals/corr/Abu-KhzamMHS15
https://dblp.org/pid/s/ChristianScheideler,https://dblp.org/rec/journals/corr/cs-DC-0404029
https://dblp.org/pid/65/4336,https://dblp.org/rec/journals/corr/abs-2510-25361
https://dblp.org/pid/s/ChristianScheideler,https://dblp.org/rec/journals/corr/abs-2501-16892
https://dblp.org/pid/88/6542,https://dblp.org/rec/journals/corr/abs-2204-01338
https://dblp.org/pid/119/5839,https://dblp.org/rec/journals/corr/abs-2108-05005
https://dblp.org/pid/53/4856,https://dblp.org/rec/journals/corr/abs-1105-1248
https://dblp.org/pid/68/7642,https://dblp.org/rec/journals/corr/abs-1105-1248
https://dblp.org/pid/70/7642-1,https://dblp.org/rec/journals/corr/abs-1105-1248
https://dblp.org/pid/08/7058,https://dblp.org/rec/journals/corr/abs-1805-03472
https://dblp.org/pid/s/ChristianScheideler,https://dblp.org/rec/journals/corr/abs-1805-03472
https://dblp.org/pid/203/2506,https://dblp.org/rec/journals/corr/abs-2002-09181
https://dblp.org/pid/327/6458,https://dblp.org/rec/journals/corr/abs-2509-09351
https://dblp.org/pid/132/9687,https://dblp.org/rec/journals/corr/abs-2509-09351
https://dblp.org/pid/94/5744,https://dblp.org/rec/journals/corr/abs-2409-06564
https://dblp.org/pid/168/1542,https://dblp.org/rec/journals/corr/abs-2101-09090
https://dblp.org/pid/65/4336,https://dblp.org/rec/journals/corr/abs-2101-09090
https://dblp.org/pid/98/3010-1,https://dblp.org/rec/journals/corr/abs-1710-09280
https://dblp.org/pid/150/0050,https://dblp.org/rec/journals/corr/abs-1710-09280
https://dblp.org/pid/s/ChristianScheideler,https://dblp.org/rec/journals/corr/abs-1710-09280
https://dblp.org/pid/202/1859,https://dblp.org/rec/journals/corr/abs-1710-09280
https://dblp.org/pid/119/5839,https://dblp.org/rec/journals/corr/abs-2005-13825
https://dblp.org/pid/203/2506,https://dblp.org/rec/journals/corr/abs-2009-09918
https://dblp.org/pid/203/2506,https://dblp.org/rec/journals/corr/abs-2111-12405
https://dblp.org/pid/34/2589,https://dblp.org/rec/journals/corr/abs-2512-16491
https://dblp.org/pid/33/2110,https://dblp.org/rec/journals/corr/BlomerB13
https://dblp.org/pid/127/6615,https://dblp.org/rec/journals/corr/BlomerB13
https://dblp.org/pid/17/6729-15,https://dblp.org/rec/journals/corr/abs-2504-21571
https://dblp.org/pid/65/4336,https://dblp.org/rec/journals/corr/abs-2008-03130
https://dblp.org/pid/168/1542,https://dblp.org/rec/journals/corr/abs-1902-08816
https://dblp.org/pid/65/4336,https://dblp.org/rec/journals/corr/abs-1902-08816
https://dblp.org/pid/s/ChristianScheideler,https://dblp.org/rec/journals/corr/abs-2205-02610
https://dblp.org/pid/08/335-1,https://dblp.org/rec/journals/corr/abs-2205-02610
https://dblp.org/pid/132/9687,https://dblp.org/rec/journals/corr/abs-2306-09708
https://dblp.org/pid/203/2506,https://dblp.org/rec/journals/corr/abs-2106-05601
https://dblp.org/pid/43/6309-1,https://dblp.org/rec/journals/corr/abs-2410-09487
https://dblp.org/pid/88/6542,https://dblp.org/rec/journals/corr/abs-2509-10143
https://dblp.org/pid/119/5839,https://dblp.org/rec/journals/corr/abs-2306-00222
https://dblp.org/pid/34/2589,https://dblp.org/rec/journals/corr/MartiGKTR15
https://dblp.org/pid/88/6542,https://dblp.org/rec/journals/corr/abs-1904-01340
https://dblp.org/pid/14/3197-1,https://dblp.org/rec/journals/corr/abs-2603-24325
https://dblp.org/pid/34/2589,https://dblp.org/rec/journals/corr/abs-2412-07444
https://dblp.org/pid/169/3113,https://dblp.org/rec/journals/corr/abs-2104-08245
https://dblp.org/pid/76/5938,https://dblp.org/rec/journals/corr/abs-2104-08245
https://dblp.org/pid/88/6542,https://dblp.org/rec/journals/corr/abs-2107-14446
https://dblp.org/pid/174/1998,https://dblp.org/rec/journals/corr/abs-2204-03089
https://dblp.org/pid/94/5744,https://dblp.org/rec/journals/corr/abs-2204-03089
https://dblp.org/pid/228/3129,https://dblp.org/rec/journals/corr/abs-2506-06594
https://dblp.org/pid/76/5938,https://dblp.org/rec/journals/corr/abs-2512-07401
https://dblp.org/pid/s/ChristianScheideler,https://dblp.org/rec/journals/corr/abs-1007-4389
https://dblp.org/pid/145/1160,https://dblp.org/rec/journals/corr/abs-2003-13779
https://dblp.org/pid/65/4336,https://dblp.org/rec/journals/corr/abs-2003-13779
https://dblp.org/pid/08/7058,https://dblp.org/rec/journals/corr/abs-2105-05071
https://dblp.org/pid/s/ChristianScheideler,https://dblp.org/rec/journals/corr/abs-2105-05071
https://dblp.org/pid/203/2506,https://dblp.org/rec/journals/corr/abs-2402-08656
https://dblp.org/pid/13/8970,https://dblp.org/rec/journals/corr/abs-2402-08656
https://dblp.org/pid/169/3113,https://dblp.org/rec/journals/corr/abs-2303-13632
https://dblp.org/pid/76/5938,https://dblp.org/rec/journals/corr/abs-2303-13632
https://dblp.org/pid/s/MohammadSoleymani-2,https://dblp.org/rec/journals/corr/abs-2206-03795
https://dblp.org/pid/43/917,https://dblp.org/rec/journals/corr/abs-2512-02600
https://dblp.org/pid/138/4956,https://dblp.org/rec/journals/corr/abs-2512-02600
https://dblp.org/pid/132/9687,https://dblp.org/rec/journals/corr/abs-2512-02600
https://dblp.org/pid/s/ChristianScheideler,https://dblp.org/rec/journals/corr/DerakhshandehGR16
https://dblp.org/pid/147/3358,https://dblp.org/rec/journals/corr/DerakhshandehGR16
https://dblp.org/pid/s/ChristianScheideler,https://dblp.org/rec/journals/corr/DerakhshandehGP16
https://dblp.org/pid/147/3358,https://dblp.org/rec/journals/corr/DerakhshandehGP16
https://dblp.org/pid/08/8419,https://dblp.org/rec/journals/corr/abs-1811-05695
https://dblp.org/pid/40/4987-1,https://dblp.org/rec/journals/corr/abs-2507-02695
https://dblp.org/pid/40/4987-1,https://dblp.org/rec/journals/corr/abs-2309-06020
https://dblp.org/pid/h/FMaufderHeide,https://dblp.org/rec/journals/corr/abs-cs-0512081
https://dblp.org/pid/177/9340,https://dblp.org/rec/journals/corr/abs-1902-00246
https://dblp.org/pid/228/3129,https://dblp.org/rec/journals/corr/abs-2005-04156
https://dblp.org/pid/138/4856,https://dblp.org/rec/journals/corr/abs-2410-21894
https://dblp.org/pid/13/8970,https://dblp.org/rec/journals/corr/abs-2209-08048
https://dblp.org/pid/18/2890,https://dblp.org/rec/journals/corr/abs-2112-05793
https://dblp.org/pid/88/6542,https://dblp.org/rec/journals/corr/abs-2110-15581
https://dblp.org/pid/s/ChristianScheideler,https://dblp.org/rec/journals/corr/abs-2603-10720
https://dblp.org/pid/81/3518,https://dblp.org/rec/journals/corr/abs-2406-04104
https://dblp.org/pid/88/6542,https://dblp.org/rec/journals/corr/abs-2103-06581
https://dblp.org/pid/34/2589,https://dblp.org/rec/journals/corr/GrimmePAT17
https://dblp.org/pid/43/6309-1,https://dblp.org/rec/journals/corr/abs-2006-11406
https://dblp.org/pid/65/4336,https://dblp.org/rec/journals/corr/abs-2603-06506
https://dblp.org/pid/40/4987-1,https://dblp.org/rec/journals/corr/abs-2308-13128
https://dblp.org/pid/138/7323,https://dblp.org/rec/journals/corr/abs-1709-07259
https://dblp.org/pid/h/FMaufderHeide,https://dblp.org/rec/journals/corr/abs-1709-07259
https://dblp.org/pid/33/2110,https://dblp.org/rec/journals/corr/BlomerL0S16
https://dblp.org/pid/68/3728,https://dblp.org/rec/journals/corr/abs-2306-12761
https://dblp.org/pid/65/4336,https://dblp.org/rec/journals/corr/abs-2504-18483
https://dblp.org/pid/s/ChristianScheideler,https://dblp.org/rec/journals/corr/abs-2503-11600
https://dblp.org/pid/169/3113,https://dblp.org/rec/journals/corr/abs-1710-10899
https://dblp.org/pid/76/5938,https://dblp.org/rec/journals/corr/abs-1710-10899
https://dblp.org/pid/26/4979,https://dblp.org/rec/journals/corr/abs-1110-2096
https://dblp.org/pid/88/6542,https://dblp.org/rec/journals/corr/abs-2307-11394
https://dblp.org/pid/203/2506,https://dblp.org/rec/journals/corr/abs-2304-13409
https://dblp.org/pid/55/3839,https://dblp.org/rec/journals/corr/LeongQDD17
https://dblp.org/pid/65/4336,https://dblp.org/rec/journals/corr/abs-1911-01248
https://dblp.org/pid/168/1542,https://dblp.org/rec/journals/corr/abs-1911-01248
https://dblp.org/pid/s/ChristianScheideler,https://dblp.org/rec/journals/corr/DolevGRS13
https://dblp.org/pid/150/0050,https://dblp.org/rec/journals/corr/abs-1810-05453
https://dblp.org/pid/s/ChristianScheideler,https://dblp.org/rec/journals/corr/abs-1810-05453
https://dblp.org/pid/202/1859,https://dblp.org/rec/journals/corr/abs-1810-05453
https://dblp.org/pid/b/StBottcher,https://dblp.org/rec/journals/corr/BottcherHR13
https://dblp.org/pid/48/5080,https://dblp.org/rec/journals/corr/BottcherHR13
https://dblp.org/pid/168/1542,https://dblp.org/rec/journals/corr/abs-2009-07728
https://dblp.org/pid/65/4336,https://dblp.org/rec/journals/corr/abs-2009-07728
https://dblp.org/pid/17/6729-15,https://dblp.org/rec/journals/corr/abs-2308-12871
https://dblp.org/pid/119/5839,https://dblp.org/rec/journals/corr/abs-2010-10913
https://dblp.org/pid/s/MohammadSoleymani-2,https://dblp.org/rec/journals/corr/abs-2504-07647
https://dblp.org/pid/88/6542,https://dblp.org/rec/journals/corr/abs-2201-13148
https://dblp.org/pid/119/5839,https://dblp.org/rec/journals/corr/abs-2305-18966
https://dblp.org/pid/119/5839,https://dblp.org/rec/journals/corr/abs-2005-13289
https://dblp.org/pid/34/2589,https://dblp.org/rec/journals/corr/abs-2005-13289
https://dblp.org/pid/81/3518,https://dblp.org/rec/journals/corr/abs-2510-11082
https://dblp.org/pid/94/5744,https://dblp.org/rec/journals/corr/abs-2510-20679
https://dblp.org/pid/40/4987-1,https://dblp.org/rec/journals/corr/abs-2303-10015
https://dblp.org/pid/b/StBottcher,https://dblp.org/rec/journals/corr/abs-2502-01327
https://dblp.org/pid/48/5080,https://dblp.org/rec/journals/corr/abs-2502-01327
https://dblp.org/pid/s/ChristianScheideler,https://dblp.org/rec/journals/corr/abs-2305-06146
https://dblp.org/pid/138/4856,https://dblp.org/rec/journals/corr/abs-2211-12221
https://dblp.org/pid/88/6542,https://dblp.org/rec/journals/corr/abs-2102-11525
https://dblp.org/pid/s/ChristianScheideler,https://dblp.org/rec/journals/corr/abs-1805-07294
https://dblp.org/pid/81/7083-5,https://dblp.org/rec/journals/corr/abs-2409-16089
https://dblp.org/pid/203/2506,https://dblp.org/rec/journals/corr/abs-2409-16089
https://dblp.org/pid/81/3518,https://dblp.org/rec/journals/corr/abs-2408-13043
https://dblp.org/pid/138/4856,https://dblp.org/rec/journals/corr/abs-2107-12772
https://dblp.org/pid/e/GregorEngels,https://dblp.org/rec/journals/corr/abs-2107-12772
https://dblp.org/pid/168/1542,https://dblp.org/rec/journals/corr/abs-1802-08150
https://dblp.org/pid/65/4336,https://dblp.org/rec/journals/corr/abs-1802-08150
https://dblp.org/pid/65/4336,https://dblp.org/rec/journals/corr/abs-2410-21163
https://dblp.org/pid/08/7058,https://dblp.org/rec/journals/corr/abs-1802-07504
https://dblp.org/pid/s/ChristianScheideler,https://dblp.org/rec/journals/corr/abs-1802-07504
https://dblp.org/pid/65/4336,https://dblp.org/rec/journals/corr/abs-2411-15626
https://dblp.org/pid/76/5938,https://dblp.org/rec/journals/corr/abs-2110-11521
https://dblp.org/pid/138/8052,https://dblp.org/rec/journals/corr/abs-1805-02994
https://dblp.org/pid/65/4336,https://dblp.org/rec/journals/corr/abs-2004-13843
https://dblp.org/pid/123/8761,https://dblp.org/rec/journals/corr/abs-1303-2143
https://dblp.org/pid/169/3113,https://dblp.org/rec/journals/corr/LassKP17
https://dblp.org/pid/76/5938,https://dblp.org/rec/journals/corr/LassKP17
https://dblp.org/pid/34/2589,https://dblp.org/rec/journals/corr/abs-1811-11597
https://dblp.org/pid/88/6542,https://dblp.org/rec/journals/corr/abs-1904-01578
https://dblp.org/pid/81/3518,https://dblp.org/rec/journals/corr/abs-2111-04811
https://dblp.org/pid/94/5744,https://dblp.org/rec/journals/corr/abs-2204-06447
https://dblp.org/pid/40/4987-1,https://dblp.org/rec/journals/corr/abs-2303-07079
https://dblp.org/pid/150/4812-2,https://dblp.org/rec/journals/corr/abs-2105-14887
https://dblp.org/pid/168/1542,https://dblp.org/rec/journals/corr/abs-1805-11467
https://dblp.org/pid/65/4336,https://dblp.org/rec/journals/corr/abs-1805-11467
https://dblp.org/pid/65/4336,https://dblp.org/rec/journals/corr/abs-1710-08691
https://dblp.org/pid/168/1542,https://dblp.org/rec/journals/corr/abs-1710-08691
https://dblp.org/pid/88/6542,https://dblp.org/rec/journals/corr/abs-2501-11837
https://dblp.org/pid/177/9340,https://dblp.org/rec/journals/corr/abs-1904-12156
https://dblp.org/pid/08/8419,https://dblp.org/rec/journals/corr/abs-2304-00918
https://dblp.org/pid/18/2890,https://dblp.org/rec/journals/corr/CampenZ17
https://dblp.org/pid/38/1605,https://dblp.org/rec/journals/corr/abs-2012-12717
https://dblp.org/pid/s/ChristianScheideler,https://dblp.org/rec/journals/corr/KniesburgesKS13a
https://dblp.org/pid/38/1605,https://dblp.org/rec/journals/corr/abs-2401-03943
https://dblp.org/pid/94/5744,https://dblp.org/rec/journals/corr/abs-2207-09379
https://dblp.org/pid/17/6729-15,https://dblp.org/rec/journals/corr/abs-2012-04982
https://dblp.org/pid/76/3237,https://dblp.org/rec/journals/corr/BorgwardtMPT15
https://dblp.org/pid/e/GregorEngels,https://dblp.org/rec/journals/corr/abs-1712-05956
https://dblp.org/pid/08/8419,https://dblp.org/rec/journals/corr/abs-2412-15499
https://dblp.org/pid/150/4812-2,https://dblp.org/rec/journals/corr/abs-2412-11617
https://dblp.org/pid/65/4336,https://dblp.org/rec/journals/corr/abs-2412-11617
https://dblp.org/pid/s/ChristianScheideler,https://dblp.org/rec/journals/corr/abs-2303-16180
https://dblp.org/pid/76/3237,https://dblp.org/rec/journals/corr/abs-2107-12877
https://dblp.org/pid/168/1542,https://dblp.org/rec/journals/corr/abs-2009-07715
https://dblp.org/pid/76/5938,https://dblp.org/rec/journals/corr/abs-2304-03039
https://dblp.org/pid/81/3518,https://dblp.org/rec/journals/corr/abs-2406-12991
https://dblp.org/pid/40/4987-1,https://dblp.org/rec/journals/corr/abs-2202-02387
https://dblp.org/pid/88/6542,https://dblp.org/rec/journals/corr/abs-2006-13579
https://dblp.org/pid/94/5744,https://dblp.org/rec/journals/corr/abs-2510-19393
https://dblp.org/pid/33/2110,https://dblp.org/rec/journals/corr/BlomerBB16
https://dblp.org/pid/127/6615,https://dblp.org/rec/journals/corr/BlomerBB16
https://dblp.org/pid/81/3518,https://dblp.org/rec/journals/corr/abs-2410-09537
https://dblp.org/pid/138/7323,https://dblp.org/rec/journals/corr/abs-1709-05896
https://dblp.org/pid/h/FMaufderHeide,https://dblp.org/rec/journals/corr/abs-1709-05896
https://dblp.org/pid/s/ChristianScheideler,https://dblp.org/rec/journals/corr/abs-2504-02448
https://dblp.org/pid/34/2589,https://dblp.org/rec/journals/corr/abs-1208-2318
https://dblp.org/pid/132/9687,https://dblp.org/rec/journals/corr/abs-1710-03135
https://dblp.org/pid/70/8080,https://dblp.org/rec/journals/corr/DraxlerK15
https://dblp.org/pid/55/3839,https://dblp.org/rec/journals/corr/abs-0803-3850
https://dblp.org/pid/81/3518,https://dblp.org/rec/journals/corr/abs-2308-05082
https://dblp.org/pid/177/9340,https://dblp.org/rec/journals/corr/abs-2006-06953
https://dblp.org/pid/138/7323,https://dblp.org/rec/journals/corr/MackerMH16
https://dblp.org/pid/h/FMaufderHeide,https://dblp.org/rec/journals/corr/MackerMH16
https://dblp.org/pid/65/4336,https://dblp.org/rec/journals/corr/ThakkarDSNDLLAV16
https://dblp.org/pid/94/5744,https://dblp.org/rec/journals/corr/abs-2208-06136
https://dblp.org/pid/202/1859,https://dblp.org/rec/journals/corr/abs-2205-11102
https://dblp.org/pid/138/7323,https://dblp.org/rec/journals/corr/abs-2205-11102
https://dblp.org/pid/h/FMaufderHeide,https://dblp.org/rec/journals/corr/abs-2205-11102
https://dblp.org/pid/94/5744,https://dblp.org/rec/journals/corr/FollnerB15
https://dblp.org/pid/38/1605,https://dblp.org/rec/journals/corr/abs-1805-11139
https://dblp.org/pid/65/4336,https://dblp.org/rec/journals/corr/abs-2409-14857
https://dblp.org/pid/s/ChristianScheideler,https://dblp.org/rec/journals/corr/abs-2009-03987
https://dblp.org/pid/94/5744,https://dblp.org/rec/journals/corr/abs-2410-00603
https://dblp.org/pid/65/4336,https://dblp.org/rec/journals/corr/SoruMN17
https://dblp.org/pid/88/6542,https://dblp.org/rec/journals/corr/abs-2306-00634
https://dblp.org/pid/132/9687,https://dblp.org/rec/journals/corr/abs-2307-15642
https://dblp.org/pid/132/9687,https://dblp.org/rec/journals/corr/abs-2408-16529
https://dblp.org/pid/81/3518,https://dblp.org/rec/journals/corr/abs-2301-07928
https://dblp.org/pid/38/1605,https://dblp.org/rec/journals/corr/abs-2401-01633
https://dblp.org/pid/140/3577,https://dblp.org/rec/journals/corr/abs-1903-10326
https://dblp.org/pid/65/4336,https://dblp.org/rec/journals/corr/abs-1903-10326
https://dblp.org/pid/18/2890,https://dblp.org/rec/journals/corr/abs-1809-06664
https://dblp.org/pid/81/3518,https://dblp.org/rec/journals/corr/abs-2112-12619
https://dblp.org/pid/s/ChristianScheideler,https://dblp.org/rec/journals/corr/abs-2401-17734
https://dblp.org/pid/326/5192,https://dblp.org/rec/journals/corr/abs-2306-06778
https://dblp.org/pid/s/ChristianScheideler,https://dblp.org/rec/journals/corr/abs-1805-06149
https://dblp.org/pid/145/1160,https://dblp.org/rec/journals/corr/SherifDSN16
https://dblp.org/pid/65/4336,https://dblp.org/rec/journals/corr/SherifDSN16
https://dblp.org/pid/88/6542,https://dblp.org/rec/journals/corr/abs-2309-08454
https://dblp.org/pid/55/3839,https://dblp.org/rec/journals/corr/abs-1002-4473
https://dblp.org/pid/s/TimSchattkowsky,https://dblp.org/rec/journals/corr/abs-0710-4641
https://dblp.org/pid/38/1605,https://dblp.org/rec/journals/corr/abs-2510-06796
https://dblp.org/pid/203/2506,https://dblp.org/rec/journals/corr/abs-2103-01592
https://dblp.org/pid/34/2589,https://dblp.org/rec/journals/corr/abs-2407-07439
https://dblp.org/pid/94/5744,https://dblp.org/rec/journals/corr/abs-2409-04167
https://dblp.org/pid/88/6542,https://dblp.org/rec/journals/corr/abs-1912-08462
https://dblp.org/pid/94/5744,https://dblp.org/rec/journals/corr/abs-2409-17844
https://dblp.org/pid/65/4336,https://dblp.org/rec/journals/corr/abs-2009-06625
https://dblp.org/pid/17/6729-15,https://dblp.org/rec/journals/corr/abs-2407-14843
https://dblp.org/pid/38/1605,https://dblp.org/rec/journals/corr/abs-1108-0617
https://dblp.org/pid/94/5744,https://dblp.org/rec/journals/corr/abs-2511-04179
https://dblp.org/pid/55/3839,https://dblp.org/rec/journals/corr/abs-2205-09923
https://dblp.org/pid/94/5744,https://dblp.org/rec/journals/corr/abs-2602-00711
https://dblp.org/pid/17/6729-15,https://dblp.org/rec/journals/corr/WangJGKB16
https://dblp.org/pid/138/7323,https://dblp.org/rec/journals/corr/BemmannBBKKKKMM17
https://dblp.org/pid/h/FMaufderHeide,https://dblp.org/rec/journals/corr/BemmannBBKKKKMM17
https://dblp.org/pid/202/1859,https://dblp.org/rec/journals/corr/BemmannBBKKKKMM17
https://dblp.org/pid/d/GittaDomik,https://dblp.org/rec/journals/corr/abs-0806-2925
https://dblp.org/pid/43/6309-1,https://dblp.org/rec/journals/corr/abs-2410-09516
https://dblp.org/pid/38/1605,https://dblp.org/rec/journals/corr/abs-1712-09617
https://dblp.org/pid/81/3518,https://dblp.org/rec/journals/corr/abs-2603-11697
https://dblp.org/pid/119/5839,https://dblp.org/rec/journals/corr/abs-2104-14275
https://dblp.org/pid/326/5192,https://dblp.org/rec/journals/corr/abs-2509-21058
https://dblp.org/pid/68/3728,https://dblp.org/rec/journals/corr/abs-2107-07208
https://dblp.org/pid/140/3577,https://dblp.org/rec/journals/corr/abs-1912-08026
https://dblp.org/pid/65/4336,https://dblp.org/rec/journals/corr/abs-1912-08026
https://dblp.org/pid/38/1605,https://dblp.org/rec/journals/corr/GharibianY16
https://dblp.org/pid/94/5744,https://dblp.org/rec/journals/corr/abs-1804-02903
https://dblp.org/pid/88/6542,https://dblp.org/rec/journals/corr/abs-2306-15440
https://dblp.org/pid/81/3518,https://dblp.org/rec/journals/corr/abs-2108-02492
https://dblp.org/pid/88/6542,https://dblp.org/rec/journals/corr/abs-2408-14213
https://dblp.org/pid/202/1859,https://dblp.org/rec/journals/corr/abs-2206-07567
https://dblp.org/pid/98/3010-1,https://dblp.org/rec/journals/corr/abs-2206-07567
https://dblp.org/pid/h/FMaufderHeide,https://dblp.org/rec/journals/corr/abs-2206-07567
https://dblp.org/pid/38/1605,https://dblp.org/rec/journals/corr/BeaudrapG15
https://dblp.org/pid/88/6542,https://dblp.org/rec/journals/corr/abs-2106-05627
https://dblp.org/pid/81/3518,https://dblp.org/rec/journals/corr/abs-1710-04552
https://dblp.org/pid/138/4856,https://dblp.org/rec/journals/corr/abs-2207-03306
https://dblp.org/pid/e/GregorEngels,https://dblp.org/rec/journals/corr/abs-2207-03306
https://dblp.org/pid/94/5744,https://dblp.org/rec/journals/corr/abs-2503-16640
https://dblp.org/pid/168/1542,https://dblp.org/rec/journals/corr/abs-1805-08093
https://dblp.org/pid/65/4336,https://dblp.org/rec/journals/corr/abs-1711-01283
https://dblp.org/pid/150/4812-2,https://dblp.org/rec/journals/corr/abs-1906-00703
https://dblp.org/pid/81/3518,https://dblp.org/rec/journals/corr/abs-2302-08232
https://dblp.org/pid/25/7857,https://dblp.org/rec/journals/corr/abs-2112-07983
https://dblp.org/pid/94/5744,https://dblp.org/rec/journals/corr/abs-1801-04894
https://dblp.org/pid/48/8997,https://dblp.org/rec/journals/corr/EikelSS14a
https://dblp.org/pid/s/ChristianScheideler,https://dblp.org/rec/journals/corr/EikelSS14a
https://dblp.org/pid/17/6729-15,https://dblp.org/rec/journals/corr/abs-2402-00872
https://dblp.org/pid/65/4336,https://dblp.org/rec/journals/corr/abs-2111-04879
https://dblp.org/pid/69/5050-8,https://dblp.org/rec/journals/corr/abs-1803-07007
https://dblp.org/pid/94/5744,https://dblp.org/rec/journals/corr/LiBKTARBOM14
https://dblp.org/pid/169/3113,https://dblp.org/rec/journals/corr/abs-2205-14741
https://dblp.org/pid/76/5938,https://dblp.org/rec/journals/corr/abs-2205-14741
https://dblp.org/pid/222/1046-1,https://dblp.org/rec/journals/corr/abs-2305-14935
https://dblp.org/pid/88/6542,https://dblp.org/rec/journals/corr/abs-2006-02786
https://dblp.org/pid/132/9687,https://dblp.org/rec/journals/corr/abs-2309-00744
https://dblp.org/pid/177/9340,https://dblp.org/rec/journals/corr/abs-2507-21955
https://dblp.org/pid/150/4812-2,https://dblp.org/rec/journals/corr/abs-2507-21955
https://dblp.org/pid/76/3237,https://dblp.org/rec/journals/corr/abs-2507-21955
https://dblp.org/pid/17/6729-15,https://dblp.org/rec/journals/corr/abs-2206-03259
https://dblp.org/pid/62/6023-2,https://dblp.org/rec/journals/corr/abs-2603-08737
https://dblp.org/pid/68/3728,https://dblp.org/rec/journals/corr/abs-2603-08737
https://dblp.org/pid/177/9340,https://dblp.org/rec/journals/corr/HaakV16
https://dblp.org/pid/38/1605,https://dblp.org/rec/journals/corr/abs-2211-12519
https://dblp.org/pid/150/4812-2,https://dblp.org/rec/journals/corr/abs-2408-10683
https://dblp.org/pid/168/1542,https://dblp.org/rec/journals/corr/abs-1708-07624
https://dblp.org/pid/261/3628,https://dblp.org/rec/journals/corr/abs-2501-17663
https://dblp.org/pid/s/MohammadSoleymani-2,https://dblp.org/rec/journals/corr/abs-2402-16434
https://dblp.org/pid/s/ChristianScheideler,https://dblp.org/rec/journals/corr/abs-2305-02854
https://dblp.org/pid/65/4336,https://dblp.org/rec/journals/corr/abs-2003-02320
https://dblp.org/pid/202/1859,https://dblp.org/rec/journals/corr/abs-2005-08391
https://dblp.org/pid/138/7323,https://dblp.org/rec/journals/corr/abs-2005-08391
https://dblp.org/pid/h/FMaufderHeide,https://dblp.org/rec/journals/corr/abs-2005-08391
https://dblp.org/pid/164/2698,https://dblp.org/rec/journals/corr/abs-2507-12913
https://dblp.org/pid/81/3518,https://dblp.org/rec/journals/corr/abs-2103-08813
https://dblp.org/pid/68/3728,https://dblp.org/rec/journals/corr/abs-2303-00532
https://dblp.org/pid/34/2589,https://dblp.org/rec/journals/corr/LiYFTJE16
https://dblp.org/pid/17/6729-15,https://dblp.org/rec/journals/corr/abs-2111-14720
https://dblp.org/pid/65/4336,https://dblp.org/rec/journals/corr/abs-1802-03638
https://dblp.org/pid/76/5938,https://dblp.org/rec/journals/corr/DamschenP14
https://dblp.org/pid/81/3518,https://dblp.org/rec/journals/corr/abs-2009-05873
https://dblp.org/pid/79/6049,https://dblp.org/rec/journals/corr/abs-2311-08760
https://dblp.org/pid/132/9687,https://dblp.org/rec/journals/corr/abs-2302-05351
https://dblp.org/pid/s/ChristianScheideler,https://dblp.org/rec/journals/corr/abs-2508-09638
https://dblp.org/pid/138/7323,https://dblp.org/rec/journals/corr/MackerMH14
https://dblp.org/pid/h/FMaufderHeide,https://dblp.org/rec/journals/corr/MackerMH14
https://dblp.org/pid/08/8419,https://dblp.org/rec/journals/corr/abs-1804-06207
https://dblp.org/pid/177/9340,https://dblp.org/rec/journals/corr/abs-2410-20162
https://dblp.org/pid/88/6542,https://dblp.org/rec/journals/corr/abs-2207-13888
https://dblp.org/pid/119/5839,https://dblp.org/rec/journals/corr/abs-2105-12525
https://dblp.org/pid/119/5839,https://dblp.org/rec/journals/corr/abs-2005-13872
https://dblp.org/pid/34/2589,https://dblp.org/rec/journals/corr/abs-2005-13872
https://dblp.org/pid/72/8725,https://dblp.org/rec/journals/corr/abs-1109-3547
https://dblp.org/pid/13/8970,https://dblp.org/rec/journals/corr/abs-2503-18550
https://dblp.org/pid/14/3197-1,https://dblp.org/rec/journals/corr/abs-2308-04187
https://dblp.org/pid/s/ChristianScheideler,https://dblp.org/rec/journals/corr/abs-2402-12123
https://dblp.org/pid/119/5839,https://dblp.org/rec/journals/corr/CasalicchioBLKK17
https://dblp.org/pid/08/8419,https://dblp.org/rec/journals/corr/abs-2009-05618
https://dblp.org/pid/08/7058,https://dblp.org/rec/journals/corr/abs-1909-04544
https://dblp.org/pid/s/ChristianScheideler,https://dblp.org/rec/journals/corr/abs-1909-04544
https://dblp.org/pid/53/4856,https://dblp.org/rec/journals/corr/abs-0910-0110
https://dblp.org/pid/138/4856,https://dblp.org/rec/journals/corr/abs-2211-16895
https://dblp.org/pid/07/2093-1,https://dblp.org/rec/journals/corr/abs-2211-16895
https://dblp.org/pid/e/GregorEngels,https://dblp.org/rec/journals/corr/abs-2211-16895
https://dblp.org/pid/55/3839,https://dblp.org/rec/journals/corr/DolzQPLS17
https://dblp.org/pid/55/3839,https://dblp.org/rec/journals/corr/abs-2103-01413
https://dblp.org/pid/168/1542,https://dblp.org/rec/journals/corr/abs-1708-09230
https://dblp.org/pid/81/3518,https://dblp.org/rec/journals/corr/abs-2211-11103
https://dblp.org/pid/88/6542,https://dblp.org/rec/journals/corr/abs-1905-12230
https://dblp.org/pid/132/9687,https://dblp.org/rec/journals/corr/abs-2212-08396
https://dblp.org/pid/17/6729-15,https://dblp.org/rec/journals/corr/abs-1802-07429
https://dblp.org/pid/17/6729-15,https://dblp.org/rec/journals/corr/abs-1302-0234
https://dblp.org/pid/65/4336,https://dblp.org/rec/journals/corr/abs-2407-06855
https://dblp.org/pid/h/FMaufderHeide,https://dblp.org/rec/journals/corr/abs-1910-08360
https://dblp.org/pid/88/6542,https://dblp.org/rec/journals/corr/abs-2107-14445
https://dblp.org/pid/132/9687,https://dblp.org/rec/journals/corr/abs-2509-09036
https://dblp.org/pid/17/6729-15,https://dblp.org/rec/journals/corr/abs-2301-10235
https://dblp.org/pid/68/3728,https://dblp.org/rec/journals/corr/abs-2309-02026
https://dblp.org/pid/08/8419,https://dblp.org/rec/journals/corr/abs-2011-01168
https://dblp.org/pid/327/6458,https://dblp.org/rec/journals/corr/abs-2208-11581
https://dblp.org/pid/132/9687,https://dblp.org/rec/journals/corr/abs-2208-11581
https://dblp.org/pid/150/4812-2,https://dblp.org/rec/journals/corr/abs-2102-11782
https://dblp.org/pid/168/1542,https://dblp.org/rec/journals/corr/abs-2106-15230
https://dblp.org/pid/65/4336,https://dblp.org/rec/journals/corr/abs-2106-15230
https://dblp.org/pid/65/4336,https://dblp.org/rec/journals/corr/abs-2409-06692
https://dblp.org/pid/94/5744,https://dblp.org/rec/journals/corr/abs-2301-04419
https://dblp.org/pid/145/1160,https://dblp.org/rec/journals/corr/abs-2008-13544
https://dblp.org/pid/65/4336,https://dblp.org/rec/journals/corr/abs-2008-13544
https://dblp.org/pid/33/2110,https://dblp.org/rec/journals/corr/abs-1104-3720
https://dblp.org/pid/65/4336,https://dblp.org/rec/journals/corr/abs-2511-08232
https://dblp.org/pid/81/3518,https://dblp.org/rec/journals/corr/MergelSO15
https://dblp.org/pid/72/8725,https://dblp.org/rec/journals/corr/OgiermanRSSZ13
https://dblp.org/pid/s/ChristianScheideler,https://dblp.org/rec/journals/corr/OgiermanRSSZ13
https://dblp.org/pid/13/8970,https://dblp.org/rec/journals/corr/abs-2508-13874
https://dblp.org/pid/203/2506,https://dblp.org/rec/journals/corr/abs-2508-13874
https://dblp.org/pid/08/8419,https://dblp.org/rec/journals/corr/abs-2205-12749
https://dblp.org/pid/203/2506,https://dblp.org/rec/journals/corr/abs-2203-12387
https://dblp.org/pid/s/ChristianScheideler,https://dblp.org/rec/journals/corr/abs-1909-01597
https://dblp.org/pid/14/3197-1,https://dblp.org/rec/journals/corr/abs-2311-14431
https://dblp.org/pid/84/1558-1,https://dblp.org/rec/journals/corr/abs-0903-2119
https://dblp.org/pid/76/5938,https://dblp.org/rec/journals/corr/abs-2010-13463
https://dblp.org/pid/40/4987-1,https://dblp.org/rec/journals/corr/abs-2205-13872
https://dblp.org/pid/261/3628,https://dblp.org/rec/journals/corr/abs-2301-08525
https://dblp.org/pid/00/2717,https://dblp.org/rec/journals/corr/cs-AR-9810011
https://dblp.org/pid/132/9687,https://dblp.org/rec/journals/corr/abs-2308-06850
https://dblp.org/pid/s/MohammadSoleymani-2,https://dblp.org/rec/journals/corr/abs-2307-10707
https://dblp.org/pid/132/9687,https://dblp.org/rec/journals/corr/abs-2212-10382
https://dblp.org/pid/55/3839,https://dblp.org/rec/journals/corr/abs-1903-11763
https://dblp.org/pid/s/MohammadSoleymani-2,https://dblp.org/rec/journals/corr/abs-2406-02170
https://dblp.org/pid/88/6542,https://dblp.org/rec/journals/corr/abs-2005-09843
https://dblp.org/pid/i/TobiasIsenberg2,https://dblp.org/rec/journals/corr/0002W14a
https://dblp.org/pid/228/3129,https://dblp.org/rec/journals/corr/abs-2102-09503
https://dblp.org/pid/169/3113,https://dblp.org/rec/journals/corr/abs-2004-10811
https://dblp.org/pid/76/5938,https://dblp.org/rec/journals/corr/abs-2004-10811
https://dblp.org/pid/202/1859,https://dblp.org/rec/journals/corr/abs-2010-02043
https://dblp.org/pid/h/FMaufderHeide,https://dblp.org/rec/journals/corr/abs-2010-02043
https://dblp.org/pid/s/ChristianScheideler,https://dblp.org/rec/journals/corr/FeldottoSG14
https://dblp.org/pid/94/5744,https://dblp.org/rec/journals/corr/abs-2401-14813
https://dblp.org/pid/17/6729-15,https://dblp.org/rec/journals/corr/abs-2404-00704
https://dblp.org/pid/164/2698,https://dblp.org/rec/journals/corr/abs-1904-09235
https://dblp.org/pid/s/ChristianScheideler,https://dblp.org/rec/journals/corr/ScheidelerSS15
https://dblp.org/pid/147/3358,https://dblp.org/rec/journals/corr/ScheidelerSS15
https://dblp.org/pid/168/1542,https://dblp.org/rec/journals/corr/abs-2409-11272
https://dblp.org/pid/65/4336,https://dblp.org/rec/journals/corr/abs-2409-11272
https://dblp.org/pid/s/ChristianScheideler,https://dblp.org/rec/journals/corr/abs-1805-00774
https://dblp.org/pid/55/3839,https://dblp.org/rec/journals/corr/abs-2111-00631
https://dblp.org/pid/65/4336,https://dblp.org/rec/journals/corr/abs-2102-13027
https://dblp.org/pid/s/ChristianScheideler,https://dblp.org/rec/journals/corr/DerakhshandehGRSST14
https://dblp.org/pid/147/3358,https://dblp.org/rec/journals/corr/DerakhshandehGRSST14
https://dblp.org/pid/s/ChristianScheideler,https://dblp.org/rec/journals/corr/abs-2105-02420
https://dblp.org/pid/s/MohammadSoleymani-2,https://dblp.org/rec/journals/corr/abs-2001-10403
https://dblp.org/pid/88/6542,https://dblp.org/rec/journals/corr/abs-1909-12208
https://dblp.org/pid/55/3839,https://dblp.org/rec/journals/corr/abs-2401-00605
https://dblp.org/pid/168/1542,https://dblp.org/rec/journals/corr/abs-1802-08148
https://dblp.org/pid/145/1160,https://dblp.org/rec/journals/corr/abs-1802-08148
https://dblp.org/pid/65/4336,https://dblp.org/rec/journals/corr/abs-1802-08148
https://dblp.org/pid/88/6542,https://dblp.org/rec/journals/corr/abs-2012-12809
https://dblp.org/pid/65/4336,https://dblp.org/rec/journals/corr/abs-2310-14899
https://dblp.org/pid/168/1542,https://dblp.org/rec/journals/corr/abs-1806-10478
https://dblp.org/pid/53/4856,https://dblp.org/rec/journals/corr/abs-0804-4524
https://dblp.org/pid/13/8970,https://dblp.org/rec/journals/corr/abs-2312-07787
https://dblp.org/pid/43/6309-1,https://dblp.org/rec/journals/corr/abs-2512-20761
https://dblp.org/pid/261/3628,https://dblp.org/rec/journals/corr/abs-2003-07595
https://dblp.org/pid/34/2589,https://dblp.org/rec/journals/corr/abs-2402-16467
https://dblp.org/pid/40/4987-1,https://dblp.org/rec/journals/corr/abs-2007-01568
https://dblp.org/pid/88/6542,https://dblp.org/rec/journals/corr/abs-2311-15597
https://dblp.org/pid/s/ChristianScheideler,https://dblp.org/rec/journals/corr/abs-1809-04923
https://dblp.org/pid/119/5839,https://dblp.org/rec/journals/corr/abs-1912-08956
https://dblp.org/pid/08/8419,https://dblp.org/rec/journals/corr/abs-2009-05483
https://dblp.org/pid/s/MohammadSoleymani-2,https://dblp.org/rec/journals/corr/abs-2301-00583
https://dblp.org/pid/88/6542,https://dblp.org/rec/journals/corr/abs-2103-01599
https://dblp.org/pid/326/5192,https://dblp.org/rec/journals/corr/abs-2208-04732
https://dblp.org/pid/55/3839,https://dblp.org/rec/journals/corr/LeongDQ15
https://dblp.org/pid/38/1605,https://dblp.org/rec/journals/corr/GharibianLSW14
https://dblp.org/pid/88/6542,https://dblp.org/rec/journals/corr/abs-2005-12963
https://dblp.org/pid/04/5465-4,https://dblp.org/rec/journals/corr/abs-2005-04869
https://dblp.org/pid/55/3839,https://dblp.org/rec/journals/corr/abs-1809-06908
https://dblp.org/pid/34/2589,https://dblp.org/rec/journals/corr/abs-2010-01004
https://dblp.org/pid/17/6729-15,https://dblp.org/rec/journals/corr/ZhengWYSZU15
https://dblp.org/pid/s/MohammadSoleymani-2,https://dblp.org/rec/journals/corr/abs-2308-02696
https://dblp.org/pid/98/3010-1,https://dblp.org/rec/journals/corr/AbshoffCJH15
https://dblp.org/pid/h/FMaufderHeide,https://dblp.org/rec/journals/corr/AbshoffCJH15
https://dblp.org/pid/08/8419,https://dblp.org/rec/journals/corr/abs-2108-03531
https://dblp.org/pid/b/StBottcher,https://dblp.org/rec/journals/corr/abs-2406-10610
https://dblp.org/pid/48/5080,https://dblp.org/rec/journals/corr/abs-2406-10610
https://dblp.org/pid/119/5839,https://dblp.org/rec/journals/corr/abs-2104-13538
https://dblp.org/pid/119/5839,https://dblp.org/rec/journals/corr/abs-2602-00098
https://dblp.org/pid/34/2589,https://dblp.org/rec/journals/corr/abs-2602-00098
https://dblp.org/pid/94/5744,https://dblp.org/rec/journals/corr/abs-1710-00390
https://dblp.org/pid/88/6542,https://dblp.org/rec/journals/corr/abs-2111-07578
https://dblp.org/pid/81/3518,https://dblp.org/rec/journals/corr/abs-2011-05364
https://dblp.org/pid/s/ChristianScheideler,https://dblp.org/rec/journals/corr/abs-2111-09449
https://dblp.org/pid/55/3839,https://dblp.org/rec/journals/corr/abs-1809-05149
https://dblp.org/pid/88/6542,https://dblp.org/rec/journals/corr/abs-2006-13769
https://dblp.org/pid/94/5744,https://dblp.org/rec/journals/corr/abs-1710-07430
https://dblp.org/pid/08/8419,https://dblp.org/rec/journals/corr/abs-2005-02196
https://dblp.org/pid/s/ChristianScheideler,https://dblp.org/rec/journals/corr/abs-1809-05013
https://dblp.org/pid/94/5744,https://dblp.org/rec/journals/corr/abs-2105-04950
https://dblp.org/pid/65/4336,https://dblp.org/rec/journals/corr/abs-2301-05109
https://dblp.org/pid/150/4812-2,https://dblp.org/rec/journals/corr/abs-2306-00420
https://dblp.org/pid/203/2506,https://dblp.org/rec/journals/corr/abs-2208-05845
https://dblp.org/pid/177/9340,https://dblp.org/rec/journals/corr/abs-1710-01934
https://dblp.org/pid/81/3518,https://dblp.org/rec/journals/corr/abs-2211-10830
https://dblp.org/pid/08/7058,https://dblp.org/rec/journals/corr/abs-2202-08008
https://dblp.org/pid/s/ChristianScheideler,https://dblp.org/rec/journals/corr/abs-2202-08008
https://dblp.org/pid/76/5938,https://dblp.org/rec/journals/corr/abs-2403-18374
https://dblp.org/pid/132/9687,https://dblp.org/rec/journals/corr/abs-2409-05014
https://dblp.org/pid/53/4856,https://dblp.org/rec/journals/corr/abs-0904-2400
https://dblp.org/pid/17/6729-15,https://dblp.org/rec/journals/corr/abs-2305-12550
https://dblp.org/pid/119/5839,https://dblp.org/rec/journals/corr/abs-2202-02077
https://dblp.org/pid/88/6542,https://dblp.org/rec/journals/corr/abs-2211-16112
https://dblp.org/pid/18/2890,https://dblp.org/rec/journals/corr/abs-2104-04614
https://dblp.org/pid/326/5192,https://dblp.org/rec/journals/corr/abs-2412-01566
https://dblp.org/pid/34/2589,https://dblp.org/rec/journals/corr/abs-1902-06691
https://dblp.org/pid/203/2506,https://dblp.org/rec/journals/corr/abs-2505-19920
https://dblp.org/pid/13/8970,https://dblp.org/rec/journals/corr/abs-2109-04120
https://dblp.org/pid/119/5839,https://dblp.org/rec/journals/corr/abs-2104-13133
https://dblp.org/pid/138/7323,https://dblp.org/rec/journals/corr/MackerMHR16
https://dblp.org/pid/h/FMaufderHeide,https://dblp.org/rec/journals/corr/MackerMHR16
https://dblp.org/pid/123/8761,https://dblp.org/rec/journals/corr/abs-1304-6734
https://dblp.org/pid/326/5192,https://dblp.org/rec/journals/corr/abs-2308-12243
https://dblp.org/pid/40/4987-1,https://dblp.org/rec/journals/corr/abs-2112-10934
https://dblp.org/pid/13/8970,https://dblp.org/rec/journals/corr/abs-2402-15388
https://dblp.org/pid/04/5465-4,https://dblp.org/rec/journals/corr/abs-2201-13331
https://dblp.org/pid/174/1998,https://dblp.org/rec/journals/corr/abs-2505-09222
https://dblp.org/pid/40/4987-1,https://dblp.org/rec/journals/corr/abs-2106-11140
https://dblp.org/pid/88/6542,https://dblp.org/rec/journals/corr/abs-2106-02472
https://dblp.org/pid/s/MohammadSoleymani-2,https://dblp.org/rec/journals/corr/abs-2307-05295
https://dblp.org/pid/h/FMaufderHeide,https://dblp.org/rec/journals/corr/HeideS13
https://dblp.org/pid/168/1542,https://dblp.org/rec/journals/corr/abs-2103-06752
https://dblp.org/pid/65/4336,https://dblp.org/rec/journals/corr/abs-2103-06752
https://dblp.org/pid/65/4336,https://dblp.org/rec/journals/corr/abs-2304-14742
https://dblp.org/pid/17/6729-15,https://dblp.org/rec/journals/corr/abs-1304-3519
https://dblp.org/pid/08/7058,https://dblp.org/rec/journals/corr/abs-1710-08128
https://dblp.org/pid/150/0050,https://dblp.org/rec/journals/corr/abs-1710-08128
https://dblp.org/pid/s/ChristianScheideler,https://dblp.org/rec/journals/corr/abs-1710-08128
https://dblp.org/pid/147/3358,https://dblp.org/rec/journals/corr/abs-1710-08128
https://dblp.org/pid/164/2698,https://dblp.org/rec/journals/corr/abs-1909-00218
https://dblp.org/pid/94/5744,https://dblp.org/rec/journals/corr/abs-2403-07808
https://dblp.org/pid/81/3518,https://dblp.org/rec/journals/corr/abs-2104-03562
https://dblp.org/pid/94/5744,https://dblp.org/rec/journals/corr/abs-2402-07889
https://dblp.org/pid/168/1542,https://dblp.org/rec/journals/corr/MoussallemURN17
https://dblp.org/pid/65/4336,https://dblp.org/rec/journals/corr/MoussallemURN17
https://dblp.org/pid/40/4987-1,https://dblp.org/rec/journals/corr/abs-2201-01184
https://dblp.org/pid/203/2506,https://dblp.org/rec/journals/corr/abs-2501-12020
https://dblp.org/pid/94/5744,https://dblp.org/rec/journals/corr/abs-2603-10558
https://dblp.org/pid/164/2698,https://dblp.org/rec/journals/corr/abs-2306-06517
https://dblp.org/pid/81/3518,https://dblp.org/rec/journals/corr/abs-2403-18362
https://dblp.org/pid/76/3237,https://dblp.org/rec/journals/corr/abs-2307-15439
https://dblp.org/pid/261/3628,https://dblp.org/rec/journals/corr/abs-2006-15968
https://dblp.org/pid/119/5839,https://dblp.org/rec/journals/corr/abs-2006-15968
https://dblp.org/pid/34/2589,https://dblp.org/rec/journals/corr/abs-2006-15968
https://dblp.org/pid/65/4336,https://dblp.org/rec/journals/corr/abs-2510-11561
https://dblp.org/pid/88/6542,https://dblp.org/rec/journals/corr/JacobH15
https://dblp.org/pid/92/1305,https://dblp.org/rec/journals/corr/Wolter13
https://dblp.org/pid/s/ChristianScheideler,https://dblp.org/rec/journals/corr/abs-1810-07077
https://dblp.org/pid/228/3129,https://dblp.org/rec/journals/corr/abs-2003-12381
https://dblp.org/pid/84/1558-1,https://dblp.org/rec/journals/corr/Cord-Landwehr0J16
https://dblp.org/pid/98/3010-1,https://dblp.org/rec/journals/corr/Cord-Landwehr0J16
https://dblp.org/pid/h/FMaufderHeide,https://dblp.org/rec/journals/corr/Cord-Landwehr0J16
https://dblp.org/pid/81/3518,https://dblp.org/rec/journals/corr/abs-2212-07199
https://dblp.org/pid/43/6309-1,https://dblp.org/rec/journals/corr/abs-2509-07642
https://dblp.org/pid/65/4336,https://dblp.org/rec/journals/corr/abs-1710-08634
https://dblp.org/pid/79/6049,https://dblp.org/rec/journals/corr/abs-2411-10176
https://dblp.org/pid/88/6542,https://dblp.org/rec/journals/corr/abs-1910-13707
https://dblp.org/pid/202/1859,https://dblp.org/rec/journals/corr/abs-2005-07495
https://dblp.org/pid/h/FMaufderHeide,https://dblp.org/rec/journals/corr/abs-2005-07495
https://dblp.org/pid/88/6542,https://dblp.org/rec/journals/corr/abs-2308-10682
https://dblp.org/pid/94/5744,https://dblp.org/rec/journals/corr/abs-2601-20459
https://dblp.org/pid/65/4336,https://dblp.org/rec/journals/corr/abs-2104-00984
https://dblp.org/pid/119/5839,https://dblp.org/rec/journals/corr/abs-2010-11486
https://dblp.org/pid/25/7857,https://dblp.org/rec/journals/corr/abs-2211-09512
https://dblp.org/pid/203/2506,https://dblp.org/rec/journals/corr/abs-2004-01019
https://dblp.org/pid/38/1605,https://dblp.org/rec/journals/corr/abs-2310-18010
https://dblp.org/pid/17/6729-15,https://dblp.org/rec/journals/corr/abs-2509-01371
https://dblp.org/pid/38/1605,https://dblp.org/rec/journals/corr/abs-1909-08846
https://dblp.org/pid/08/8419,https://dblp.org/rec/journals/corr/abs-2212-00424
https://dblp.org/pid/65/4336,https://dblp.org/rec/journals/corr/GeorgalaHN16
https://dblp.org/pid/65/4336,https://dblp.org/rec/journals/corr/abs-2406-10144
https://dblp.org/pid/138/4856,https://dblp.org/rec/journals/corr/abs-2107-00377
https://dblp.org/pid/e/GregorEngels,https://dblp.org/rec/journals/corr/abs-2107-00377
https://dblp.org/pid/38/1605,https://dblp.org/rec/journals/corr/abs-2506-17066
https://dblp.org/pid/119/5839,https://dblp.org/rec/journals/corr/abs-2007-03488
https://dblp.org/pid/132/9687,https://dblp.org/rec/journals/corr/abs-2211-06213
https://dblp.org/pid/s/ChristianScheideler,https://dblp.org/rec/journals/corr/ScheidelerSS16
https://dblp.org/pid/147/3358,https://dblp.org/rec/journals/corr/ScheidelerSS16
https://dblp.org/pid/132/9687,https://dblp.org/rec/journals/corr/abs-1801-02742
https://dblp.org/pid/94/5744,https://dblp.org/rec/journals/corr/FollnerBB16
https://dblp.org/pid/65/4336,https://dblp.org/rec/journals/corr/abs-2303-01844
https://dblp.org/pid/84/1558-1,https://dblp.org/rec/journals/corr/AbshoffC0JH15
https://dblp.org/pid/98/3010-1,https://dblp.org/rec/journals/corr/AbshoffC0JH15
https://dblp.org/pid/h/FMaufderHeide,https://dblp.org/rec/journals/corr/AbshoffC0JH15
https://dblp.org/pid/68/3728,https://dblp.org/rec/journals/corr/abs-2201-07454
https://dblp.org/pid/222/1046-1,https://dblp.org/rec/journals/corr/abs-2403-00662
https://dblp.org/pid/65/4336,https://dblp.org/rec/journals/corr/abs-2510-20439
https://dblp.org/pid/88/6542,https://dblp.org/rec/journals/corr/abs-2005-09913
https://dblp.org/pid/13/8970,https://dblp.org/rec/journals/corr/abs-2501-06504
https://dblp.org/pid/203/2506,https://dblp.org/rec/journals/corr/abs-2501-06504
https://dblp.org/pid/138/4856,https://dblp.org/rec/journals/corr/abs-2106-07944
https://dblp.org/pid/e/GregorEngels,https://dblp.org/rec/journals/corr/abs-2106-07944
https://dblp.org/pid/38/1605,https://dblp.org/rec/journals/corr/GharibianS14
https://dblp.org/pid/94/5744,https://dblp.org/rec/journals/corr/abs-2208-08173
https://dblp.org/pid/65/4336,https://dblp.org/rec/journals/corr/abs-2409-12646
https://dblp.org/pid/261/3628,https://dblp.org/rec/journals/corr/abs-2204-05752
https://dblp.org/pid/34/2589,https://dblp.org/rec/journals/corr/abs-2204-05752
https://dblp.org/pid/25/7857,https://dblp.org/rec/journals/corr/abs-2211-08081
https://dblp.org/pid/203/2506,https://dblp.org/rec/journals/corr/abs-2110-11001
https://dblp.org/pid/38/1605,https://dblp.org/rec/journals/corr/GharibianHL14
https://dblp.org/pid/55/3839,https://dblp.org/rec/journals/corr/abs-1910-03759
https://dblp.org/pid/50/146-4,https://dblp.org/rec/journals/corr/abs-2110-05330
https://dblp.org/pid/88/6542,https://dblp.org/rec/journals/corr/abs-1902-07881
https://dblp.org/pid/65/4336,https://dblp.org/rec/journals/corr/abs-2107-04911
https://dblp.org/pid/150/4812-2,https://dblp.org/rec/journals/corr/abs-2312-01973
https://dblp.org/pid/65/4336,https://dblp.org/rec/journals/corr/abs-2312-01973
https://dblp.org/pid/17/6729-15,https://dblp.org/rec/journals/corr/JinZWHZL14
https://dblp.org/pid/17/6729-15,https://dblp.org/rec/journals/corr/abs-1907-13085
https://dblp.org/pid/88/6542,https://dblp.org/rec/journals/corr/abs-2105-01786
https://dblp.org/pid/326/5192,https://dblp.org/rec/journals/corr/abs-2410-01697
https://dblp.org/pid/33/2110,https://dblp.org/rec/journals/corr/BlomerK15
https://dblp.org/pid/88/6542,https://dblp.org/rec/journals/corr/abs-2501-08791
https://dblp.org/pid/25/7857,https://dblp.org/rec/journals/corr/abs-2204-09436
https://dblp.org/pid/65/4336,https://dblp.org/rec/journals/corr/abs-2106-15373
https://dblp.org/pid/150/0050,https://dblp.org/rec/journals/corr/abs-2106-06272
https://dblp.org/pid/84/1558-1,https://dblp.org/rec/journals/corr/0001JH17
https://dblp.org/pid/98/3010-1,https://dblp.org/rec/journals/corr/0001JH17
https://dblp.org/pid/h/FMaufderHeide,https://dblp.org/rec/journals/corr/0001JH17
https://dblp.org/pid/94/5744,https://dblp.org/rec/journals/corr/abs-2403-07501
https://dblp.org/pid/38/1605,https://dblp.org/rec/journals/corr/abs-2111-09079
https://dblp.org/pid/s/MohammadSoleymani-2,https://dblp.org/rec/journals/corr/abs-2401-11921
https://dblp.org/pid/164/2698,https://dblp.org/rec/journals/corr/abs-2006-13346
https://dblp.org/pid/38/1605,https://dblp.org/rec/journals/corr/abs-2411-04874
https://dblp.org/pid/88/6542,https://dblp.org/rec/journals/corr/abs-2506-16228
https://dblp.org/pid/177/9340,https://dblp.org/rec/journals/corr/0001HKV16
https://dblp.org/pid/s/ChristianScheideler,https://dblp.org/rec/journals/corr/KniesburgesKS13
https://dblp.org/pid/150/4812-2,https://dblp.org/rec/journals/corr/abs-2109-09342
https://dblp.org/pid/94/5744,https://dblp.org/rec/journals/corr/abs-2407-17853
https://dblp.org/pid/s/MohammadSoleymani-2,https://dblp.org/rec/journals/corr/abs-2310-08289
https://dblp.org/pid/228/3129,https://dblp.org/rec/journals/corr/abs-2103-03488
https://dblp.org/pid/08/8419,https://dblp.org/rec/journals/corr/abs-2601-02106
https://dblp.org/pid/88/6542,https://dblp.org/rec/journals/corr/abs-1910-13934
https://dblp.org/pid/m/BurkhardMonien,https://dblp.org/rec/journals/corr/abs-0812-4206
https://dblp.org/pid/164/2698,https://dblp.org/rec/journals/corr/abs-2210-08576
https://dblp.org/pid/168/1542,https://dblp.org/rec/journals/corr/MoussallemC15
https://dblp.org/pid/203/2506,https://dblp.org/rec/journals/corr/abs-2210-10354
https://dblp.org/pid/119/5839,https://dblp.org/rec/journals/corr/abs-2006-03260
https://dblp.org/pid/08/8419,https://dblp.org/rec/journals/corr/abs-1911-03951
https://dblp.org/pid/33/2110,https://dblp.org/rec/journals/corr/abs-1012-3697
https://dblp.org/pid/147/3358,https://dblp.org/rec/journals/corr/DerakhshandehGS15
https://dblp.org/pid/s/ChristianScheideler,https://dblp.org/rec/journals/corr/DerakhshandehGS15
https://dblp.org/pid/76/5938,https://dblp.org/rec/journals/corr/abs-2404-02844
https://dblp.org/pid/70/7642-1,https://dblp.org/rec/journals/corr/abs-1209-3868
https://dblp.org/pid/55/3839,https://dblp.org/rec/journals/corr/abs-1708-02756
https://dblp.org/pid/38/1605,https://dblp.org/rec/journals/corr/abs-2510-18164
https://dblp.org/pid/119/5839,https://dblp.org/rec/journals/corr/abs-2004-10424
https://dblp.org/pid/150/4812-2,https://dblp.org/rec/journals/corr/abs-1904-06107
https://dblp.org/pid/168/1542,https://dblp.org/rec/journals/corr/abs-2510-18888
https://dblp.org/pid/65/4336,https://dblp.org/rec/journals/corr/abs-2510-18888
https://dblp.org/pid/150/4812-2,https://dblp.org/rec/journals/corr/abs-2302-00541
https://dblp.org/pid/65/4336,https://dblp.org/rec/journals/corr/abs-2306-09802
https://dblp.org/pid/261/3628,https://dblp.org/rec/journals/corr/abs-2401-01192
https://dblp.org/pid/34/2589,https://dblp.org/rec/journals/corr/abs-2401-01192
https://dblp.org/pid/38/1605,https://dblp.org/rec/journals/corr/abs-2412-19623
https://dblp.org/pid/i/TobiasIsenberg2,https://dblp.org/rec/journals/corr/0002JPW16
https://dblp.org/pid/168/1542,https://dblp.org/rec/journals/corr/abs-2005-03640
https://dblp.org/pid/48/4209,https://dblp.org/rec/journals/corr/abs-1901-04072
https://dblp.org/pid/150/4812-2,https://dblp.org/rec/journals/corr/abs-2505-10982
https://dblp.org/pid/84/1558-1,https://dblp.org/rec/journals/corr/abs-1904-08225
https://dblp.org/pid/h/FMaufderHeide,https://dblp.org/rec/journals/corr/abs-1904-08225
https://dblp.org/pid/40/4987-1,https://dblp.org/rec/journals/corr/abs-2202-02180
https://dblp.org/pid/123/8761,https://dblp.org/rec/journals/corr/PlaceRZ13
https://dblp.org/pid/33/2110,https://dblp.org/rec/journals/corr/abs-2509-10183
https://dblp.org/pid/08/7058,https://dblp.org/rec/journals/corr/abs-1708-06542
https://dblp.org/pid/s/ChristianScheideler,https://dblp.org/rec/journals/corr/abs-1708-06542
https://dblp.org/pid/138/7323,https://dblp.org/rec/journals/corr/MackerMHR15
https://dblp.org/pid/h/FMaufderHeide,https://dblp.org/rec/journals/corr/MackerMHR15
https://dblp.org/pid/261/3628,https://dblp.org/rec/journals/corr/abs-2005-13293
https://dblp.org/pid/34/2589,https://dblp.org/rec/journals/corr/abs-2005-13293
https://dblp.org/pid/88/6542,https://dblp.org/rec/journals/corr/BoddekerHDHH17
https://dblp.org/pid/38/1605,https://dblp.org/rec/journals/corr/abs-2510-08515
https://dblp.org/pid/65/4336,https://dblp.org/rec/journals/corr/abs-2012-00555
https://dblp.org/pid/08/7058,https://dblp.org/rec/journals/corr/abs-2005-07388
https://dblp.org/pid/s/ChristianScheideler,https://dblp.org/rec/journals/corr/abs-2005-07388
https://dblp.org/pid/55/3839,https://dblp.org/rec/journals/corr/abs-1710-05300
https://dblp.org/pid/14/3197-1,https://dblp.org/rec/journals/iie/Hoper024
https://dblp.org/pid/14/3197-1,https://dblp.org/rec/journals/iie/WinkelnkemperH024
https://dblp.org/pid/34/2589,https://dblp.org/rec/journals/ijinfoman/CoombsSKSBBCFGG21
https://dblp.org/pid/38/1605,https://dblp.org/rec/journals/qic/Gharibian10
https://dblp.org/pid/38/1605,https://dblp.org/rec/journals/qic/GharibianSU13
https://dblp.org/pid/38/1605,https://dblp.org/rec/journals/qic/GharibianKB11
https://dblp.org/pid/38/1605,https://dblp.org/rec/journals/qic/GharibianLSW15
https://dblp.org/pid/38/1605,https://dblp.org/rec/journals/qic/GharibianK14
https://dblp.org/pid/38/1605,https://dblp.org/rec/journals/qic/BerryCG14
https://dblp.org/pid/169/3113,https://dblp.org/rec/journals/ijhpca/SchadeKELKP23
https://dblp.org/pid/76/5938,https://dblp.org/rec/journals/ijhpca/SchadeKELKP23
https://dblp.org/pid/e/GregorEngels,https://dblp.org/rec/books/tf/11/OsterWES11
https://dblp.org/pid/s/ChristianScheideler,https://dblp.org/rec/books/tf/18/RichaS18
https://dblp.org/pid/70/4639,https://dblp.org/rec/books/ios/dalsgaard99/FerreiraDGA99
https://dblp.org/pid/65/4336,https://dblp.org/rec/books/ios/p/LehmannABGGHGNSSWWZ15
https://dblp.org/pid/145/1160,https://dblp.org/rec/books/ios/p/LehmannABGGHGNSSWWZ15
https://dblp.org/pid/s/ChristianScheideler,https://dblp.org/rec/books/sp/voecking2011/Scheideler11
https://dblp.org/pid/33/2110,https://dblp.org/rec/books/sp/voecking2011/Blomer11
https://dblp.org/pid/h/FMaufderHeide,https://dblp.org/rec/books/sp/voecking2011/GehweilerH11
https://dblp.org/pid/m/BurkhardMonien,https://dblp.org/rec/books/sp/cstoday95/MonienDFKLMRS95
https://dblp.org/pid/19/3568,https://dblp.org/rec/books/sp/cstoday95/MonienDFKLMRS95
https://dblp.org/pid/s/ChristianScheideler,https://dblp.org/rec/books/sp/cs2011/ScheidelerG11
https://dblp.org/pid/k/UweKastens,https://dblp.org/rec/books/sp/KastensHZ82
https://dblp.org/pid/43/6309-1,https://dblp.org/rec/books/sp/12/BeverungenMMB12
https://dblp.org/pid/95/4985-1,https://dblp.org/rec/books/sp/12/0001WMDS12
https://dblp.org/pid/00/2717,https://dblp.org/rec/books/sp/Muller2011/JungmannKR11a
https://dblp.org/pid/68/3728,https://dblp.org/rec/books/sp/Muller2011/KaufmannP11
https://dblp.org/pid/68/7642,https://dblp.org/rec/books/sp/Muller2011/DegenerKH11
https://dblp.org/pid/h/FMaufderHeide,https://dblp.org/rec/books/sp/Muller2011/DegenerKH11
https://dblp.org/pid/00/2717,https://dblp.org/rec/books/sp/Muller2011/JungmannKR11
https://dblp.org/pid/94/5744,https://dblp.org/rec/books/sp/24/BoddenFHHKLMPRS22
https://dblp.org/pid/14/3197-1,https://dblp.org/rec/books/sp/24/Hoper0B24
https://dblp.org/pid/138/4856,https://dblp.org/rec/books/sp/22/Yigitbas0E22
https://dblp.org/pid/07/2093-1,https://dblp.org/rec/books/sp/22/Yigitbas0E22
https://dblp.org/pid/e/GregorEngels,https://dblp.org/rec/books/sp/22/Yigitbas0E22
https://dblp.org/pid/202/1859,https://dblp.org/rec/books/sp/22/CastenowFHKMH22
https://dblp.org/pid/138/7323,https://dblp.org/rec/books/sp/22/CastenowFHKMH22
https://dblp.org/pid/h/FMaufderHeide,https://dblp.org/rec/books/sp/22/CastenowFHKMH22
https://dblp.org/pid/e/GregorEngels,https://dblp.org/rec/books/sp/22/KehrbuschE22
https://dblp.org/pid/26/4979,https://dblp.org/rec/books/sp/01/BuhlKLS01
https://dblp.org/pid/s/ChristianScheideler,https://dblp.org/rec/books/sp/Scheideler98
https://dblp.org/pid/43/6309-1,https://dblp.org/rec/books/sp/19/Muller19
https://dblp.org/pid/95/4985-1,https://dblp.org/rec/books/sp/14/Petertonkoker0SS14
https://dblp.org/pid/68/283-1,https://dblp.org/rec/books/sp/Pohl2012/FockelHHHHHMMS12
https://dblp.org/pid/r/FranzJosefRammig,https://dblp.org/rec/books/sp/platzner2010/MontealegreR10
https://dblp.org/pid/68/3728,https://dblp.org/rec/books/sp/platzner2010/LubbersP10
https://dblp.org/pid/m/BurkhardMonien,https://dblp.org/rec/books/sp/92/HromkovicM92
https://dblp.org/pid/h/FMaufderHeide,https://dblp.org/rec/books/sp/92/DietzfelbingerH92
https://dblp.org/pid/88/6542,https://dblp.org/rec/books/sp/17/KinoshitaDGHHKLMNRSY17
https://dblp.org/pid/128/3388,https://dblp.org/rec/books/sp/08/BlankenburgS08
https://dblp.org/pid/65/4336,https://dblp.org/rec/books/sp/16/LykoNN16
https://dblp.org/pid/88/6542,https://dblp.org/rec/books/wi/12/Haeb-UmbachK12
https://dblp.org/pid/e/GregorEngels,https://dblp.org/rec/books/wi/Dumas05/EngelsFHT05
https://dblp.org/pid/f/AlexanderFoerster,https://dblp.org/rec/books/wi/Dumas05/EngelsFHT05
https://dblp.org/pid/k/UweKastens,https://dblp.org/rec/books/ol/Kastens1990
https://dblp.org/pid/48/4209,https://dblp.org/rec/books/ol/cscl04/Magenheim04
https://dblp.org/pid/k/HKleineBuning,https://dblp.org/rec/books/daglib/0096427
https://dblp.org/pid/17/2025,https://dblp.org/rec/books/daglib/0096427
https://dblp.org/pid/p/PPfahler,https://dblp.org/rec/books/daglib/0070156
https://dblp.org/pid/64/1143-2,https://dblp.org/rec/books/daglib/0086509
https://dblp.org/pid/62/4807-8,https://dblp.org/rec/books/daglib/0069947
https://dblp.org/pid/k/HKleineBuning,https://dblp.org/rec/books/daglib/0068125
https://dblp.org/pid/55/3529-3,https://dblp.org/rec/books/daglib/0070148
https://dblp.org/pid/90/4912,https://dblp.org/rec/books/daglib/0034871
https://dblp.org/pid/25/7857,https://dblp.org/rec/books/daglib/0034871
https://dblp.org/pid/31/5809,https://dblp.org/rec/books/daglib/0034871
https://dblp.org/pid/r/FranzJosefRammig,https://dblp.org/rec/books/daglib/0067774
https://dblp.org/pid/00/2717,https://dblp.org/rec/books/daglib/0077539
https://dblp.org/pid/s/ChristianScheideler,https://dblp.org/rec/books/daglib/0091856
https://dblp.org/pid/k/HKleineBuning,https://dblp.org/rec/books/daglib/0075409
https://dblp.org/pid/17/2025,https://dblp.org/rec/books/daglib/0075409
https://dblp.org/pid/k/ReinhardKeilSlawik,https://dblp.org/rec/books/daglib/0018379
https://dblp.org/pid/k/UweKastens,https://dblp.org/rec/books/daglib/0019549
https://dblp.org/pid/69/5011-16,https://dblp.org/rec/books/daglib/0069115
https://dblp.org/pid/34/34-2,https://dblp.org/rec/books/daglib/0074454
https://dblp.org/pid/m/WMuller3,https://dblp.org/rec/books/daglib/0093262
https://dblp.org/pid/h/FMaufderHeide,https://dblp.org/rec/books/daglib/0016822
https://dblp.org/pid/m/BurkhardMonien,https://dblp.org/rec/books/daglib/0016822
https://dblp.org/pid/43/6309-1,https://dblp.org/rec/books/daglib/0028535
https://dblp.org/pid/19/3568,https://dblp.org/rec/books/daglib/0070254
https://dblp.org/pid/48/4209,https://dblp.org/rec/books/daglib/0022663
https://dblp.org/pid/95/4985-1,https://dblp.org/rec/books/daglib/0022663
https://dblp.org/pid/e/GregorEngels,https://dblp.org/rec/books/daglib/0067973
https://dblp.org/pid/31/5809,https://dblp.org/rec/books/daglib/0067973
https://dblp.org/pid/s/ChristianScheideler,https://dblp.org/rec/books/daglib/0017532
https://dblp.org/pid/128/3388,https://dblp.org/rec/books/daglib/p/SchmidtWRGSTLS10
https://dblp.org/pid/133/9755,https://dblp.org/rec/books/daglib/p/SchmidtWRGSTLS10
https://dblp.org/pid/133/9707,https://dblp.org/rec/books/daglib/p/SchmidtWRGSTLS10
https://dblp.org/pid/129/9137-1,https://dblp.org/rec/books/daglib/p/AnackerBDDGISV14
https://dblp.org/pid/90/4912,https://dblp.org/rec/books/daglib/p/AnackerBDDGISV14
https://dblp.org/pid/31/5809,https://dblp.org/rec/books/daglib/p/AnackerBDDGISV14
https://dblp.org/pid/90/4912,https://dblp.org/rec/books/daglib/p/GausemeierV14
https://dblp.org/pid/128/3400,https://dblp.org/rec/books/daglib/p/RieferRLSRVHWLGSS13
https://dblp.org/pid/133/9707,https://dblp.org/rec/books/daglib/p/RieferRLSRVHWLGSS13
https://dblp.org/pid/133/9755,https://dblp.org/rec/books/daglib/p/RieferRLSRVHWLGSS13
https://dblp.org/pid/128/3388,https://dblp.org/rec/books/daglib/p/RieferRLSRVHWLGSS13
https://dblp.org/pid/90/4912,https://dblp.org/rec/books/daglib/p/GausemeierKPSSV14
https://dblp.org/pid/128/3388,https://dblp.org/rec/books/daglib/p/SchmidtRGSLRRWB11
https://dblp.org/pid/133/9755,https://dblp.org/rec/books/daglib/p/SchmidtRGSLRRWB11
https://dblp.org/pid/133/9707,https://dblp.org/rec/books/daglib/p/SchmidtRGSLRRWB11
https://dblp.org/pid/128/3400,https://dblp.org/rec/books/daglib/p/SchmidtRGSLRRWB11
https://dblp.org/pid/128/3400,https://dblp.org/rec/books/daglib/p/SannaRRLRVHWLGS13
https://dblp.org/pid/133/9707,https://dblp.org/rec/books/daglib/p/SannaRRLRVHWLGS13
https://dblp.org/pid/133/9755,https://dblp.org/rec/books/daglib/p/SannaRRLRVHWLGS13
https://dblp.org/pid/128/3388,https://dblp.org/rec/books/daglib/p/SannaRRLRVHWLGS13
https://dblp.org/pid/65/4336,https://dblp.org/rec/books/daglib/p/GerberN14
https://dblp.org/pid/88/6542,https://dblp.org/rec/books/daglib/p/KruegerH11
https://dblp.org/pid/68/3728,https://dblp.org/rec/books/daglib/p/AgnePPHL16
https://dblp.org/pid/76/5938,https://dblp.org/rec/books/daglib/p/AgnePPHL16
https://dblp.org/pid/00/2717,https://dblp.org/rec/books/daglib/p/BockerHHKKKPRRRSSSSSSTZ14
https://dblp.org/pid/17/5476,https://dblp.org/rec/books/daglib/p/BockerHHKKKPRRRSSSSSSTZ14
https://dblp.org/pid/315/0793-2,https://dblp.org/rec/books/daglib/p/BockerHHKKKPRRRSSSSSSTZ14
https://dblp.org/pid/25/7857,https://dblp.org/rec/books/daglib/p/BockerHHKKKPRRRSSSSSSTZ14
https://dblp.org/pid/88/6542,https://dblp.org/rec/books/daglib/p/Haeb-Umbach11
https://dblp.org/pid/90/4912,https://dblp.org/rec/books/daglib/p/DellnitzDFGHIKKOPPSTV14
https://dblp.org/pid/81/3518,https://dblp.org/rec/books/daglib/p/DellnitzDFGHIKKOPPSTV14
https://dblp.org/pid/25/7857,https://dblp.org/rec/books/daglib/p/DellnitzDFGHIKKOPPSTV14
https://dblp.org/pid/81/7126,https://dblp.org/rec/books/daglib/p/AnackerDFGHHHKKKK0OOPPRRRRSSSTTWXZ14
https://dblp.org/pid/00/2717,https://dblp.org/rec/books/daglib/p/AnackerDFGHHHKKKK0OOPPRRRRSSSTTWXZ14
https://dblp.org/pid/17/5476,https://dblp.org/rec/books/daglib/p/AnackerDFGHHHKKKK0OOPPRRRRSSSTTWXZ14
https://dblp.org/pid/m/WMuller3,https://dblp.org/rec/books/daglib/p/AnackerDFGHHHKKKK0OOPPRRRRSSSTTWXZ14
https://dblp.org/pid/81/3518,https://dblp.org/rec/books/daglib/p/AnackerDFGHHHKKKK0OOPPRRRRSSSTTWXZ14
https://dblp.org/pid/43/917,https://dblp.org/rec/books/daglib/p/AnackerDFGHHHKKKK0OOPPRRRRSSSTTWXZ14
https://dblp.org/pid/315/0793-2,https://dblp.org/rec/books/daglib/p/AnackerDFGHHHKKKK0OOPPRRRRSSSTTWXZ14
https://dblp.org/pid/25/7857,https://dblp.org/rec/books/daglib/p/AnackerDFGHHHKKKK0OOPPRRRRSSSTTWXZ14
https://dblp.org/pid/181/2328-6,https://dblp.org/rec/books/daglib/p/AnackerDFGHHHKKKK0OOPPRRRRSSSTTWXZ14
https://dblp.org/pid/128/3388,https://dblp.org/rec/books/daglib/p/SchmidtRGSLRRW11
https://dblp.org/pid/133/9755,https://dblp.org/rec/books/daglib/p/SchmidtRGSLRRW11
https://dblp.org/pid/133/9707,https://dblp.org/rec/books/daglib/p/SchmidtRGSLRRW11
https://dblp.org/pid/128/3400,https://dblp.org/rec/books/daglib/p/SchmidtRGSLRRW11
https://dblp.org/pid/88/6542,https://dblp.org/rec/books/daglib/p/LeutnantH11
https://dblp.org/pid/88/6542,https://dblp.org/rec/books/daglib/p/Haeb-UmbachK11
https://dblp.org/pid/06/456,https://dblp.org/rec/books/daglib/0018386
https://dblp.org/pid/e/GregorEngels,https://dblp.org/rec/books/dp/kappel2003/EngelsLW03
https://dblp.org/pid/e/GregorEngels,https://dblp.org/rec/books/mit/papazoglouST2000/EngelsGK00
https://dblp.org/pid/14/3197-1,https://dblp.org/rec/books/x/p/Schulte24
https://dblp.org/pid/123/8761,https://dblp.org/rec/phd/hal/VanRooijen14
https://dblp.org/pid/164/2698,https://dblp.org/rec/phd/hal/Nguyen18w
https://dblp.org/pid/228/3129,https://dblp.org/rec/phd/ndltd/Leite12b
https://dblp.org/pid/134/7582,https://dblp.org/rec/phd/ethos/Davies15
https://dblp.org/pid/76/5938,https://dblp.org/rec/phd/ch/Plessl2006
https://dblp.org/pid/62/6023-2,https://dblp.org/rec/phd/ch/Mohammadi16
https://dblp.org/pid/60/10319,https://dblp.org/rec/phd/dnb/Wiersema21
https://dblp.org/pid/06/456,https://dblp.org/rec/phd/dnb/Szwillus84
https://dblp.org/pid/20/4268-2,https://dblp.org/rec/phd/dnb/Vollmer97
https://dblp.org/pid/17/2025,https://dblp.org/rec/phd/dnb/Lettmann87
https://dblp.org/pid/98/3010-1,https://dblp.org/rec/phd/dnb/Jung18
https://dblp.org/pid/50/6546,https://dblp.org/rec/phd/dnb/Soltenborn13
https://dblp.org/pid/150/0050,https://dblp.org/rec/phd/dnb/Kolb22
https://dblp.org/pid/48/3452-11,https://dblp.org/rec/phd/dnb/Schmidt89b
https://dblp.org/pid/132/9687,https://dblp.org/rec/phd/dnb/Acar21
https://dblp.org/pid/06/729-1,https://dblp.org/rec/phd/dnb/Koch93
https://dblp.org/pid/27/5935-4,https://dblp.org/rec/phd/dnb/Zhang90
https://dblp.org/pid/14/6145-5,https://dblp.org/rec/phd/dnb/Cheng03
https://dblp.org/pid/70/7642-1,https://dblp.org/rec/phd/dnb/Pietrzyk13
https://dblp.org/pid/92/1704-3,https://dblp.org/rec/phd/dnb/Koller99
https://dblp.org/pid/153/6937,https://dblp.org/rec/phd/dnb/Kazmi25
https://dblp.org/pid/h/FMaufderHeide,https://dblp.org/rec/phd/dnb/Heide81
https://dblp.org/pid/s/AdrianSlowik,https://dblp.org/rec/phd/dnb/Slowik99
https://dblp.org/pid/i/TobiasIsenberg2,https://dblp.org/rec/phd/dnb/Isenberg16
https://dblp.org/pid/e/GregorEngels,https://dblp.org/rec/phd/dnb/Engels86
https://dblp.org/pid/71/11054,https://dblp.org/rec/phd/dnb/Pohlmann18
https://dblp.org/pid/21/3707-3,https://dblp.org/rec/phd/dnb/Hahn99a
https://dblp.org/pid/26/2578-8,https://dblp.org/rec/phd/dnb/Zhao93
https://dblp.org/pid/178/6439,https://dblp.org/rec/phd/dnb/Loken19
https://dblp.org/pid/54/503-1,https://dblp.org/rec/phd/dnb/Lehmann03
https://dblp.org/pid/97/114-4,https://dblp.org/rec/phd/dnb/Schafer18a
https://dblp.org/pid/68/7642,https://dblp.org/rec/phd/dnb/Kempkes12
https://dblp.org/pid/80/3639-9,https://dblp.org/rec/phd/dnb/Awais21
https://dblp.org/pid/69/3369-1,https://dblp.org/rec/phd/dnb/Becker17
https://dblp.org/pid/57/6293-1,https://dblp.org/rec/phd/dnb/Gunther16
https://dblp.org/pid/203/2506,https://dblp.org/rec/phd/dnb/Terhorst21
https://dblp.org/pid/138/4856,https://dblp.org/rec/phd/dnb/Yigitbas19
https://dblp.org/pid/b/StBottcher,https://dblp.org/rec/phd/dnb/Bottcher89
https://dblp.org/pid/81/7126,https://dblp.org/rec/phd/dnb/Grosbrink15
https://dblp.org/pid/08/7058,https://dblp.org/rec/phd/dnb/Feldmann21
https://dblp.org/pid/138/7323,https://dblp.org/rec/phd/dnb/Malatyali19
https://dblp.org/pid/75/4066-2,https://dblp.org/rec/phd/dnb/Neumann02
https://dblp.org/pid/72/8725,https://dblp.org/rec/phd/dnb/Ogierman14
https://dblp.org/pid/174/1998,https://dblp.org/rec/phd/dnb/Spath19
https://dblp.org/pid/92/1305,https://dblp.org/rec/phd/dnb/Wolter15
https://dblp.org/pid/69/5050-8,https://dblp.org/rec/phd/dnb/Schneider22
https://dblp.org/pid/k/ReinhardKeilSlawik,https://dblp.org/rec/phd/dnb/Keil-Slawik85
https://dblp.org/pid/31/5809,https://dblp.org/rec/phd/dnb/Schafer86
https://dblp.org/pid/70/8080,https://dblp.org/rec/phd/dnb/Draxler15
https://dblp.org/pid/216/6738,https://dblp.org/rec/phd/dnb/Eidens22
https://dblp.org/pid/15/5253,https://dblp.org/rec/phd/dnb/Fahle02
https://dblp.org/pid/89/6594,https://dblp.org/rec/phd/dnb/Jung00
https://dblp.org/pid/07/2093-1,https://dblp.org/rec/phd/dnb/Sauer11
https://dblp.org/pid/36/10647,https://dblp.org/rec/phd/dnb/Travkin17
https://dblp.org/pid/42/7777-1,https://dblp.org/rec/phd/dnb/Schmidt03b
https://dblp.org/pid/14/3197-1,https://dblp.org/rec/phd/de/Schulte2003
https://dblp.org/pid/43/917,https://dblp.org/rec/phd/de/Oberthur2010
https://dblp.org/pid/33/2110,https://dblp.org/rec/phd/de/Blomer1993
https://dblp.org/pid/24/160,https://dblp.org/rec/phd/de/Krupp2009
https://dblp.org/pid/91/4804-2,https://dblp.org/rec/phd/de/Schmidt2006a
https://dblp.org/pid/22/2959-2,https://dblp.org/rec/phd/de/Roth2008
https://dblp.org/pid/48/5080,https://dblp.org/rec/phd/de/Hartel2008
https://dblp.org/pid/64/226-1,https://dblp.org/rec/phd/de/Metzler2010
https://dblp.org/pid/43/6309-1,https://dblp.org/rec/phd/de/Muller2011
https://dblp.org/pid/k/MKoester,https://dblp.org/rec/phd/de/Koster2007
https://dblp.org/pid/12/4452,https://dblp.org/rec/phd/de/Geissler2008
https://dblp.org/pid/48/8997,https://dblp.org/rec/phd/de/Eikel16
https://dblp.org/pid/68/283-1,https://dblp.org/rec/phd/de/Meyer2009d
https://dblp.org/pid/44/5175-1,https://dblp.org/rec/phd/de/Dittmann2007
https://dblp.org/pid/19/6980-1,https://dblp.org/rec/phd/de/Huth2004
https://dblp.org/pid/53/3909,https://dblp.org/rec/phd/de/Selke2008
https://dblp.org/pid/65/4336,https://dblp.org/rec/phd/de/Ngomo2009
https://dblp.org/pid/76/3237,https://dblp.org/rec/phd/de/Turhan2007
https://dblp.org/pid/84/1558-1,https://dblp.org/rec/phd/de/Fischer2005
https://dblp.org/pid/33/5440-1,https://dblp.org/rec/phd/de/Guo2007
https://dblp.org/pid/96/1876-1,https://dblp.org/rec/phd/de/Schumacher2011
https://dblp.org/pid/77/4790,https://dblp.org/rec/phd/de/Stallmann2008
https://dblp.org/pid/86/4463-2,https://dblp.org/rec/phd/de/Baumann16
https://dblp.org/pid/39/1215-1,https://dblp.org/rec/phd/de/Zhao16
https://dblp.org/pid/18/2890,https://dblp.org/rec/phd/de/Campen15
https://dblp.org/pid/s/TimSchattkowsky,https://dblp.org/rec/phd/de/Schattkowsky2009
https://dblp.org/pid/315/0793-2,https://dblp.org/rec/phd/basesearch/Rasche13
https://dblp.org/pid/71/10571-2,https://dblp.org/rec/phd/basesearch/Schreiber15
https://dblp.org/pid/117/6974-1,https://dblp.org/rec/phd/basesearch/Weber17
https://dblp.org/pid/13/204-6,https://dblp.org/rec/phd/basesearch/Muller18a
https://dblp.org/pid/138/8052,https://dblp.org/rec/phd/basesearch/Markarian14
https://dblp.org/pid/38/2606-2,https://dblp.org/rec/phd/basesearch/Wolf14
https://dblp.org/pid/53/4856,https://dblp.org/rec/phd/basesearch/Briest07
https://dblp.org/pid/08/8419,https://dblp.org/rec/phd/basesearch/Shaker17
https://dblp.org/pid/31/1472-2,https://dblp.org/rec/phd/basesearch/Schulte06
https://dblp.org/pid/24/6914-43,https://dblp.org/rec/phd/basesearch/Zhang01
https://dblp.org/pid/129/9137-1,https://dblp.org/rec/phd/basesearch/Brenner16
https://dblp.org/pid/77/949,https://dblp.org/rec/phd/basesearch/Scheytt03
https://dblp.org/pid/09/3612-1,https://dblp.org/rec/phd/basesearch/Schulze00
https://dblp.org/pid/84/6110-2,https://dblp.org/rec/phd/basesearch/Bauer14
https://dblp.org/pid/181/2328-6,https://dblp.org/rec/phd/basesearch/Xie14a
https://dblp.org/pid/150/4812-2,https://dblp.org/rec/phd/basesearch/Mahmood22
https://dblp.org/pid/55/3839,https://dblp.org/rec/phd/basesearch/Leong08
https://dblp.org/pid/147/3358,https://dblp.org/rec/phd/basesearch/Strothmann17
https://dblp.org/pid/202/1859,https://dblp.org/rec/phd/basesearch/Castenow23
https://dblp.org/pid/177/9340,https://dblp.org/rec/phd/basesearch/Haak21
https://dblp.org/pid/127/6615,https://dblp.org/rec/phd/basesearch/Bujna17
https://dblp.org/pid/b/StBottcher,https://dblp.org/rec/tr/ibm/IWBS71
https://dblp.org/pid/b/StBottcher,https://dblp.org/rec/tr/ibm/IWBS132
https://dblp.org/pid/b/StBottcher,https://dblp.org/rec/tr/ibm/IWBS134
https://dblp.org/pid/b/StBottcher,https://dblp.org/rec/tr/ibm/IWBS118
https://dblp.org/pid/b/StBottcher,https://dblp.org/rec/tr/ibm/IWBS175
https://dblp.org/pid/b/StBottcher,https://dblp.org/rec/tr/ibm/IWBS128
https://dblp.org/pid/b/StBottcher,https://dblp.org/rec/tr/ibm/IWBS141
https://dblp.org/pid/b/StBottcher,https://dblp.org/rec/tr/ibm/IWBS87
https://dblp.org/pid/b/StBottcher,https://dblp.org/rec/tr/ibm/IWBS89
https://dblp.org/pid/17/2025,https://dblp.org/rec/tr/ibm/IWBS193
