source_id,relation_type,target_id
138,author_of,198
115,author_of,199
176,author_of,199
157,author_of,200
36,author_of,201
36,author_of,202
115,author_of,203
36,author_of,204
26,author_of,205
122,author_of,205
155,author_of,206
195,author_of,207
195,author_of,208
155,author_of,209
195,author_of,210
195,author_of,211
195,author_of,212
155,author_of,213
7,author_of,214
27,author_of,214
154,author_of,215
187,author_of,216
187,author_of,217
42,author_of,217
187,author_of,218
195,author_of,219
176,author_of,220
36,author_of,220
187,author_of,221
187,author_of,222
154,author_of,223
187,author_of,224
187,author_of,225
187,author_of,226
195,author_of,227
9,author_of,227
195,author_of,228
187,author_of,229
42,author_of,230
187,author_of,230
90,author_of,231
195,author_of,232
42,author_of,233
187,author_of,233
90,author_of,234
42,author_of,235
187,author_of,235
195,author_of,236
187,author_of,237
90,author_of,238
195,author_of,239
187,author_of,240
195,author_of,241
145,author_of,242
195,author_of,243
8,author_of,244
152,author_of,244
42,author_of,245
10,author_of,245
187,author_of,245
187,author_of,246
65,author_of,247
65,author_of,248
10,author_of,249
187,author_of,249
42,author_of,250
187,author_of,250
161,author_of,251
161,author_of,252
161,author_of,253
161,author_of,254
102,author_of,255
161,author_of,255
82,author_of,256
46,author_of,257
46,author_of,258
187,author_of,259
46,author_of,260
46,author_of,261
155,author_of,262
168,author_of,263
92,author_of,264
138,author_of,264
36,author_of,265
168,author_of,266
157,author_of,267
197,author_of,268
195,author_of,269
137,author_of,270
138,author_of,271
26,author_of,272
28,author_of,273
76,author_of,274
112,author_of,275
169,author_of,276
22,author_of,277
147,author_of,277
106,author_of,278
161,author_of,278
54,author_of,279
54,author_of,280
44,author_of,281
114,author_of,281
54,author_of,282
147,author_of,283
187,author_of,284
90,author_of,285
187,author_of,286
26,author_of,287
26,author_of,288
133,author_of,289
133,author_of,290
133,author_of,291
102,author_of,292
195,author_of,293
115,author_of,294
115,author_of,295
138,author_of,296
115,author_of,297
115,author_of,298
115,author_of,299
178,author_of,300
115,author_of,301
90,author_of,302
137,author_of,302
138,author_of,303
115,author_of,304
115,author_of,305
46,author_of,306
46,author_of,307
46,author_of,308
46,author_of,309
78,author_of,310
195,author_of,311
195,author_of,312
195,author_of,313
195,author_of,314
195,author_of,315
36,author_of,316
0,author_of,317
0,author_of,318
114,author_of,319
169,author_of,320
172,author_of,321
7,author_of,322
27,author_of,322
27,author_of,323
187,author_of,324
10,author_of,324
10,author_of,325
172,author_of,326
186,author_of,327
103,author_of,328
103,author_of,329
103,author_of,330
103,author_of,331
103,author_of,332
103,author_of,333
103,author_of,334
103,author_of,335
103,author_of,336
103,author_of,337
103,author_of,338
103,author_of,339
103,author_of,340
103,author_of,341
103,author_of,342
103,author_of,343
103,author_of,344
103,author_of,345
103,author_of,346
103,author_of,347
103,author_of,348
103,author_of,349
103,author_of,350
103,author_of,351
103,author_of,352
103,author_of,353
103,author_of,354
78,author_of,355
98,author_of,355
103,author_of,355
103,author_of,356
103,author_of,357
103,author_of,358
103,author_of,359
138,author_of,360
171,author_of,361
192,author_of,361
147,author_of,361
138,author_of,362
138,author_of,363
43,author_of,364
17,author_of,365
112,author_of,366
112,author_of,367
94,author_of,368
112,author_of,369
112,author_of,370
112,author_of,371
112,author_of,372
94,author_of,373
94,author_of,374
112,author_of,375
94,author_of,376
43,author_of,377
187,author_of,378
47,author_of,379
2,author_of,379
149,author_of,380
76,author_of,381
129,author_of,382
169,author_of,382
129,author_of,383
90,author_of,383
76,author_of,384
129,author_of,385
169,author_of,385
129,author_of,386
129,author_of,387
129,author_of,388
47,author_of,389
47,author_of,390
76,author_of,391
76,author_of,392
76,author_of,393
76,author_of,394
129,author_of,395
129,author_of,396
129,author_of,397
133,author_of,398
76,author_of,399
76,author_of,400
76,author_of,401
26,author_of,402
76,author_of,403
76,author_of,404
133,author_of,405
76,author_of,406
47,author_of,407
76,author_of,408
76,author_of,409
76,author_of,410
2,author_of,411
129,author_of,412
90,author_of,412
196,author_of,413
7,author_of,414
181,author_of,415
141,author_of,416
127,author_of,417
181,author_of,418
23,author_of,419
85,author_of,419
115,author_of,420
32,author_of,421
29,author_of,422
99,author_of,423
135,author_of,424
172,author_of,425
186,author_of,426
137,author_of,427
137,author_of,428
168,author_of,429
90,author_of,429
90,author_of,430
137,author_of,431
137,author_of,432
159,author_of,433
137,author_of,433
137,author_of,434
90,author_of,435
137,author_of,436
90,author_of,437
90,author_of,438
90,author_of,439
90,author_of,440
85,author_of,441
127,author_of,442
115,author_of,443
22,author_of,444
151,author_of,444
147,author_of,445
20,author_of,446
90,author_of,446
168,author_of,447
43,author_of,448
168,author_of,449
127,author_of,450
102,author_of,451
7,author_of,452
27,author_of,452
7,author_of,453
27,author_of,453
7,author_of,454
27,author_of,454
7,author_of,455
27,author_of,455
7,author_of,456
27,author_of,456
7,author_of,457
27,author_of,457
28,author_of,458
28,author_of,459
28,author_of,460
154,author_of,461
154,author_of,462
154,author_of,463
154,author_of,464
154,author_of,465
165,author_of,466
85,author_of,467
115,author_of,468
138,author_of,469
135,author_of,470
135,author_of,471
76,author_of,472
135,author_of,473
135,author_of,474
135,author_of,475
139,author_of,476
139,author_of,477
135,author_of,478
129,author_of,479
169,author_of,479
90,author_of,479
36,author_of,480
125,author_of,481
138,author_of,481
177,author_of,482
36,author_of,482
36,author_of,483
125,author_of,484
101,author_of,484
138,author_of,484
177,author_of,485
36,author_of,485
36,author_of,486
125,author_of,487
138,author_of,487
36,author_of,488
146,author_of,488
36,author_of,489
36,author_of,490
36,author_of,491
177,author_of,492
99,author_of,492
36,author_of,492
177,author_of,493
36,author_of,493
36,author_of,494
146,author_of,494
36,author_of,495
36,author_of,496
36,author_of,497
94,author_of,498
115,author_of,499
175,author_of,500
29,author_of,501
37,author_of,502
29,author_of,503
29,author_of,504
29,author_of,505
29,author_of,506
29,author_of,507
29,author_of,508
29,author_of,509
29,author_of,510
29,author_of,511
29,author_of,512
29,author_of,513
29,author_of,514
157,author_of,514
29,author_of,515
29,author_of,516
29,author_of,517
29,author_of,518
29,author_of,519
29,author_of,520
29,author_of,521
187,author_of,522
10,author_of,522
182,author_of,523
22,author_of,524
182,author_of,525
182,author_of,526
90,author_of,527
182,author_of,528
28,author_of,529
98,author_of,530
187,author_of,530
50,author_of,531
98,author_of,532
98,author_of,533
187,author_of,533
175,author_of,534
175,author_of,535
175,author_of,536
175,author_of,537
103,author_of,538
98,author_of,539
42,author_of,540
187,author_of,540
46,author_of,541
28,author_of,542
187,author_of,543
120,author_of,544
115,author_of,544
103,author_of,545
47,author_of,546
154,author_of,547
46,author_of,548
147,author_of,549
147,author_of,550
171,author_of,550
77,author_of,551
147,author_of,552
175,author_of,553
65,author_of,554
65,author_of,555
65,author_of,556
187,author_of,556
42,author_of,557
187,author_of,558
8,author_of,559
46,author_of,559
128,author_of,560
138,author_of,560
197,author_of,561
197,author_of,562
197,author_of,563
197,author_of,564
197,author_of,565
181,author_of,566
181,author_of,567
90,author_of,568
90,author_of,569
120,author_of,570
3,author_of,571
24,author_of,572
115,author_of,573
115,author_of,574
175,author_of,575
65,author_of,576
65,author_of,577
168,author_of,578
65,author_of,579
168,author_of,580
175,author_of,581
89,author_of,582
65,author_of,583
168,author_of,584
70,author_of,585
55,author_of,585
197,author_of,586
107,author_of,587
62,author_of,588
161,author_of,588
186,author_of,589
35,author_of,590
149,author_of,591
26,author_of,592
149,author_of,592
135,author_of,593
26,author_of,594
149,author_of,594
71,author_of,594
149,author_of,595
26,author_of,596
137,author_of,597
46,author_of,598
168,author_of,599
127,author_of,600
46,author_of,601
85,author_of,602
158,author_of,603
90,author_of,603
182,author_of,604
32,author_of,605
114,author_of,606
62,author_of,607
161,author_of,607
114,author_of,608
62,author_of,609
32,author_of,609
161,author_of,609
161,author_of,610
40,author_of,611
40,author_of,612
50,author_of,613
50,author_of,614
55,author_of,615
70,author_of,616
55,author_of,616
70,author_of,617
55,author_of,617
50,author_of,618
55,author_of,618
55,author_of,619
70,author_of,620
55,author_of,620
50,author_of,621
50,author_of,622
50,author_of,623
68,author_of,624
50,author_of,625
50,author_of,626
50,author_of,627
50,author_of,628
50,author_of,629
50,author_of,630
55,author_of,630
55,author_of,631
55,author_of,632
161,author_of,633
50,author_of,634
90,author_of,635
50,author_of,636
55,author_of,637
55,author_of,638
50,author_of,638
55,author_of,639
50,author_of,640
50,author_of,641
55,author_of,641
50,author_of,642
46,author_of,643
55,author_of,644
50,author_of,645
50,author_of,646
50,author_of,647
55,author_of,647
50,author_of,648
55,author_of,649
50,author_of,650
112,author_of,651
50,author_of,652
161,author_of,653
161,author_of,654
55,author_of,655
50,author_of,656
161,author_of,657
161,author_of,658
55,author_of,659
50,author_of,660
50,author_of,661
50,author_of,662
55,author_of,662
50,author_of,663
26,author_of,664
149,author_of,664
43,author_of,665
43,author_of,666
49,author_of,667
193,author_of,667
7,author_of,668
7,author_of,669
27,author_of,669
191,author_of,670
90,author_of,671
191,author_of,672
191,author_of,673
191,author_of,674
191,author_of,675
191,author_of,676
168,author_of,677
90,author_of,677
90,author_of,678
137,author_of,679
191,author_of,680
95,author_of,681
186,author_of,682
115,author_of,683
138,author_of,684
115,author_of,685
105,author_of,685
43,author_of,686
43,author_of,687
135,author_of,688
57,author_of,689
114,author_of,689
186,author_of,690
76,author_of,691
147,author_of,692
154,author_of,693
167,author_of,694
49,author_of,694
183,author_of,694
49,author_of,695
49,author_of,696
193,author_of,696
167,author_of,696
49,author_of,697
49,author_of,698
193,author_of,699
35,author_of,700
193,author_of,700
193,author_of,701
157,author_of,702
117,author_of,702
191,author_of,703
154,author_of,704
103,author_of,705
187,author_of,706
89,author_of,707
161,author_of,708
102,author_of,709
175,author_of,710
187,author_of,711
10,author_of,712
187,author_of,712
187,author_of,713
187,author_of,714
187,author_of,715
187,author_of,716
138,author_of,717
171,author_of,718
192,author_of,718
147,author_of,718
169,author_of,719
76,author_of,720
135,author_of,721
76,author_of,722
76,author_of,723
76,author_of,724
135,author_of,725
76,author_of,726
166,author_of,727
9,author_of,728
56,author_of,729
9,author_of,729
76,author_of,730
40,author_of,731
40,author_of,732
9,author_of,733
76,author_of,734
40,author_of,735
76,author_of,736
122,author_of,737
122,author_of,738
26,author_of,738
26,author_of,739
122,author_of,740
122,author_of,741
122,author_of,742
122,author_of,743
122,author_of,744
122,author_of,745
121,author_of,746
7,author_of,747
125,author_of,748
138,author_of,748
115,author_of,749
115,author_of,750
57,author_of,751
114,author_of,751
114,author_of,752
44,author_of,752
129,author_of,753
129,author_of,754
129,author_of,755
169,author_of,755
90,author_of,755
195,author_of,756
195,author_of,757
195,author_of,758
90,author_of,759
66,author_of,760
97,author_of,761
195,author_of,762
104,author_of,763
118,author_of,764
169,author_of,765
149,author_of,766
164,author_of,767
149,author_of,768
169,author_of,769
9,author_of,770
195,author_of,771
195,author_of,772
137,author_of,773
169,author_of,774
90,author_of,774
195,author_of,775
90,author_of,776
195,author_of,777
160,author_of,778
192,author_of,779
195,author_of,780
149,author_of,781
137,author_of,782
137,author_of,783
195,author_of,784
90,author_of,785
118,author_of,786
9,author_of,787
169,author_of,788
195,author_of,789
90,author_of,790
195,author_of,791
90,author_of,792
195,author_of,793
169,author_of,794
56,author_of,795
9,author_of,795
164,author_of,796
137,author_of,796
129,author_of,797
90,author_of,797
195,author_of,798
137,author_of,799
90,author_of,800
169,author_of,801
90,author_of,802
169,author_of,803
118,author_of,804
160,author_of,805
129,author_of,806
90,author_of,806
90,author_of,807
90,author_of,808
195,author_of,809
137,author_of,810
90,author_of,811
170,author_of,812
170,author_of,813
114,author_of,814
90,author_of,815
137,author_of,815
90,author_of,816
90,author_of,817
90,author_of,818
90,author_of,819
165,author_of,819
90,author_of,820
90,author_of,821
90,author_of,822
90,author_of,823
165,author_of,823
90,author_of,824
195,author_of,825
186,author_of,826
186,author_of,827
186,author_of,828
114,author_of,829
186,author_of,829
186,author_of,830
55,author_of,831
76,author_of,832
76,author_of,833
76,author_of,834
195,author_of,835
137,author_of,836
36,author_of,837
36,author_of,838
157,author_of,839
36,author_of,840
36,author_of,841
36,author_of,842
138,author_of,843
3,author_of,844
3,author_of,845
36,author_of,846
3,author_of,847
157,author_of,848
36,author_of,849
78,author_of,850
90,author_of,851
149,author_of,852
149,author_of,853
26,author_of,853
135,author_of,854
122,author_of,855
47,author_of,856
2,author_of,856
122,author_of,857
165,author_of,858
26,author_of,858
144,author_of,858
26,author_of,859
47,author_of,860
2,author_of,860
26,author_of,861
2,author_of,862
47,author_of,863
71,author_of,864
165,author_of,865
130,author_of,865
88,author_of,866
1,author_of,867
53,author_of,868
50,author_of,869
55,author_of,869
90,author_of,870
129,author_of,871
169,author_of,871
169,author_of,872
90,author_of,872
90,author_of,873
154,author_of,874
90,author_of,875
63,author_of,876
161,author_of,877
102,author_of,878
55,author_of,879
161,author_of,880
161,author_of,881
172,author_of,882
191,author_of,883
165,author_of,884
126,author_of,885
55,author_of,886
191,author_of,887
126,author_of,888
130,author_of,889
165,author_of,889
191,author_of,890
165,author_of,891
126,author_of,892
126,author_of,893
6,author_of,894
165,author_of,895
151,author_of,896
165,author_of,897
165,author_of,898
191,author_of,899
126,author_of,900
6,author_of,901
126,author_of,902
126,author_of,903
126,author_of,904
126,author_of,905
165,author_of,906
126,author_of,907
165,author_of,908
191,author_of,909
165,author_of,910
84,author_of,911
23,author_of,912
23,author_of,913
45,author_of,914
157,author_of,915
45,author_of,916
135,author_of,917
187,author_of,918
175,author_of,919
43,author_of,920
172,author_of,921
43,author_of,922
127,author_of,923
138,author_of,923
76,author_of,924
46,author_of,925
103,author_of,926
157,author_of,927
100,author_of,927
45,author_of,928
157,author_of,929
190,author_of,930
90,author_of,931
90,author_of,932
137,author_of,932
90,author_of,933
137,author_of,933
90,author_of,934
169,author_of,934
197,author_of,935
112,author_of,936
197,author_of,937
157,author_of,938
156,author_of,939
103,author_of,940
103,author_of,941
98,author_of,942
103,author_of,943
46,author_of,944
55,author_of,945
55,author_of,946
70,author_of,947
55,author_of,948
84,author_of,949
118,author_of,950
129,author_of,951
90,author_of,951
90,author_of,952
118,author_of,953
90,author_of,954
118,author_of,955
195,author_of,956
118,author_of,957
118,author_of,958
118,author_of,959
172,author_of,960
129,author_of,961
40,author_of,962
129,author_of,963
40,author_of,964
129,author_of,965
169,author_of,965
90,author_of,965
161,author_of,966
195,author_of,967
195,author_of,968
195,author_of,969
138,author_of,970
55,author_of,971
154,author_of,972
97,author_of,973
90,author_of,974
114,author_of,975
76,author_of,976
187,author_of,977
90,author_of,978
90,author_of,979
40,author_of,980
165,author_of,981
191,author_of,982
191,author_of,983
165,author_of,984
26,author_of,984
149,author_of,984
144,author_of,984
191,author_of,985
126,author_of,986
65,author_of,987
65,author_of,988
151,author_of,989
22,author_of,989
114,author_of,990
195,author_of,991
114,author_of,992
34,author_of,993
168,author_of,993
22,author_of,994
151,author_of,994
147,author_of,995
90,author_of,996
129,author_of,997
90,author_of,997
90,author_of,998
34,author_of,999
90,author_of,999
90,author_of,1000
195,author_of,1001
129,author_of,1002
90,author_of,1002
129,author_of,1003
90,author_of,1003
90,author_of,1004
169,author_of,1004
90,author_of,1005
137,author_of,1006
90,author_of,1007
169,author_of,1008
90,author_of,1009
185,author_of,1010
52,author_of,1011
20,author_of,1012
90,author_of,1012
90,author_of,1013
169,author_of,1014
20,author_of,1015
90,author_of,1015
169,author_of,1016
90,author_of,1016
90,author_of,1017
169,author_of,1018
90,author_of,1019
147,author_of,1020
147,author_of,1021
44,author_of,1022
57,author_of,1022
114,author_of,1022
192,author_of,1023
192,author_of,1024
195,author_of,1025
29,author_of,1026
29,author_of,1027
138,author_of,1028
115,author_of,1029
43,author_of,1030
43,author_of,1031
94,author_of,1032
112,author_of,1033
21,author_of,1034
112,author_of,1035
112,author_of,1036
112,author_of,1037
43,author_of,1038
112,author_of,1039
94,author_of,1040
43,author_of,1041
21,author_of,1042
138,author_of,1043
115,author_of,1044
138,author_of,1045
115,author_of,1046
115,author_of,1047
115,author_of,1048
115,author_of,1049
138,author_of,1050
115,author_of,1051
138,author_of,1052
140,author_of,1053
115,author_of,1054
138,author_of,1055
115,author_of,1056
115,author_of,1057
78,author_of,1058
120,author_of,1059
115,author_of,1059
115,author_of,1060
140,author_of,1061
115,author_of,1062
140,author_of,1063
120,author_of,1064
115,author_of,1065
115,author_of,1066
36,author_of,1067
68,author_of,1068
115,author_of,1069
92,author_of,1070
180,author_of,1071
20,author_of,1072
161,author_of,1073
106,author_of,1073
103,author_of,1074
104,author_of,1075
114,author_of,1076
44,author_of,1077
114,author_of,1077
44,author_of,1078
114,author_of,1078
114,author_of,1079
186,author_of,1079
114,author_of,1080
114,author_of,1081
59,author_of,1081
59,author_of,1082
114,author_of,1082
114,author_of,1083
186,author_of,1083
114,author_of,1084
163,author_of,1085
163,author_of,1086
77,author_of,1087
163,author_of,1087
114,author_of,1088
114,author_of,1089
197,author_of,1090
197,author_of,1091
197,author_of,1092
197,author_of,1093
197,author_of,1094
197,author_of,1095
85,author_of,1096
174,author_of,1097
46,author_of,1097
46,author_of,1098
191,author_of,1099
191,author_of,1100
81,author_of,1101
29,author_of,1102
45,author_of,1103
7,author_of,1104
158,author_of,1105
7,author_of,1106
7,author_of,1107
137,author_of,1108
95,author_of,1109
95,author_of,1110
95,author_of,1111
95,author_of,1112
95,author_of,1113
95,author_of,1114
95,author_of,1115
95,author_of,1116
95,author_of,1117
56,author_of,1118
9,author_of,1118
40,author_of,1119
156,author_of,1120
100,author_of,1120
40,author_of,1121
9,author_of,1122
9,author_of,1123
157,author_of,1124
156,author_of,1124
100,author_of,1124
9,author_of,1125
56,author_of,1125
45,author_of,1126
40,author_of,1127
9,author_of,1128
40,author_of,1129
9,author_of,1130
9,author_of,1131
195,author_of,1132
157,author_of,1133
195,author_of,1134
56,author_of,1135
9,author_of,1135
9,author_of,1136
195,author_of,1137
40,author_of,1138
9,author_of,1139
47,author_of,1140
47,author_of,1141
122,author_of,1142
99,author_of,1143
187,author_of,1144
55,author_of,1145
90,author_of,1146
85,author_of,1147
98,author_of,1148
98,author_of,1149
187,author_of,1149
195,author_of,1150
157,author_of,1151
156,author_of,1151
150,author_of,1151
100,author_of,1151
7,author_of,1152
45,author_of,1153
69,author_of,1154
157,author_of,1155
69,author_of,1155
7,author_of,1156
27,author_of,1156
29,author_of,1157
29,author_of,1158
29,author_of,1159
115,author_of,1160
195,author_of,1161
186,author_of,1162
7,author_of,1163
27,author_of,1163
7,author_of,1164
27,author_of,1164
7,author_of,1165
27,author_of,1165
7,author_of,1166
27,author_of,1166
7,author_of,1167
27,author_of,1167
7,author_of,1168
27,author_of,1168
7,author_of,1169
7,author_of,1170
27,author_of,1170
7,author_of,1171
7,author_of,1172
27,author_of,1172
187,author_of,1173
187,author_of,1174
187,author_of,1175
187,author_of,1176
42,author_of,1177
187,author_of,1177
42,author_of,1178
187,author_of,1178
90,author_of,1179
187,author_of,1180
187,author_of,1181
187,author_of,1182
187,author_of,1183
187,author_of,1184
187,author_of,1185
187,author_of,1186
80,author_of,1187
42,author_of,1187
187,author_of,1187
187,author_of,1188
80,author_of,1189
187,author_of,1189
42,author_of,1189
103,author_of,1190
187,author_of,1191
42,author_of,1192
187,author_of,1193
187,author_of,1194
187,author_of,1195
187,author_of,1196
187,author_of,1197
187,author_of,1198
187,author_of,1199
10,author_of,1200
187,author_of,1201
187,author_of,1202
187,author_of,1203
187,author_of,1204
187,author_of,1205
187,author_of,1206
10,author_of,1207
187,author_of,1207
187,author_of,1208
187,author_of,1209
187,author_of,1210
187,author_of,1211
187,author_of,1212
187,author_of,1213
42,author_of,1214
187,author_of,1214
187,author_of,1215
187,author_of,1216
187,author_of,1217
187,author_of,1218
187,author_of,1219
187,author_of,1220
42,author_of,1221
187,author_of,1221
103,author_of,1222
187,author_of,1223
187,author_of,1224
42,author_of,1225
187,author_of,1225
187,author_of,1226
187,author_of,1227
42,author_of,1228
187,author_of,1228
187,author_of,1229
187,author_of,1230
42,author_of,1231
187,author_of,1231
10,author_of,1232
187,author_of,1232
187,author_of,1233
187,author_of,1234
187,author_of,1235
90,author_of,1236
187,author_of,1237
10,author_of,1238
187,author_of,1238
187,author_of,1239
187,author_of,1240
187,author_of,1241
187,author_of,1242
187,author_of,1243
187,author_of,1244
187,author_of,1245
187,author_of,1246
187,author_of,1247
187,author_of,1248
187,author_of,1249
42,author_of,1250
187,author_of,1250
187,author_of,1251
187,author_of,1252
187,author_of,1253
10,author_of,1254
187,author_of,1254
42,author_of,1255
187,author_of,1255
187,author_of,1256
187,author_of,1257
187,author_of,1258
42,author_of,1258
187,author_of,1259
165,author_of,1260
165,author_of,1261
165,author_of,1262
126,author_of,1263
165,author_of,1264
191,author_of,1265
165,author_of,1266
85,author_of,1267
165,author_of,1268
191,author_of,1269
191,author_of,1270
126,author_of,1271
126,author_of,1272
191,author_of,1273
126,author_of,1274
165,author_of,1275
38,author_of,1276
165,author_of,1277
165,author_of,1278
114,author_of,1279
103,author_of,1280
103,author_of,1281
47,author_of,1282
40,author_of,1283
47,author_of,1284
40,author_of,1285
197,author_of,1286
197,author_of,1287
195,author_of,1288
195,author_of,1289
194,author_of,1289
195,author_of,1290
118,author_of,1291
118,author_of,1292
90,author_of,1293
118,author_of,1294
118,author_of,1295
118,author_of,1296
90,author_of,1297
118,author_of,1298
137,author_of,1299
118,author_of,1300
193,author_of,1301
161,author_of,1302
43,author_of,1303
161,author_of,1304
22,author_of,1305
90,author_of,1306
137,author_of,1306
29,author_of,1307
29,author_of,1308
29,author_of,1309
139,author_of,1310
129,author_of,1311
129,author_of,1312
90,author_of,1312
151,author_of,1313
22,author_of,1313
39,author_of,1314
151,author_of,1314
22,author_of,1314
151,author_of,1315
22,author_of,1315
43,author_of,1316
90,author_of,1317
7,author_of,1318
7,author_of,1319
49,author_of,1320
154,author_of,1321
154,author_of,1322
191,author_of,1323
103,author_of,1324
90,author_of,1325
169,author_of,1325
90,author_of,1326
172,author_of,1327
111,author_of,1328
135,author_of,1329
165,author_of,1330
90,author_of,1331
165,author_of,1331
122,author_of,1332
47,author_of,1333
59,author_of,1334
114,author_of,1334
76,author_of,1335
165,author_of,1336
129,author_of,1337
169,author_of,1337
3,author_of,1338
111,author_of,1339
26,author_of,1340
122,author_of,1341
138,author_of,1342
172,author_of,1343
22,author_of,1344
147,author_of,1344
149,author_of,1345
7,author_of,1346
126,author_of,1347
47,author_of,1348
187,author_of,1349
131,author_of,1350
138,author_of,1351
138,author_of,1352
190,author_of,1353
22,author_of,1354
90,author_of,1355
90,author_of,1356
169,author_of,1356
172,author_of,1357
135,author_of,1358
7,author_of,1359
76,author_of,1360
90,author_of,1361
93,author_of,1362
47,author_of,1363
26,author_of,1364
147,author_of,1365
196,author_of,1366
90,author_of,1367
169,author_of,1367
147,author_of,1368
160,author_of,1369
90,author_of,1370
83,author_of,1371
90,author_of,1372
169,author_of,1372
138,author_of,1373
90,author_of,1374
135,author_of,1375
126,author_of,1376
90,author_of,1377
133,author_of,1378
22,author_of,1379
122,author_of,1380
46,author_of,1381
152,author_of,1381
7,author_of,1382
7,author_of,1383
27,author_of,1383
165,author_of,1384
149,author_of,1385
149,author_of,1386
90,author_of,1387
137,author_of,1387
146,author_of,1388
36,author_of,1389
39,author_of,1390
151,author_of,1390
22,author_of,1390
39,author_of,1391
151,author_of,1391
22,author_of,1391
22,author_of,1392
39,author_of,1393
151,author_of,1393
22,author_of,1393
43,author_of,1394
169,author_of,1395
90,author_of,1395
169,author_of,1396
90,author_of,1396
183,author_of,1397
49,author_of,1397
114,author_of,1398
135,author_of,1399
169,author_of,1400
137,author_of,1401
114,author_of,1402
167,author_of,1403
49,author_of,1403
183,author_of,1403
34,author_of,1404
114,author_of,1404
114,author_of,1405
114,author_of,1406
90,author_of,1407
169,author_of,1407
129,author_of,1408
90,author_of,1408
49,author_of,1409
114,author_of,1410
90,author_of,1411
20,author_of,1411
114,author_of,1412
168,author_of,1413
90,author_of,1413
34,author_of,1413
90,author_of,1414
114,author_of,1415
169,author_of,1416
90,author_of,1416
114,author_of,1417
132,author_of,1418
132,author_of,1419
90,author_of,1420
169,author_of,1420
157,author_of,1421
90,author_of,1422
137,author_of,1422
195,author_of,1423
195,author_of,1424
195,author_of,1425
195,author_of,1426
195,author_of,1427
195,author_of,1428
195,author_of,1429
195,author_of,1430
157,author_of,1431
156,author_of,1431
150,author_of,1431
156,author_of,1432
161,author_of,1433
161,author_of,1434
172,author_of,1435
43,author_of,1436
91,author_of,1437
172,author_of,1437
172,author_of,1438
186,author_of,1439
40,author_of,1440
40,author_of,1441
40,author_of,1442
40,author_of,1443
40,author_of,1444
40,author_of,1445
40,author_of,1446
40,author_of,1447
40,author_of,1448
169,author_of,1449
90,author_of,1449
94,author_of,1450
114,author_of,1451
34,author_of,1451
114,author_of,1452
59,author_of,1453
114,author_of,1453
59,author_of,1454
114,author_of,1454
161,author_of,1455
34,author_of,1456
114,author_of,1456
143,author_of,1457
114,author_of,1457
102,author_of,1458
34,author_of,1459
114,author_of,1459
44,author_of,1460
114,author_of,1460
114,author_of,1461
44,author_of,1462
114,author_of,1462
57,author_of,1462
114,author_of,1463
106,author_of,1464
161,author_of,1464
161,author_of,1465
114,author_of,1466
114,author_of,1467
48,author_of,1468
114,author_of,1469
34,author_of,1470
106,author_of,1471
161,author_of,1471
45,author_of,1472
120,author_of,1473
115,author_of,1473
48,author_of,1474
163,author_of,1475
102,author_of,1476
161,author_of,1476
161,author_of,1477
114,author_of,1478
59,author_of,1479
114,author_of,1479
32,author_of,1480
77,author_of,1481
34,author_of,1482
57,author_of,1482
114,author_of,1482
129,author_of,1483
90,author_of,1483
182,author_of,1484
28,author_of,1485
112,author_of,1486
77,author_of,1487
102,author_of,1488
161,author_of,1488
102,author_of,1489
102,author_of,1490
169,author_of,1491
149,author_of,1492
97,author_of,1493
161,author_of,1494
182,author_of,1495
7,author_of,1496
27,author_of,1496
7,author_of,1497
7,author_of,1498
27,author_of,1498
99,author_of,1499
99,author_of,1500
99,author_of,1501
99,author_of,1502
49,author_of,1503
138,author_of,1503
35,author_of,1503
154,author_of,1504
154,author_of,1505
127,author_of,1506
95,author_of,1507
95,author_of,1508
95,author_of,1509
137,author_of,1510
137,author_of,1511
90,author_of,1511
115,author_of,1512
115,author_of,1513
115,author_of,1514
115,author_of,1515
115,author_of,1516
115,author_of,1517
126,author_of,1518
126,author_of,1519
20,author_of,1520
90,author_of,1520
195,author_of,1521
195,author_of,1522
195,author_of,1523
195,author_of,1524
195,author_of,1525
195,author_of,1526
195,author_of,1527
195,author_of,1528
195,author_of,1529
195,author_of,1530
195,author_of,1531
195,author_of,1532
140,author_of,1533
187,author_of,1534
187,author_of,1535
187,author_of,1536
147,author_of,1537
43,author_of,1538
43,author_of,1539
191,author_of,1540
90,author_of,1541
66,author_of,1542
160,author_of,1542
118,author_of,1543
7,author_of,1544
113,author_of,1545
115,author_of,1546
115,author_of,1547
24,author_of,1548
36,author_of,1548
177,author_of,1549
36,author_of,1549
138,author_of,1550
128,author_of,1551
138,author_of,1551
177,author_of,1552
36,author_of,1552
125,author_of,1553
101,author_of,1553
138,author_of,1553
36,author_of,1554
146,author_of,1554
36,author_of,1555
108,author_of,1556
108,author_of,1557
186,author_of,1558
186,author_of,1559
108,author_of,1560
108,author_of,1561
186,author_of,1562
108,author_of,1563
186,author_of,1564
129,author_of,1565
169,author_of,1565
90,author_of,1565
129,author_of,1566
90,author_of,1566
169,author_of,1567
129,author_of,1568
129,author_of,1569
90,author_of,1569
129,author_of,1570
129,author_of,1571
169,author_of,1571
90,author_of,1572
129,author_of,1573
129,author_of,1574
169,author_of,1574
90,author_of,1574
129,author_of,1575
90,author_of,1575
169,author_of,1576
46,author_of,1577
92,author_of,1578
138,author_of,1578
129,author_of,1579
90,author_of,1579
102,author_of,1580
102,author_of,1581
102,author_of,1582
102,author_of,1583
7,author_of,1584
27,author_of,1584
187,author_of,1585
129,author_of,1586
90,author_of,1586
9,author_of,1587
187,author_of,1588
192,author_of,1589
55,author_of,1590
129,author_of,1591
169,author_of,1592
90,author_of,1592
169,author_of,1593
129,author_of,1594
169,author_of,1594
135,author_of,1595
166,author_of,1596
129,author_of,1597
169,author_of,1597
90,author_of,1597
169,author_of,1598
9,author_of,1599
129,author_of,1600
192,author_of,1601
11,author_of,1602
72,author_of,1603
55,author_of,1604
182,author_of,1605
182,author_of,1606
182,author_of,1607
182,author_of,1608
90,author_of,1609
85,author_of,1610
47,author_of,1611
154,author_of,1612
154,author_of,1613
154,author_of,1614
29,author_of,1615
77,author_of,1616
148,author_of,1617
84,author_of,1618
29,author_of,1619
148,author_of,1619
195,author_of,1620
36,author_of,1621
187,author_of,1622
77,author_of,1623
77,author_of,1624
163,author_of,1624
147,author_of,1625
103,author_of,1626
46,author_of,1627
46,author_of,1628
46,author_of,1629
46,author_of,1630
46,author_of,1631
46,author_of,1632
46,author_of,1633
46,author_of,1634
46,author_of,1635
46,author_of,1636
46,author_of,1637
46,author_of,1638
46,author_of,1639
129,author_of,1640
129,author_of,1641
90,author_of,1641
90,author_of,1642
85,author_of,1643
8,author_of,1644
46,author_of,1644
22,author_of,1645
151,author_of,1645
85,author_of,1646
149,author_of,1647
122,author_of,1648
103,author_of,1649
85,author_of,1650
85,author_of,1651
85,author_of,1652
7,author_of,1653
133,author_of,1654
114,author_of,1655
34,author_of,1655
114,author_of,1656
44,author_of,1656
114,author_of,1657
195,author_of,1658
78,author_of,1659
98,author_of,1660
122,author_of,1661
122,author_of,1662
122,author_of,1663
26,author_of,1664
122,author_of,1665
122,author_of,1666
122,author_of,1667
122,author_of,1668
47,author_of,1669
7,author_of,1670
7,author_of,1671
49,author_of,1672
36,author_of,1673
36,author_of,1674
22,author_of,1675
39,author_of,1676
151,author_of,1676
22,author_of,1676
22,author_of,1677
147,author_of,1678
195,author_of,1679
195,author_of,1680
195,author_of,1681
195,author_of,1682
195,author_of,1683
195,author_of,1684
195,author_of,1685
49,author_of,1686
35,author_of,1686
29,author_of,1687
27,author_of,1688
5,author_of,1689
5,author_of,1690
27,author_of,1691
27,author_of,1692
31,author_of,1693
151,author_of,1693
22,author_of,1693
6,author_of,1694
126,author_of,1695
126,author_of,1696
126,author_of,1697
126,author_of,1698
126,author_of,1699
126,author_of,1700
126,author_of,1701
126,author_of,1702
187,author_of,1703
145,author_of,1704
32,author_of,1705
161,author_of,1705
55,author_of,1706
191,author_of,1707
175,author_of,1708
175,author_of,1709
55,author_of,1710
98,author_of,1711
187,author_of,1711
142,author_of,1712
187,author_of,1713
187,author_of,1714
187,author_of,1715
142,author_of,1716
175,author_of,1717
175,author_of,1718
28,author_of,1719
95,author_of,1720
95,author_of,1721
9,author_of,1722
161,author_of,1723
48,author_of,1724
77,author_of,1724
48,author_of,1725
102,author_of,1726
161,author_of,1726
161,author_of,1727
161,author_of,1728
161,author_of,1729
40,author_of,1730
80,author_of,1731
187,author_of,1731
42,author_of,1731
94,author_of,1732
42,author_of,1733
187,author_of,1733
90,author_of,1734
58,author_of,1735
187,author_of,1735
187,author_of,1736
129,author_of,1737
92,author_of,1738
85,author_of,1738
85,author_of,1739
85,author_of,1740
92,author_of,1741
85,author_of,1741
85,author_of,1742
85,author_of,1743
92,author_of,1743
85,author_of,1744
92,author_of,1744
85,author_of,1745
23,author_of,1746
85,author_of,1747
85,author_of,1748
85,author_of,1749
23,author_of,1750
23,author_of,1751
23,author_of,1752
85,author_of,1753
85,author_of,1754
161,author_of,1755
55,author_of,1756
99,author_of,1757
45,author_of,1758
195,author_of,1759
195,author_of,1760
195,author_of,1761
7,author_of,1762
37,author_of,1763
37,author_of,1764
37,author_of,1765
94,author_of,1766
172,author_of,1767
172,author_of,1768
172,author_of,1769
172,author_of,1770
172,author_of,1771
172,author_of,1772
102,author_of,1773
7,author_of,1774
92,author_of,1775
85,author_of,1775
90,author_of,1776
34,author_of,1776
126,author_of,1777
126,author_of,1778
6,author_of,1779
126,author_of,1780
130,author_of,1781
165,author_of,1781
165,author_of,1782
126,author_of,1783
85,author_of,1784
34,author_of,1785
90,author_of,1785
168,author_of,1785
126,author_of,1786
126,author_of,1787
7,author_of,1788
38,author_of,1789
165,author_of,1790
114,author_of,1791
115,author_of,1792
7,author_of,1793
27,author_of,1793
191,author_of,1794
6,author_of,1795
85,author_of,1796
161,author_of,1797
193,author_of,1798
49,author_of,1798
6,author_of,1799
126,author_of,1800
165,author_of,1801
6,author_of,1802
126,author_of,1803
126,author_of,1804
6,author_of,1805
7,author_of,1806
85,author_of,1807
126,author_of,1808
191,author_of,1809
126,author_of,1810
165,author_of,1811
165,author_of,1812
191,author_of,1813
121,author_of,1814
126,author_of,1815
191,author_of,1816
114,author_of,1817
6,author_of,1818
34,author_of,1819
165,author_of,1820
85,author_of,1821
191,author_of,1822
114,author_of,1823
129,author_of,1824
90,author_of,1824
191,author_of,1825
114,author_of,1826
34,author_of,1827
90,author_of,1827
90,author_of,1828
34,author_of,1828
165,author_of,1829
165,author_of,1830
191,author_of,1831
85,author_of,1832
126,author_of,1833
114,author_of,1834
191,author_of,1835
6,author_of,1836
191,author_of,1837
134,author_of,1838
165,author_of,1838
195,author_of,1839
121,author_of,1840
114,author_of,1841
85,author_of,1842
115,author_of,1843
114,author_of,1844
115,author_of,1845
47,author_of,1846
169,author_of,1847
90,author_of,1847
85,author_of,1848
114,author_of,1849
85,author_of,1850
172,author_of,1851
114,author_of,1851
85,author_of,1852
20,author_of,1852
114,author_of,1853
172,author_of,1854
85,author_of,1855
92,author_of,1855
85,author_of,1856
92,author_of,1856
85,author_of,1857
92,author_of,1857
85,author_of,1858
114,author_of,1859
114,author_of,1860
172,author_of,1861
85,author_of,1862
10,author_of,1863
187,author_of,1863
187,author_of,1864
187,author_of,1865
187,author_of,1866
42,author_of,1867
187,author_of,1867
187,author_of,1868
10,author_of,1869
187,author_of,1870
10,author_of,1871
10,author_of,1872
10,author_of,1873
42,author_of,1874
187,author_of,1874
42,author_of,1875
187,author_of,1875
42,author_of,1876
187,author_of,1876
187,author_of,1877
42,author_of,1878
187,author_of,1879
42,author_of,1880
10,author_of,1880
187,author_of,1880
187,author_of,1881
187,author_of,1882
10,author_of,1883
10,author_of,1884
10,author_of,1885
187,author_of,1886
187,author_of,1887
42,author_of,1888
10,author_of,1889
187,author_of,1889
50,author_of,1890
55,author_of,1890
97,author_of,1891
46,author_of,1892
50,author_of,1893
55,author_of,1893
55,author_of,1894
55,author_of,1895
55,author_of,1896
55,author_of,1897
161,author_of,1898
55,author_of,1899
55,author_of,1900
46,author_of,1901
168,author_of,1902
55,author_of,1903
90,author_of,1904
29,author_of,1905
29,author_of,1906
29,author_of,1907
29,author_of,1908
29,author_of,1909
29,author_of,1910
29,author_of,1911
29,author_of,1912
29,author_of,1913
29,author_of,1914
37,author_of,1915
29,author_of,1916
29,author_of,1917
86,author_of,1918
29,author_of,1918
29,author_of,1919
29,author_of,1920
29,author_of,1921
29,author_of,1922
29,author_of,1923
29,author_of,1924
29,author_of,1925
37,author_of,1926
86,author_of,1927
29,author_of,1927
29,author_of,1928
29,author_of,1929
29,author_of,1930
29,author_of,1931
29,author_of,1932
29,author_of,1933
29,author_of,1934
29,author_of,1935
29,author_of,1936
29,author_of,1937
29,author_of,1938
29,author_of,1939
29,author_of,1940
29,author_of,1941
29,author_of,1942
86,author_of,1943
29,author_of,1943
29,author_of,1944
29,author_of,1945
29,author_of,1946
86,author_of,1947
29,author_of,1947
29,author_of,1948
29,author_of,1949
29,author_of,1950
29,author_of,1951
29,author_of,1952
29,author_of,1953
29,author_of,1954
29,author_of,1955
29,author_of,1956
29,author_of,1957
29,author_of,1958
29,author_of,1959
29,author_of,1960
29,author_of,1961
29,author_of,1962
29,author_of,1963
29,author_of,1964
29,author_of,1965
29,author_of,1966
29,author_of,1967
26,author_of,1968
149,author_of,1968
187,author_of,1969
85,author_of,1970
85,author_of,1971
172,author_of,1972
7,author_of,1973
137,author_of,1974
7,author_of,1975
7,author_of,1976
27,author_of,1976
7,author_of,1977
27,author_of,1977
7,author_of,1978
27,author_of,1978
88,author_of,1979
26,author_of,1980
149,author_of,1980
149,author_of,1981
26,author_of,1982
149,author_of,1983
26,author_of,1983
165,author_of,1983
144,author_of,1983
149,author_of,1984
26,author_of,1984
149,author_of,1985
149,author_of,1986
149,author_of,1987
47,author_of,1988
149,author_of,1989
26,author_of,1989
2,author_of,1990
170,author_of,1991
149,author_of,1992
149,author_of,1993
165,author_of,1993
103,author_of,1994
103,author_of,1995
7,author_of,1996
8,author_of,1997
174,author_of,1997
103,author_of,1998
103,author_of,1999
103,author_of,2000
103,author_of,2001
152,author_of,2002
103,author_of,2003
154,author_of,2004
154,author_of,2005
154,author_of,2006
154,author_of,2007
154,author_of,2008
178,author_of,2009
36,author_of,2009
154,author_of,2010
154,author_of,2011
154,author_of,2012
168,author_of,2013
140,author_of,2014
182,author_of,2015
182,author_of,2016
182,author_of,2017
182,author_of,2018
182,author_of,2019
182,author_of,2020
40,author_of,2021
182,author_of,2021
182,author_of,2022
182,author_of,2023
182,author_of,2024
182,author_of,2025
187,author_of,2026
7,author_of,2027
36,author_of,2028
162,author_of,2029
138,author_of,2029
87,author_of,2029
36,author_of,2030
36,author_of,2031
36,author_of,2032
36,author_of,2033
36,author_of,2034
138,author_of,2035
36,author_of,2036
162,author_of,2037
138,author_of,2037
36,author_of,2038
125,author_of,2039
128,author_of,2039
138,author_of,2039
138,author_of,2040
36,author_of,2041
36,author_of,2042
138,author_of,2043
138,author_of,2044
138,author_of,2045
36,author_of,2046
120,author_of,2047
115,author_of,2047
36,author_of,2048
36,author_of,2049
36,author_of,2050
36,author_of,2051
146,author_of,2051
36,author_of,2052
138,author_of,2053
138,author_of,2054
24,author_of,2055
36,author_of,2055
125,author_of,2056
138,author_of,2056
125,author_of,2057
128,author_of,2057
138,author_of,2057
36,author_of,2058
138,author_of,2059
138,author_of,2060
115,author_of,2061
115,author_of,2062
177,author_of,2063
36,author_of,2063
115,author_of,2064
87,author_of,2065
162,author_of,2066
138,author_of,2066
36,author_of,2067
115,author_of,2068
115,author_of,2069
138,author_of,2070
138,author_of,2071
138,author_of,2072
36,author_of,2073
36,author_of,2074
36,author_of,2075
138,author_of,2076
177,author_of,2077
36,author_of,2077
115,author_of,2078
138,author_of,2079
138,author_of,2080
36,author_of,2081
138,author_of,2082
36,author_of,2083
146,author_of,2083
178,author_of,2084
92,author_of,2085
101,author_of,2085
138,author_of,2085
115,author_of,2086
36,author_of,2087
146,author_of,2087
101,author_of,2088
99,author_of,2088
36,author_of,2088
125,author_of,2088
3,author_of,2089
36,author_of,2090
36,author_of,2091
115,author_of,2092
138,author_of,2093
36,author_of,2093
7,author_of,2094
7,author_of,2095
84,author_of,2096
47,author_of,2097
127,author_of,2098
138,author_of,2098
127,author_of,2099
138,author_of,2099
43,author_of,2100
29,author_of,2101
169,author_of,2102
90,author_of,2102
36,author_of,2103
146,author_of,2103
162,author_of,2104
87,author_of,2104
125,author_of,2105
101,author_of,2105
138,author_of,2105
138,author_of,2106
162,author_of,2107
138,author_of,2107
127,author_of,2108
138,author_of,2108
128,author_of,2109
138,author_of,2109
162,author_of,2110
87,author_of,2110
127,author_of,2111
138,author_of,2111
101,author_of,2112
99,author_of,2112
36,author_of,2112
125,author_of,2112
99,author_of,2113
36,author_of,2113
92,author_of,2114
101,author_of,2114
138,author_of,2114
85,author_of,2115
70,author_of,2116
55,author_of,2116
125,author_of,2117
99,author_of,2117
36,author_of,2117
36,author_of,2118
84,author_of,2119
102,author_of,2120
102,author_of,2121
195,author_of,2122
115,author_of,2123
154,author_of,2124
118,author_of,2125
137,author_of,2126
195,author_of,2127
43,author_of,2128
43,author_of,2129
7,author_of,2130
155,author_of,2131
114,author_of,2132
154,author_of,2133
165,author_of,2134
165,author_of,2135
47,author_of,2136
165,author_of,2137
85,author_of,2138
165,author_of,2139
165,author_of,2140
165,author_of,2141
191,author_of,2142
130,author_of,2143
23,author_of,2144
165,author_of,2145
165,author_of,2146
165,author_of,2147
186,author_of,2148
37,author_of,2149
154,author_of,2150
114,author_of,2151
109,author_of,2152
154,author_of,2153
154,author_of,2154
154,author_of,2155
154,author_of,2156
154,author_of,2157
114,author_of,2158
109,author_of,2159
114,author_of,2160
129,author_of,2161
129,author_of,2162
129,author_of,2163
169,author_of,2163
115,author_of,2164
94,author_of,2165
27,author_of,2166
44,author_of,2167
114,author_of,2167
57,author_of,2168
114,author_of,2168
161,author_of,2169
161,author_of,2170
137,author_of,2171
128,author_of,2172
138,author_of,2172
115,author_of,2173
90,author_of,2174
90,author_of,2175
137,author_of,2175
115,author_of,2176
181,author_of,2177
120,author_of,2177
115,author_of,2177
115,author_of,2178
103,author_of,2179
135,author_of,2180
135,author_of,2181
90,author_of,2182
169,author_of,2182
46,author_of,2183
152,author_of,2183
46,author_of,2184
154,author_of,2185
90,author_of,2186
29,author_of,2187
86,author_of,2188
29,author_of,2188
29,author_of,2189
29,author_of,2190
29,author_of,2191
29,author_of,2192
195,author_of,2193
195,author_of,2194
138,author_of,2195
138,author_of,2196
127,author_of,2197
137,author_of,2198
143,author_of,2199
143,author_of,2200
126,author_of,2201
165,author_of,2202
126,author_of,2203
55,author_of,2204
130,author_of,2205
165,author_of,2205
191,author_of,2206
191,author_of,2207
191,author_of,2208
126,author_of,2209
191,author_of,2210
126,author_of,2211
165,author_of,2212
165,author_of,2213
191,author_of,2214
165,author_of,2215
165,author_of,2216
165,author_of,2217
191,author_of,2218
126,author_of,2219
165,author_of,2220
191,author_of,2221
38,author_of,2222
165,author_of,2223
126,author_of,2224
191,author_of,2225
165,author_of,2226
191,author_of,2227
191,author_of,2228
126,author_of,2229
126,author_of,2230
156,author_of,2231
157,author_of,2231
126,author_of,2232
191,author_of,2233
191,author_of,2234
126,author_of,2235
191,author_of,2236
126,author_of,2237
165,author_of,2238
38,author_of,2239
130,author_of,2240
165,author_of,2240
165,author_of,2241
191,author_of,2242
165,author_of,2243
191,author_of,2244
126,author_of,2245
165,author_of,2246
90,author_of,2247
90,author_of,2248
90,author_of,2249
146,author_of,2249
90,author_of,2250
7,author_of,2251
27,author_of,2251
171,author_of,2252
90,author_of,2253
187,author_of,2254
90,author_of,2255
187,author_of,2256
103,author_of,2257
187,author_of,2258
103,author_of,2259
187,author_of,2260
187,author_of,2261
34,author_of,2262
114,author_of,2262
147,author_of,2262
197,author_of,2263
84,author_of,2264
95,author_of,2265
154,author_of,2266
40,author_of,2267
154,author_of,2268
37,author_of,2269
48,author_of,2270
63,author_of,2271
187,author_of,2272
187,author_of,2273
90,author_of,2274
7,author_of,2275
90,author_of,2276
90,author_of,2277
187,author_of,2278
187,author_of,2279
157,author_of,2280
45,author_of,2281
92,author_of,2282
138,author_of,2282
74,author_of,2283
135,author_of,2284
139,author_of,2285
135,author_of,2286
135,author_of,2287
135,author_of,2288
139,author_of,2289
76,author_of,2290
129,author_of,2291
90,author_of,2291
157,author_of,2292
145,author_of,2292
175,author_of,2293
175,author_of,2294
114,author_of,2295
154,author_of,2296
32,author_of,2297
10,author_of,2298
187,author_of,2298
103,author_of,2299
103,author_of,2300
157,author_of,2301
145,author_of,2301
36,author_of,2302
3,author_of,2303
84,author_of,2304
95,author_of,2305
95,author_of,2306
85,author_of,2307
46,author_of,2308
85,author_of,2309
191,author_of,2310
168,author_of,2311
90,author_of,2311
34,author_of,2311
154,author_of,2312
36,author_of,2313
154,author_of,2314
154,author_of,2315
138,author_of,2316
95,author_of,2317
154,author_of,2318
127,author_of,2319
161,author_of,2320
161,author_of,2321
161,author_of,2322
9,author_of,2323
9,author_of,2324
9,author_of,2325
9,author_of,2326
9,author_of,2327
56,author_of,2328
9,author_of,2328
9,author_of,2329
9,author_of,2330
9,author_of,2331
9,author_of,2332
9,author_of,2333
195,author_of,2334
56,author_of,2335
9,author_of,2335
56,author_of,2336
9,author_of,2336
9,author_of,2337
9,author_of,2338
9,author_of,2339
9,author_of,2340
9,author_of,2341
120,author_of,2342
115,author_of,2342
90,author_of,2343
137,author_of,2344
90,author_of,2344
90,author_of,2345
85,author_of,2346
85,author_of,2347
195,author_of,2348
103,author_of,2349
187,author_of,2350
84,author_of,2351
154,author_of,2352
36,author_of,2353
147,author_of,2354
154,author_of,2355
157,author_of,2356
117,author_of,2356
157,author_of,2357
117,author_of,2357
157,author_of,2358
157,author_of,2359
157,author_of,2360
117,author_of,2360
157,author_of,2361
135,author_of,2362
32,author_of,2363
62,author_of,2364
161,author_of,2364
62,author_of,2365
32,author_of,2365
161,author_of,2365
62,author_of,2366
161,author_of,2366
137,author_of,2367
172,author_of,2368
85,author_of,2369
85,author_of,2370
85,author_of,2371
85,author_of,2372
85,author_of,2373
135,author_of,2374
172,author_of,2375
172,author_of,2376
172,author_of,2377
85,author_of,2378
43,author_of,2379
114,author_of,2380
186,author_of,2380
140,author_of,2381
140,author_of,2382
140,author_of,2383
36,author_of,2384
140,author_of,2385
196,author_of,2386
22,author_of,2387
7,author_of,2388
27,author_of,2388
7,author_of,2389
27,author_of,2389
7,author_of,2390
27,author_of,2390
135,author_of,2391
129,author_of,2392
90,author_of,2392
76,author_of,2393
129,author_of,2394
90,author_of,2394
169,author_of,2395
169,author_of,2396
129,author_of,2397
169,author_of,2397
90,author_of,2397
169,author_of,2398
169,author_of,2399
169,author_of,2400
129,author_of,2401
169,author_of,2401
90,author_of,2401
137,author_of,2402
169,author_of,2403
129,author_of,2404
169,author_of,2405
169,author_of,2406
76,author_of,2407
169,author_of,2408
129,author_of,2409
90,author_of,2409
42,author_of,2410
49,author_of,2411
36,author_of,2412
36,author_of,2413
138,author_of,2414
47,author_of,2415
88,author_of,2415
118,author_of,2416
118,author_of,2417
191,author_of,2418
154,author_of,2419
7,author_of,2420
27,author_of,2420
187,author_of,2421
187,author_of,2422
154,author_of,2423
154,author_of,2424
7,author_of,2425
165,author_of,2426
144,author_of,2426
26,author_of,2426
126,author_of,2427
165,author_of,2428
130,author_of,2429
165,author_of,2429
126,author_of,2430
165,author_of,2431
126,author_of,2432
165,author_of,2433
134,author_of,2434
165,author_of,2434
83,author_of,2435
165,author_of,2436
165,author_of,2437
165,author_of,2438
191,author_of,2439
165,author_of,2440
165,author_of,2441
126,author_of,2442
165,author_of,2443
165,author_of,2444
126,author_of,2445
191,author_of,2446
165,author_of,2447
126,author_of,2448
165,author_of,2449
126,author_of,2450
191,author_of,2451
126,author_of,2452
165,author_of,2453
165,author_of,2454
83,author_of,2455
191,author_of,2456
165,author_of,2457
165,author_of,2458
46,author_of,2459
156,author_of,2460
100,author_of,2460
157,author_of,2461
100,author_of,2461
195,author_of,2462
118,author_of,2463
154,author_of,2464
154,author_of,2465
26,author_of,2466
26,author_of,2467
122,author_of,2467
122,author_of,2468
122,author_of,2469
26,author_of,2470
26,author_of,2471
26,author_of,2472
10,author_of,2473
175,author_of,2474
187,author_of,2475
184,author_of,2476
90,author_of,2477
137,author_of,2477
85,author_of,2478
197,author_of,2479
109,author_of,2480
140,author_of,2481
185,author_of,2482
22,author_of,2483
77,author_of,2484
77,author_of,2485
49,author_of,2486
109,author_of,2487
147,author_of,2488
192,author_of,2489
114,author_of,2490
59,author_of,2491
114,author_of,2491
114,author_of,2492
192,author_of,2493
109,author_of,2494
59,author_of,2495
17,author_of,2496
115,author_of,2497
115,author_of,2498
123,author_of,2499
157,author_of,2500
145,author_of,2500
182,author_of,2501
182,author_of,2502
29,author_of,2503
110,author_of,2504
182,author_of,2504
27,author_of,2505
137,author_of,2506
129,author_of,2507
149,author_of,2508
149,author_of,2509
71,author_of,2510
71,author_of,2511
85,author_of,2512
121,author_of,2513
42,author_of,2514
187,author_of,2514
10,author_of,2515
187,author_of,2515
10,author_of,2516
187,author_of,2516
10,author_of,2517
187,author_of,2517
42,author_of,2518
10,author_of,2518
187,author_of,2518
195,author_of,2519
127,author_of,2520
138,author_of,2520
46,author_of,2521
154,author_of,2522
195,author_of,2523
197,author_of,2524
168,author_of,2525
187,author_of,2526
195,author_of,2527
195,author_of,2528
169,author_of,2529
90,author_of,2529
90,author_of,2530
169,author_of,2530
195,author_of,2531
66,author_of,2532
195,author_of,2533
195,author_of,2534
195,author_of,2535
155,author_of,2535
90,author_of,2536
158,author_of,2537
195,author_of,2538
97,author_of,2539
90,author_of,2540
129,author_of,2541
195,author_of,2542
155,author_of,2543
195,author_of,2543
195,author_of,2544
195,author_of,2545
129,author_of,2546
172,author_of,2547
192,author_of,2547
85,author_of,2548
97,author_of,2549
90,author_of,2550
90,author_of,2551
90,author_of,2552
53,author_of,2553
94,author_of,2554
112,author_of,2555
94,author_of,2556
94,author_of,2557
43,author_of,2558
43,author_of,2559
135,author_of,2560
36,author_of,2561
138,author_of,2562
138,author_of,2563
29,author_of,2564
29,author_of,2565
29,author_of,2566
29,author_of,2567
9,author_of,2568
9,author_of,2569
56,author_of,2570
9,author_of,2570
9,author_of,2571
9,author_of,2572
9,author_of,2573
56,author_of,2574
9,author_of,2574
9,author_of,2575
9,author_of,2576
9,author_of,2577
9,author_of,2578
9,author_of,2579
9,author_of,2580
9,author_of,2581
195,author_of,2582
9,author_of,2583
40,author_of,2584
9,author_of,2585
9,author_of,2586
40,author_of,2587
9,author_of,2588
9,author_of,2589
90,author_of,2590
20,author_of,2590
152,author_of,2591
195,author_of,2592
154,author_of,2593
102,author_of,2594
13,author_of,2595
102,author_of,2595
7,author_of,2596
130,author_of,2597
165,author_of,2597
129,author_of,2598
90,author_of,2598
38,author_of,2599
126,author_of,2600
49,author_of,2601
130,author_of,2602
165,author_of,2602
129,author_of,2603
90,author_of,2603
115,author_of,2604
18,author_of,2605
161,author_of,2606
161,author_of,2607
161,author_of,2608
161,author_of,2609
102,author_of,2610
161,author_of,2610
161,author_of,2611
147,author_of,2612
161,author_of,2613
161,author_of,2614
161,author_of,2615
161,author_of,2616
161,author_of,2617
161,author_of,2618
161,author_of,2619
161,author_of,2620
102,author_of,2621
161,author_of,2622
102,author_of,2623
4,author_of,2624
102,author_of,2624
161,author_of,2624
147,author_of,2625
102,author_of,2626
161,author_of,2627
77,author_of,2628
161,author_of,2629
102,author_of,2630
13,author_of,2631
102,author_of,2631
48,author_of,2632
102,author_of,2633
161,author_of,2633
120,author_of,2634
115,author_of,2634
163,author_of,2635
77,author_of,2636
48,author_of,2637
102,author_of,2638
161,author_of,2639
187,author_of,2640
4,author_of,2641
161,author_of,2641
84,author_of,2642
66,author_of,2643
160,author_of,2643
188,author_of,2643
157,author_of,2644
69,author_of,2644
157,author_of,2645
117,author_of,2646
46,author_of,2647
152,author_of,2647
103,author_of,2648
103,author_of,2649
103,author_of,2650
7,author_of,2651
27,author_of,2651
162,author_of,2652
138,author_of,2652
115,author_of,2653
181,author_of,2654
43,author_of,2655
98,author_of,2656
28,author_of,2657
187,author_of,2658
98,author_of,2659
187,author_of,2660
175,author_of,2661
98,author_of,2662
187,author_of,2663
103,author_of,2664
98,author_of,2665
186,author_of,2666
187,author_of,2667
102,author_of,2668
161,author_of,2668
185,author_of,2669
169,author_of,2670
164,author_of,2671
137,author_of,2671
161,author_of,2672
36,author_of,2673
72,author_of,2674
72,author_of,2675
195,author_of,2676
78,author_of,2677
7,author_of,2678
7,author_of,2679
7,author_of,2680
7,author_of,2681
74,author_of,2682
185,author_of,2683
172,author_of,2684
187,author_of,2685
168,author_of,2686
187,author_of,2687
187,author_of,2688
49,author_of,2689
49,author_of,2690
49,author_of,2691
49,author_of,2692
2,author_of,2693
170,author_of,2694
92,author_of,2695
24,author_of,2695
162,author_of,2695
138,author_of,2695
176,author_of,2695
115,author_of,2696
135,author_of,2697
49,author_of,2698
138,author_of,2699
36,author_of,2699
120,author_of,2700
138,author_of,2701
163,author_of,2702
22,author_of,2703
22,author_of,2704
137,author_of,2705
137,author_of,2706
137,author_of,2707
137,author_of,2708
137,author_of,2709
137,author_of,2710
160,author_of,2711
90,author_of,2712
137,author_of,2713
195,author_of,2714
137,author_of,2715
90,author_of,2716
137,author_of,2717
137,author_of,2718
161,author_of,2719
77,author_of,2720
161,author_of,2721
77,author_of,2722
161,author_of,2723
106,author_of,2724
161,author_of,2724
165,author_of,2725
165,author_of,2726
182,author_of,2727
84,author_of,2728
47,author_of,2729
47,author_of,2730
76,author_of,2731
76,author_of,2732
47,author_of,2733
47,author_of,2734
2,author_of,2734
76,author_of,2735
76,author_of,2736
76,author_of,2737
47,author_of,2738
76,author_of,2739
50,author_of,2740
55,author_of,2741
55,author_of,2742
55,author_of,2743
55,author_of,2744
50,author_of,2745
55,author_of,2745
50,author_of,2746
55,author_of,2746
50,author_of,2747
55,author_of,2748
55,author_of,2749
50,author_of,2750
55,author_of,2750
70,author_of,2751
55,author_of,2751
95,author_of,2752
95,author_of,2753
46,author_of,2754
43,author_of,2755
157,author_of,2756
99,author_of,2756
156,author_of,2757
157,author_of,2758
157,author_of,2759
117,author_of,2759
69,author_of,2759
157,author_of,2760
69,author_of,2760
10,author_of,2761
42,author_of,2761
187,author_of,2761
187,author_of,2762
42,author_of,2763
10,author_of,2764
187,author_of,2764
102,author_of,2765
192,author_of,2766
147,author_of,2766
147,author_of,2767
147,author_of,2768
171,author_of,2768
147,author_of,2769
147,author_of,2770
147,author_of,2771
171,author_of,2772
147,author_of,2772
34,author_of,2773
114,author_of,2773
147,author_of,2774
147,author_of,2775
147,author_of,2776
171,author_of,2777
147,author_of,2777
137,author_of,2778
147,author_of,2779
147,author_of,2780
22,author_of,2781
151,author_of,2781
147,author_of,2782
192,author_of,2782
147,author_of,2783
192,author_of,2784
138,author_of,2785
161,author_of,2785
102,author_of,2785
192,author_of,2786
44,author_of,2787
114,author_of,2787
114,author_of,2788
114,author_of,2789
143,author_of,2790
114,author_of,2790
147,author_of,2791
22,author_of,2792
147,author_of,2793
90,author_of,2794
169,author_of,2794
74,author_of,2795
74,author_of,2796
7,author_of,2797
27,author_of,2797
7,author_of,2798
27,author_of,2798
154,author_of,2799
161,author_of,2800
102,author_of,2801
161,author_of,2801
102,author_of,2802
102,author_of,2803
4,author_of,2804
102,author_of,2804
161,author_of,2804
13,author_of,2805
102,author_of,2805
102,author_of,2806
48,author_of,2807
102,author_of,2808
9,author_of,2809
9,author_of,2810
9,author_of,2811
9,author_of,2812
9,author_of,2813
9,author_of,2814
9,author_of,2815
56,author_of,2816
9,author_of,2816
9,author_of,2817
9,author_of,2818
40,author_of,2819
40,author_of,2820
9,author_of,2821
9,author_of,2822
168,author_of,2823
185,author_of,2824
185,author_of,2825
185,author_of,2826
185,author_of,2827
90,author_of,2828
59,author_of,2829
114,author_of,2829
111,author_of,2830
111,author_of,2831
111,author_of,2832
130,author_of,2833
127,author_of,2834
138,author_of,2834
127,author_of,2835
127,author_of,2836
127,author_of,2837
127,author_of,2838
7,author_of,2839
22,author_of,2840
114,author_of,2841
114,author_of,2842
161,author_of,2843
161,author_of,2844
176,author_of,2845
36,author_of,2845
157,author_of,2846
154,author_of,2847
154,author_of,2848
77,author_of,2849
147,author_of,2850
22,author_of,2851
77,author_of,2852
163,author_of,2852
163,author_of,2853
77,author_of,2854
163,author_of,2855
29,author_of,2856
182,author_of,2857
29,author_of,2858
86,author_of,2859
29,author_of,2859
37,author_of,2860
29,author_of,2861
29,author_of,2862
29,author_of,2863
29,author_of,2864
108,author_of,2865
37,author_of,2866
29,author_of,2867
29,author_of,2868
86,author_of,2869
29,author_of,2869
29,author_of,2870
29,author_of,2871
37,author_of,2872
29,author_of,2873
94,author_of,2874
29,author_of,2875
49,author_of,2876
154,author_of,2877
55,author_of,2878
186,author_of,2879
48,author_of,2880
94,author_of,2881
186,author_of,2882
186,author_of,2883
186,author_of,2884
186,author_of,2885
127,author_of,2886
7,author_of,2887
27,author_of,2887
127,author_of,2888
10,author_of,2889
7,author_of,2890
88,author_of,2891
88,author_of,2892
47,author_of,2892
85,author_of,2893
88,author_of,2894
47,author_of,2894
7,author_of,2895
27,author_of,2895
7,author_of,2896
7,author_of,2897
27,author_of,2897
88,author_of,2898
88,author_of,2899
127,author_of,2900
90,author_of,2901
165,author_of,2902
127,author_of,2903
7,author_of,2904
127,author_of,2905
88,author_of,2906
7,author_of,2907
7,author_of,2908
7,author_of,2909
27,author_of,2909
127,author_of,2910
88,author_of,2911
85,author_of,2912
149,author_of,2913
145,author_of,2914
92,author_of,2914
146,author_of,2915
149,author_of,2916
149,author_of,2917
149,author_of,2918
149,author_of,2919
149,author_of,2920
4,author_of,2921
139,author_of,2922
124,author_of,2923
197,author_of,2924
197,author_of,2925
197,author_of,2926
197,author_of,2927
151,author_of,2928
22,author_of,2928
121,author_of,2929
2,author_of,2930
121,author_of,2931
114,author_of,2932
7,author_of,2933
114,author_of,2934
137,author_of,2935
7,author_of,2936
114,author_of,2937
122,author_of,2938
122,author_of,2939
26,author_of,2940
122,author_of,2941
47,author_of,2942
122,author_of,2943
122,author_of,2944
122,author_of,2945
122,author_of,2946
26,author_of,2947
26,author_of,2948
122,author_of,2949
197,author_of,2950
122,author_of,2951
90,author_of,2952
129,author_of,2953
90,author_of,2953
129,author_of,2954
169,author_of,2954
90,author_of,2954
88,author_of,2955
169,author_of,2956
90,author_of,2956
90,author_of,2957
169,author_of,2957
90,author_of,2958
90,author_of,2959
168,author_of,2960
90,author_of,2960
137,author_of,2961
90,author_of,2962
90,author_of,2963
90,author_of,2964
137,author_of,2965
129,author_of,2966
129,author_of,2967
169,author_of,2967
90,author_of,2967
90,author_of,2968
90,author_of,2969
20,author_of,2969
90,author_of,2970
90,author_of,2971
137,author_of,2972
42,author_of,2973
187,author_of,2973
98,author_of,2974
187,author_of,2974
187,author_of,2975
187,author_of,2976
42,author_of,2976
187,author_of,2977
10,author_of,2978
187,author_of,2978
187,author_of,2979
187,author_of,2980
10,author_of,2981
187,author_of,2981
187,author_of,2982
187,author_of,2983
42,author_of,2984
187,author_of,2984
187,author_of,2985
10,author_of,2986
187,author_of,2986
10,author_of,2987
187,author_of,2987
187,author_of,2988
103,author_of,2988
65,author_of,2989
195,author_of,2990
195,author_of,2991
195,author_of,2992
195,author_of,2993
90,author_of,2994
154,author_of,2995
154,author_of,2996
191,author_of,2997
3,author_of,2998
55,author_of,2999
70,author_of,3000
55,author_of,3000
50,author_of,3001
55,author_of,3001
50,author_of,3002
55,author_of,3003
55,author_of,3004
55,author_of,3005
55,author_of,3006
70,author_of,3007
55,author_of,3007
55,author_of,3008
50,author_of,3009
55,author_of,3010
3,author_of,3011
70,author_of,3012
50,author_of,3012
55,author_of,3012
55,author_of,3013
50,author_of,3014
62,author_of,3015
32,author_of,3015
161,author_of,3015
62,author_of,3016
32,author_of,3016
161,author_of,3016
32,author_of,3017
161,author_of,3017
138,author_of,3018
103,author_of,3019
103,author_of,3020
103,author_of,3021
85,author_of,3022
85,author_of,3023
129,author_of,3024
90,author_of,3024
129,author_of,3025
90,author_of,3025
129,author_of,3026
90,author_of,3026
90,author_of,3027
169,author_of,3028
90,author_of,3029
169,author_of,3030
97,author_of,3031
137,author_of,3032
122,author_of,3033
122,author_of,3034
122,author_of,3035
191,author_of,3036
161,author_of,3037
104,author_of,3038
104,author_of,3039
104,author_of,3040
90,author_of,3041
169,author_of,3041
22,author_of,3042
151,author_of,3042
52,author_of,3043
186,author_of,3044
90,author_of,3045
97,author_of,3046
97,author_of,3047
55,author_of,3048
147,author_of,3049
187,author_of,3050
7,author_of,3051
43,author_of,3052
195,author_of,3053
195,author_of,3054
195,author_of,3055
195,author_of,3056
195,author_of,3057
155,author_of,3058
195,author_of,3058
195,author_of,3059
155,author_of,3060
195,author_of,3060
165,author_of,3061
92,author_of,3062
7,author_of,3063
121,author_of,3064
108,author_of,3065
197,author_of,3066
45,author_of,3067
195,author_of,3068
195,author_of,3069
195,author_of,3070
114,author_of,3071
85,author_of,3072
46,author_of,3073
152,author_of,3073
55,author_of,3074
50,author_of,3075
70,author_of,3075
55,author_of,3075
50,author_of,3076
50,author_of,3077
50,author_of,3078
55,author_of,3078
50,author_of,3079
55,author_of,3080
55,author_of,3081
7,author_of,3082
46,author_of,3083
94,author_of,3084
196,author_of,3085
196,author_of,3086
196,author_of,3087
49,author_of,3087
187,author_of,3088
187,author_of,3089
187,author_of,3090
187,author_of,3091
187,author_of,3092
42,author_of,3093
187,author_of,3093
10,author_of,3094
187,author_of,3094
187,author_of,3095
42,author_of,3096
187,author_of,3096
187,author_of,3097
187,author_of,3098
187,author_of,3099
187,author_of,3100
10,author_of,3101
187,author_of,3101
187,author_of,3102
187,author_of,3103
187,author_of,3104
187,author_of,3105
187,author_of,3106
10,author_of,3107
42,author_of,3107
187,author_of,3107
187,author_of,3108
187,author_of,3109
42,author_of,3110
10,author_of,3110
187,author_of,3110
187,author_of,3111
187,author_of,3112
187,author_of,3113
187,author_of,3114
187,author_of,3115
187,author_of,3116
187,author_of,3117
187,author_of,3118
42,author_of,3118
187,author_of,3119
187,author_of,3120
187,author_of,3121
103,author_of,3122
187,author_of,3123
42,author_of,3124
187,author_of,3124
187,author_of,3125
187,author_of,3126
187,author_of,3127
187,author_of,3128
187,author_of,3129
187,author_of,3130
187,author_of,3131
187,author_of,3132
187,author_of,3133
80,author_of,3134
187,author_of,3134
42,author_of,3134
187,author_of,3135
187,author_of,3136
187,author_of,3137
42,author_of,3138
187,author_of,3138
187,author_of,3139
187,author_of,3140
80,author_of,3141
187,author_of,3141
42,author_of,3141
98,author_of,3142
187,author_of,3142
197,author_of,3143
137,author_of,3144
68,author_of,3145
90,author_of,3145
68,author_of,3146
185,author_of,3147
43,author_of,3148
187,author_of,3149
187,author_of,3150
187,author_of,3151
187,author_of,3152
187,author_of,3153
187,author_of,3154
187,author_of,3155
187,author_of,3156
40,author_of,3157
49,author_of,3158
49,author_of,3159
49,author_of,3160
187,author_of,3161
46,author_of,3162
129,author_of,3163
9,author_of,3164
40,author_of,3164
195,author_of,3164
133,author_of,3164
157,author_of,3165
45,author_of,3166
157,author_of,3167
157,author_of,3168
7,author_of,3169
147,author_of,3170
154,author_of,3171
36,author_of,3172
77,author_of,3173
147,author_of,3174
22,author_of,3175
151,author_of,3175
161,author_of,3176
147,author_of,3177
77,author_of,3178
161,author_of,3179
191,author_of,3180
46,author_of,3181
114,author_of,3182
102,author_of,3183
195,author_of,3184
195,author_of,3185
195,author_of,3186
195,author_of,3187
195,author_of,3188
195,author_of,3189
195,author_of,3190
195,author_of,3191
90,author_of,3192
164,author_of,3193
137,author_of,3194
195,author_of,3195
188,author_of,3196
66,author_of,3196
195,author_of,3197
137,author_of,3198
157,author_of,3198
90,author_of,3198
161,author_of,3198
147,author_of,3198
43,author_of,3198
195,author_of,3199
195,author_of,3200
195,author_of,3201
137,author_of,3202
195,author_of,3203
137,author_of,3204
186,author_of,3205
49,author_of,3206
157,author_of,3207
147,author_of,3208
114,author_of,3209
120,author_of,3210
115,author_of,3210
138,author_of,3211
115,author_of,3212
137,author_of,3213
52,author_of,3213
172,author_of,3213
115,author_of,3214
160,author_of,3215
84,author_of,3216
7,author_of,3217
18,author_of,3218
28,author_of,3219
142,author_of,3220
28,author_of,3221
90,author_of,3222
55,author_of,3223
161,author_of,3224
161,author_of,3225
161,author_of,3226
147,author_of,3227
74,author_of,3228
90,author_of,3229
74,author_of,3230
90,author_of,3231
172,author_of,3232
23,author_of,3233
88,author_of,3234
139,author_of,3235
90,author_of,3236
46,author_of,3237
43,author_of,3238
43,author_of,3239
85,author_of,3240
43,author_of,3241
95,author_of,3242
39,author_of,3243
137,author_of,3244
114,author_of,3245
195,author_of,3246
157,author_of,3247
69,author_of,3247
113,author_of,3248
31,author_of,3249
10,author_of,3250
187,author_of,3250
10,author_of,3251
187,author_of,3251
187,author_of,3252
187,author_of,3253
187,author_of,3254
58,author_of,3255
187,author_of,3255
187,author_of,3256
187,author_of,3257
58,author_of,3258
187,author_of,3258
10,author_of,3259
187,author_of,3259
187,author_of,3260
187,author_of,3261
187,author_of,3262
187,author_of,3263
24,author_of,3264
36,author_of,3264
115,author_of,3265
128,author_of,3266
138,author_of,3266
138,author_of,3267
3,author_of,3268
128,author_of,3269
138,author_of,3269
128,author_of,3270
138,author_of,3270
137,author_of,3271
137,author_of,3272
137,author_of,3273
137,author_of,3274
147,author_of,3275
192,author_of,3275
56,author_of,3276
9,author_of,3276
102,author_of,3277
126,author_of,3278
112,author_of,3279
182,author_of,3280
182,author_of,3281
139,author_of,3282
182,author_of,3283
147,author_of,3284
114,author_of,3285
7,author_of,3286
27,author_of,3286
7,author_of,3287
27,author_of,3287
7,author_of,3288
27,author_of,3288
7,author_of,3289
27,author_of,3289
7,author_of,3290
27,author_of,3290
7,author_of,3291
27,author_of,3291
7,author_of,3292
27,author_of,3292
92,author_of,3293
187,author_of,3294
187,author_of,3295
187,author_of,3296
187,author_of,3297
187,author_of,3298
154,author_of,3299
47,author_of,3300
187,author_of,3301
42,author_of,3302
187,author_of,3303
187,author_of,3304
187,author_of,3305
26,author_of,3306
187,author_of,3307
187,author_of,3308
187,author_of,3309
187,author_of,3310
9,author_of,3311
187,author_of,3312
187,author_of,3313
47,author_of,3314
187,author_of,3315
90,author_of,3316
76,author_of,3317
122,author_of,3318
26,author_of,3319
122,author_of,3319
122,author_of,3320
122,author_of,3321
26,author_of,3322
122,author_of,3323
122,author_of,3324
26,author_of,3324
122,author_of,3325
122,author_of,3326
26,author_of,3326
122,author_of,3327
122,author_of,3328
122,author_of,3329
122,author_of,3330
122,author_of,3331
122,author_of,3332
26,author_of,3333
122,author_of,3333
122,author_of,3334
122,author_of,3335
122,author_of,3336
122,author_of,3337
26,author_of,3338
122,author_of,3339
122,author_of,3340
122,author_of,3341
122,author_of,3342
122,author_of,3343
26,author_of,3344
49,author_of,3345
7,author_of,3346
27,author_of,3346
188,author_of,3346
7,author_of,3347
27,author_of,3347
168,author_of,3348
197,author_of,3349
197,author_of,3350
197,author_of,3351
197,author_of,3352
197,author_of,3353
197,author_of,3354
197,author_of,3355
197,author_of,3356
197,author_of,3357
197,author_of,3358
22,author_of,3359
22,author_of,3360
168,author_of,3361
62,author_of,3362
32,author_of,3362
161,author_of,3362
114,author_of,3363
44,author_of,3363
22,author_of,3363
186,author_of,3363
62,author_of,3364
32,author_of,3364
161,author_of,3364
62,author_of,3365
161,author_of,3365
48,author_of,3366
26,author_of,3367
26,author_of,3368
122,author_of,3369
26,author_of,3369
26,author_of,3370
129,author_of,3371
90,author_of,3371
26,author_of,3372
26,author_of,3373
26,author_of,3374
26,author_of,3375
122,author_of,3376
154,author_of,3377
66,author_of,3378
160,author_of,3378
114,author_of,3379
7,author_of,3380
7,author_of,3381
27,author_of,3381
7,author_of,3382
7,author_of,3383
7,author_of,3384
7,author_of,3385
27,author_of,3385
40,author_of,3386
40,author_of,3387
138,author_of,3388
115,author_of,3389
115,author_of,3390
68,author_of,3391
46,author_of,3392
46,author_of,3393
43,author_of,3394
103,author_of,3395
195,author_of,3396
195,author_of,3397
170,author_of,3398
187,author_of,3399
187,author_of,3400
187,author_of,3401
129,author_of,3402
169,author_of,3402
187,author_of,3403
55,author_of,3404
157,author_of,3405
145,author_of,3405
195,author_of,3406
195,author_of,3407
195,author_of,3408
43,author_of,3409
43,author_of,3410
43,author_of,3411
43,author_of,3412
37,author_of,3413
34,author_of,3414
114,author_of,3414
147,author_of,3415
154,author_of,3416
138,author_of,3417
125,author_of,3417
157,author_of,3418
156,author_of,3418
127,author_of,3419
138,author_of,3419
127,author_of,3420
138,author_of,3420
128,author_of,3421
138,author_of,3421
138,author_of,3422
127,author_of,3423
138,author_of,3423
112,author_of,3424
112,author_of,3425
154,author_of,3426
161,author_of,3427
79,author_of,3428
33,author_of,3429
161,author_of,3430
159,author_of,3431
36,author_of,3432
22,author_of,3433
133,author_of,3434
22,author_of,3435
22,author_of,3436
151,author_of,3436
36,author_of,3437
36,author_of,3438
127,author_of,3439
138,author_of,3439
36,author_of,3440
36,author_of,3441
36,author_of,3442
36,author_of,3443
36,author_of,3444
154,author_of,3445
36,author_of,3446
36,author_of,3447
36,author_of,3448
36,author_of,3449
146,author_of,3450
36,author_of,3450
36,author_of,3451
176,author_of,3451
36,author_of,3452
146,author_of,3452
36,author_of,3453
146,author_of,3453
36,author_of,3454
176,author_of,3454
146,author_of,3455
36,author_of,3455
114,author_of,3456
114,author_of,3457
186,author_of,3457
114,author_of,3458
90,author_of,3459
65,author_of,3460
65,author_of,3461
65,author_of,3462
65,author_of,3463
65,author_of,3464
65,author_of,3465
65,author_of,3466
65,author_of,3467
65,author_of,3468
65,author_of,3469
65,author_of,3470
187,author_of,3470
151,author_of,3471
22,author_of,3471
65,author_of,3472
187,author_of,3472
65,author_of,3473
65,author_of,3474
65,author_of,3475
65,author_of,3476
65,author_of,3477
186,author_of,3478
186,author_of,3479
18,author_of,3480
180,author_of,3481
138,author_of,3482
115,author_of,3483
138,author_of,3484
157,author_of,3485
181,author_of,3486
92,author_of,3487
115,author_of,3488
138,author_of,3489
36,author_of,3489
138,author_of,3490
138,author_of,3491
181,author_of,3492
157,author_of,3493
92,author_of,3494
138,author_of,3494
138,author_of,3495
36,author_of,3495
133,author_of,3496
195,author_of,3496
49,author_of,3497
172,author_of,3498
65,author_of,3499
43,author_of,3500
45,author_of,3501
92,author_of,3502
195,author_of,3503
29,author_of,3504
29,author_of,3505
29,author_of,3506
29,author_of,3507
29,author_of,3508
29,author_of,3509
29,author_of,3510
29,author_of,3511
29,author_of,3512
197,author_of,3513
29,author_of,3514
29,author_of,3515
29,author_of,3516
29,author_of,3517
29,author_of,3518
29,author_of,3519
29,author_of,3520
29,author_of,3521
29,author_of,3522
29,author_of,3523
29,author_of,3524
29,author_of,3525
29,author_of,3526
29,author_of,3527
29,author_of,3528
29,author_of,3529
29,author_of,3530
29,author_of,3531
29,author_of,3532
29,author_of,3533
29,author_of,3534
29,author_of,3535
29,author_of,3536
29,author_of,3537
29,author_of,3538
29,author_of,3539
29,author_of,3540
29,author_of,3541
29,author_of,3542
29,author_of,3543
29,author_of,3544
29,author_of,3545
86,author_of,3546
29,author_of,3546
29,author_of,3547
29,author_of,3548
29,author_of,3549
29,author_of,3550
29,author_of,3551
29,author_of,3552
29,author_of,3553
29,author_of,3554
29,author_of,3555
29,author_of,3556
29,author_of,3557
29,author_of,3558
29,author_of,3559
86,author_of,3559
29,author_of,3560
29,author_of,3561
29,author_of,3562
29,author_of,3563
29,author_of,3564
29,author_of,3565
147,author_of,3566
98,author_of,3567
98,author_of,3568
7,author_of,3569
44,author_of,3570
57,author_of,3570
114,author_of,3570
62,author_of,3571
32,author_of,3571
161,author_of,3571
36,author_of,3572
36,author_of,3573
36,author_of,3574
36,author_of,3575
36,author_of,3576
36,author_of,3577
36,author_of,3578
115,author_of,3579
115,author_of,3580
115,author_of,3581
36,author_of,3582
36,author_of,3583
146,author_of,3583
36,author_of,3584
92,author_of,3585
182,author_of,3586
182,author_of,3587
182,author_of,3588
43,author_of,3589
43,author_of,3590
43,author_of,3591
43,author_of,3592
43,author_of,3593
138,author_of,3594
3,author_of,3595
3,author_of,3596
101,author_of,3597
115,author_of,3598
115,author_of,3599
115,author_of,3600
120,author_of,3601
115,author_of,3601
3,author_of,3602
115,author_of,3603
115,author_of,3604
10,author_of,3605
187,author_of,3605
10,author_of,3606
187,author_of,3606
187,author_of,3607
187,author_of,3608
187,author_of,3609
42,author_of,3610
155,author_of,3611
154,author_of,3612
161,author_of,3613
195,author_of,3614
161,author_of,3615
161,author_of,3616
102,author_of,3617
161,author_of,3618
13,author_of,3619
102,author_of,3619
161,author_of,3620
77,author_of,3621
161,author_of,3622
106,author_of,3623
161,author_of,3623
106,author_of,3624
75,author_of,3624
161,author_of,3624
102,author_of,3625
161,author_of,3626
106,author_of,3627
161,author_of,3627
161,author_of,3628
154,author_of,3629
85,author_of,3630
70,author_of,3631
55,author_of,3631
55,author_of,3632
85,author_of,3633
36,author_of,3634
176,author_of,3634
36,author_of,3635
36,author_of,3636
36,author_of,3637
40,author_of,3638
40,author_of,3639
40,author_of,3640
84,author_of,3641
40,author_of,3642
40,author_of,3643
195,author_of,3644
85,author_of,3645
85,author_of,3646
140,author_of,3647
140,author_of,3648
22,author_of,3649
147,author_of,3650
147,author_of,3651
114,author_of,3652
22,author_of,3653
54,author_of,3654
147,author_of,3655
196,author_of,3656
46,author_of,3657
46,author_of,3658
115,author_of,3659
36,author_of,3660
36,author_of,3661
36,author_of,3662
103,author_of,3663
28,author_of,3664
187,author_of,3665
42,author_of,3666
187,author_of,3666
103,author_of,3667
98,author_of,3668
46,author_of,3669
187,author_of,3670
103,author_of,3671
187,author_of,3672
161,author_of,3673
70,author_of,3674
55,author_of,3674
90,author_of,3675
90,author_of,3676
129,author_of,3677
90,author_of,3677
90,author_of,3678
90,author_of,3679
165,author_of,3679
165,author_of,3680
90,author_of,3681
10,author_of,3682
187,author_of,3682
122,author_of,3683
122,author_of,3684
138,author_of,3685
99,author_of,3686
55,author_of,3687
90,author_of,3688
126,author_of,3689
90,author_of,3690
55,author_of,3691
29,author_of,3692
86,author_of,3693
29,author_of,3693
29,author_of,3694
29,author_of,3695
29,author_of,3696
86,author_of,3697
29,author_of,3697
29,author_of,3698
29,author_of,3699
13,author_of,3700
36,author_of,3701
157,author_of,3702
115,author_of,3703
138,author_of,3704
115,author_of,3705
36,author_of,3706
138,author_of,3707
138,author_of,3708
36,author_of,3708
140,author_of,3709
138,author_of,3710
138,author_of,3711
138,author_of,3712
138,author_of,3713
138,author_of,3714
36,author_of,3715
3,author_of,3716
36,author_of,3717
138,author_of,3718
43,author_of,3719
154,author_of,3720
43,author_of,3721
28,author_of,3722
28,author_of,3723
28,author_of,3724
127,author_of,3725
127,author_of,3726
127,author_of,3727
127,author_of,3728
127,author_of,3729
72,author_of,3730
161,author_of,3731
168,author_of,3732
172,author_of,3733
196,author_of,3734
113,author_of,3735
168,author_of,3736
151,author_of,3737
22,author_of,3737
151,author_of,3738
22,author_of,3738
129,author_of,3739
169,author_of,3739
90,author_of,3739
129,author_of,3740
90,author_of,3740
129,author_of,3741
90,author_of,3741
129,author_of,3742
169,author_of,3742
90,author_of,3742
129,author_of,3743
169,author_of,3743
129,author_of,3744
169,author_of,3744
90,author_of,3744
28,author_of,3745
196,author_of,3746
36,author_of,3747
190,author_of,3748
190,author_of,3749
102,author_of,3750
161,author_of,3750
102,author_of,3751
161,author_of,3752
161,author_of,3753
106,author_of,3754
102,author_of,3754
35,author_of,3755
36,author_of,3756
138,author_of,3757
138,author_of,3758
138,author_of,3759
138,author_of,3760
161,author_of,3761
115,author_of,3762
161,author_of,3763
120,author_of,3764
102,author_of,3765
120,author_of,3766
115,author_of,3767
36,author_of,3767
138,author_of,3768
138,author_of,3769
102,author_of,3770
115,author_of,3771
122,author_of,3772
122,author_of,3773
122,author_of,3774
122,author_of,3775
122,author_of,3776
122,author_of,3777
122,author_of,3778
122,author_of,3779
122,author_of,3780
122,author_of,3781
122,author_of,3782
122,author_of,3783
122,author_of,3784
122,author_of,3785
90,author_of,3786
137,author_of,3786
34,author_of,3787
168,author_of,3787
34,author_of,3788
34,author_of,3789
122,author_of,3790
122,author_of,3791
175,author_of,3792
142,author_of,3793
142,author_of,3794
149,author_of,3795
142,author_of,3796
154,author_of,3797
154,author_of,3798
104,author_of,3799
104,author_of,3800
34,author_of,3801
55,author_of,3802
70,author_of,3803
50,author_of,3803
55,author_of,3803
55,author_of,3804
70,author_of,3805
55,author_of,3805
50,author_of,3806
50,author_of,3807
118,author_of,3808
122,author_of,3809
197,author_of,3810
197,author_of,3811
184,author_of,3812
187,author_of,3813
90,author_of,3814
90,author_of,3815
10,author_of,3816
187,author_of,3816
10,author_of,3817
187,author_of,3817
147,author_of,3818
187,author_of,3819
154,author_of,3820
7,author_of,3821
154,author_of,3822
84,author_of,3823
123,author_of,3824
182,author_of,3825
90,author_of,3826
145,author_of,3827
102,author_of,3828
161,author_of,3829
102,author_of,3830
161,author_of,3830
106,author_of,3831
161,author_of,3831
161,author_of,3832
48,author_of,3833
161,author_of,3834
102,author_of,3835
161,author_of,3835
114,author_of,3836
104,author_of,3837
171,author_of,3838
114,author_of,3839
59,author_of,3840
114,author_of,3840
186,author_of,3841
114,author_of,3841
90,author_of,3842
22,author_of,3843
22,author_of,3844
46,author_of,3845
22,author_of,3846
90,author_of,3847
32,author_of,3848
161,author_of,3849
49,author_of,3850
35,author_of,3850
161,author_of,3851
90,author_of,3852
102,author_of,3853
114,author_of,3854
169,author_of,3855
34,author_of,3855
90,author_of,3856
90,author_of,3857
169,author_of,3857
34,author_of,3858
169,author_of,3859
34,author_of,3860
34,author_of,3861
90,author_of,3862
90,author_of,3863
169,author_of,3863
90,author_of,3864
169,author_of,3864
114,author_of,3865
169,author_of,3866
168,author_of,3867
90,author_of,3867
34,author_of,3867
90,author_of,3868
78,author_of,3869
186,author_of,3870
187,author_of,3871
103,author_of,3872
103,author_of,3873
103,author_of,3874
195,author_of,3875
195,author_of,3876
23,author_of,3877
182,author_of,3878
182,author_of,3879
97,author_of,3880
129,author_of,3881
137,author_of,3882
166,author_of,3883
186,author_of,3884
186,author_of,3885
186,author_of,3886
186,author_of,3887
94,author_of,3888
186,author_of,3889
37,author_of,3890
84,author_of,3891
7,author_of,3892
195,author_of,3893
90,author_of,3894
90,author_of,3895
20,author_of,3895
103,author_of,3896
102,author_of,3897
18,author_of,3898
129,author_of,3899
74,author_of,3900
186,author_of,3901
138,author_of,3902
147,author_of,3903
161,author_of,3904
22,author_of,3905
151,author_of,3905
192,author_of,3906
138,author_of,3907
151,author_of,3908
22,author_of,3908
22,author_of,3909
31,author_of,3909
182,author_of,3910
135,author_of,3911
135,author_of,3912
95,author_of,3913
95,author_of,3914
95,author_of,3915
95,author_of,3916
95,author_of,3917
66,author_of,3918
66,author_of,3919
115,author_of,3920
102,author_of,3921
13,author_of,3922
102,author_of,3922
102,author_of,3923
36,author_of,3924
44,author_of,3925
114,author_of,3925
129,author_of,3926
169,author_of,3926
90,author_of,3926
90,author_of,3927
129,author_of,3928
169,author_of,3928
90,author_of,3928
195,author_of,3929
66,author_of,3930
129,author_of,3931
169,author_of,3931
90,author_of,3931
195,author_of,3932
90,author_of,3933
169,author_of,3933
66,author_of,3934
54,author_of,3935
138,author_of,3936
138,author_of,3937
157,author_of,3938
138,author_of,3939
36,author_of,3939
138,author_of,3940
138,author_of,3941
157,author_of,3942
157,author_of,3943
36,author_of,3944
138,author_of,3945
90,author_of,3946
31,author_of,3947
22,author_of,3947
22,author_of,3948
31,author_of,3949
151,author_of,3949
22,author_of,3949
114,author_of,3950
59,author_of,3950
57,author_of,3951
114,author_of,3951
147,author_of,3952
22,author_of,3952
171,author_of,3953
22,author_of,3954
147,author_of,3954
22,author_of,3955
31,author_of,3955
163,author_of,3956
147,author_of,3957
22,author_of,3958
147,author_of,3958
114,author_of,3959
147,author_of,3960
171,author_of,3961
147,author_of,3961
114,author_of,3962
192,author_of,3963
22,author_of,3964
147,author_of,3965
22,author_of,3966
151,author_of,3966
44,author_of,3967
114,author_of,3967
171,author_of,3968
77,author_of,3969
90,author_of,3970
195,author_of,3971
195,author_of,3972
161,author_of,3973
114,author_of,3974
65,author_of,3975
187,author_of,3976
103,author_of,3977
187,author_of,3978
103,author_of,3979
137,author_of,3980
7,author_of,3981
90,author_of,3982
137,author_of,3982
137,author_of,3983
157,author_of,3984
90,author_of,3985
47,author_of,3986
90,author_of,3987
36,author_of,3988
7,author_of,3989
27,author_of,3990
157,author_of,3991
122,author_of,3992
147,author_of,3993
7,author_of,3994
55,author_of,3995
7,author_of,3996
120,author_of,3997
138,author_of,3998
85,author_of,3999
137,author_of,4000
185,author_of,4001
7,author_of,4002
115,author_of,4003
185,author_of,4004
7,author_of,4005
90,author_of,4006
77,author_of,4007
7,author_of,4008
90,author_of,4009
7,author_of,4010
137,author_of,4011
7,author_of,4012
7,author_of,4013
90,author_of,4014
137,author_of,4014
37,author_of,4015
22,author_of,4016
13,author_of,4017
90,author_of,4017
186,author_of,4018
187,author_of,4019
42,author_of,4019
138,author_of,4020
78,author_of,4021
138,author_of,4022
115,author_of,4023
138,author_of,4024
138,author_of,4025
115,author_of,4026
138,author_of,4027
115,author_of,4028
36,author_of,4029
115,author_of,4030
138,author_of,4031
138,author_of,4032
3,author_of,4033
115,author_of,4034
140,author_of,4035
138,author_of,4036
140,author_of,4037
115,author_of,4038
138,author_of,4039
115,author_of,4040
120,author_of,4040
138,author_of,4041
36,author_of,4041
36,author_of,4042
138,author_of,4043
120,author_of,4044
115,author_of,4044
157,author_of,4045
138,author_of,4046
115,author_of,4047
7,author_of,4048
27,author_of,4048
7,author_of,4049
7,author_of,4050
7,author_of,4051
27,author_of,4051
7,author_of,4052
132,author_of,4053
195,author_of,4054
88,author_of,4055
47,author_of,4055
149,author_of,4056
88,author_of,4057
47,author_of,4057
29,author_of,4058
29,author_of,4059
94,author_of,4060
140,author_of,4061
140,author_of,4062
140,author_of,4063
197,author_of,4064
175,author_of,4065
138,author_of,4066
87,author_of,4066
138,author_of,4067
127,author_of,4068
138,author_of,4068
36,author_of,4068
125,author_of,4069
138,author_of,4069
128,author_of,4070
138,author_of,4070
125,author_of,4070
36,author_of,4071
162,author_of,4072
138,author_of,4072
36,author_of,4073
162,author_of,4074
138,author_of,4074
138,author_of,4075
36,author_of,4076
36,author_of,4077
125,author_of,4078
99,author_of,4078
36,author_of,4078
104,author_of,4079
104,author_of,4080
155,author_of,4081
195,author_of,4081
41,author_of,4082
115,author_of,4083
90,author_of,4084
26,author_of,4084
92,author_of,4085
138,author_of,4085
92,author_of,4086
138,author_of,4086
92,author_of,4087
138,author_of,4087
92,author_of,4088
97,author_of,4089
169,author_of,4090
88,author_of,4091
88,author_of,4092
113,author_of,4093
46,author_of,4094
68,author_of,4095
154,author_of,4096
138,author_of,4097
157,author_of,4098
72,author_of,4099
72,author_of,4100
155,author_of,4101
157,author_of,4102
10,author_of,4103
9,author_of,4104
195,author_of,4105
195,author_of,4106
9,author_of,4106
9,author_of,4107
137,author_of,4108
90,author_of,4109
43,author_of,4110
178,author_of,4111
116,author_of,4111
178,author_of,4112
116,author_of,4112
85,author_of,4113
102,author_of,4114
43,author_of,4115
89,author_of,4116
168,author_of,4117
48,author_of,4118
36,author_of,4119
77,author_of,4120
192,author_of,4120
162,author_of,4121
87,author_of,4121
161,author_of,4122
22,author_of,4123
138,author_of,4124
36,author_of,4124
36,author_of,4125
77,author_of,4126
7,author_of,4127
154,author_of,4128
115,author_of,4129
128,author_of,4130
138,author_of,4130
24,author_of,4131
36,author_of,4131
128,author_of,4132
138,author_of,4132
161,author_of,4133
115,author_of,4134
48,author_of,4135
177,author_of,4136
99,author_of,4136
36,author_of,4136
146,author_of,4136
102,author_of,4137
161,author_of,4138
177,author_of,4139
36,author_of,4139
115,author_of,4140
161,author_of,4141
102,author_of,4142
161,author_of,4143
102,author_of,4144
115,author_of,4145
161,author_of,4146
77,author_of,4147
115,author_of,4148
115,author_of,4149
36,author_of,4150
36,author_of,4151
36,author_of,4152
92,author_of,4153
101,author_of,4153
138,author_of,4153
161,author_of,4154
36,author_of,4155
146,author_of,4155
186,author_of,4156
186,author_of,4157
121,author_of,4158
46,author_of,4159
43,author_of,4160
115,author_of,4161
187,author_of,4162
196,author_of,4163
72,author_of,4164
28,author_of,4165
28,author_of,4166
28,author_of,4167
28,author_of,4168
187,author_of,4169
135,author_of,4170
135,author_of,4171
77,author_of,4172
147,author_of,4173
102,author_of,4174
102,author_of,4175
4,author_of,4176
102,author_of,4176
161,author_of,4176
106,author_of,4177
161,author_of,4177
77,author_of,4178
102,author_of,4179
102,author_of,4180
161,author_of,4181
77,author_of,4182
161,author_of,4183
102,author_of,4184
49,author_of,4185
161,author_of,4185
161,author_of,4186
102,author_of,4187
77,author_of,4188
132,author_of,4189
49,author_of,4189
172,author_of,4190
43,author_of,4191
43,author_of,4192
43,author_of,4193
43,author_of,4194
43,author_of,4195
195,author_of,4196
137,author_of,4197
195,author_of,4198
90,author_of,4199
137,author_of,4200
160,author_of,4201
129,author_of,4202
90,author_of,4202
137,author_of,4203
90,author_of,4204
195,author_of,4205
195,author_of,4206
195,author_of,4207
195,author_of,4208
129,author_of,4209
169,author_of,4209
90,author_of,4209
137,author_of,4210
22,author_of,4211
90,author_of,4212
195,author_of,4213
90,author_of,4214
195,author_of,4215
195,author_of,4216
90,author_of,4217
164,author_of,4218
195,author_of,4219
185,author_of,4220
137,author_of,4221
9,author_of,4222
90,author_of,4223
90,author_of,4224
34,author_of,4225
168,author_of,4225
195,author_of,4226
160,author_of,4227
137,author_of,4228
137,author_of,4229
137,author_of,4230
137,author_of,4231
160,author_of,4231
66,author_of,4231
160,author_of,4232
90,author_of,4233
195,author_of,4234
195,author_of,4235
169,author_of,4236
195,author_of,4237
195,author_of,4238
90,author_of,4239
137,author_of,4240
195,author_of,4241
137,author_of,4242
90,author_of,4243
169,author_of,4243
187,author_of,4244
161,author_of,4245
94,author_of,4246
0,author_of,4247
55,author_of,4248
55,author_of,4249
137,author_of,4250
90,author_of,4251
137,author_of,4252
90,author_of,4253
137,author_of,4254
76,author_of,4255
22,author_of,4256
151,author_of,4256
147,author_of,4257
85,author_of,4258
114,author_of,4259
85,author_of,4260
47,author_of,4261
26,author_of,4262
149,author_of,4262
165,author_of,4262
144,author_of,4262
27,author_of,4263
5,author_of,4264
64,author_of,4265
5,author_of,4266
5,author_of,4267
27,author_of,4268
5,author_of,4269
27,author_of,4270
192,author_of,4271
58,author_of,4272
5,author_of,4273
5,author_of,4274
5,author_of,4275
27,author_of,4276
5,author_of,4277
27,author_of,4278
48,author_of,4279
23,author_of,4280
161,author_of,4281
90,author_of,4282
90,author_of,4283
6,author_of,4284
129,author_of,4285
90,author_of,4285
129,author_of,4286
90,author_of,4286
90,author_of,4287
129,author_of,4288
111,author_of,4288
154,author_of,4289
197,author_of,4290
46,author_of,4291
36,author_of,4292
146,author_of,4292
36,author_of,4293
170,author_of,4294
47,author_of,4295
47,author_of,4296
47,author_of,4297
140,author_of,4298
138,author_of,4299
140,author_of,4300
115,author_of,4301
36,author_of,4302
3,author_of,4303
157,author_of,4304
92,author_of,4305
24,author_of,4305
162,author_of,4305
138,author_of,4305
176,author_of,4305
115,author_of,4306
115,author_of,4307
138,author_of,4308
115,author_of,4309
157,author_of,4310
115,author_of,4311
157,author_of,4312
90,author_of,4313
140,author_of,4314
36,author_of,4315
36,author_of,4316
115,author_of,4317
140,author_of,4318
120,author_of,4319
115,author_of,4319
90,author_of,4320
138,author_of,4321
36,author_of,4322
138,author_of,4323
115,author_of,4324
36,author_of,4325
115,author_of,4326
115,author_of,4327
115,author_of,4328
49,author_of,4329
147,author_of,4330
109,author_of,4330
171,author_of,4330
97,author_of,4331
66,author_of,4332
32,author_of,4333
161,author_of,4333
109,author_of,4334
43,author_of,4335
74,author_of,4336
97,author_of,4337
46,author_of,4338
43,author_of,4339
137,author_of,4340
43,author_of,4341
137,author_of,4342
48,author_of,4343
97,author_of,4344
22,author_of,4345
7,author_of,4346
90,author_of,4347
182,author_of,4348
182,author_of,4349
182,author_of,4350
182,author_of,4351
85,author_of,4352
85,author_of,4353
114,author_of,4354
147,author_of,4354
55,author_of,4355
55,author_of,4356
55,author_of,4357
55,author_of,4358
55,author_of,4359
55,author_of,4360
50,author_of,4361
55,author_of,4361
55,author_of,4362
55,author_of,4363
55,author_of,4364
55,author_of,4365
55,author_of,4366
157,author_of,4367
156,author_of,4367
45,author_of,4368
22,author_of,4369
152,author_of,4370
46,author_of,4370
65,author_of,4371
7,author_of,4372
27,author_of,4372
55,author_of,4373
77,author_of,4374
161,author_of,4375
102,author_of,4376
161,author_of,4376
161,author_of,4377
48,author_of,4378
102,author_of,4379
161,author_of,4379
102,author_of,4380
102,author_of,4381
161,author_of,4382
161,author_of,4383
102,author_of,4383
161,author_of,4384
4,author_of,4384
77,author_of,4385
48,author_of,4386
161,author_of,4387
48,author_of,4388
102,author_of,4389
4,author_of,4390
102,author_of,4390
161,author_of,4390
55,author_of,4391
126,author_of,4392
90,author_of,4393
171,author_of,4394
192,author_of,4394
147,author_of,4394
49,author_of,4395
49,author_of,4396
183,author_of,4396
195,author_of,4397
192,author_of,4398
180,author_of,4399
59,author_of,4400
169,author_of,4401
49,author_of,4402
183,author_of,4402
90,author_of,4403
171,author_of,4404
147,author_of,4404
90,author_of,4405
114,author_of,4406
165,author_of,4407
29,author_of,4408
180,author_of,4409
36,author_of,4410
140,author_of,4411
55,author_of,4412
29,author_of,4413
29,author_of,4414
29,author_of,4415
29,author_of,4416
29,author_of,4417
29,author_of,4418
29,author_of,4419
29,author_of,4420
29,author_of,4421
29,author_of,4422
29,author_of,4423
29,author_of,4424
29,author_of,4425
29,author_of,4426
112,author_of,4427
138,author_of,4428
29,author_of,4429
7,author_of,4430
172,author_of,4431
172,author_of,4432
109,author_of,4433
172,author_of,4434
172,author_of,4435
172,author_of,4436
175,author_of,4437
55,author_of,4438
154,author_of,4439
154,author_of,4440
36,author_of,4441
154,author_of,4442
195,author_of,4443
55,author_of,4444
181,author_of,4445
36,author_of,4446
36,author_of,4447
138,author_of,4448
115,author_of,4449
36,author_of,4450
127,author_of,4451
138,author_of,4451
36,author_of,4452
115,author_of,4453
128,author_of,4454
138,author_of,4454
36,author_of,4455
36,author_of,4456
115,author_of,4457
120,author_of,4458
36,author_of,4459
120,author_of,4460
36,author_of,4461
36,author_of,4462
115,author_of,4463
115,author_of,4464
36,author_of,4465
115,author_of,4466
115,author_of,4467
115,author_of,4468
138,author_of,4469
36,author_of,4470
115,author_of,4471
138,author_of,4472
138,author_of,4473
50,author_of,4474
55,author_of,4474
65,author_of,4475
65,author_of,4476
65,author_of,4477
135,author_of,4478
135,author_of,4479
135,author_of,4480
135,author_of,4481
135,author_of,4482
135,author_of,4483
135,author_of,4484
139,author_of,4485
50,author_of,4486
102,author_of,4487
21,author_of,4488
21,author_of,4489
65,author_of,4490
122,author_of,4491
47,author_of,4492
26,author_of,4493
122,author_of,4494
82,author_of,4495
149,author_of,4496
92,author_of,4497
138,author_of,4497
161,author_of,4498
172,author_of,4499
43,author_of,4500
172,author_of,4501
118,author_of,4502
195,author_of,4503
102,author_of,4504
161,author_of,4504
4,author_of,4505
102,author_of,4505
161,author_of,4505
77,author_of,4506
161,author_of,4507
161,author_of,4508
102,author_of,4508
115,author_of,4509
36,author_of,4510
138,author_of,4511
138,author_of,4512
140,author_of,4513
3,author_of,4514
138,author_of,4515
115,author_of,4516
138,author_of,4517
3,author_of,4518
140,author_of,4519
138,author_of,4520
36,author_of,4521
138,author_of,4522
195,author_of,4523
195,author_of,4524
165,author_of,4525
165,author_of,4526
195,author_of,4527
40,author_of,4528
197,author_of,4529
155,author_of,4530
40,author_of,4531
40,author_of,4532
187,author_of,4533
187,author_of,4534
177,author_of,4535
36,author_of,4535
139,author_of,4536
47,author_of,4537
157,author_of,4538
135,author_of,4539
161,author_of,4540
135,author_of,4541
135,author_of,4542
138,author_of,4543
140,author_of,4544
28,author_of,4545
28,author_of,4546
142,author_of,4547
55,author_of,4548
103,author_of,4549
103,author_of,4550
28,author_of,4551
95,author_of,4552
148,author_of,4553
74,author_of,4554
165,author_of,4555
191,author_of,4556
191,author_of,4557
65,author_of,4558
182,author_of,4559
58,author_of,4560
157,author_of,4561
145,author_of,4561
29,author_of,4562
154,author_of,4563
154,author_of,4564
36,author_of,4565
36,author_of,4566
55,author_of,4567
90,author_of,4568
129,author_of,4569
90,author_of,4569
104,author_of,4570
137,author_of,4571
138,author_of,4572
49,author_of,4573
49,author_of,4574
183,author_of,4575
49,author_of,4575
29,author_of,4576
72,author_of,4577
162,author_of,4578
138,author_of,4578
99,author_of,4579
197,author_of,4580
197,author_of,4581
197,author_of,4582
197,author_of,4583
197,author_of,4584
175,author_of,4585
161,author_of,4586
161,author_of,4587
192,author_of,4588
94,author_of,4589
94,author_of,4590
37,author_of,4591
94,author_of,4592
94,author_of,4593
94,author_of,4594
94,author_of,4595
90,author_of,4596
90,author_of,4597
52,author_of,4598
129,author_of,4599
90,author_of,4599
90,author_of,4600
114,author_of,4601
129,author_of,4602
169,author_of,4602
90,author_of,4602
90,author_of,4603
90,author_of,4604
129,author_of,4605
90,author_of,4605
169,author_of,4606
191,author_of,4607
83,author_of,4608
191,author_of,4609
13,author_of,4610
102,author_of,4610
115,author_of,4611
115,author_of,4612
115,author_of,4613
115,author_of,4614
5,author_of,4615
191,author_of,4616
126,author_of,4617
126,author_of,4618
126,author_of,4619
126,author_of,4620
112,author_of,4621
43,author_of,4621
21,author_of,4622
21,author_of,4623
21,author_of,4624
114,author_of,4625
138,author_of,4626
36,author_of,4627
154,author_of,4628
50,author_of,4629
138,author_of,4630
36,author_of,4631
157,author_of,4632
115,author_of,4633
162,author_of,4634
138,author_of,4634
36,author_of,4635
36,author_of,4636
125,author_of,4637
101,author_of,4637
138,author_of,4637
138,author_of,4638
36,author_of,4638
127,author_of,4639
138,author_of,4639
46,author_of,4640
36,author_of,4641
146,author_of,4641
115,author_of,4642
115,author_of,4643
46,author_of,4644
50,author_of,4645
70,author_of,4645
55,author_of,4645
46,author_of,4646
138,author_of,4647
115,author_of,4648
36,author_of,4649
161,author_of,4650
115,author_of,4651
115,author_of,4652
46,author_of,4653
115,author_of,4654
115,author_of,4655
115,author_of,4656
138,author_of,4657
115,author_of,4658
46,author_of,4659
138,author_of,4660
125,author_of,4661
92,author_of,4661
101,author_of,4661
138,author_of,4661
127,author_of,4662
138,author_of,4662
46,author_of,4663
46,author_of,4664
115,author_of,4665
115,author_of,4666
36,author_of,4667
115,author_of,4668
36,author_of,4669
115,author_of,4670
115,author_of,4671
36,author_of,4672
138,author_of,4673
36,author_of,4674
138,author_of,4675
36,author_of,4676
115,author_of,4677
115,author_of,4678
46,author_of,4679
152,author_of,4679
115,author_of,4680
138,author_of,4681
115,author_of,4682
138,author_of,4683
99,author_of,4684
36,author_of,4684
115,author_of,4685
26,author_of,4686
187,author_of,4687
29,author_of,4688
37,author_of,4689
37,author_of,4690
186,author_of,4691
29,author_of,4692
29,author_of,4693
94,author_of,4694
94,author_of,4695
140,author_of,4696
197,author_of,4697
36,author_of,4698
146,author_of,4698
138,author_of,4699
46,author_of,4700
36,author_of,4701
138,author_of,4702
138,author_of,4703
138,author_of,4704
125,author_of,4705
138,author_of,4705
46,author_of,4706
46,author_of,4707
46,author_of,4708
115,author_of,4709
138,author_of,4710
46,author_of,4711
138,author_of,4712
138,author_of,4713
115,author_of,4714
112,author_of,4715
112,author_of,4716
112,author_of,4717
112,author_of,4718
195,author_of,4719
195,author_of,4720
195,author_of,4721
155,author_of,4722
195,author_of,4722
118,author_of,4723
195,author_of,4724
195,author_of,4725
195,author_of,4726
195,author_of,4727
137,author_of,4728
137,author_of,4729
195,author_of,4730
175,author_of,4731
97,author_of,4731
137,author_of,4731
137,author_of,4732
169,author_of,4733
195,author_of,4734
187,author_of,4735
32,author_of,4736
161,author_of,4736
186,author_of,4737
118,author_of,4738
160,author_of,4739
90,author_of,4740
187,author_of,4741
197,author_of,4742
197,author_of,4743
197,author_of,4744
197,author_of,4745
168,author_of,4746
122,author_of,4747
55,author_of,4748
50,author_of,4749
55,author_of,4750
187,author_of,4751
36,author_of,4752
138,author_of,4753
138,author_of,4754
138,author_of,4755
29,author_of,4756
187,author_of,4757
42,author_of,4758
187,author_of,4758
187,author_of,4759
187,author_of,4760
187,author_of,4761
103,author_of,4762
187,author_of,4763
187,author_of,4764
187,author_of,4765
187,author_of,4766
42,author_of,4767
187,author_of,4767
187,author_of,4768
187,author_of,4769
42,author_of,4770
187,author_of,4771
187,author_of,4772
50,author_of,4773
55,author_of,4773
68,author_of,4774
55,author_of,4775
55,author_of,4776
55,author_of,4777
55,author_of,4778
55,author_of,4779
55,author_of,4780
55,author_of,4781
50,author_of,4782
55,author_of,4783
55,author_of,4784
168,author_of,4785
197,author_of,4786
168,author_of,4787
21,author_of,4788
21,author_of,4789
165,author_of,4790
115,author_of,4791
3,author_of,4792
154,author_of,4793
154,author_of,4794
161,author_of,4795
113,author_of,4796
197,author_of,4797
197,author_of,4798
46,author_of,4799
46,author_of,4800
98,author_of,4801
46,author_of,4802
98,author_of,4803
98,author_of,4804
195,author_of,4805
164,author_of,4806
137,author_of,4806
137,author_of,4807
90,author_of,4808
169,author_of,4808
137,author_of,4809
147,author_of,4810
90,author_of,4811
7,author_of,4812
90,author_of,4813
90,author_of,4814
187,author_of,4815
103,author_of,4816
138,author_of,4817
46,author_of,4818
138,author_of,4819
115,author_of,4820
138,author_of,4821
49,author_of,4822
49,author_of,4823
49,author_of,4824
115,author_of,4825
115,author_of,4826
115,author_of,4827
90,author_of,4828
49,author_of,4829
154,author_of,4830
74,author_of,4831
135,author_of,4832
74,author_of,4833
135,author_of,4834
37,author_of,4835
165,author_of,4836
126,author_of,4837
165,author_of,4838
165,author_of,4839
191,author_of,4840
165,author_of,4841
126,author_of,4842
130,author_of,4843
165,author_of,4843
83,author_of,4843
165,author_of,4844
191,author_of,4845
83,author_of,4846
195,author_of,4847
161,author_of,4848
161,author_of,4849
161,author_of,4850
161,author_of,4851
126,author_of,4852
37,author_of,4853
0,author_of,4854
154,author_of,4855
65,author_of,4856
85,author_of,4857
118,author_of,4858
118,author_of,4859
17,author_of,4860
16,author_of,4860
16,author_of,4861
15,author_of,4862
16,author_of,4862
17,author_of,4863
16,author_of,4863
17,author_of,4864
16,author_of,4864
15,author_of,4865
16,author_of,4865
17,author_of,4866
15,author_of,4866
16,author_of,4866
13,author_of,4867
16,author_of,4868
13,author_of,4869
17,author_of,4870
16,author_of,4870
15,author_of,4871
16,author_of,4871
13,author_of,4872
15,author_of,4873
13,author_of,4873
16,author_of,4873
17,author_of,4874
16,author_of,4874
15,author_of,4875
16,author_of,4875
13,author_of,4875
43,author_of,4876
76,author_of,4877
29,author_of,4878
29,author_of,4879
29,author_of,4880
29,author_of,4881
95,author_of,4882
95,author_of,4883
140,author_of,4884
140,author_of,4885
46,author_of,4886
46,author_of,4887
168,author_of,4888
40,author_of,4889
147,author_of,4890
28,author_of,4891
175,author_of,4892
65,author_of,4893
187,author_of,4894
191,author_of,4895
126,author_of,4896
154,author_of,4897
122,author_of,4898
122,author_of,4899
122,author_of,4900
122,author_of,4901
76,author_of,4902
76,author_of,4903
76,author_of,4904
94,author_of,4905
94,author_of,4906
21,author_of,4907
195,author_of,4908
155,author_of,4909
195,author_of,4909
155,author_of,4910
195,author_of,4910
43,author_of,4911
43,author_of,4912
37,author_of,4913
37,author_of,4914
37,author_of,4915
154,author_of,4916
154,author_of,4917
154,author_of,4918
154,author_of,4919
3,author_of,4920
52,author_of,4921
185,author_of,4922
137,author_of,4923
195,author_of,4924
50,author_of,4925
138,author_of,4926
36,author_of,4927
78,author_of,4928
127,author_of,4929
138,author_of,4929
157,author_of,4930
157,author_of,4931
138,author_of,4932
115,author_of,4933
3,author_of,4934
50,author_of,4935
138,author_of,4936
36,author_of,4937
115,author_of,4938
115,author_of,4939
120,author_of,4940
115,author_of,4940
115,author_of,4941
36,author_of,4942
138,author_of,4943
74,author_of,4944
154,author_of,4945
103,author_of,4946
103,author_of,4947
49,author_of,4948
90,author_of,4949
129,author_of,4950
90,author_of,4951
129,author_of,4952
90,author_of,4952
172,author_of,4953
197,author_of,4954
162,author_of,4955
138,author_of,4955
91,author_of,4956
172,author_of,4956
139,author_of,4957
139,author_of,4958
46,author_of,4959
115,author_of,4960
46,author_of,4961
0,author_of,4962
185,author_of,4963
165,author_of,4964
6,author_of,4965
46,author_of,4966
98,author_of,4967
46,author_of,4968
46,author_of,4969
46,author_of,4970
46,author_of,4971
55,author_of,4972
50,author_of,4972
157,author_of,4973
103,author_of,4974
103,author_of,4975
29,author_of,4976
47,author_of,4977
103,author_of,4978
187,author_of,4979
42,author_of,4979
197,author_of,4980
76,author_of,4981
103,author_of,4982
46,author_of,4983
103,author_of,4984
103,author_of,4985
21,author_of,4986
46,author_of,4987
46,author_of,4988
46,author_of,4989
36,author_of,4990
66,author_of,4991
195,author_of,4992
195,author_of,4993
195,author_of,4994
4,author_of,4995
102,author_of,4995
161,author_of,4995
102,author_of,4996
102,author_of,4997
161,author_of,4998
49,author_of,4999
161,author_of,4999
165,author_of,5000
197,author_of,5001
122,author_of,5002
102,author_of,5003
37,author_of,5004
102,author_of,5005
102,author_of,5006
102,author_of,5007
161,author_of,5007
102,author_of,5008
49,author_of,5009
102,author_of,5010
161,author_of,5011
161,author_of,5012
65,author_of,5013
181,author_of,5014
181,author_of,5015
181,author_of,5016
105,author_of,5017
181,author_of,5017
181,author_of,5018
21,author_of,5019
21,author_of,5020
21,author_of,5021
21,author_of,5022
21,author_of,5023
21,author_of,5024
102,author_of,5025
106,author_of,5026
161,author_of,5026
173,author_of,5027
40,author_of,5028
43,author_of,5029
40,author_of,5030
94,author_of,5031
140,author_of,5032
3,author_of,5033
138,author_of,5034
3,author_of,5035
140,author_of,5036
3,author_of,5037
157,author_of,5038
187,author_of,5039
187,author_of,5040
187,author_of,5041
187,author_of,5042
7,author_of,5043
187,author_of,5044
76,author_of,5045
26,author_of,5046
135,author_of,5047
111,author_of,5048
50,author_of,5049
50,author_of,5050
107,author_of,5051
107,author_of,5052
68,author_of,5053
78,author_of,5054
78,author_of,5055
187,author_of,5056
37,author_of,5057
37,author_of,5058
29,author_of,5059
37,author_of,5060
29,author_of,5061
172,author_of,5062
85,author_of,5063
127,author_of,5064
138,author_of,5064
87,author_of,5064
128,author_of,5065
138,author_of,5065
138,author_of,5066
191,author_of,5067
62,author_of,5068
32,author_of,5068
161,author_of,5068
106,author_of,5069
161,author_of,5069
114,author_of,5070
186,author_of,5070
48,author_of,5071
161,author_of,5072
126,author_of,5073
90,author_of,5074
36,author_of,5075
140,author_of,5076
137,author_of,5077
55,author_of,5078
46,author_of,5079
36,author_of,5080
195,author_of,5081
155,author_of,5082
195,author_of,5082
195,author_of,5083
97,author_of,5084
155,author_of,5085
195,author_of,5085
40,author_of,5086
187,author_of,5087
187,author_of,5088
187,author_of,5089
187,author_of,5090
187,author_of,5091
187,author_of,5092
10,author_of,5093
187,author_of,5093
191,author_of,5094
103,author_of,5095
94,author_of,5096
21,author_of,5097
21,author_of,5098
112,author_of,5099
112,author_of,5100
94,author_of,5101
94,author_of,5102
94,author_of,5103
94,author_of,5104
94,author_of,5105
21,author_of,5106
21,author_of,5107
21,author_of,5108
112,author_of,5109
94,author_of,5110
94,author_of,5111
94,author_of,5112
21,author_of,5113
109,author_of,5114
109,author_of,5115
192,author_of,5115
38,author_of,5116
165,author_of,5117
55,author_of,5118
165,author_of,5119
138,author_of,5119
165,author_of,5120
165,author_of,5121
165,author_of,5122
165,author_of,5123
191,author_of,5124
165,author_of,5125
165,author_of,5126
165,author_of,5127
191,author_of,5127
126,author_of,5127
191,author_of,5128
165,author_of,5129
191,author_of,5130
165,author_of,5131
38,author_of,5132
165,author_of,5133
94,author_of,5134
46,author_of,5135
21,author_of,5136
169,author_of,5137
90,author_of,5137
31,author_of,5138
122,author_of,5139
26,author_of,5139
137,author_of,5139
122,author_of,5140
187,author_of,5141
26,author_of,5142
122,author_of,5142
138,author_of,5143
191,author_of,5144
157,author_of,5145
29,author_of,5146
29,author_of,5147
29,author_of,5148
46,author_of,5149
90,author_of,5150
165,author_of,5151
191,author_of,5152
191,author_of,5153
126,author_of,5154
129,author_of,5155
112,author_of,5156
133,author_of,5157
133,author_of,5158
74,author_of,5159
138,author_of,5160
138,author_of,5161
115,author_of,5162
115,author_of,5163
192,author_of,5164
40,author_of,5165
18,author_of,5166
161,author_of,5166
106,author_of,5166
90,author_of,5167
37,author_of,5168
182,author_of,5169
94,author_of,5170
33,author_of,5171
191,author_of,5172
141,author_of,5173
141,author_of,5174
90,author_of,5175
85,author_of,5176
191,author_of,5177
47,author_of,5178
2,author_of,5178
172,author_of,5179
165,author_of,5180
191,author_of,5181
165,author_of,5182
85,author_of,5183
165,author_of,5184
153,author_of,5185
165,author_of,5186
47,author_of,5187
2,author_of,5187
165,author_of,5188
165,author_of,5189
7,author_of,5190
115,author_of,5191
182,author_of,5192
18,author_of,5193
161,author_of,5194
103,author_of,5195
68,author_of,5196
103,author_of,5197
186,author_of,5198
186,author_of,5199
186,author_of,5200
186,author_of,5201
186,author_of,5202
186,author_of,5203
186,author_of,5204
45,author_of,5205
187,author_of,5206
73,author_of,5207
40,author_of,5208
195,author_of,5209
9,author_of,5210
187,author_of,5211
32,author_of,5212
85,author_of,5213
127,author_of,5214
112,author_of,5215
147,author_of,5216
48,author_of,5217
139,author_of,5218
138,author_of,5219
90,author_of,5220
169,author_of,5220
20,author_of,5220
102,author_of,5221
161,author_of,5221
90,author_of,5222
157,author_of,5223
147,author_of,5224
90,author_of,5225
161,author_of,5226
102,author_of,5226
90,author_of,5227
165,author_of,5228
26,author_of,5228
149,author_of,5228
144,author_of,5228
138,author_of,5229
36,author_of,5229
8,author_of,5230
46,author_of,5230
161,author_of,5231
46,author_of,5232
46,author_of,5233
46,author_of,5234
46,author_of,5235
152,author_of,5235
3,author_of,5236
28,author_of,5237
187,author_of,5238
186,author_of,5239
107,author_of,5240
186,author_of,5241
62,author_of,5242
127,author_of,5243
62,author_of,5244
127,author_of,5245
107,author_of,5246
187,author_of,5247
10,author_of,5248
187,author_of,5248
40,author_of,5249
127,author_of,5250
42,author_of,5251
187,author_of,5251
127,author_of,5252
127,author_of,5253
37,author_of,5254
161,author_of,5255
106,author_of,5255
37,author_of,5256
161,author_of,5257
182,author_of,5258
191,author_of,5259
107,author_of,5260
127,author_of,5261
42,author_of,5262
187,author_of,5262
182,author_of,5263
175,author_of,5264
65,author_of,5265
139,author_of,5266
139,author_of,5267
139,author_of,5268
139,author_of,5269
139,author_of,5270
139,author_of,5271
139,author_of,5272
139,author_of,5273
139,author_of,5274
139,author_of,5275
139,author_of,5276
139,author_of,5277
139,author_of,5278
139,author_of,5279
139,author_of,5280
139,author_of,5281
139,author_of,5282
139,author_of,5283
139,author_of,5284
139,author_of,5285
139,author_of,5286
139,author_of,5287
139,author_of,5288
139,author_of,5289
139,author_of,5290
161,author_of,5291
152,author_of,5292
8,author_of,5292
85,author_of,5293
33,author_of,5294
38,author_of,5295
112,author_of,5296
112,author_of,5297
191,author_of,5298
171,author_of,5299
147,author_of,5299
102,author_of,5300
102,author_of,5301
115,author_of,5302
90,author_of,5303
147,author_of,5304
115,author_of,5305
108,author_of,5306
24,author_of,5307
36,author_of,5307
138,author_of,5308
138,author_of,5309
87,author_of,5310
162,author_of,5311
138,author_of,5311
40,author_of,5312
55,author_of,5313
161,author_of,5314
55,author_of,5315
55,author_of,5316
102,author_of,5317
13,author_of,5317
102,author_of,5318
13,author_of,5318
112,author_of,5319
112,author_of,5320
161,author_of,5321
46,author_of,5322
195,author_of,5323
40,author_of,5324
126,author_of,5325
126,author_of,5326
126,author_of,5327
65,author_of,5328
65,author_of,5329
65,author_of,5330
54,author_of,5331
147,author_of,5332
54,author_of,5333
193,author_of,5334
147,author_of,5334
49,author_of,5334
193,author_of,5335
7,author_of,5336
126,author_of,5337
165,author_of,5338
165,author_of,5339
119,author_of,5340
181,author_of,5341
29,author_of,5342
154,author_of,5343
154,author_of,5344
154,author_of,5345
21,author_of,5346
21,author_of,5347
21,author_of,5348
21,author_of,5349
21,author_of,5350
10,author_of,5351
90,author_of,5352
191,author_of,5353
7,author_of,5354
27,author_of,5354
90,author_of,5355
22,author_of,5356
151,author_of,5356
154,author_of,5357
172,author_of,5358
137,author_of,5359
90,author_of,5360
169,author_of,5360
90,author_of,5361
132,author_of,5362
49,author_of,5362
90,author_of,5363
186,author_of,5364
186,author_of,5365
186,author_of,5366
21,author_of,5367
21,author_of,5368
113,author_of,5369
129,author_of,5370
90,author_of,5370
20,author_of,5371
90,author_of,5371
90,author_of,5372
90,author_of,5373
98,author_of,5374
7,author_of,5375
102,author_of,5376
161,author_of,5377
102,author_of,5378
161,author_of,5378
19,author_of,5379
19,author_of,5380
33,author_of,5381
165,author_of,5382
33,author_of,5383
84,author_of,5384
154,author_of,5385
149,author_of,5386
182,author_of,5387
46,author_of,5388
98,author_of,5389
31,author_of,5390
41,author_of,5391
182,author_of,5392
182,author_of,5393
40,author_of,5394
182,author_of,5395
115,author_of,5396
115,author_of,5397
115,author_of,5398
115,author_of,5399
120,author_of,5400
40,author_of,5401
195,author_of,5402
9,author_of,5403
195,author_of,5404
133,author_of,5404
9,author_of,5405
9,author_of,5406
9,author_of,5407
195,author_of,5408
195,author_of,5409
185,author_of,5410
90,author_of,5411
185,author_of,5412
52,author_of,5412
137,author_of,5413
185,author_of,5414
19,author_of,5415
82,author_of,5416
90,author_of,5417
43,author_of,5418
43,author_of,5419
133,author_of,5420
43,author_of,5421
43,author_of,5422
43,author_of,5423
43,author_of,5424
55,author_of,5425
43,author_of,5426
43,author_of,5427
43,author_of,5428
43,author_of,5429
43,author_of,5430
133,author_of,5431
43,author_of,5432
133,author_of,5433
43,author_of,5434
43,author_of,5435
43,author_of,5436
55,author_of,5437
36,author_of,5438
176,author_of,5438
36,author_of,5439
146,author_of,5439
36,author_of,5440
146,author_of,5440
36,author_of,5441
138,author_of,5442
36,author_of,5442
29,author_of,5443
29,author_of,5444
29,author_of,5445
29,author_of,5446
29,author_of,5447
29,author_of,5448
168,author_of,5449
161,author_of,5450
103,author_of,5451
102,author_of,5452
46,author_of,5453
149,author_of,5454
40,author_of,5455
65,author_of,5456
40,author_of,5457
45,author_of,5458
45,author_of,5459
157,author_of,5460
156,author_of,5460
157,author_of,5461
156,author_of,5461
157,author_of,5462
117,author_of,5462
45,author_of,5463
157,author_of,5464
156,author_of,5464
150,author_of,5464
100,author_of,5464
157,author_of,5465
117,author_of,5465
156,author_of,5466
100,author_of,5466
157,author_of,5467
99,author_of,5467
157,author_of,5468
150,author_of,5468
45,author_of,5469
157,author_of,5470
156,author_of,5470
150,author_of,5470
45,author_of,5471
9,author_of,5472
69,author_of,5473
157,author_of,5474
45,author_of,5475
45,author_of,5476
45,author_of,5477
157,author_of,5478
45,author_of,5479
157,author_of,5480
9,author_of,5481
45,author_of,5482
45,author_of,5483
45,author_of,5484
157,author_of,5485
156,author_of,5486
157,author_of,5487
156,author_of,5487
100,author_of,5487
156,author_of,5488
157,author_of,5489
100,author_of,5489
45,author_of,5490
157,author_of,5491
156,author_of,5492
100,author_of,5492
45,author_of,5493
157,author_of,5494
100,author_of,5494
156,author_of,5495
100,author_of,5495
157,author_of,5496
69,author_of,5496
156,author_of,5497
157,author_of,5498
157,author_of,5499
157,author_of,5500
45,author_of,5501
156,author_of,5502
140,author_of,5503
45,author_of,5504
29,author_of,5505
161,author_of,5506
154,author_of,5507
161,author_of,5508
102,author_of,5508
147,author_of,5509
191,author_of,5510
133,author_of,5511
172,author_of,5512
82,author_of,5513
65,author_of,5514
68,author_of,5515
168,author_of,5516
85,author_of,5517
53,author_of,5518
18,author_of,5519
13,author_of,5520
102,author_of,5520
94,author_of,5521
94,author_of,5522
161,author_of,5523
182,author_of,5524
115,author_of,5525
78,author_of,5526
187,author_of,5527
94,author_of,5528
85,author_of,5529
92,author_of,5529
172,author_of,5529
197,author_of,5530
197,author_of,5531
197,author_of,5532
197,author_of,5533
197,author_of,5534
197,author_of,5535
29,author_of,5535
187,author_of,5535
122,author_of,5535
197,author_of,5536
197,author_of,5537
197,author_of,5538
197,author_of,5539
197,author_of,5540
197,author_of,5541
126,author_of,5542
70,author_of,5543
55,author_of,5544
94,author_of,5545
157,author_of,5546
168,author_of,5547
45,author_of,5548
156,author_of,5549
112,author_of,5550
181,author_of,5551
55,author_of,5552
196,author_of,5553
196,author_of,5554
65,author_of,5555
65,author_of,5556
65,author_of,5557
175,author_of,5558
85,author_of,5559
29,author_of,5560
175,author_of,5561
175,author_of,5562
65,author_of,5563
122,author_of,5564
26,author_of,5565
2,author_of,5566
122,author_of,5567
26,author_of,5568
122,author_of,5569
2,author_of,5569
121,author_of,5569
26,author_of,5570
122,author_of,5570
140,author_of,5571
21,author_of,5572
46,author_of,5573
13,author_of,5574
21,author_of,5575
21,author_of,5576
94,author_of,5577
21,author_of,5578
94,author_of,5579
9,author_of,5580
90,author_of,5581
137,author_of,5581
195,author_of,5582
195,author_of,5583
195,author_of,5584
195,author_of,5585
130,author_of,5586
46,author_of,5587
58,author_of,5588
195,author_of,5589
118,author_of,5590
155,author_of,5591
195,author_of,5591
195,author_of,5592
195,author_of,5593
118,author_of,5594
195,author_of,5595
120,author_of,5596
115,author_of,5596
115,author_of,5597
120,author_of,5597
115,author_of,5598
120,author_of,5598
115,author_of,5599
115,author_of,5600
120,author_of,5601
120,author_of,5602
120,author_of,5603
115,author_of,5603
115,author_of,5604
115,author_of,5605
120,author_of,5605
120,author_of,5606
37,author_of,5607
37,author_of,5608
40,author_of,5609
40,author_of,5610
7,author_of,5611
197,author_of,5612
112,author_of,5613
26,author_of,5614
47,author_of,5615
129,author_of,5616
47,author_of,5617
2,author_of,5617
76,author_of,5618
76,author_of,5619
53,author_of,5620
47,author_of,5620
47,author_of,5621
2,author_of,5621
76,author_of,5622
149,author_of,5623
26,author_of,5623
90,author_of,5624
132,author_of,5625
49,author_of,5625
165,author_of,5626
130,author_of,5626
165,author_of,5627
90,author_of,5627
83,author_of,5627
165,author_of,5628
85,author_of,5629
126,author_of,5630
191,author_of,5631
46,author_of,5632
46,author_of,5633
46,author_of,5634
152,author_of,5634
46,author_of,5635
120,author_of,5636
115,author_of,5636
115,author_of,5637
115,author_of,5638
115,author_of,5639
115,author_of,5640
7,author_of,5641
7,author_of,5642
7,author_of,5643
36,author_of,5644
178,author_of,5645
36,author_of,5645
36,author_of,5646
36,author_of,5647
36,author_of,5648
103,author_of,5649
104,author_of,5650
84,author_of,5651
191,author_of,5652
191,author_of,5653
165,author_of,5654
40,author_of,5655
191,author_of,5656
191,author_of,5657
54,author_of,5658
32,author_of,5659
187,author_of,5660
146,author_of,5661
115,author_of,5662
191,author_of,5663
161,author_of,5664
7,author_of,5665
27,author_of,5665
46,author_of,5666
42,author_of,5667
10,author_of,5667
187,author_of,5667
187,author_of,5668
7,author_of,5669
90,author_of,5670
7,author_of,5671
165,author_of,5672
139,author_of,5673
139,author_of,5674
139,author_of,5675
139,author_of,5676
139,author_of,5677
139,author_of,5678
139,author_of,5679
139,author_of,5680
92,author_of,5681
138,author_of,5681
139,author_of,5682
139,author_of,5683
92,author_of,5684
138,author_of,5684
139,author_of,5685
139,author_of,5686
139,author_of,5687
139,author_of,5688
139,author_of,5689
135,author_of,5690
139,author_of,5691
139,author_of,5692
139,author_of,5693
139,author_of,5694
139,author_of,5695
139,author_of,5696
85,author_of,5697
182,author_of,5698
182,author_of,5699
40,author_of,5700
133,author_of,5701
168,author_of,5702
81,author_of,5703
177,author_of,5704
36,author_of,5704
129,author_of,5705
157,author_of,5706
157,author_of,5707
145,author_of,5707
36,author_of,5708
115,author_of,5709
138,author_of,5710
36,author_of,5710
21,author_of,5711
21,author_of,5712
21,author_of,5713
94,author_of,5714
94,author_of,5715
94,author_of,5716
94,author_of,5717
94,author_of,5718
94,author_of,5719
94,author_of,5720
21,author_of,5721
36,author_of,5722
157,author_of,5723
161,author_of,5724
165,author_of,5725
137,author_of,5726
137,author_of,5727
137,author_of,5728
137,author_of,5729
137,author_of,5730
137,author_of,5731
137,author_of,5732
137,author_of,5733
137,author_of,5734
137,author_of,5735
137,author_of,5736
137,author_of,5737
137,author_of,5738
137,author_of,5739
137,author_of,5740
137,author_of,5741
137,author_of,5742
137,author_of,5743
137,author_of,5744
161,author_of,5745
102,author_of,5746
127,author_of,5747
197,author_of,5748
147,author_of,5749
28,author_of,5750
49,author_of,5751
49,author_of,5752
22,author_of,5753
151,author_of,5753
187,author_of,5754
129,author_of,5755
56,author_of,5756
9,author_of,5756
9,author_of,5757
56,author_of,5758
9,author_of,5758
129,author_of,5759
169,author_of,5759
90,author_of,5759
129,author_of,5760
106,author_of,5761
161,author_of,5761
106,author_of,5762
161,author_of,5762
84,author_of,5763
112,author_of,5764
169,author_of,5765
164,author_of,5766
40,author_of,5767
137,author_of,5768
164,author_of,5769
20,author_of,5770
90,author_of,5770
90,author_of,5771
20,author_of,5771
104,author_of,5772
20,author_of,5773
90,author_of,5773
161,author_of,5774
102,author_of,5775
115,author_of,5776
115,author_of,5777
115,author_of,5778
115,author_of,5779
112,author_of,5780
21,author_of,5781
21,author_of,5782
21,author_of,5783
112,author_of,5784
112,author_of,5785
196,author_of,5786
7,author_of,5787
187,author_of,5788
175,author_of,5789
65,author_of,5790
65,author_of,5791
65,author_of,5792
40,author_of,5793
40,author_of,5794
40,author_of,5795
40,author_of,5796
40,author_of,5797
40,author_of,5798
40,author_of,5799
40,author_of,5800
191,author_of,5801
165,author_of,5802
19,author_of,5803
182,author_of,5804
40,author_of,5804
195,author_of,5805
47,author_of,5806
115,author_of,5807
90,author_of,5808
109,author_of,5809
169,author_of,5810
129,author_of,5811
169,author_of,5811
90,author_of,5811
169,author_of,5812
169,author_of,5813
122,author_of,5814
169,author_of,5815
169,author_of,5816
169,author_of,5817
129,author_of,5818
169,author_of,5818
129,author_of,5819
169,author_of,5819
90,author_of,5819
169,author_of,5820
90,author_of,5821
192,author_of,5822
133,author_of,5823
118,author_of,5824
111,author_of,5825
90,author_of,5826
169,author_of,5827
90,author_of,5827
169,author_of,5828
90,author_of,5829
169,author_of,5829
169,author_of,5830
169,author_of,5831
169,author_of,5832
169,author_of,5833
169,author_of,5834
169,author_of,5835
195,author_of,5836
9,author_of,5836
169,author_of,5837
169,author_of,5838
129,author_of,5839
169,author_of,5839
90,author_of,5840
169,author_of,5841
169,author_of,5842
169,author_of,5843
169,author_of,5844
129,author_of,5845
186,author_of,5846
186,author_of,5847
165,author_of,5848
83,author_of,5848
165,author_of,5849
165,author_of,5850
65,author_of,5851
65,author_of,5852
165,author_of,5853
83,author_of,5854
102,author_of,5855
161,author_of,5855
147,author_of,5856
147,author_of,5857
115,author_of,5858
138,author_of,5859
49,author_of,5860
120,author_of,5861
115,author_of,5861
47,author_of,5862
3,author_of,5863
114,author_of,5864
114,author_of,5865
77,author_of,5866
147,author_of,5866
115,author_of,5867
46,author_of,5868
152,author_of,5868
138,author_of,5869
195,author_of,5870
141,author_of,5871
115,author_of,5872
115,author_of,5873
90,author_of,5874
137,author_of,5874
139,author_of,5875
139,author_of,5876
139,author_of,5877
115,author_of,5878
134,author_of,5879
165,author_of,5879
161,author_of,5880
94,author_of,5881
102,author_of,5882
99,author_of,5883
36,author_of,5883
94,author_of,5884
195,author_of,5885
7,author_of,5886
27,author_of,5886
7,author_of,5887
27,author_of,5887
94,author_of,5888
187,author_of,5889
112,author_of,5890
29,author_of,5891
37,author_of,5892
187,author_of,5893
138,author_of,5894
98,author_of,5895
187,author_of,5895
3,author_of,5896
9,author_of,5897
182,author_of,5898
129,author_of,5899
90,author_of,5899
37,author_of,5900
9,author_of,5901
10,author_of,5902
187,author_of,5902
65,author_of,5903
187,author_of,5904
118,author_of,5905
10,author_of,5906
187,author_of,5906
112,author_of,5907
140,author_of,5908
13,author_of,5909
102,author_of,5909
65,author_of,5910
94,author_of,5911
98,author_of,5912
187,author_of,5912
154,author_of,5913
9,author_of,5914
29,author_of,5915
50,author_of,5916
36,author_of,5917
24,author_of,5918
36,author_of,5918
102,author_of,5919
10,author_of,5920
187,author_of,5920
29,author_of,5921
55,author_of,5922
187,author_of,5923
36,author_of,5924
146,author_of,5924
182,author_of,5925
140,author_of,5926
129,author_of,5927
138,author_of,5928
9,author_of,5929
29,author_of,5930
102,author_of,5931
37,author_of,5932
187,author_of,5933
187,author_of,5934
139,author_of,5935
102,author_of,5936
125,author_of,5937
101,author_of,5937
138,author_of,5937
50,author_of,5938
55,author_of,5938
157,author_of,5939
145,author_of,5939
10,author_of,5940
187,author_of,5940
98,author_of,5941
195,author_of,5942
36,author_of,5943
169,author_of,5944
182,author_of,5945
175,author_of,5946
37,author_of,5947
9,author_of,5948
36,author_of,5949
177,author_of,5950
36,author_of,5950
42,author_of,5951
187,author_of,5951
50,author_of,5952
129,author_of,5953
36,author_of,5954
176,author_of,5954
46,author_of,5955
9,author_of,5956
50,author_of,5957
138,author_of,5958
125,author_of,5959
138,author_of,5959
40,author_of,5960
29,author_of,5961
9,author_of,5962
36,author_of,5963
29,author_of,5964
112,author_of,5965
187,author_of,5966
118,author_of,5967
112,author_of,5968
101,author_of,5969
50,author_of,5970
65,author_of,5971
195,author_of,5972
154,author_of,5973
102,author_of,5974
13,author_of,5974
187,author_of,5975
36,author_of,5976
127,author_of,5977
92,author_of,5978
60,author_of,5978
138,author_of,5978
140,author_of,5979
157,author_of,5980
145,author_of,5980
191,author_of,5981
187,author_of,5982
70,author_of,5983
55,author_of,5983
182,author_of,5984
55,author_of,5985
187,author_of,5986
182,author_of,5987
36,author_of,5988
9,author_of,5989
103,author_of,5990
84,author_of,5991
37,author_of,5992
28,author_of,5993
187,author_of,5994
140,author_of,5995
94,author_of,5996
36,author_of,5997
50,author_of,5998
140,author_of,5999
29,author_of,6000
177,author_of,6001
99,author_of,6001
36,author_of,6001
98,author_of,6002
155,author_of,6003
195,author_of,6003
195,author_of,6004
95,author_of,6005
139,author_of,6006
29,author_of,6007
115,author_of,6008
50,author_of,6009
40,author_of,6010
115,author_of,6011
36,author_of,6012
146,author_of,6012
157,author_of,6013
145,author_of,6013
140,author_of,6014
24,author_of,6015
195,author_of,6016
128,author_of,6017
138,author_of,6017
154,author_of,6018
140,author_of,6019
140,author_of,6020
122,author_of,6021
195,author_of,6022
29,author_of,6023
9,author_of,6024
56,author_of,6024
187,author_of,6025
29,author_of,6026
7,author_of,6027
27,author_of,6027
65,author_of,6028
187,author_of,6028
129,author_of,6029
90,author_of,6029
187,author_of,6030
127,author_of,6031
138,author_of,6031
36,author_of,6032
187,author_of,6033
36,author_of,6034
29,author_of,6035
50,author_of,6036
3,author_of,6037
162,author_of,6037
87,author_of,6037
177,author_of,6038
36,author_of,6038
182,author_of,6039
56,author_of,6040
9,author_of,6040
195,author_of,6041
10,author_of,6042
187,author_of,6042
101,author_of,6043
99,author_of,6043
36,author_of,6043
125,author_of,6043
50,author_of,6044
182,author_of,6045
182,author_of,6046
55,author_of,6047
157,author_of,6048
145,author_of,6048
154,author_of,6049
187,author_of,6050
10,author_of,6051
187,author_of,6051
36,author_of,6052
176,author_of,6052
9,author_of,6053
182,author_of,6054
191,author_of,6055
29,author_of,6056
50,author_of,6057
55,author_of,6058
29,author_of,6059
122,author_of,6060
55,author_of,6061
13,author_of,6062
102,author_of,6062
29,author_of,6063
155,author_of,6064
195,author_of,6064
65,author_of,6065
102,author_of,6066
36,author_of,6067
42,author_of,6068
187,author_of,6068
177,author_of,6069
36,author_of,6069
182,author_of,6070
40,author_of,6070
13,author_of,6071
102,author_of,6071
37,author_of,6072
192,author_of,6073
126,author_of,6073
9,author_of,6073
36,author_of,6074
146,author_of,6074
36,author_of,6075
146,author_of,6075
175,author_of,6076
118,author_of,6077
118,author_of,6078
138,author_of,6079
78,author_of,6080
65,author_of,6081
129,author_of,6082
40,author_of,6083
139,author_of,6084
29,author_of,6085
36,author_of,6086
112,author_of,6087
29,author_of,6088
55,author_of,6089
191,author_of,6090
187,author_of,6091
118,author_of,6092
128,author_of,6093
138,author_of,6093
157,author_of,6094
161,author_of,6095
187,author_of,6096
36,author_of,6097
13,author_of,6098
102,author_of,6098
165,author_of,6099
29,author_of,6100
182,author_of,6101
94,author_of,6102
187,author_of,6103
10,author_of,6103
36,author_of,6104
99,author_of,6105
36,author_of,6105
125,author_of,6105
7,author_of,6106
27,author_of,6106
10,author_of,6107
187,author_of,6107
154,author_of,6108
50,author_of,6109
37,author_of,6110
29,author_of,6111
50,author_of,6112
50,author_of,6113
55,author_of,6113
112,author_of,6114
195,author_of,6115
118,author_of,6116
7,author_of,6117
27,author_of,6117
36,author_of,6118
129,author_of,6119
29,author_of,6120
36,author_of,6121
110,author_of,6122
182,author_of,6122
112,author_of,6123
129,author_of,6124
90,author_of,6124
10,author_of,6125
187,author_of,6125
187,author_of,6126
177,author_of,6127
36,author_of,6127
187,author_of,6128
102,author_of,6129
127,author_of,6130
187,author_of,6131
68,author_of,6132
13,author_of,6133
102,author_of,6133
55,author_of,6134
29,author_of,6135
112,author_of,6136
195,author_of,6137
118,author_of,6138
98,author_of,6139
10,author_of,6140
187,author_of,6140
187,author_of,6141
10,author_of,6141
29,author_of,6142
78,author_of,6143
175,author_of,6144
139,author_of,6145
140,author_of,6146
36,author_of,6147
140,author_of,6148
195,author_of,6149
154,author_of,6150
103,author_of,6151
90,author_of,6152
175,author_of,6153
98,author_of,6154
187,author_of,6154
36,author_of,6155
103,author_of,6156
10,author_of,6157
102,author_of,6158
112,author_of,6159
118,author_of,6160
29,author_of,6161
195,author_of,6162
157,author_of,6163
145,author_of,6163
112,author_of,6164
128,author_of,6165
138,author_of,6165
36,author_of,6166
55,author_of,6167
9,author_of,6168
84,author_of,6169
94,author_of,6170
112,author_of,6171
78,author_of,6172
128,author_of,6173
138,author_of,6173
187,author_of,6174
195,author_of,6175
125,author_of,6176
128,author_of,6176
138,author_of,6176
195,author_of,6177
140,author_of,6178
187,author_of,6179
36,author_of,6180
195,author_of,6181
187,author_of,6182
29,author_of,6183
9,author_of,6184
9,author_of,6185
112,author_of,6186
140,author_of,6187
58,author_of,6188
187,author_of,6188
139,author_of,6189
112,author_of,6190
36,author_of,6191
89,author_of,6192
36,author_of,6193
42,author_of,6194
187,author_of,6194
29,author_of,6195
94,author_of,6196
34,author_of,6197
140,author_of,6198
182,author_of,6199
55,author_of,6200
195,author_of,6201
29,author_of,6202
195,author_of,6203
187,author_of,6204
154,author_of,6205
140,author_of,6206
195,author_of,6207
94,author_of,6208
195,author_of,6209
154,author_of,6210
128,author_of,6211
138,author_of,6211
125,author_of,6211
135,author_of,6212
191,author_of,6213
140,author_of,6214
112,author_of,6215
50,author_of,6216
89,author_of,6217
161,author_of,6218
58,author_of,6219
187,author_of,6219
140,author_of,6220
195,author_of,6221
29,author_of,6222
112,author_of,6223
29,author_of,6224
125,author_of,6225
101,author_of,6225
138,author_of,6225
140,author_of,6226
29,author_of,6227
112,author_of,6228
129,author_of,6229
90,author_of,6229
195,author_of,6230
10,author_of,6231
187,author_of,6232
98,author_of,6233
112,author_of,6234
43,author_of,6235
195,author_of,6236
24,author_of,6237
36,author_of,6237
154,author_of,6238
187,author_of,6239
95,author_of,6240
195,author_of,6241
13,author_of,6242
102,author_of,6242
184,author_of,6243
29,author_of,6244
9,author_of,6245
78,author_of,6246
98,author_of,6246
103,author_of,6246
154,author_of,6247
32,author_of,6248
161,author_of,6248
78,author_of,6249
140,author_of,6250
98,author_of,6251
10,author_of,6252
70,author_of,6253
37,author_of,6254
36,author_of,6255
187,author_of,6256
125,author_of,6257
128,author_of,6257
138,author_of,6257
28,author_of,6258
112,author_of,6259
161,author_of,6260
55,author_of,6261
154,author_of,6262
187,author_of,6263
102,author_of,6264
112,author_of,6265
197,author_of,6266
9,author_of,6267
36,author_of,6268
128,author_of,6269
138,author_of,6269
175,author_of,6270
78,author_of,6271
29,author_of,6272
50,author_of,6273
50,author_of,6274
55,author_of,6274
178,author_of,6275
40,author_of,6276
122,author_of,6277
36,author_of,6278
50,author_of,6279
175,author_of,6280
177,author_of,6281
36,author_of,6281
3,author_of,6282
129,author_of,6283
169,author_of,6283
90,author_of,6283
94,author_of,6284
94,author_of,6285
10,author_of,6286
112,author_of,6287
29,author_of,6288
9,author_of,6289
154,author_of,6290
154,author_of,6291
187,author_of,6292
138,author_of,6293
29,author_of,6294
9,author_of,6295
154,author_of,6296
161,author_of,6297
175,author_of,6298
56,author_of,6299
9,author_of,6299
98,author_of,6300
10,author_of,6301
187,author_of,6301
187,author_of,6302
195,author_of,6303
42,author_of,6304
187,author_of,6304
157,author_of,6305
187,author_of,6306
112,author_of,6307
178,author_of,6308
36,author_of,6308
40,author_of,6309
182,author_of,6309
175,author_of,6310
182,author_of,6311
36,author_of,6312
122,author_of,6313
92,author_of,6314
102,author_of,6315
118,author_of,6316
70,author_of,6317
22,author_of,6318
9,author_of,6319
37,author_of,6320
9,author_of,6321
94,author_of,6322
37,author_of,6323
29,author_of,6324
18,author_of,6325
65,author_of,6326
13,author_of,6327
102,author_of,6327
125,author_of,6328
138,author_of,6328
36,author_of,6329
195,author_of,6330
154,author_of,6331
28,author_of,6332
36,author_of,6333
146,author_of,6333
10,author_of,6334
187,author_of,6334
36,author_of,6335
94,author_of,6336
187,author_of,6337
36,author_of,6338
146,author_of,6338
36,author_of,6339
37,author_of,6340
29,author_of,6341
94,author_of,6342
10,author_of,6343
42,author_of,6343
187,author_of,6343
29,author_of,6344
187,author_of,6345
10,author_of,6346
3,author_of,6347
40,author_of,6348
191,author_of,6349
70,author_of,6350
55,author_of,6351
118,author_of,6352
29,author_of,6353
36,author_of,6354
50,author_of,6355
175,author_of,6356
37,author_of,6357
29,author_of,6358
89,author_of,6359
94,author_of,6360
140,author_of,6361
29,author_of,6362
107,author_of,6363
94,author_of,6364
55,author_of,6365
154,author_of,6366
37,author_of,6367
101,author_of,6368
138,author_of,6368
175,author_of,6369
7,author_of,6370
27,author_of,6370
50,author_of,6371
50,author_of,6372
55,author_of,6372
195,author_of,6373
29,author_of,6374
112,author_of,6375
36,author_of,6376
94,author_of,6377
29,author_of,6378
195,author_of,6379
175,author_of,6380
36,author_of,6381
195,author_of,6382
187,author_of,6383
98,author_of,6384
182,author_of,6385
78,author_of,6386
112,author_of,6387
177,author_of,6388
36,author_of,6388
102,author_of,6389
9,author_of,6390
3,author_of,6391
154,author_of,6392
50,author_of,6393
29,author_of,6394
139,author_of,6395
89,author_of,6396
55,author_of,6397
182,author_of,6398
40,author_of,6399
50,author_of,6400
128,author_of,6401
138,author_of,6401
68,author_of,6402
89,author_of,6403
118,author_of,6404
40,author_of,6405
107,author_of,6406
155,author_of,6407
118,author_of,6408
29,author_of,6409
37,author_of,6410
138,author_of,6411
10,author_of,6412
187,author_of,6412
187,author_of,6413
154,author_of,6414
177,author_of,6415
99,author_of,6415
36,author_of,6415
146,author_of,6415
28,author_of,6416
195,author_of,6417
112,author_of,6418
195,author_of,6419
10,author_of,6420
187,author_of,6420
118,author_of,6421
182,author_of,6422
195,author_of,6423
28,author_of,6424
112,author_of,6425
103,author_of,6426
70,author_of,6427
50,author_of,6427
55,author_of,6427
187,author_of,6428
29,author_of,6429
132,author_of,6430
36,author_of,6431
65,author_of,6432
92,author_of,6433
101,author_of,6433
138,author_of,6433
112,author_of,6434
191,author_of,6435
187,author_of,6436
197,author_of,6437
29,author_of,6438
125,author_of,6439
138,author_of,6439
29,author_of,6440
195,author_of,6441
187,author_of,6442
50,author_of,6443
43,author_of,6444
182,author_of,6445
140,author_of,6446
154,author_of,6447
140,author_of,6448
175,author_of,6449
187,author_of,6450
187,author_of,6451
129,author_of,6452
90,author_of,6452
140,author_of,6453
50,author_of,6454
9,author_of,6455
36,author_of,6456
146,author_of,6456
9,author_of,6457
195,author_of,6458
187,author_of,6459
92,author_of,6460
101,author_of,6460
138,author_of,6460
161,author_of,6461
184,author_of,6462
187,author_of,6463
29,author_of,6464
40,author_of,6465
182,author_of,6465
129,author_of,6466
90,author_of,6466
140,author_of,6467
195,author_of,6468
187,author_of,6469
70,author_of,6470
55,author_of,6470
43,author_of,6471
182,author_of,6472
140,author_of,6473
94,author_of,6474
21,author_of,6475
29,author_of,6476
187,author_of,6477
98,author_of,6478
187,author_of,6478
154,author_of,6479
154,author_of,6480
29,author_of,6481
89,author_of,6482
157,author_of,6483
29,author_of,6484
43,author_of,6485
187,author_of,6486
99,author_of,6487
92,author_of,6488
101,author_of,6488
138,author_of,6488
195,author_of,6489
140,author_of,6490
37,author_of,6491
28,author_of,6492
140,author_of,6493
29,author_of,6494
78,author_of,6495
36,author_of,6496
98,author_of,6497
195,author_of,6498
37,author_of,6499
65,author_of,6500
175,author_of,6501
29,author_of,6502
115,author_of,6503
28,author_of,6504
10,author_of,6505
182,author_of,6506
50,author_of,6507
175,author_of,6508
157,author_of,6509
146,author_of,6510
36,author_of,6510
102,author_of,6511
87,author_of,6512
94,author_of,6513
140,author_of,6514
50,author_of,6515
98,author_of,6516
10,author_of,6517
187,author_of,6517
98,author_of,6518
187,author_of,6519
70,author_of,6520
55,author_of,6520
140,author_of,6521
18,author_of,6522
10,author_of,6523
26,author_of,6524
98,author_of,6525
92,author_of,6526
138,author_of,6526
118,author_of,6527
68,author_of,6528
157,author_of,6529
177,author_of,6530
36,author_of,6530
128,author_of,6531
138,author_of,6531
70,author_of,6532
55,author_of,6532
29,author_of,6533
140,author_of,6534
187,author_of,6535
177,author_of,6536
36,author_of,6536
94,author_of,6537
122,author_of,6538
122,author_of,6539
55,author_of,6540
140,author_of,6541
140,author_of,6542
140,author_of,6543
140,author_of,6544
140,author_of,6545
140,author_of,6546
13,author_of,6547
102,author_of,6547
90,author_of,6548
36,author_of,6549
85,author_of,6550
187,author_of,6551
42,author_of,6551
36,author_of,6552
157,author_of,6553
138,author_of,6554
115,author_of,6555
120,author_of,6555
36,author_of,6556
49,author_of,6557
191,author_of,6558
149,author_of,6559
22,author_of,6560
161,author_of,6561
162,author_of,6562
138,author_of,6562
22,author_of,6563
195,author_of,6564
122,author_of,6565
129,author_of,6566
169,author_of,6566
90,author_of,6566
125,author_of,6567
128,author_of,6567
138,author_of,6567
90,author_of,6568
165,author_of,6569
36,author_of,6570
191,author_of,6571
149,author_of,6572
160,author_of,6573
147,author_of,6574
161,author_of,6575
115,author_of,6576
138,author_of,6577
29,author_of,6578
16,author_of,6579
187,author_of,6580
29,author_of,6581
90,author_of,6582
168,author_of,6582
49,author_of,6583
26,author_of,6584
46,author_of,6585
152,author_of,6585
193,author_of,6586
179,author_of,6587
30,author_of,6588
46,author_of,6589
93,author_of,6590
172,author_of,6591
43,author_of,6591
137,author_of,6591
147,author_of,6592
22,author_of,6593
36,author_of,6594
46,author_of,6595
152,author_of,6595
47,author_of,6596
49,author_of,6597
96,author_of,6598
54,author_of,6599
114,author_of,6600
138,author_of,6601
115,author_of,6601
191,author_of,6602
120,author_of,6603
26,author_of,6604
149,author_of,6604
90,author_of,6605
137,author_of,6605
36,author_of,6606
16,author_of,6607
15,author_of,6607
14,author_of,6607
164,author_of,6608
172,author_of,6608
137,author_of,6608
172,author_of,6609
17,author_of,6610
14,author_of,6610
15,author_of,6610
16,author_of,6610
172,author_of,6611
16,author_of,6612
15,author_of,6612
14,author_of,6612
17,author_of,6612
17,author_of,6613
14,author_of,6613
15,author_of,6613
16,author_of,6613
187,author_of,6614
29,author_of,6615
161,author_of,6616
102,author_of,6616
22,author_of,6617
151,author_of,6617
39,author_of,6617
43,author_of,6617
29,author_of,6618
172,author_of,6619
112,author_of,6619
43,author_of,6619
109,author_of,6620
22,author_of,6620
151,author_of,6620
114,author_of,6620
112,author_of,6620
192,author_of,6620
39,author_of,6620
43,author_of,6620
57,author_of,6620
16,author_of,6621
15,author_of,6621
14,author_of,6621
17,author_of,6621
29,author_of,6622
29,author_of,6623
76,author_of,6624
90,author_of,6625
90,author_of,6626
122,author_of,6627
68,author_of,6628
28,author_of,6629
65,author_of,6630
45,author_of,6631
102,author_of,6632
32,author_of,6633
106,author_of,6634
76,author_of,6635
51,author_of,6636
152,author_of,6637
101,author_of,6638
20,author_of,6639
99,author_of,6640
25,author_of,6641
9,author_of,6642
74,author_of,6643
12,author_of,6644
123,author_of,6645
87,author_of,6646
131,author_of,6647
113,author_of,6648
138,author_of,6649
35,author_of,6650
18,author_of,6651
90,author_of,6652
66,author_of,6653
189,author_of,6654
166,author_of,6655
69,author_of,6656
163,author_of,6657
142,author_of,6658
162,author_of,6659
62,author_of,6660
97,author_of,6661
117,author_of,6662
182,author_of,6663
129,author_of,6664
7,author_of,6665
109,author_of,6666
177,author_of,6667
128,author_of,6668
159,author_of,6669
178,author_of,6670
155,author_of,6671
132,author_of,6672
95,author_of,6673
47,author_of,6674
137,author_of,6675
84,author_of,6676
100,author_of,6677
181,author_of,6678
167,author_of,6679
169,author_of,6680
104,author_of,6681
79,author_of,6682
122,author_of,6683
192,author_of,6684
157,author_of,6685
59,author_of,6686
183,author_of,6687
71,author_of,6688
27,author_of,6689
180,author_of,6690
191,author_of,6691
48,author_of,6692
53,author_of,6693
24,author_of,6694
160,author_of,6695
77,author_of,6696
121,author_of,6697
2,author_of,6698
187,author_of,6699
103,author_of,6700
92,author_of,6701
158,author_of,6702
4,author_of,6703
185,author_of,6704
8,author_of,6705
171,author_of,6706
139,author_of,6707
34,author_of,6708
39,author_of,6709
67,author_of,6710
23,author_of,6711
41,author_of,6712
127,author_of,6713
141,author_of,6714
3,author_of,6715
175,author_of,6716
136,author_of,6717
61,author_of,6718
164,author_of,6719
186,author_of,6720
105,author_of,6721
91,author_of,6722
57,author_of,6723
98,author_of,6724
94,author_of,6725
146,author_of,6726
125,author_of,6727
78,author_of,6728
145,author_of,6729
7,author_of,6730
7,author_of,6731
7,author_of,6732
7,author_of,6733
7,author_of,6734
7,author_of,6735
7,author_of,6736
7,author_of,6737
7,author_of,6738
152,author_of,6739
198,published_in,6740
199,published_in,6740
200,published_in,6740
201,published_in,6740
202,published_in,6741
203,published_in,6742
204,published_in,6742
205,published_in,6743
246,published_in,6744
247,published_in,6745
248,published_in,6745
249,published_in,6746
250,published_in,6746
251,published_in,6747
252,published_in,6747
253,published_in,6747
254,published_in,6747
255,published_in,6747
256,published_in,6748
257,published_in,6749
258,published_in,6749
259,published_in,6749
260,published_in,6749
261,published_in,6749
262,published_in,6750
263,published_in,6751
264,published_in,6751
265,published_in,6751
266,published_in,6751
267,published_in,6751
268,published_in,6751
269,published_in,6751
270,published_in,6751
271,published_in,6751
272,published_in,6752
273,published_in,6753
274,published_in,6753
275,published_in,6754
276,published_in,6753
277,published_in,6755
278,published_in,6755
279,published_in,6755
280,published_in,6755
281,published_in,6755
282,published_in,6755
283,published_in,6755
284,published_in,6756
285,published_in,6757
286,published_in,6757
287,published_in,6758
288,published_in,6758
289,published_in,6759
290,published_in,6759
291,published_in,6759
292,published_in,6760
293,published_in,6761
294,published_in,6762
295,published_in,6762
296,published_in,6762
297,published_in,6762
298,published_in,6762
299,published_in,6762
300,published_in,6762
301,published_in,6762
302,published_in,6762
303,published_in,6762
304,published_in,6762
305,published_in,6762
306,published_in,6763
307,published_in,6763
308,published_in,6763
309,published_in,6763
310,published_in,6763
311,published_in,6764
312,published_in,6764
313,published_in,6764
314,published_in,6764
315,published_in,6764
316,published_in,6765
317,published_in,6766
318,published_in,6766
319,published_in,6767
320,published_in,6767
321,published_in,6767
322,published_in,6767
323,published_in,6768
324,published_in,6769
325,published_in,6769
326,published_in,6770
327,published_in,6771
328,published_in,6772
329,published_in,6772
330,published_in,6772
331,published_in,6772
332,published_in,6772
333,published_in,6772
334,published_in,6772
335,published_in,6772
336,published_in,6772
337,published_in,6772
338,published_in,6772
339,published_in,6772
340,published_in,6772
341,published_in,6772
342,published_in,6772
343,published_in,6772
344,published_in,6772
345,published_in,6772
346,published_in,6772
347,published_in,6772
348,published_in,6772
349,published_in,6772
350,published_in,6772
351,published_in,6772
352,published_in,6772
353,published_in,6772
354,published_in,6772
355,published_in,6772
356,published_in,6772
357,published_in,6772
358,published_in,6772
359,published_in,6772
360,published_in,6773
361,published_in,6773
362,published_in,6773
363,published_in,6773
364,published_in,6774
365,published_in,6775
366,published_in,6775
367,published_in,6775
368,published_in,6775
369,published_in,6775
370,published_in,6775
371,published_in,6775
372,published_in,6775
373,published_in,6775
374,published_in,6775
375,published_in,6775
376,published_in,6775
377,published_in,6776
378,published_in,6777
379,published_in,6778
380,published_in,6778
381,published_in,6778
382,published_in,6778
383,published_in,6778
384,published_in,6778
385,published_in,6778
386,published_in,6778
387,published_in,6778
388,published_in,6778
389,published_in,6778
390,published_in,6778
391,published_in,6778
392,published_in,6779
393,published_in,6779
394,published_in,6778
395,published_in,6778
396,published_in,6778
397,published_in,6778
398,published_in,6778
399,published_in,6778
400,published_in,6779
401,published_in,6778
402,published_in,6778
403,published_in,6778
404,published_in,6778
405,published_in,6778
406,published_in,6779
407,published_in,6778
408,published_in,6778
409,published_in,6778
410,published_in,6778
411,published_in,6778
412,published_in,6778
413,published_in,6780
414,published_in,6781
415,published_in,6782
416,published_in,6782
417,published_in,6782
418,published_in,6782
419,published_in,6782
420,published_in,6783
421,published_in,6784
422,published_in,6785
423,published_in,6786
424,published_in,6787
425,published_in,6787
426,published_in,6788
427,published_in,6751
428,published_in,6789
429,published_in,6789
430,published_in,6789
431,published_in,6789
432,published_in,6789
433,published_in,6789
434,published_in,6751
435,published_in,6789
436,published_in,6789
437,published_in,6789
438,published_in,6789
439,published_in,6789
440,published_in,6789
441,published_in,6790
442,published_in,6791
443,published_in,6792
444,published_in,6793
445,published_in,6794
446,published_in,6794
447,published_in,6795
448,published_in,6795
449,published_in,6795
450,published_in,6795
451,published_in,6796
452,published_in,6797
453,published_in,6797
454,published_in,6797
455,published_in,6797
456,published_in,6797
457,published_in,6797
458,published_in,6798
459,published_in,6798
460,published_in,6798
461,published_in,6799
462,published_in,6800
463,published_in,6800
464,published_in,6800
465,published_in,6800
466,published_in,6801
467,published_in,6801
468,published_in,6801
469,published_in,6801
470,published_in,6802
471,published_in,6802
472,published_in,6802
473,published_in,6802
474,published_in,6802
475,published_in,6802
476,published_in,6802
477,published_in,6802
478,published_in,6802
479,published_in,6803
480,published_in,6804
481,published_in,6804
482,published_in,6804
483,published_in,6804
484,published_in,6804
485,published_in,6804
486,published_in,6804
487,published_in,6804
488,published_in,6804
489,published_in,6804
490,published_in,6804
491,published_in,6804
492,published_in,6804
493,published_in,6804
494,published_in,6804
495,published_in,6804
496,published_in,6804
497,published_in,6804
498,published_in,6805
499,published_in,6806
500,published_in,6806
501,published_in,6807
502,published_in,6807
503,published_in,6808
504,published_in,6808
505,published_in,6808
506,published_in,6808
507,published_in,6808
508,published_in,6808
509,published_in,6808
510,published_in,6808
511,published_in,6808
512,published_in,6808
513,published_in,6808
514,published_in,6808
515,published_in,6808
516,published_in,6808
517,published_in,6808
518,published_in,6808
519,published_in,6808
520,published_in,6808
521,published_in,6808
522,published_in,6809
523,published_in,6810
524,published_in,6810
525,published_in,6810
526,published_in,6810
527,published_in,6810
528,published_in,6810
529,published_in,6811
530,published_in,6811
531,published_in,6811
532,published_in,6811
533,published_in,6811
534,published_in,6811
535,published_in,6811
536,published_in,6811
537,published_in,6811
538,published_in,6811
539,published_in,6811
540,published_in,6811
541,published_in,6811
542,published_in,6811
543,published_in,6811
544,published_in,6811
545,published_in,6812
546,published_in,6813
547,published_in,6814
548,published_in,6814
549,published_in,6815
550,published_in,6815
551,published_in,6815
552,published_in,6815
553,published_in,6816
554,published_in,6816
555,published_in,6816
556,published_in,6816
557,published_in,6817
558,published_in,6817
559,published_in,6817
560,published_in,6818
561,published_in,6819
562,published_in,6819
563,published_in,6819
564,published_in,6819
565,published_in,6819
566,published_in,6820
567,published_in,6820
568,published_in,6821
569,published_in,6821
570,published_in,6822
571,published_in,6822
572,published_in,6822
573,published_in,6822
574,published_in,6822
575,published_in,6823
576,published_in,6823
577,published_in,6823
578,published_in,6823
579,published_in,6823
580,published_in,6823
581,published_in,6823
582,published_in,6823
583,published_in,6823
584,published_in,6823
585,published_in,6823
586,published_in,6823
587,published_in,6823
588,published_in,6824
589,published_in,6825
590,published_in,6826
591,published_in,6827
592,published_in,6827
593,published_in,6827
594,published_in,6827
595,published_in,6827
596,published_in,6827
597,published_in,6828
598,published_in,6829
599,published_in,6829
600,published_in,6829
601,published_in,6829
602,published_in,6829
603,published_in,6830
604,published_in,6831
605,published_in,6832
606,published_in,6832
607,published_in,6832
608,published_in,6832
609,published_in,6832
610,published_in,6832
611,published_in,6833
612,published_in,6833
613,published_in,6834
614,published_in,6834
615,published_in,6834
616,published_in,6834
617,published_in,6834
618,published_in,6834
619,published_in,6834
620,published_in,6834
621,published_in,6834
622,published_in,6834
623,published_in,6834
624,published_in,6834
625,published_in,6834
626,published_in,6834
627,published_in,6834
628,published_in,6834
629,published_in,6834
630,published_in,6834
631,published_in,6834
632,published_in,6834
633,published_in,6834
634,published_in,6834
635,published_in,6834
636,published_in,6834
637,published_in,6834
638,published_in,6834
639,published_in,6834
640,published_in,6834
641,published_in,6834
642,published_in,6834
643,published_in,6834
644,published_in,6834
645,published_in,6834
646,published_in,6834
647,published_in,6834
648,published_in,6834
649,published_in,6834
650,published_in,6834
651,published_in,6834
652,published_in,6834
653,published_in,6834
654,published_in,6834
655,published_in,6834
656,published_in,6834
657,published_in,6834
658,published_in,6834
659,published_in,6834
660,published_in,6834
661,published_in,6834
662,published_in,6834
663,published_in,6834
664,published_in,6835
665,published_in,6836
666,published_in,6836
667,published_in,6837
668,published_in,6838
669,published_in,6838
670,published_in,6839
671,published_in,6839
672,published_in,6839
673,published_in,6839
674,published_in,6839
675,published_in,6839
676,published_in,6839
677,published_in,6839
678,published_in,6839
679,published_in,6839
680,published_in,6840
681,published_in,6841
682,published_in,6841
683,published_in,6842
684,published_in,6842
685,published_in,6842
686,published_in,6843
687,published_in,6843
688,published_in,6844
689,published_in,6845
690,published_in,6845
691,published_in,6846
692,published_in,6846
693,published_in,6847
694,published_in,6848
695,published_in,6848
696,published_in,6848
697,published_in,6848
698,published_in,6848
699,published_in,6848
700,published_in,6848
701,published_in,6848
702,published_in,6849
703,published_in,6850
704,published_in,6850
705,published_in,6850
706,published_in,6850
707,published_in,6851
708,published_in,6852
709,published_in,6852
710,published_in,6853
711,published_in,6854
712,published_in,6854
713,published_in,6854
714,published_in,6854
715,published_in,6854
716,published_in,6854
717,published_in,6855
718,published_in,6856
719,published_in,6857
720,published_in,6857
721,published_in,6857
722,published_in,6857
723,published_in,6857
724,published_in,6857
725,published_in,6857
726,published_in,6857
727,published_in,6858
728,published_in,6857
729,published_in,6857
730,published_in,6857
731,published_in,6857
732,published_in,6857
733,published_in,6857
734,published_in,6857
735,published_in,6857
736,published_in,6857
737,published_in,6859
738,published_in,6859
739,published_in,6859
740,published_in,6859
741,published_in,6859
742,published_in,6859
743,published_in,6859
744,published_in,6859
745,published_in,6859
746,published_in,6860
747,published_in,6861
748,published_in,6862
749,published_in,6862
750,published_in,6862
751,published_in,6863
752,published_in,6863
753,published_in,6864
754,published_in,6864
755,published_in,6865
756,published_in,6865
757,published_in,6865
758,published_in,6865
759,published_in,6865
760,published_in,6865
761,published_in,6865
762,published_in,6865
763,published_in,6865
764,published_in,6865
765,published_in,6865
766,published_in,6865
767,published_in,6865
768,published_in,6865
769,published_in,6865
770,published_in,6865
771,published_in,6865
772,published_in,6865
773,published_in,6865
774,published_in,6865
775,published_in,6865
776,published_in,6865
777,published_in,6865
778,published_in,6865
779,published_in,6866
780,published_in,6865
781,published_in,6865
782,published_in,6865
783,published_in,6865
784,published_in,6865
785,published_in,6865
786,published_in,6865
787,published_in,6865
788,published_in,6865
789,published_in,6865
790,published_in,6865
791,published_in,6865
792,published_in,6865
793,published_in,6865
794,published_in,6865
795,published_in,6865
796,published_in,6865
797,published_in,6865
798,published_in,6865
799,published_in,6865
800,published_in,6865
801,published_in,6865
802,published_in,6865
803,published_in,6865
804,published_in,6865
805,published_in,6865
806,published_in,6865
807,published_in,6865
808,published_in,6865
809,published_in,6865
810,published_in,6865
811,published_in,6865
812,published_in,6867
813,published_in,6867
814,published_in,6868
815,published_in,6869
816,published_in,6869
817,published_in,6869
818,published_in,6869
819,published_in,6869
820,published_in,6869
821,published_in,6869
822,published_in,6869
823,published_in,6869
824,published_in,6869
825,published_in,6870
826,published_in,6871
827,published_in,6872
828,published_in,6872
829,published_in,6872
830,published_in,6872
831,published_in,6873
832,published_in,6874
833,published_in,6874
834,published_in,6874
835,published_in,6875
836,published_in,6876
837,published_in,6877
838,published_in,6877
839,published_in,6877
840,published_in,6877
841,published_in,6877
842,published_in,6877
843,published_in,6877
844,published_in,6877
845,published_in,6877
846,published_in,6877
847,published_in,6877
848,published_in,6877
849,published_in,6877
850,published_in,6877
851,published_in,6878
852,published_in,6878
853,published_in,6878
854,published_in,6878
855,published_in,6878
856,published_in,6878
857,published_in,6878
858,published_in,6878
859,published_in,6878
860,published_in,6878
861,published_in,6878
862,published_in,6878
863,published_in,6878
864,published_in,6878
865,published_in,6878
866,published_in,6878
867,published_in,6878
868,published_in,6878
869,published_in,6879
870,published_in,6880
871,published_in,6880
872,published_in,6880
873,published_in,6880
874,published_in,6880
875,published_in,6880
876,published_in,6880
877,published_in,6881
878,published_in,6881
879,published_in,6881
880,published_in,6881
881,published_in,6881
882,published_in,6882
883,published_in,6883
884,published_in,6883
885,published_in,6883
886,published_in,6883
887,published_in,6883
888,published_in,6883
889,published_in,6883
890,published_in,6883
891,published_in,6883
892,published_in,6883
893,published_in,6883
894,published_in,6883
895,published_in,6883
896,published_in,6883
897,published_in,6883
898,published_in,6883
899,published_in,6883
900,published_in,6883
901,published_in,6883
902,published_in,6883
903,published_in,6883
904,published_in,6883
905,published_in,6883
906,published_in,6883
907,published_in,6883
908,published_in,6883
909,published_in,6883
910,published_in,6883
911,published_in,6884
912,published_in,6885
913,published_in,6885
914,published_in,6886
915,published_in,6886
916,published_in,6886
917,published_in,6887
918,published_in,6888
919,published_in,6888
920,published_in,6889
921,published_in,6889
922,published_in,6889
923,published_in,6890
924,published_in,6891
925,published_in,6892
926,published_in,6892
927,published_in,6893
928,published_in,6893
929,published_in,6893
930,published_in,6894
931,published_in,6895
932,published_in,6895
933,published_in,6895
934,published_in,6896
935,published_in,6897
936,published_in,6897
937,published_in,6897
938,published_in,6898
939,published_in,6898
940,published_in,6899
941,published_in,6899
942,published_in,6899
943,published_in,6899
944,published_in,6900
945,published_in,6901
946,published_in,6902
947,published_in,6902
948,published_in,6902
949,published_in,6903
950,published_in,6904
951,published_in,6904
952,published_in,6904
953,published_in,6904
954,published_in,6904
955,published_in,6904
956,published_in,6904
957,published_in,6904
958,published_in,6904
959,published_in,6904
960,published_in,6905
961,published_in,6906
962,published_in,6906
963,published_in,6906
964,published_in,6906
965,published_in,6906
966,published_in,6907
967,published_in,6908
968,published_in,6908
969,published_in,6908
970,published_in,6909
971,published_in,6910
972,published_in,6911
973,published_in,6911
974,published_in,6911
975,published_in,6912
976,published_in,6912
977,published_in,6913
978,published_in,6914
979,published_in,6914
980,published_in,6915
981,published_in,6916
982,published_in,6916
983,published_in,6916
984,published_in,6916
985,published_in,6916
986,published_in,6916
987,published_in,6917
988,published_in,6917
989,published_in,6918
990,published_in,6919
991,published_in,6920
992,published_in,6921
993,published_in,6921
994,published_in,6921
995,published_in,6921
996,published_in,6922
997,published_in,6923
998,published_in,6923
999,published_in,6923
1000,published_in,6923
1001,published_in,6923
1002,published_in,6924
1003,published_in,6923
1004,published_in,6923
1005,published_in,6923
1006,published_in,6866
1007,published_in,6923
1008,published_in,6923
1009,published_in,6923
1010,published_in,6923
1011,published_in,6923
1012,published_in,6923
1013,published_in,6923
1014,published_in,6866
1015,published_in,6923
1016,published_in,6923
1017,published_in,6923
1018,published_in,6923
1019,published_in,6923
1020,published_in,6925
1021,published_in,6925
1022,published_in,6926
1023,published_in,6926
1024,published_in,6926
1025,published_in,6927
1026,published_in,6928
1027,published_in,6928
1028,published_in,6929
1029,published_in,6929
1030,published_in,6930
1031,published_in,6931
1032,published_in,6931
1033,published_in,6931
1034,published_in,6931
1035,published_in,6931
1036,published_in,6931
1037,published_in,6931
1038,published_in,6931
1039,published_in,6931
1040,published_in,6931
1041,published_in,6931
1042,published_in,6931
1043,published_in,6932
1044,published_in,6932
1045,published_in,6932
1046,published_in,6932
1047,published_in,6932
1048,published_in,6932
1049,published_in,6932
1050,published_in,6932
1051,published_in,6932
1052,published_in,6932
1053,published_in,6932
1054,published_in,6932
1055,published_in,6932
1056,published_in,6932
1057,published_in,6932
1058,published_in,6932
1059,published_in,6932
1060,published_in,6932
1061,published_in,6932
1062,published_in,6932
1063,published_in,6932
1064,published_in,6932
1065,published_in,6932
1066,published_in,6932
1067,published_in,6932
1068,published_in,6932
1069,published_in,6932
1070,published_in,6933
1071,published_in,6934
1072,published_in,6934
1073,published_in,6934
1074,published_in,6934
1075,published_in,6934
1076,published_in,6935
1077,published_in,6935
1078,published_in,6935
1079,published_in,6935
1080,published_in,6935
1081,published_in,6935
1082,published_in,6935
1083,published_in,6935
1084,published_in,6935
1085,published_in,6935
1086,published_in,6935
1087,published_in,6935
1088,published_in,6935
1089,published_in,6935
1090,published_in,6936
1091,published_in,6936
1092,published_in,6936
1093,published_in,6936
1094,published_in,6936
1095,published_in,6936
1096,published_in,6937
1097,published_in,6938
1098,published_in,6938
1099,published_in,6939
1100,published_in,6939
1101,published_in,6940
1102,published_in,6941
1103,published_in,6942
1104,published_in,6943
1105,published_in,6944
1106,published_in,6944
1107,published_in,6944
1108,published_in,6945
1109,published_in,6946
1110,published_in,6946
1111,published_in,6946
1112,published_in,6946
1113,published_in,6946
1114,published_in,6946
1115,published_in,6946
1116,published_in,6946
1117,published_in,6946
1118,published_in,6947
1119,published_in,6948
1120,published_in,6949
1121,published_in,6947
1122,published_in,6949
1123,published_in,6947
1124,published_in,6947
1125,published_in,6947
1126,published_in,6949
1127,published_in,6947
1128,published_in,6947
1129,published_in,6947
1130,published_in,6947
1131,published_in,6947
1132,published_in,6947
1133,published_in,6947
1134,published_in,6950
1135,published_in,6947
1136,published_in,6947
1137,published_in,6947
1138,published_in,6947
1139,published_in,6947
1140,published_in,6951
1141,published_in,6951
1142,published_in,6952
1143,published_in,6953
1144,published_in,6954
1145,published_in,6954
1146,published_in,6955
1147,published_in,6956
1148,published_in,6957
1149,published_in,6957
1150,published_in,6958
1151,published_in,6958
1152,published_in,6958
1153,published_in,6958
1154,published_in,6958
1155,published_in,6958
1156,published_in,6958
1157,published_in,6959
1158,published_in,6959
1159,published_in,6959
1160,published_in,6960
1161,published_in,6961
1162,published_in,6962
1163,published_in,6963
1164,published_in,6963
1165,published_in,6963
1166,published_in,6963
1167,published_in,6963
1168,published_in,6963
1169,published_in,6963
1170,published_in,6963
1171,published_in,6963
1172,published_in,6963
1173,published_in,6964
1174,published_in,6964
1175,published_in,6964
1176,published_in,6964
1177,published_in,6965
1178,published_in,6965
1179,published_in,6965
1180,published_in,6966
1181,published_in,6964
1182,published_in,6964
1183,published_in,6964
1184,published_in,6866
1185,published_in,6965
1186,published_in,6964
1187,published_in,6964
1188,published_in,6966
1189,published_in,6964
1190,published_in,6964
1191,published_in,6964
1192,published_in,6866
1193,published_in,6965
1194,published_in,6964
1195,published_in,6964
1196,published_in,6866
1197,published_in,6965
1198,published_in,6964
1199,published_in,6964
1200,published_in,6964
1201,published_in,6964
1202,published_in,6964
1203,published_in,6964
1204,published_in,6966
1205,published_in,6964
1206,published_in,6964
1207,published_in,6866
1208,published_in,6964
1209,published_in,6964
1210,published_in,6965
1211,published_in,6966
1212,published_in,6964
1213,published_in,6964
1214,published_in,6964
1215,published_in,6964
1216,published_in,6964
1217,published_in,6964
1218,published_in,6964
1219,published_in,6964
1220,published_in,6964
1221,published_in,6965
1222,published_in,6964
1223,published_in,6964
1224,published_in,6964
1225,published_in,6964
1226,published_in,6866
1227,published_in,6964
1228,published_in,6965
1229,published_in,6964
1230,published_in,6965
1231,published_in,6965
1232,published_in,6964
1233,published_in,6866
1234,published_in,6965
1235,published_in,6964
1236,published_in,6965
1237,published_in,6964
1238,published_in,6964
1239,published_in,6965
1240,published_in,6964
1241,published_in,6964
1242,published_in,6964
1243,published_in,6964
1244,published_in,6964
1245,published_in,6964
1246,published_in,6967
1247,published_in,6964
1248,published_in,6964
1249,published_in,6964
1250,published_in,6965
1251,published_in,6964
1252,published_in,6965
1253,published_in,6967
1254,published_in,6964
1255,published_in,6964
1256,published_in,6964
1257,published_in,6964
1258,published_in,6965
1259,published_in,6965
1260,published_in,6968
1261,published_in,6968
1262,published_in,6968
1263,published_in,6866
1264,published_in,6968
1265,published_in,6968
1266,published_in,6968
1267,published_in,6968
1268,published_in,6968
1269,published_in,6968
1270,published_in,6968
1271,published_in,6968
1272,published_in,6968
1273,published_in,6968
1274,published_in,6968
1275,published_in,6968
1276,published_in,6968
1277,published_in,6968
1278,published_in,6968
1279,published_in,6969
1280,published_in,6969
1281,published_in,6969
1282,published_in,6969
1283,published_in,6969
1284,published_in,6969
1285,published_in,6969
1286,published_in,6970
1287,published_in,6970
1288,published_in,6971
1289,published_in,6971
1290,published_in,6972
1291,published_in,6972
1292,published_in,6972
1293,published_in,6972
1294,published_in,6972
1295,published_in,6972
1296,published_in,6972
1297,published_in,6972
1298,published_in,6972
1299,published_in,6972
1300,published_in,6972
1301,published_in,6973
1302,published_in,6974
1303,published_in,6974
1304,published_in,6974
1305,published_in,6975
1306,published_in,6975
1307,published_in,6976
1308,published_in,6976
1309,published_in,6976
1310,published_in,6977
1311,published_in,6978
1312,published_in,6978
1313,published_in,6979
1314,published_in,6979
1315,published_in,6979
1316,published_in,6979
1317,published_in,6980
1318,published_in,6980
1319,published_in,6980
1320,published_in,6981
1321,published_in,6982
1322,published_in,6983
1323,published_in,6984
1324,published_in,6985
1325,published_in,6986
1326,published_in,6986
1327,published_in,6986
1328,published_in,6986
1329,published_in,6986
1330,published_in,6986
1331,published_in,6986
1332,published_in,6986
1333,published_in,6986
1334,published_in,6986
1335,published_in,6986
1336,published_in,6986
1337,published_in,6986
1338,published_in,6750
1339,published_in,6986
1340,published_in,6986
1341,published_in,6986
1342,published_in,6986
1343,published_in,6986
1344,published_in,6986
1345,published_in,6986
1346,published_in,6986
1347,published_in,6986
1348,published_in,6986
1349,published_in,6986
1350,published_in,6986
1351,published_in,6986
1352,published_in,6986
1353,published_in,6986
1354,published_in,6986
1355,published_in,6986
1356,published_in,6986
1357,published_in,6986
1358,published_in,6986
1359,published_in,6986
1360,published_in,6986
1361,published_in,6986
1362,published_in,6986
1363,published_in,6986
1364,published_in,6986
1365,published_in,6986
1366,published_in,6986
1367,published_in,6986
1368,published_in,6986
1369,published_in,6986
1370,published_in,6986
1371,published_in,6986
1372,published_in,6986
1373,published_in,6986
1374,published_in,6986
1375,published_in,6986
1376,published_in,6986
1377,published_in,6986
1378,published_in,6986
1379,published_in,6986
1380,published_in,6986
1381,published_in,6987
1382,published_in,6988
1383,published_in,6988
1384,published_in,6988
1385,published_in,6989
1386,published_in,6989
1387,published_in,6990
1388,published_in,6991
1389,published_in,6991
1390,published_in,6992
1391,published_in,6992
1392,published_in,6992
1393,published_in,6992
1394,published_in,6992
1395,published_in,6993
1396,published_in,6993
1397,published_in,6993
1398,published_in,6993
1399,published_in,6993
1400,published_in,6993
1401,published_in,6993
1402,published_in,6993
1403,published_in,6993
1404,published_in,6993
1405,published_in,6993
1406,published_in,6993
1407,published_in,6993
1408,published_in,6993
1409,published_in,6993
1410,published_in,6993
1411,published_in,6993
1412,published_in,6993
1413,published_in,6993
1414,published_in,6993
1415,published_in,6993
1416,published_in,6993
1417,published_in,6993
1418,published_in,6993
1419,published_in,6993
1420,published_in,6993
1421,published_in,6994
1422,published_in,6995
1423,published_in,6996
1424,published_in,6996
1425,published_in,6996
1426,published_in,6996
1427,published_in,6996
1428,published_in,6997
1429,published_in,6998
1430,published_in,6996
1431,published_in,6999
1432,published_in,6999
1433,published_in,7000
1434,published_in,7000
1435,published_in,7001
1436,published_in,7001
1437,published_in,7001
1438,published_in,7001
1439,published_in,7002
1440,published_in,7003
1441,published_in,7003
1442,published_in,7003
1443,published_in,7003
1444,published_in,7003
1445,published_in,7003
1446,published_in,7003
1447,published_in,7003
1448,published_in,7003
1449,published_in,7004
1450,published_in,7005
1451,published_in,7006
1452,published_in,7006
1453,published_in,7006
1454,published_in,7006
1455,published_in,7006
1456,published_in,7006
1457,published_in,7006
1458,published_in,7006
1459,published_in,7006
1460,published_in,7006
1461,published_in,7006
1462,published_in,7006
1463,published_in,7006
1464,published_in,7006
1465,published_in,7006
1466,published_in,7006
1467,published_in,7006
1468,published_in,7006
1469,published_in,7006
1470,published_in,7006
1471,published_in,7006
1472,published_in,7006
1473,published_in,7006
1474,published_in,7006
1475,published_in,7006
1476,published_in,7006
1477,published_in,7006
1478,published_in,7006
1479,published_in,7006
1480,published_in,7006
1481,published_in,7006
1482,published_in,7006
1483,published_in,7007
1484,published_in,7008
1485,published_in,7008
1486,published_in,7008
1487,published_in,7009
1488,published_in,7009
1489,published_in,7009
1490,published_in,7009
1491,published_in,7010
1492,published_in,7011
1493,published_in,7012
1494,published_in,7013
1495,published_in,7014
1496,published_in,7015
1497,published_in,7015
1498,published_in,7015
1499,published_in,7016
1500,published_in,7016
1501,published_in,7016
1502,published_in,7016
1503,published_in,7017
1504,published_in,7017
1505,published_in,7017
1506,published_in,7018
1507,published_in,7019
1508,published_in,7019
1509,published_in,7019
1510,published_in,7020
1511,published_in,7020
1512,published_in,7021
1513,published_in,7021
1514,published_in,7021
1515,published_in,7021
1516,published_in,7021
1517,published_in,7021
1518,published_in,7022
1519,published_in,7022
1520,published_in,7023
1521,published_in,7024
1522,published_in,7024
1523,published_in,7025
1524,published_in,7026
1525,published_in,7024
1526,published_in,7024
1527,published_in,7024
1528,published_in,7026
1529,published_in,7024
1530,published_in,7024
1531,published_in,7024
1532,published_in,7024
1533,published_in,7027
1534,published_in,7028
1535,published_in,7028
1536,published_in,7028
1537,published_in,7029
1538,published_in,7030
1539,published_in,7030
1540,published_in,7031
1541,published_in,7032
1542,published_in,7032
1543,published_in,7032
1544,published_in,7033
1545,published_in,7034
1546,published_in,7035
1547,published_in,7035
1548,published_in,7036
1549,published_in,7036
1550,published_in,7036
1551,published_in,7036
1552,published_in,7036
1553,published_in,7036
1554,published_in,7036
1555,published_in,7036
1556,published_in,7037
1557,published_in,7037
1558,published_in,7037
1559,published_in,7037
1560,published_in,7037
1561,published_in,7037
1562,published_in,7037
1563,published_in,7037
1564,published_in,7037
1565,published_in,7038
1566,published_in,7038
1567,published_in,7038
1568,published_in,7038
1569,published_in,7038
1570,published_in,7038
1571,published_in,7038
1572,published_in,7038
1573,published_in,7038
1574,published_in,7038
1575,published_in,7038
1576,published_in,7038
1577,published_in,7039
1578,published_in,7040
1579,published_in,7040
1580,published_in,7041
1581,published_in,7041
1582,published_in,7041
1583,published_in,7041
1584,published_in,7042
1585,published_in,7043
1586,published_in,7044
1587,published_in,7044
1588,published_in,7044
1589,published_in,7044
1590,published_in,7044
1591,published_in,7044
1592,published_in,7044
1593,published_in,7044
1594,published_in,7044
1595,published_in,7044
1596,published_in,7044
1597,published_in,7044
1598,published_in,7044
1599,published_in,7044
1600,published_in,7044
1601,published_in,7044
1602,published_in,7044
1603,published_in,7044
1604,published_in,7044
1605,published_in,7045
1606,published_in,7045
1607,published_in,7045
1608,published_in,7045
1609,published_in,7046
1610,published_in,7047
1611,published_in,7047
1612,published_in,7048
1613,published_in,7048
1614,published_in,7048
1615,published_in,7049
1616,published_in,7049
1617,published_in,7049
1618,published_in,7049
1619,published_in,7049
1620,published_in,7050
1621,published_in,7051
1622,published_in,7052
1623,published_in,7053
1624,published_in,7053
1625,published_in,7053
1626,published_in,7054
1627,published_in,7055
1628,published_in,7055
1629,published_in,7055
1630,published_in,7055
1631,published_in,7055
1632,published_in,7055
1633,published_in,7055
1634,published_in,7055
1635,published_in,7055
1636,published_in,7055
1637,published_in,7055
1638,published_in,7055
1639,published_in,7055
1640,published_in,7056
1641,published_in,7056
1642,published_in,7056
1643,published_in,7057
1644,published_in,7057
1645,published_in,7057
1646,published_in,7057
1647,published_in,7058
1648,published_in,7059
1649,published_in,7060
1650,published_in,7061
1651,published_in,7061
1652,published_in,7062
1653,published_in,7062
1654,published_in,7062
1655,published_in,7062
1656,published_in,7063
1657,published_in,7063
1658,published_in,7064
1659,published_in,7065
1660,published_in,7065
1661,published_in,7066
1662,published_in,7066
1663,published_in,7066
1664,published_in,7066
1665,published_in,7066
1666,published_in,7066
1667,published_in,7066
1668,published_in,7066
1669,published_in,7067
1670,published_in,7067
1671,published_in,7067
1672,published_in,7067
1673,published_in,7068
1674,published_in,7068
1675,published_in,7069
1676,published_in,7069
1677,published_in,7069
1678,published_in,7069
1679,published_in,7070
1680,published_in,7070
1681,published_in,7070
1682,published_in,7070
1683,published_in,7070
1684,published_in,7070
1685,published_in,7070
1686,published_in,7071
1687,published_in,7072
1688,published_in,7073
1689,published_in,7073
1690,published_in,7073
1691,published_in,7073
1692,published_in,7073
1693,published_in,7074
1694,published_in,7075
1695,published_in,7075
1696,published_in,7075
1697,published_in,7075
1698,published_in,7075
1699,published_in,7075
1700,published_in,7075
1701,published_in,7075
1702,published_in,7075
1703,published_in,7076
1704,published_in,7077
1705,published_in,7076
1706,published_in,7076
1707,published_in,7078
1708,published_in,7076
1709,published_in,7076
1710,published_in,7076
1711,published_in,7076
1712,published_in,7077
1713,published_in,7076
1714,published_in,7076
1715,published_in,7076
1716,published_in,7076
1717,published_in,7076
1718,published_in,7076
1719,published_in,7076
1720,published_in,7079
1721,published_in,7079
1722,published_in,7080
1723,published_in,7081
1724,published_in,7081
1725,published_in,7081
1726,published_in,7081
1727,published_in,7081
1728,published_in,7081
1729,published_in,7081
1730,published_in,7082
1731,published_in,6965
1732,published_in,7083
1733,published_in,7084
1734,published_in,7084
1735,published_in,7084
1736,published_in,7084
1737,published_in,7084
1738,published_in,7085
1739,published_in,7085
1740,published_in,7085
1741,published_in,7085
1742,published_in,7085
1743,published_in,7085
1744,published_in,7085
1745,published_in,7085
1746,published_in,7085
1747,published_in,7085
1748,published_in,7085
1749,published_in,7085
1750,published_in,7085
1751,published_in,7085
1752,published_in,7085
1753,published_in,7085
1754,published_in,7085
1755,published_in,7086
1756,published_in,7086
1757,published_in,7087
1758,published_in,7088
1759,published_in,7088
1760,published_in,7088
1761,published_in,7088
1762,published_in,7089
1763,published_in,7090
1764,published_in,7090
1765,published_in,7090
1766,published_in,7090
1767,published_in,7091
1768,published_in,7091
1769,published_in,7091
1770,published_in,7091
1771,published_in,7091
1772,published_in,7091
1773,published_in,7092
1774,published_in,7092
1775,published_in,7092
1776,published_in,7093
1777,published_in,7093
1778,published_in,7093
1779,published_in,7093
1780,published_in,7093
1781,published_in,7093
1782,published_in,7093
1783,published_in,7093
1784,published_in,7093
1785,published_in,7093
1786,published_in,7093
1787,published_in,7093
1788,published_in,7093
1789,published_in,7093
1790,published_in,7093
1791,published_in,7093
1792,published_in,7093
1793,published_in,7093
1794,published_in,7093
1795,published_in,7093
1796,published_in,7093
1797,published_in,7093
1798,published_in,7093
1799,published_in,7093
1800,published_in,7093
1801,published_in,7093
1802,published_in,7093
1803,published_in,7093
1804,published_in,7093
1805,published_in,7093
1806,published_in,7093
1807,published_in,7093
1808,published_in,7093
1809,published_in,7093
1810,published_in,7093
1811,published_in,7093
1812,published_in,7093
1813,published_in,7093
1814,published_in,7093
1815,published_in,7093
1816,published_in,7093
1817,published_in,7093
1818,published_in,7093
1819,published_in,7093
1820,published_in,7093
1821,published_in,7093
1822,published_in,7093
1823,published_in,7093
1824,published_in,7093
1825,published_in,7093
1826,published_in,7093
1827,published_in,7093
1828,published_in,7093
1829,published_in,7093
1830,published_in,7093
1831,published_in,7093
1832,published_in,7093
1833,published_in,7093
1834,published_in,7093
1835,published_in,7093
1836,published_in,7093
1837,published_in,7093
1838,published_in,7093
1839,published_in,7093
1840,published_in,7093
1841,published_in,7093
1842,published_in,7093
1843,published_in,7093
1844,published_in,7093
1845,published_in,7093
1846,published_in,7094
1847,published_in,7095
1848,published_in,7096
1849,published_in,7096
1850,published_in,7096
1851,published_in,7096
1852,published_in,7096
1853,published_in,7096
1854,published_in,7096
1855,published_in,7096
1856,published_in,7096
1857,published_in,7096
1858,published_in,7096
1859,published_in,7096
1860,published_in,7096
1861,published_in,7096
1862,published_in,7096
1863,published_in,7097
1864,published_in,7097
1865,published_in,7097
1866,published_in,7097
1867,published_in,7097
1868,published_in,7097
1869,published_in,7097
1870,published_in,7097
1871,published_in,7097
1872,published_in,7097
1873,published_in,7097
1874,published_in,7097
1875,published_in,7097
1876,published_in,7097
1877,published_in,7097
1878,published_in,7097
1879,published_in,7097
1880,published_in,7097
1881,published_in,7097
1882,published_in,7097
1883,published_in,7097
1884,published_in,7097
1885,published_in,7097
1886,published_in,7097
1887,published_in,7097
1888,published_in,7097
1889,published_in,7097
1890,published_in,7098
1891,published_in,7098
1892,published_in,7098
1893,published_in,7098
1894,published_in,7098
1895,published_in,7098
1896,published_in,7098
1897,published_in,7098
1898,published_in,7098
1899,published_in,7098
1900,published_in,7098
1901,published_in,7098
1902,published_in,7098
1903,published_in,7098
1904,published_in,7099
1905,published_in,7100
1906,published_in,7100
1907,published_in,7100
1908,published_in,7100
1909,published_in,7100
1910,published_in,7100
1911,published_in,7100
1912,published_in,7100
1913,published_in,7100
1914,published_in,7100
1915,published_in,7100
1916,published_in,7100
1917,published_in,7100
1918,published_in,7100
1919,published_in,7100
1920,published_in,7100
1921,published_in,7100
1922,published_in,7100
1923,published_in,7100
1924,published_in,7100
1925,published_in,7100
1926,published_in,7100
1927,published_in,7100
1928,published_in,7100
1929,published_in,7100
1930,published_in,7100
1931,published_in,7100
1932,published_in,7100
1933,published_in,7100
1934,published_in,7100
1935,published_in,7100
1936,published_in,7100
1937,published_in,7100
1938,published_in,7100
1939,published_in,7100
1940,published_in,7100
1941,published_in,7100
1942,published_in,7100
1943,published_in,7100
1944,published_in,7100
1945,published_in,7100
1946,published_in,7100
1947,published_in,7100
1948,published_in,7100
1949,published_in,7100
1950,published_in,7100
1951,published_in,7100
1952,published_in,7100
1953,published_in,7100
1954,published_in,7100
1955,published_in,7100
1956,published_in,7100
1957,published_in,7100
1958,published_in,7100
1959,published_in,7100
1960,published_in,7100
1961,published_in,7100
1962,published_in,7100
1963,published_in,7100
1964,published_in,7100
1965,published_in,7100
1966,published_in,7100
1967,published_in,7100
1968,published_in,7101
1969,published_in,7102
1970,published_in,7103
1971,published_in,7103
1972,published_in,7103
1973,published_in,6767
1974,published_in,6767
1975,published_in,6767
1976,published_in,6767
1977,published_in,6767
1978,published_in,6767
1979,published_in,6767
1980,published_in,7104
1981,published_in,7104
1982,published_in,7104
1983,published_in,7104
1984,published_in,7104
1985,published_in,7104
1986,published_in,7104
1987,published_in,6866
1988,published_in,7104
1989,published_in,6866
1990,published_in,7104
1991,published_in,7105
1992,published_in,7106
1993,published_in,7106
1994,published_in,6866
1995,published_in,7107
1996,published_in,7107
1997,published_in,7107
1998,published_in,7108
1999,published_in,7108
2000,published_in,7108
2001,published_in,7107
2002,published_in,7107
2003,published_in,7107
2004,published_in,7109
2005,published_in,7109
2006,published_in,7109
2007,published_in,7109
2008,published_in,7109
2009,published_in,7109
2010,published_in,7109
2011,published_in,7109
2012,published_in,7110
2013,published_in,7111
2014,published_in,7051
2015,published_in,7112
2016,published_in,7112
2017,published_in,7112
2018,published_in,7112
2019,published_in,7112
2020,published_in,7112
2021,published_in,7112
2022,published_in,7112
2023,published_in,7112
2024,published_in,7112
2025,published_in,7112
2026,published_in,7113
2027,published_in,7114
2028,published_in,7115
2029,published_in,7115
2030,published_in,7115
2031,published_in,7115
2032,published_in,7115
2033,published_in,7115
2034,published_in,7115
2035,published_in,7115
2036,published_in,7115
2037,published_in,7115
2038,published_in,7115
2039,published_in,7115
2040,published_in,7115
2041,published_in,7115
2042,published_in,7115
2043,published_in,7115
2044,published_in,7115
2045,published_in,7115
2046,published_in,7115
2047,published_in,7115
2048,published_in,7115
2049,published_in,7115
2050,published_in,7115
2051,published_in,7115
2052,published_in,7115
2053,published_in,7115
2054,published_in,7115
2055,published_in,7115
2056,published_in,7115
2057,published_in,7115
2058,published_in,7115
2059,published_in,7115
2060,published_in,7115
2061,published_in,7115
2062,published_in,7115
2063,published_in,7115
2064,published_in,7115
2065,published_in,7115
2066,published_in,7115
2067,published_in,7115
2068,published_in,7115
2069,published_in,7115
2070,published_in,7115
2071,published_in,7115
2072,published_in,7115
2073,published_in,7115
2074,published_in,7115
2075,published_in,7115
2076,published_in,7115
2077,published_in,7115
2078,published_in,7115
2079,published_in,7115
2080,published_in,7115
2081,published_in,7115
2082,published_in,7115
2083,published_in,7115
2084,published_in,7115
2085,published_in,7115
2086,published_in,7115
2087,published_in,7115
2088,published_in,7115
2089,published_in,7115
2090,published_in,7115
2091,published_in,7115
2092,published_in,7115
2093,published_in,7115
2094,published_in,7116
2095,published_in,7116
2096,published_in,7117
2097,published_in,7118
2098,published_in,7119
2099,published_in,7119
2100,published_in,7120
2101,published_in,7121
2102,published_in,7122
2103,published_in,7123
2104,published_in,7123
2105,published_in,7123
2106,published_in,7123
2107,published_in,7123
2108,published_in,7123
2109,published_in,7123
2110,published_in,7123
2111,published_in,7123
2112,published_in,7123
2113,published_in,7123
2114,published_in,7123
2115,published_in,7124
2116,published_in,7125
2117,published_in,7126
2118,published_in,7126
2119,published_in,7127
2120,published_in,7128
2121,published_in,7128
2122,published_in,7129
2123,published_in,7130
2124,published_in,7131
2125,published_in,7132
2126,published_in,7132
2127,published_in,7132
2128,published_in,7133
2129,published_in,7133
2130,published_in,7134
2131,published_in,7135
2132,published_in,7136
2133,published_in,7137
2134,published_in,7138
2135,published_in,7138
2136,published_in,7138
2137,published_in,7138
2138,published_in,7138
2139,published_in,7138
2140,published_in,7138
2141,published_in,7138
2142,published_in,7138
2143,published_in,7138
2144,published_in,7138
2145,published_in,7138
2146,published_in,7138
2147,published_in,7138
2148,published_in,7139
2149,published_in,7139
2150,published_in,7139
2151,published_in,6751
2152,published_in,7140
2153,published_in,7140
2154,published_in,7141
2155,published_in,7141
2156,published_in,7141
2157,published_in,7141
2158,published_in,7142
2159,published_in,7142
2160,published_in,7142
2161,published_in,7143
2162,published_in,7143
2163,published_in,7038
2164,published_in,7144
2165,published_in,7145
2166,published_in,7146
2167,published_in,7147
2168,published_in,7147
2169,published_in,7147
2170,published_in,7147
2171,published_in,7148
2172,published_in,7148
2173,published_in,7148
2174,published_in,7148
2175,published_in,7148
2176,published_in,7148
2177,published_in,7148
2178,published_in,7148
2179,published_in,7148
2180,published_in,7148
2181,published_in,7148
2182,published_in,7148
2183,published_in,7148
2184,published_in,7148
2185,published_in,7148
2186,published_in,7148
2187,published_in,7149
2188,published_in,7149
2189,published_in,7149
2190,published_in,7149
2191,published_in,7149
2192,published_in,7149
2193,published_in,7150
2194,published_in,7150
2195,published_in,7151
2196,published_in,7152
2197,published_in,7153
2198,published_in,7154
2199,published_in,7155
2200,published_in,7155
2201,published_in,7156
2202,published_in,7156
2203,published_in,7156
2204,published_in,7156
2205,published_in,7156
2206,published_in,7156
2207,published_in,7156
2208,published_in,7156
2209,published_in,7156
2210,published_in,7156
2211,published_in,7156
2212,published_in,7156
2213,published_in,7156
2214,published_in,7156
2215,published_in,7156
2216,published_in,7156
2217,published_in,7156
2218,published_in,7156
2219,published_in,7156
2220,published_in,7156
2221,published_in,7156
2222,published_in,7156
2223,published_in,7156
2224,published_in,7156
2225,published_in,7156
2226,published_in,7156
2227,published_in,7156
2228,published_in,7156
2229,published_in,7156
2230,published_in,7156
2231,published_in,7156
2232,published_in,7156
2233,published_in,7156
2234,published_in,7156
2235,published_in,7156
2236,published_in,7156
2237,published_in,7156
2238,published_in,7156
2239,published_in,7156
2240,published_in,7156
2241,published_in,7156
2242,published_in,7156
2243,published_in,7156
2244,published_in,7156
2245,published_in,7156
2246,published_in,7156
2247,published_in,7157
2248,published_in,7157
2249,published_in,7157
2250,published_in,7157
2251,published_in,7158
2252,published_in,7159
2253,published_in,7160
2254,published_in,7160
2255,published_in,7160
2256,published_in,7160
2257,published_in,7161
2258,published_in,7161
2259,published_in,7161
2260,published_in,7161
2261,published_in,7161
2262,published_in,7162
2263,published_in,7163
2264,published_in,7164
2265,published_in,7165
2266,published_in,7165
2267,published_in,7165
2268,published_in,7165
2269,published_in,7165
2270,published_in,7166
2271,published_in,7166
2272,published_in,7167
2273,published_in,7167
2274,published_in,7167
2275,published_in,7167
2276,published_in,7167
2277,published_in,7167
2278,published_in,7167
2279,published_in,7167
2280,published_in,7168
2281,published_in,7168
2282,published_in,7169
2283,published_in,7169
2284,published_in,7170
2285,published_in,7169
2286,published_in,7169
2287,published_in,7169
2288,published_in,7169
2289,published_in,7170
2290,published_in,7171
2291,published_in,7172
2292,published_in,7173
2293,published_in,7173
2294,published_in,7173
2295,published_in,7174
2296,published_in,7175
2297,published_in,7176
2298,published_in,7177
2299,published_in,7178
2300,published_in,6866
2301,published_in,7179
2302,published_in,7179
2303,published_in,7179
2304,published_in,7180
2305,published_in,7180
2306,published_in,7180
2307,published_in,7181
2308,published_in,7182
2309,published_in,7182
2310,published_in,7183
2311,published_in,7184
2312,published_in,7185
2313,published_in,7185
2314,published_in,7185
2315,published_in,7185
2316,published_in,7185
2317,published_in,7185
2318,published_in,7185
2319,published_in,7186
2320,published_in,7187
2321,published_in,7187
2322,published_in,7187
2323,published_in,7188
2324,published_in,7188
2325,published_in,7188
2326,published_in,7188
2327,published_in,7188
2328,published_in,7188
2329,published_in,7188
2330,published_in,7188
2331,published_in,7188
2332,published_in,7188
2333,published_in,7188
2334,published_in,7188
2335,published_in,7188
2336,published_in,7188
2337,published_in,7188
2338,published_in,7188
2339,published_in,7188
2340,published_in,7188
2341,published_in,7188
2342,published_in,7189
2343,published_in,7190
2344,published_in,7190
2345,published_in,7190
2346,published_in,7191
2347,published_in,7191
2348,published_in,7192
2349,published_in,7193
2350,published_in,7194
2351,published_in,7195
2352,published_in,7195
2353,published_in,7196
2354,published_in,7197
2355,published_in,7197
2356,published_in,7198
2357,published_in,7198
2358,published_in,7198
2359,published_in,7198
2360,published_in,7198
2361,published_in,7198
2362,published_in,7199
2363,published_in,7200
2364,published_in,7201
2365,published_in,7201
2366,published_in,7201
2367,published_in,7202
2368,published_in,7203
2369,published_in,7203
2370,published_in,7203
2371,published_in,7203
2372,published_in,7203
2373,published_in,7203
2374,published_in,7204
2375,published_in,7204
2376,published_in,7204
2377,published_in,7204
2378,published_in,7205
2379,published_in,7205
2380,published_in,7206
2381,published_in,7207
2382,published_in,7207
2383,published_in,7207
2384,published_in,7207
2385,published_in,7207
2386,published_in,7208
2387,published_in,7209
2388,published_in,7210
2389,published_in,7210
2390,published_in,7210
2391,published_in,6858
2392,published_in,6858
2393,published_in,6858
2394,published_in,6858
2395,published_in,6858
2396,published_in,6858
2397,published_in,6858
2398,published_in,6858
2399,published_in,6858
2400,published_in,6858
2401,published_in,6858
2402,published_in,6858
2403,published_in,6858
2404,published_in,6858
2405,published_in,6858
2406,published_in,6858
2407,published_in,6858
2408,published_in,6858
2409,published_in,6858
2410,published_in,7211
2411,published_in,7212
2412,published_in,7213
2413,published_in,7213
2414,published_in,7213
2415,published_in,7214
2416,published_in,7215
2417,published_in,7215
2418,published_in,7216
2419,published_in,7216
2420,published_in,7216
2421,published_in,7216
2422,published_in,7216
2423,published_in,7216
2424,published_in,7216
2425,published_in,7217
2426,published_in,7218
2427,published_in,7218
2428,published_in,7218
2429,published_in,7218
2430,published_in,7218
2431,published_in,7218
2432,published_in,7218
2433,published_in,7218
2434,published_in,7218
2435,published_in,7218
2436,published_in,7218
2437,published_in,7218
2438,published_in,7218
2439,published_in,7218
2440,published_in,7218
2441,published_in,7218
2442,published_in,7218
2443,published_in,7218
2444,published_in,7218
2445,published_in,7218
2446,published_in,7218
2447,published_in,7218
2448,published_in,7218
2449,published_in,7218
2450,published_in,7218
2451,published_in,7218
2452,published_in,7218
2453,published_in,7218
2454,published_in,7218
2455,published_in,7218
2456,published_in,7218
2457,published_in,7218
2458,published_in,7218
2459,published_in,7219
2460,published_in,7220
2461,published_in,7220
2462,published_in,7221
2463,published_in,7222
2464,published_in,7223
2465,published_in,7223
2466,published_in,7224
2467,published_in,7224
2468,published_in,7224
2469,published_in,7224
2470,published_in,7224
2471,published_in,7224
2472,published_in,7224
2473,published_in,7225
2474,published_in,7225
2475,published_in,7225
2476,published_in,7225
2477,published_in,7226
2478,published_in,7227
2479,published_in,7228
2480,published_in,7229
2481,published_in,7230
2482,published_in,7231
2483,published_in,7232
2484,published_in,7232
2485,published_in,7232
2486,published_in,7232
2487,published_in,7232
2488,published_in,7232
2489,published_in,7232
2490,published_in,7232
2491,published_in,7232
2492,published_in,7232
2493,published_in,7232
2494,published_in,7232
2495,published_in,7232
2496,published_in,7233
2497,published_in,7234
2498,published_in,7234
2499,published_in,7235
2500,published_in,7235
2501,published_in,7235
2502,published_in,7235
2503,published_in,7235
2504,published_in,7235
2505,published_in,7235
2506,published_in,7236
2507,published_in,7237
2508,published_in,7238
2509,published_in,7238
2510,published_in,7238
2511,published_in,7238
2512,published_in,7238
2513,published_in,7238
2514,published_in,7239
2515,published_in,7239
2516,published_in,7239
2517,published_in,7239
2518,published_in,7239
2519,published_in,7240
2520,published_in,7241
2521,published_in,7241
2522,published_in,7242
2523,published_in,7243
2524,published_in,7244
2525,published_in,7244
2526,published_in,7244
2527,published_in,7245
2528,published_in,7245
2529,published_in,7245
2530,published_in,7245
2531,published_in,7245
2532,published_in,7245
2533,published_in,7245
2534,published_in,7245
2535,published_in,7245
2536,published_in,7245
2537,published_in,7245
2538,published_in,7245
2539,published_in,7245
2540,published_in,7245
2541,published_in,7245
2542,published_in,7245
2543,published_in,7245
2544,published_in,7245
2545,published_in,7245
2546,published_in,7246
2547,published_in,7247
2548,published_in,7247
2549,published_in,7248
2550,published_in,6895
2551,published_in,6895
2552,published_in,7249
2553,published_in,7250
2554,published_in,7251
2555,published_in,7251
2556,published_in,7251
2557,published_in,7251
2558,published_in,7251
2559,published_in,7251
2560,published_in,7252
2561,published_in,7253
2562,published_in,7253
2563,published_in,7253
2564,published_in,7254
2565,published_in,7254
2566,published_in,7254
2567,published_in,7254
2568,published_in,7255
2569,published_in,7255
2570,published_in,7255
2571,published_in,7255
2572,published_in,7255
2573,published_in,7255
2574,published_in,7255
2575,published_in,7255
2576,published_in,7255
2577,published_in,7255
2578,published_in,7255
2579,published_in,7255
2580,published_in,7255
2581,published_in,7255
2582,published_in,7255
2583,published_in,7255
2584,published_in,7255
2585,published_in,7255
2586,published_in,7255
2587,published_in,7255
2588,published_in,7255
2589,published_in,7255
2590,published_in,7256
2591,published_in,7257
2592,published_in,7258
2593,published_in,7259
2594,published_in,7260
2595,published_in,7259
2596,published_in,7261
2597,published_in,6968
2598,published_in,6968
2599,published_in,6968
2600,published_in,6968
2601,published_in,7261
2602,published_in,6968
2603,published_in,6968
2604,published_in,7262
2605,published_in,7263
2606,published_in,7264
2607,published_in,7264
2608,published_in,7264
2609,published_in,7264
2610,published_in,7264
2611,published_in,7264
2612,published_in,7264
2613,published_in,7264
2614,published_in,7264
2615,published_in,7264
2616,published_in,7264
2617,published_in,7264
2618,published_in,7264
2619,published_in,7264
2620,published_in,7264
2621,published_in,7264
2622,published_in,7264
2623,published_in,7264
2624,published_in,7264
2625,published_in,7264
2626,published_in,7264
2627,published_in,7264
2628,published_in,7264
2629,published_in,7264
2630,published_in,7264
2631,published_in,7264
2632,published_in,7264
2633,published_in,7264
2634,published_in,7264
2635,published_in,7264
2636,published_in,7264
2637,published_in,7264
2638,published_in,7264
2639,published_in,7264
2640,published_in,7265
2641,published_in,7266
2642,published_in,7267
2643,published_in,7267
2644,published_in,7268
2645,published_in,7268
2646,published_in,7268
2647,published_in,7269
2648,published_in,7270
2649,published_in,6866
2650,published_in,7270
2651,published_in,7271
2652,published_in,7271
2653,published_in,7271
2654,published_in,7271
2655,published_in,7272
2656,published_in,7273
2657,published_in,7273
2658,published_in,7273
2659,published_in,7273
2660,published_in,7273
2661,published_in,7273
2662,published_in,7273
2663,published_in,7273
2664,published_in,7273
2665,published_in,7273
2666,published_in,7274
2667,published_in,7275
2668,published_in,7276
2669,published_in,7277
2670,published_in,7277
2671,published_in,7277
2672,published_in,7278
2673,published_in,7278
2674,published_in,7279
2675,published_in,7279
2676,published_in,7280
2677,published_in,7281
2678,published_in,7282
2679,published_in,7282
2680,published_in,7282
2681,published_in,7282
2682,published_in,7283
2683,published_in,7284
2684,published_in,7285
2685,published_in,7285
2686,published_in,7286
2687,published_in,7287
2688,published_in,7287
2689,published_in,7288
2690,published_in,7288
2691,published_in,7288
2692,published_in,7288
2693,published_in,7289
2694,published_in,7290
2695,published_in,7290
2696,published_in,7290
2697,published_in,7290
2698,published_in,7290
2699,published_in,7290
2700,published_in,7290
2701,published_in,7290
2702,published_in,7291
2703,published_in,7291
2704,published_in,7291
2705,published_in,7292
2706,published_in,7292
2707,published_in,7292
2708,published_in,7292
2709,published_in,7292
2710,published_in,7292
2711,published_in,7292
2712,published_in,7292
2713,published_in,7292
2714,published_in,7292
2715,published_in,7292
2716,published_in,7292
2717,published_in,7292
2718,published_in,7292
2719,published_in,7293
2720,published_in,7293
2721,published_in,7293
2722,published_in,7293
2723,published_in,7293
2724,published_in,7293
2725,published_in,7294
2726,published_in,7294
2727,published_in,7295
2728,published_in,7296
2729,published_in,7297
2730,published_in,7297
2731,published_in,7297
2732,published_in,7297
2733,published_in,7297
2734,published_in,7297
2735,published_in,7297
2736,published_in,7297
2737,published_in,7297
2738,published_in,7297
2739,published_in,7297
2740,published_in,7298
2741,published_in,7298
2742,published_in,7298
2743,published_in,7298
2744,published_in,7298
2745,published_in,7298
2746,published_in,7298
2747,published_in,7298
2748,published_in,7298
2749,published_in,7298
2750,published_in,7298
2751,published_in,7298
2752,published_in,7299
2753,published_in,7299
2754,published_in,7300
2755,published_in,7301
2756,published_in,7302
2757,published_in,7302
2758,published_in,7302
2759,published_in,7303
2760,published_in,7303
2761,published_in,7304
2762,published_in,7304
2763,published_in,7304
2764,published_in,7304
2765,published_in,7305
2766,published_in,7306
2767,published_in,7307
2768,published_in,7307
2769,published_in,7307
2770,published_in,7307
2771,published_in,7307
2772,published_in,7307
2773,published_in,7307
2774,published_in,7307
2775,published_in,7307
2776,published_in,7307
2777,published_in,7307
2778,published_in,7307
2779,published_in,7307
2780,published_in,7307
2781,published_in,7307
2782,published_in,7307
2783,published_in,7307
2784,published_in,7307
2785,published_in,7307
2786,published_in,7307
2787,published_in,7307
2788,published_in,7307
2789,published_in,7307
2790,published_in,7307
2791,published_in,7307
2792,published_in,7307
2793,published_in,7307
2794,published_in,7308
2795,published_in,7309
2796,published_in,7309
2797,published_in,7310
2798,published_in,7310
2799,published_in,7311
2800,published_in,7312
2801,published_in,7312
2802,published_in,7312
2803,published_in,7312
2804,published_in,7312
2805,published_in,7312
2806,published_in,7312
2807,published_in,7312
2808,published_in,7312
2809,published_in,7313
2810,published_in,7313
2811,published_in,7313
2812,published_in,7313
2813,published_in,7313
2814,published_in,7313
2815,published_in,7313
2816,published_in,7313
2817,published_in,7313
2818,published_in,7313
2819,published_in,7313
2820,published_in,7313
2821,published_in,7313
2822,published_in,7313
2823,published_in,7314
2824,published_in,7315
2825,published_in,7315
2826,published_in,7315
2827,published_in,7315
2828,published_in,7316
2829,published_in,7317
2830,published_in,7318
2831,published_in,7318
2832,published_in,7318
2833,published_in,7319
2834,published_in,7320
2835,published_in,7320
2836,published_in,7320
2837,published_in,7320
2838,published_in,7320
2839,published_in,7321
2840,published_in,7322
2841,published_in,7323
2842,published_in,7323
2843,published_in,7323
2844,published_in,7323
2845,published_in,7324
2846,published_in,7324
2847,published_in,7325
2848,published_in,7325
2849,published_in,7326
2850,published_in,7326
2851,published_in,7326
2852,published_in,7326
2853,published_in,7326
2854,published_in,7326
2855,published_in,7326
2856,published_in,7327
2857,published_in,7327
2858,published_in,7327
2859,published_in,7327
2860,published_in,7327
2861,published_in,7327
2862,published_in,7327
2863,published_in,7327
2864,published_in,7327
2865,published_in,7327
2866,published_in,7327
2867,published_in,7327
2868,published_in,7327
2869,published_in,7327
2870,published_in,7327
2871,published_in,7327
2872,published_in,7327
2873,published_in,7327
2874,published_in,7327
2875,published_in,7327
2876,published_in,7328
2877,published_in,7329
2878,published_in,7330
2879,published_in,7331
2880,published_in,7331
2881,published_in,7331
2882,published_in,7331
2883,published_in,7331
2884,published_in,7331
2885,published_in,7331
2886,published_in,7332
2887,published_in,7332
2888,published_in,7332
2889,published_in,7332
2890,published_in,7332
2891,published_in,7332
2892,published_in,7332
2893,published_in,7332
2894,published_in,7332
2895,published_in,7332
2896,published_in,7332
2897,published_in,7332
2898,published_in,7332
2899,published_in,7332
2900,published_in,7332
2901,published_in,7332
2902,published_in,7332
2903,published_in,7332
2904,published_in,7332
2905,published_in,7332
2906,published_in,7332
2907,published_in,7332
2908,published_in,7332
2909,published_in,7332
2910,published_in,7332
2911,published_in,7332
2912,published_in,7332
2913,published_in,7333
2914,published_in,7333
2915,published_in,7333
2916,published_in,7333
2917,published_in,7333
2918,published_in,7333
2919,published_in,7333
2920,published_in,7333
2921,published_in,7333
2922,published_in,7333
2923,published_in,7333
2924,published_in,7334
2925,published_in,7334
2926,published_in,7334
2927,published_in,7334
2928,published_in,7334
2929,published_in,7335
2930,published_in,7336
2931,published_in,7336
2932,published_in,7336
2933,published_in,7337
2934,published_in,7338
2935,published_in,7338
2936,published_in,7338
2937,published_in,7339
2938,published_in,7340
2939,published_in,7340
2940,published_in,7340
2941,published_in,7340
2942,published_in,7340
2943,published_in,7340
2944,published_in,7340
2945,published_in,7340
2946,published_in,7340
2947,published_in,7340
2948,published_in,7340
2949,published_in,7340
2950,published_in,7340
2951,published_in,7340
2952,published_in,7341
2953,published_in,7342
2954,published_in,7341
2955,published_in,7341
2956,published_in,7341
2957,published_in,7341
2958,published_in,7341
2959,published_in,7341
2960,published_in,7341
2961,published_in,7341
2962,published_in,7341
2963,published_in,7341
2964,published_in,7341
2965,published_in,7343
2966,published_in,7343
2967,published_in,7343
2968,published_in,7343
2969,published_in,7343
2970,published_in,7343
2971,published_in,7343
2972,published_in,7343
2973,published_in,7344
2974,published_in,7344
2975,published_in,7344
2976,published_in,7344
2977,published_in,7344
2978,published_in,7344
2979,published_in,7344
2980,published_in,7344
2981,published_in,7344
2982,published_in,7344
2983,published_in,7344
2984,published_in,7344
2985,published_in,7344
2986,published_in,7344
2987,published_in,7344
2988,published_in,7344
2989,published_in,7345
2990,published_in,7346
2991,published_in,7346
2992,published_in,7346
2993,published_in,7346
2994,published_in,7347
2995,published_in,7348
2996,published_in,7348
2997,published_in,7349
2998,published_in,7350
2999,published_in,7350
3000,published_in,7350
3001,published_in,7350
3002,published_in,7350
3003,published_in,7350
3004,published_in,7350
3005,published_in,7350
3006,published_in,7350
3007,published_in,7350
3008,published_in,7350
3009,published_in,7350
3010,published_in,7350
3011,published_in,7350
3012,published_in,7350
3013,published_in,7350
3014,published_in,7350
3015,published_in,7351
3016,published_in,7351
3017,published_in,7351
3018,published_in,7352
3019,published_in,7353
3020,published_in,7353
3021,published_in,7353
3022,published_in,7354
3023,published_in,7354
3024,published_in,7355
3025,published_in,7355
3026,published_in,7355
3027,published_in,7355
3028,published_in,7355
3029,published_in,7355
3030,published_in,7355
3031,published_in,7356
3032,published_in,7356
3033,published_in,7357
3034,published_in,7357
3035,published_in,7357
3036,published_in,7358
3037,published_in,7359
3038,published_in,7360
3039,published_in,7360
3040,published_in,7360
3041,published_in,7361
3042,published_in,7361
3043,published_in,7361
3044,published_in,7362
3045,published_in,7363
3046,published_in,7363
3047,published_in,7363
3048,published_in,7086
3049,published_in,7364
3050,published_in,7365
3051,published_in,7366
3052,published_in,7367
3053,published_in,7236
3054,published_in,7236
3055,published_in,7236
3056,published_in,7236
3057,published_in,7236
3058,published_in,7236
3059,published_in,7236
3060,published_in,7236
3061,published_in,7368
3062,published_in,7369
3063,published_in,7370
3064,published_in,7370
3065,published_in,7371
3066,published_in,7372
3067,published_in,7373
3068,published_in,7374
3069,published_in,7374
3070,published_in,7374
3071,published_in,7374
3072,published_in,7375
3073,published_in,7376
3074,published_in,7377
3075,published_in,7377
3076,published_in,7377
3077,published_in,7377
3078,published_in,7377
3079,published_in,7377
3080,published_in,7377
3081,published_in,7377
3082,published_in,7378
3083,published_in,7378
3084,published_in,7379
3085,published_in,7380
3086,published_in,7380
3087,published_in,7380
3088,published_in,7381
3089,published_in,7381
3090,published_in,7381
3091,published_in,7381
3092,published_in,7381
3093,published_in,7381
3094,published_in,7381
3095,published_in,7381
3096,published_in,7382
3097,published_in,7383
3098,published_in,6866
3099,published_in,7383
3100,published_in,7381
3101,published_in,7381
3102,published_in,6866
3103,published_in,7381
3104,published_in,7381
3105,published_in,7383
3106,published_in,7381
3107,published_in,7381
3108,published_in,7383
3109,published_in,7383
3110,published_in,7381
3111,published_in,6866
3112,published_in,7381
3113,published_in,7383
3114,published_in,7381
3115,published_in,7381
3116,published_in,7381
3117,published_in,7381
3118,published_in,7381
3119,published_in,7381
3120,published_in,7383
3121,published_in,7381
3122,published_in,7381
3123,published_in,7381
3124,published_in,7381
3125,published_in,7381
3126,published_in,7381
3127,published_in,7381
3128,published_in,7381
3129,published_in,7381
3130,published_in,6866
3131,published_in,7381
3132,published_in,7383
3133,published_in,7381
3134,published_in,7381
3135,published_in,7381
3136,published_in,7381
3137,published_in,7381
3138,published_in,7381
3139,published_in,7381
3140,published_in,7381
3141,published_in,7381
3142,published_in,7381
3143,published_in,7384
3144,published_in,7384
3145,published_in,7384
3146,published_in,7384
3147,published_in,7384
3148,published_in,7385
3149,published_in,7386
3150,published_in,7386
3151,published_in,7386
3152,published_in,7386
3153,published_in,6866
3154,published_in,7386
3155,published_in,7386
3156,published_in,7386
3157,published_in,7387
3158,published_in,6751
3159,published_in,6751
3160,published_in,6751
3161,published_in,7388
3162,published_in,7388
3163,published_in,7389
3164,published_in,7390
3165,published_in,7391
3166,published_in,7391
3167,published_in,7391
3168,published_in,7391
3169,published_in,7392
3170,published_in,7393
3171,published_in,7394
3172,published_in,7394
3173,published_in,7395
3174,published_in,7395
3175,published_in,7395
3176,published_in,7395
3177,published_in,7395
3178,published_in,7395
3179,published_in,7395
3180,published_in,7396
3181,published_in,7397
3182,published_in,7398
3183,published_in,7399
3184,published_in,7400
3185,published_in,7400
3186,published_in,7400
3187,published_in,7400
3188,published_in,7401
3189,published_in,7401
3190,published_in,7402
3191,published_in,7402
3192,published_in,7402
3193,published_in,7402
3194,published_in,7403
3195,published_in,7402
3196,published_in,7403
3197,published_in,7402
3198,published_in,7404
3199,published_in,7402
3200,published_in,7403
3201,published_in,7403
3202,published_in,7405
3203,published_in,7404
3204,published_in,7402
3205,published_in,7406
3206,published_in,7407
3207,published_in,6751
3208,published_in,6751
3209,published_in,6751
3210,published_in,6751
3211,published_in,6751
3212,published_in,6751
3213,published_in,6751
3214,published_in,7408
3215,published_in,7409
3216,published_in,7410
3217,published_in,7411
3218,published_in,7412
3219,published_in,7413
3220,published_in,7413
3221,published_in,7413
3222,published_in,7414
3223,published_in,7414
3224,published_in,7415
3225,published_in,7415
3226,published_in,7415
3227,published_in,7416
3228,published_in,7416
3229,published_in,7416
3230,published_in,7416
3231,published_in,7416
3232,published_in,7417
3233,published_in,7418
3234,published_in,7418
3235,published_in,7419
3236,published_in,7420
3237,published_in,7421
3238,published_in,7422
3239,published_in,7422
3240,published_in,7422
3241,published_in,7422
3242,published_in,7422
3243,published_in,7422
3244,published_in,7422
3245,published_in,7423
3246,published_in,7424
3247,published_in,7424
3248,published_in,7425
3249,published_in,7426
3250,published_in,7427
3251,published_in,7427
3252,published_in,7427
3253,published_in,7427
3254,published_in,7427
3255,published_in,7427
3256,published_in,7427
3257,published_in,7427
3258,published_in,7427
3259,published_in,7427
3260,published_in,7427
3261,published_in,7427
3262,published_in,7427
3263,published_in,7427
3264,published_in,7428
3265,published_in,7428
3266,published_in,7428
3267,published_in,7428
3268,published_in,7428
3269,published_in,7428
3270,published_in,7428
3271,published_in,7429
3272,published_in,7429
3273,published_in,7429
3274,published_in,7429
3275,published_in,7429
3276,published_in,7430
3277,published_in,7431
3278,published_in,7432
3279,published_in,7433
3280,published_in,7434
3281,published_in,7434
3282,published_in,7434
3283,published_in,7434
3284,published_in,7435
3285,published_in,7435
3286,published_in,7436
3287,published_in,7436
3288,published_in,7436
3289,published_in,7436
3290,published_in,7436
3291,published_in,7436
3292,published_in,7436
3293,published_in,7437
3294,published_in,7438
3295,published_in,7439
3296,published_in,7438
3297,published_in,7438
3298,published_in,7438
3299,published_in,7438
3300,published_in,7438
3301,published_in,7438
3302,published_in,7439
3303,published_in,7438
3304,published_in,7438
3305,published_in,7438
3306,published_in,7438
3307,published_in,7438
3308,published_in,7438
3309,published_in,7438
3310,published_in,7438
3311,published_in,7438
3312,published_in,7438
3313,published_in,7438
3314,published_in,7438
3315,published_in,7438
3316,published_in,7438
3317,published_in,7438
3318,published_in,7440
3319,published_in,7440
3320,published_in,7440
3321,published_in,7440
3322,published_in,7440
3323,published_in,7440
3324,published_in,7440
3325,published_in,7440
3326,published_in,7440
3327,published_in,7440
3328,published_in,7440
3329,published_in,7440
3330,published_in,7440
3331,published_in,7441
3332,published_in,7440
3333,published_in,7440
3334,published_in,7440
3335,published_in,7442
3336,published_in,7440
3337,published_in,7440
3338,published_in,7440
3339,published_in,7440
3340,published_in,7440
3341,published_in,7440
3342,published_in,7441
3343,published_in,7440
3344,published_in,7440
3345,published_in,7442
3346,published_in,7443
3347,published_in,7443
3348,published_in,7444
3349,published_in,7444
3350,published_in,7444
3351,published_in,7444
3352,published_in,7444
3353,published_in,7444
3354,published_in,7444
3355,published_in,7444
3356,published_in,7444
3357,published_in,7444
3358,published_in,7444
3359,published_in,7445
3360,published_in,7445
3361,published_in,7446
3362,published_in,7447
3363,published_in,7447
3364,published_in,7447
3365,published_in,7447
3366,published_in,7447
3367,published_in,7448
3368,published_in,7448
3369,published_in,7448
3370,published_in,7448
3371,published_in,7448
3372,published_in,7448
3373,published_in,7448
3374,published_in,7448
3375,published_in,7448
3376,published_in,7448
3377,published_in,7311
3378,published_in,7449
3379,published_in,7450
3380,published_in,7451
3381,published_in,7452
3382,published_in,7452
3383,published_in,7452
3384,published_in,7452
3385,published_in,7452
3386,published_in,7453
3387,published_in,7453
3388,published_in,7454
3389,published_in,7454
3390,published_in,7454
3391,published_in,7454
3392,published_in,7454
3393,published_in,7454
3394,published_in,7455
3395,published_in,7456
3396,published_in,7457
3397,published_in,7024
3398,published_in,7458
3399,published_in,7459
3400,published_in,7459
3401,published_in,7459
3402,published_in,7459
3403,published_in,7459
3404,published_in,7460
3405,published_in,7460
3406,published_in,6866
3407,published_in,7461
3408,published_in,7461
3409,published_in,7462
3410,published_in,7462
3411,published_in,7462
3412,published_in,7462
3413,published_in,7463
3414,published_in,7464
3415,published_in,7464
3416,published_in,7185
3417,published_in,7465
3418,published_in,7466
3419,published_in,7467
3420,published_in,7467
3421,published_in,7467
3422,published_in,7467
3423,published_in,7467
3424,published_in,7468
3425,published_in,7468
3426,published_in,7469
3427,published_in,7469
3428,published_in,7470
3429,published_in,7470
3430,published_in,7470
3431,published_in,7470
3432,published_in,7470
3433,published_in,7471
3434,published_in,7471
3435,published_in,7471
3436,published_in,7472
3437,published_in,7473
3438,published_in,7473
3439,published_in,7473
3440,published_in,7473
3441,published_in,7473
3442,published_in,7473
3443,published_in,7473
3444,published_in,7473
3445,published_in,7474
3446,published_in,7473
3447,published_in,7475
3448,published_in,7473
3449,published_in,7473
3450,published_in,7473
3451,published_in,7476
3452,published_in,7476
3453,published_in,7476
3454,published_in,7476
3455,published_in,7476
3456,published_in,7477
3457,published_in,7477
3458,published_in,7477
3459,published_in,7478
3460,published_in,7479
3461,published_in,7479
3462,published_in,7479
3463,published_in,7479
3464,published_in,7479
3465,published_in,7479
3466,published_in,7479
3467,published_in,7479
3468,published_in,7479
3469,published_in,7479
3470,published_in,7479
3471,published_in,7479
3472,published_in,7479
3473,published_in,7479
3474,published_in,7479
3475,published_in,7479
3476,published_in,7479
3477,published_in,7479
3478,published_in,7480
3479,published_in,7480
3480,published_in,7481
3481,published_in,7481
3482,published_in,7482
3483,published_in,7482
3484,published_in,7482
3485,published_in,7482
3486,published_in,7482
3487,published_in,7482
3488,published_in,7482
3489,published_in,7482
3490,published_in,7482
3491,published_in,7482
3492,published_in,7482
3493,published_in,7482
3494,published_in,7482
3495,published_in,7482
3496,published_in,7483
3497,published_in,7484
3498,published_in,7485
3499,published_in,7486
3500,published_in,7487
3501,published_in,7488
3502,published_in,7489
3503,published_in,7490
3504,published_in,7491
3505,published_in,7492
3506,published_in,7491
3507,published_in,7491
3508,published_in,7491
3509,published_in,7491
3510,published_in,7491
3511,published_in,7491
3512,published_in,7491
3513,published_in,7491
3514,published_in,7491
3515,published_in,7492
3516,published_in,7491
3517,published_in,7492
3518,published_in,7491
3519,published_in,7491
3520,published_in,7491
3521,published_in,7491
3522,published_in,7491
3523,published_in,7492
3524,published_in,7491
3525,published_in,7491
3526,published_in,7491
3527,published_in,7491
3528,published_in,7491
3529,published_in,7491
3530,published_in,7492
3531,published_in,7492
3532,published_in,7491
3533,published_in,7491
3534,published_in,7491
3535,published_in,7491
3536,published_in,7491
3537,published_in,7491
3538,published_in,7491
3539,published_in,7492
3540,published_in,7491
3541,published_in,7491
3542,published_in,7491
3543,published_in,7491
3544,published_in,7491
3545,published_in,7491
3546,published_in,7491
3547,published_in,7491
3548,published_in,7491
3549,published_in,7491
3550,published_in,7491
3551,published_in,7491
3552,published_in,7491
3553,published_in,7491
3554,published_in,7491
3555,published_in,7492
3556,published_in,7491
3557,published_in,7491
3558,published_in,7491
3559,published_in,7491
3560,published_in,7491
3561,published_in,7491
3562,published_in,7491
3563,published_in,7491
3564,published_in,7491
3565,published_in,7491
3566,published_in,7493
3567,published_in,7494
3568,published_in,7494
3569,published_in,7495
3570,published_in,7496
3571,published_in,7496
3572,published_in,7497
3573,published_in,7497
3574,published_in,7497
3575,published_in,7497
3576,published_in,7497
3577,published_in,7497
3578,published_in,7497
3579,published_in,7497
3580,published_in,7497
3581,published_in,7497
3582,published_in,7497
3583,published_in,7497
3584,published_in,7497
3585,published_in,7498
3586,published_in,7499
3587,published_in,7499
3588,published_in,7499
3589,published_in,7500
3590,published_in,7500
3591,published_in,7500
3592,published_in,7500
3593,published_in,7500
3594,published_in,7501
3595,published_in,7501
3596,published_in,7501
3597,published_in,7501
3598,published_in,7501
3599,published_in,7501
3600,published_in,7501
3601,published_in,7501
3602,published_in,7501
3603,published_in,7501
3604,published_in,7501
3605,published_in,7502
3606,published_in,7502
3607,published_in,7502
3608,published_in,7502
3609,published_in,7502
3610,published_in,7502
3611,published_in,7503
3612,published_in,7504
3613,published_in,7505
3614,published_in,7505
3615,published_in,7505
3616,published_in,7506
3617,published_in,7506
3618,published_in,7506
3619,published_in,7506
3620,published_in,7506
3621,published_in,7506
3622,published_in,7506
3623,published_in,7506
3624,published_in,7506
3625,published_in,7506
3626,published_in,7506
3627,published_in,7506
3628,published_in,7506
3629,published_in,7507
3630,published_in,7508
3631,published_in,7086
3632,published_in,7086
3633,published_in,7509
3634,published_in,7510
3635,published_in,7510
3636,published_in,7510
3637,published_in,7510
3638,published_in,7511
3639,published_in,7511
3640,published_in,7511
3641,published_in,7511
3642,published_in,7511
3643,published_in,7511
3644,published_in,7512
3645,published_in,7513
3646,published_in,7513
3647,published_in,7514
3648,published_in,7514
3649,published_in,7515
3650,published_in,7515
3651,published_in,7515
3652,published_in,7515
3653,published_in,7515
3654,published_in,7515
3655,published_in,7515
3656,published_in,7516
3657,published_in,7517
3658,published_in,7517
3659,published_in,7518
3660,published_in,7518
3661,published_in,7518
3662,published_in,7518
3663,published_in,7060
3664,published_in,7060
3665,published_in,7519
3666,published_in,7519
3667,published_in,7519
3668,published_in,7519
3669,published_in,7519
3670,published_in,7519
3671,published_in,7519
3672,published_in,7519
3673,published_in,7520
3674,published_in,7521
3675,published_in,7522
3676,published_in,7522
3677,published_in,7522
3678,published_in,7522
3679,published_in,7522
3680,published_in,7522
3681,published_in,7522
3682,published_in,7523
3683,published_in,7523
3684,published_in,7523
3685,published_in,7524
3686,published_in,7525
3687,published_in,7526
3688,published_in,7526
3689,published_in,7526
3690,published_in,7526
3691,published_in,7526
3692,published_in,7527
3693,published_in,7527
3694,published_in,7527
3695,published_in,7527
3696,published_in,7527
3697,published_in,7527
3698,published_in,7527
3699,published_in,7527
3700,published_in,7528
3701,published_in,7529
3702,published_in,7529
3703,published_in,7529
3704,published_in,7529
3705,published_in,7529
3706,published_in,7529
3707,published_in,7529
3708,published_in,7529
3709,published_in,7529
3710,published_in,7529
3711,published_in,7529
3712,published_in,7529
3713,published_in,7529
3714,published_in,7529
3715,published_in,7529
3716,published_in,7529
3717,published_in,7529
3718,published_in,7529
3719,published_in,7530
3720,published_in,7531
3721,published_in,7532
3722,published_in,7533
3723,published_in,7533
3724,published_in,7533
3725,published_in,7534
3726,published_in,7534
3727,published_in,7534
3728,published_in,7534
3729,published_in,7534
3730,published_in,7535
3731,published_in,7535
3732,published_in,7535
3733,published_in,7535
3734,published_in,7535
3735,published_in,7535
3736,published_in,7535
3737,published_in,7535
3738,published_in,7535
3739,published_in,7536
3740,published_in,7536
3741,published_in,7536
3742,published_in,7536
3743,published_in,6866
3744,published_in,7536
3745,published_in,7537
3746,published_in,7537
3747,published_in,7538
3748,published_in,7539
3749,published_in,7539
3750,published_in,7540
3751,published_in,7540
3752,published_in,7540
3753,published_in,7540
3754,published_in,7540
3755,published_in,7541
3756,published_in,7541
3757,published_in,7541
3758,published_in,7541
3759,published_in,7541
3760,published_in,7541
3761,published_in,7541
3762,published_in,7541
3763,published_in,7541
3764,published_in,7541
3765,published_in,7541
3766,published_in,7541
3767,published_in,7541
3768,published_in,7541
3769,published_in,7541
3770,published_in,7541
3771,published_in,7541
3772,published_in,7542
3773,published_in,7542
3774,published_in,7542
3775,published_in,7542
3776,published_in,7542
3777,published_in,7542
3778,published_in,7542
3779,published_in,7542
3780,published_in,7542
3781,published_in,7542
3782,published_in,7542
3783,published_in,7542
3784,published_in,7542
3785,published_in,7542
3786,published_in,7543
3787,published_in,7544
3788,published_in,7544
3789,published_in,7544
3790,published_in,7545
3791,published_in,7545
3792,published_in,7546
3793,published_in,7546
3794,published_in,7546
3795,published_in,7546
3796,published_in,7546
3797,published_in,7325
3798,published_in,6799
3799,published_in,7547
3800,published_in,7547
3801,published_in,7548
3802,published_in,7549
3803,published_in,7549
3804,published_in,7549
3805,published_in,7549
3806,published_in,7549
3807,published_in,7549
3808,published_in,7550
3809,published_in,7550
3810,published_in,7551
3811,published_in,7551
3812,published_in,7304
3813,published_in,7552
3814,published_in,7552
3815,published_in,7552
3816,published_in,7552
3817,published_in,7552
3818,published_in,7553
3819,published_in,7554
3820,published_in,7555
3821,published_in,7556
3822,published_in,7557
3823,published_in,7557
3824,published_in,7558
3825,published_in,7558
3826,published_in,7559
3827,published_in,7559
3828,published_in,6852
3829,published_in,6852
3830,published_in,6852
3831,published_in,6852
3832,published_in,6852
3833,published_in,6852
3834,published_in,6852
3835,published_in,6852
3836,published_in,7560
3837,published_in,7560
3838,published_in,7561
3839,published_in,7561
3840,published_in,7561
3841,published_in,7561
3842,published_in,7562
3843,published_in,7562
3844,published_in,7562
3845,published_in,7562
3846,published_in,7562
3847,published_in,7562
3848,published_in,7563
3849,published_in,7563
3850,published_in,7564
3851,published_in,7564
3852,published_in,7565
3853,published_in,7566
3854,published_in,7567
3855,published_in,7567
3856,published_in,7567
3857,published_in,7567
3858,published_in,7567
3859,published_in,7567
3860,published_in,7567
3861,published_in,7567
3862,published_in,7567
3863,published_in,7567
3864,published_in,7567
3865,published_in,7567
3866,published_in,7567
3867,published_in,7567
3868,published_in,7567
3869,published_in,7568
3870,published_in,7569
3871,published_in,7570
3872,published_in,7571
3873,published_in,7571
3874,published_in,7571
3875,published_in,7572
3876,published_in,7572
3877,published_in,6866
3878,published_in,7573
3879,published_in,7573
3880,published_in,7574
3881,published_in,7574
3882,published_in,7574
3883,published_in,7575
3884,published_in,7576
3885,published_in,7576
3886,published_in,7576
3887,published_in,7576
3888,published_in,7576
3889,published_in,7576
3890,published_in,7576
3891,published_in,7576
3892,published_in,7577
3893,published_in,7578
3894,published_in,7578
3895,published_in,7578
3896,published_in,7579
3897,published_in,7580
3898,published_in,7581
3899,published_in,7582
3900,published_in,7583
3901,published_in,7584
3902,published_in,7585
3903,published_in,7585
3904,published_in,7585
3905,published_in,7585
3906,published_in,7585
3907,published_in,7585
3908,published_in,7585
3909,published_in,7585
3910,published_in,7586
3911,published_in,7587
3912,published_in,7587
3913,published_in,7588
3914,published_in,7588
3915,published_in,7588
3916,published_in,7588
3917,published_in,7588
3918,published_in,7589
3919,published_in,7589
3920,published_in,7590
3921,published_in,7591
3922,published_in,7591
3923,published_in,7591
3924,published_in,7592
3925,published_in,7593
3926,published_in,7594
3927,published_in,7594
3928,published_in,7594
3929,published_in,7594
3930,published_in,7594
3931,published_in,7594
3932,published_in,7594
3933,published_in,7594
3934,published_in,7594
3935,published_in,7595
3936,published_in,7596
3937,published_in,7596
3938,published_in,7596
3939,published_in,7596
3940,published_in,7596
3941,published_in,7596
3942,published_in,7596
3943,published_in,7596
3944,published_in,7596
3945,published_in,7596
3946,published_in,7597
3947,published_in,7598
3948,published_in,7598
3949,published_in,7598
3950,published_in,7598
3951,published_in,7598
3952,published_in,7598
3953,published_in,7598
3954,published_in,7598
3955,published_in,7598
3956,published_in,7598
3957,published_in,7598
3958,published_in,7598
3959,published_in,7598
3960,published_in,7598
3961,published_in,7598
3962,published_in,7598
3963,published_in,7598
3964,published_in,7598
3965,published_in,7598
3966,published_in,7598
3967,published_in,7598
3968,published_in,7598
3969,published_in,7598
3970,published_in,7599
3971,published_in,7600
3972,published_in,7600
3973,published_in,7601
3974,published_in,7601
3975,published_in,7602
3976,published_in,7603
3977,published_in,7603
3978,published_in,7603
3979,published_in,7603
3980,published_in,7604
3981,published_in,7605
3982,published_in,7604
3983,published_in,7605
3984,published_in,7605
3985,published_in,7605
3986,published_in,7604
3987,published_in,7604
3988,published_in,7605
3989,published_in,7605
3990,published_in,7605
3991,published_in,7605
3992,published_in,7604
3993,published_in,7605
3994,published_in,7605
3995,published_in,7605
3996,published_in,7605
3997,published_in,7605
3998,published_in,7605
3999,published_in,7605
4000,published_in,7604
4001,published_in,7604
4002,published_in,7605
4003,published_in,7605
4004,published_in,7604
4005,published_in,7605
4006,published_in,7605
4007,published_in,7605
4008,published_in,7605
4009,published_in,7605
4010,published_in,7605
4011,published_in,7604
4012,published_in,7605
4013,published_in,7605
4014,published_in,7605
4015,published_in,7606
4016,published_in,7607
4017,published_in,7608
4018,published_in,7609
4019,published_in,7610
4020,published_in,7611
4021,published_in,7611
4022,published_in,7611
4023,published_in,7611
4024,published_in,7611
4025,published_in,7611
4026,published_in,7611
4027,published_in,7611
4028,published_in,7611
4029,published_in,7611
4030,published_in,7611
4031,published_in,7611
4032,published_in,7611
4033,published_in,7611
4034,published_in,7611
4035,published_in,7611
4036,published_in,7611
4037,published_in,7611
4038,published_in,7611
4039,published_in,7611
4040,published_in,7611
4041,published_in,7611
4042,published_in,7611
4043,published_in,7611
4044,published_in,7611
4045,published_in,7611
4046,published_in,7611
4047,published_in,7611
4048,published_in,7612
4049,published_in,7612
4050,published_in,7612
4051,published_in,7612
4052,published_in,7612
4053,published_in,7613
4054,published_in,7614
4055,published_in,7615
4056,published_in,7615
4057,published_in,7615
4058,published_in,7616
4059,published_in,7616
4060,published_in,7617
4061,published_in,7618
4062,published_in,7618
4063,published_in,7618
4064,published_in,7619
4065,published_in,7620
4066,published_in,7621
4067,published_in,7621
4068,published_in,7621
4069,published_in,7621
4070,published_in,7621
4071,published_in,7621
4072,published_in,7621
4073,published_in,7621
4074,published_in,7621
4075,published_in,7621
4076,published_in,7621
4077,published_in,7621
4078,published_in,7621
4079,published_in,7622
4080,published_in,7622
4081,published_in,7622
4082,published_in,7623
4083,published_in,7624
4084,published_in,7625
4085,published_in,7626
4086,published_in,7626
4087,published_in,7626
4088,published_in,7626
4089,published_in,7627
4090,published_in,7627
4091,published_in,7628
4092,published_in,7628
4093,published_in,7629
4094,published_in,7630
4095,published_in,7630
4096,published_in,7631
4097,published_in,7632
4098,published_in,7632
4099,published_in,7633
4100,published_in,7633
4101,published_in,7634
4102,published_in,7635
4103,published_in,7636
4104,published_in,7637
4105,published_in,7637
4106,published_in,7637
4107,published_in,7637
4108,published_in,7638
4109,published_in,7638
4110,published_in,7639
4111,published_in,7639
4112,published_in,7639
4113,published_in,7639
4114,published_in,7640
4115,published_in,7641
4116,published_in,7641
4117,published_in,7641
4118,published_in,7642
4119,published_in,7642
4120,published_in,7642
4121,published_in,7642
4122,published_in,7642
4123,published_in,7642
4124,published_in,7642
4125,published_in,7642
4126,published_in,7642
4127,published_in,7642
4128,published_in,7642
4129,published_in,7642
4130,published_in,7642
4131,published_in,7642
4132,published_in,7642
4133,published_in,7642
4134,published_in,7642
4135,published_in,7642
4136,published_in,7642
4137,published_in,7642
4138,published_in,7642
4139,published_in,7642
4140,published_in,7642
4141,published_in,7642
4142,published_in,7642
4143,published_in,7642
4144,published_in,7642
4145,published_in,7642
4146,published_in,7642
4147,published_in,7642
4148,published_in,7642
4149,published_in,7642
4150,published_in,7642
4151,published_in,7642
4152,published_in,7642
4153,published_in,7642
4154,published_in,7642
4155,published_in,7642
4156,published_in,7643
4157,published_in,7643
4158,published_in,7644
4159,published_in,7645
4160,published_in,7645
4161,published_in,7646
4162,published_in,7647
4163,published_in,7648
4164,published_in,7648
4165,published_in,7649
4166,published_in,7649
4167,published_in,7649
4168,published_in,7649
4169,published_in,7650
4170,published_in,7651
4171,published_in,7651
4172,published_in,7652
4173,published_in,7652
4174,published_in,7653
4175,published_in,7653
4176,published_in,7653
4177,published_in,7653
4178,published_in,7653
4179,published_in,7653
4180,published_in,7653
4181,published_in,7653
4182,published_in,7653
4183,published_in,7653
4184,published_in,7653
4185,published_in,7653
4186,published_in,7653
4187,published_in,7653
4188,published_in,7653
4189,published_in,7654
4190,published_in,7655
4191,published_in,7655
4192,published_in,7655
4193,published_in,7655
4194,published_in,7655
4195,published_in,7655
4196,published_in,7656
4197,published_in,7656
4198,published_in,7656
4199,published_in,7056
4200,published_in,7656
4201,published_in,7656
4202,published_in,7657
4203,published_in,7656
4204,published_in,7656
4205,published_in,7656
4206,published_in,7240
4207,published_in,7656
4208,published_in,7656
4209,published_in,7658
4210,published_in,7656
4211,published_in,7056
4212,published_in,7656
4213,published_in,7656
4214,published_in,7056
4215,published_in,7656
4216,published_in,7656
4217,published_in,7659
4218,published_in,7056
4219,published_in,7656
4220,published_in,7656
4221,published_in,7656
4222,published_in,7660
4223,published_in,7656
4224,published_in,7656
4225,published_in,7661
4226,published_in,7656
4227,published_in,7656
4228,published_in,7656
4229,published_in,7656
4230,published_in,7656
4231,published_in,7656
4232,published_in,7662
4233,published_in,7656
4234,published_in,7656
4235,published_in,7656
4236,published_in,7663
4237,published_in,7656
4238,published_in,7656
4239,published_in,7656
4240,published_in,7656
4241,published_in,7656
4242,published_in,7664
4243,published_in,7656
4244,published_in,7665
4245,published_in,7666
4246,published_in,7667
4247,published_in,7668
4248,published_in,6754
4249,published_in,6754
4250,published_in,7402
4251,published_in,7402
4252,published_in,7402
4253,published_in,7402
4254,published_in,7402
4255,published_in,7402
4256,published_in,7669
4257,published_in,7669
4258,published_in,7669
4259,published_in,7669
4260,published_in,7669
4261,published_in,7670
4262,published_in,7670
4263,published_in,7671
4264,published_in,7671
4265,published_in,7671
4266,published_in,7671
4267,published_in,7671
4268,published_in,7671
4269,published_in,7671
4270,published_in,7671
4271,published_in,7671
4272,published_in,7671
4273,published_in,7671
4274,published_in,7671
4275,published_in,7671
4276,published_in,7671
4277,published_in,7671
4278,published_in,7671
4279,published_in,7672
4280,published_in,7672
4281,published_in,7672
4282,published_in,7673
4283,published_in,7673
4284,published_in,7673
4285,published_in,7673
4286,published_in,7673
4287,published_in,7673
4288,published_in,7674
4289,published_in,7675
4290,published_in,7676
4291,published_in,7677
4292,published_in,7678
4293,published_in,7678
4294,published_in,7679
4295,published_in,7680
4296,published_in,7680
4297,published_in,7680
4298,published_in,7681
4299,published_in,7681
4300,published_in,7681
4301,published_in,7681
4302,published_in,7681
4303,published_in,7681
4304,published_in,7681
4305,published_in,7681
4306,published_in,7681
4307,published_in,7681
4308,published_in,7681
4309,published_in,7681
4310,published_in,7681
4311,published_in,7681
4312,published_in,7681
4313,published_in,7681
4314,published_in,7681
4315,published_in,7681
4316,published_in,7681
4317,published_in,7681
4318,published_in,7681
4319,published_in,7681
4320,published_in,7681
4321,published_in,7681
4322,published_in,7681
4323,published_in,7681
4324,published_in,7681
4325,published_in,7681
4326,published_in,7681
4327,published_in,7681
4328,published_in,7681
4329,published_in,7682
4330,published_in,7683
4331,published_in,7684
4332,published_in,7684
4333,published_in,7684
4334,published_in,7684
4335,published_in,7684
4336,published_in,7684
4337,published_in,7684
4338,published_in,7684
4339,published_in,7684
4340,published_in,7684
4341,published_in,7684
4342,published_in,7684
4343,published_in,7684
4344,published_in,7684
4345,published_in,7684
4346,published_in,7685
4347,published_in,7686
4348,published_in,7687
4349,published_in,7687
4350,published_in,7687
4351,published_in,7687
4352,published_in,7688
4353,published_in,7688
4354,published_in,7689
4355,published_in,7690
4356,published_in,7690
4357,published_in,7690
4358,published_in,7690
4359,published_in,7690
4360,published_in,7690
4361,published_in,7690
4362,published_in,7690
4363,published_in,7690
4364,published_in,7690
4365,published_in,7690
4366,published_in,7690
4367,published_in,7691
4368,published_in,7691
4369,published_in,7692
4370,published_in,7692
4371,published_in,7693
4372,published_in,7694
4373,published_in,7694
4374,published_in,7695
4375,published_in,7695
4376,published_in,7695
4377,published_in,7695
4378,published_in,7695
4379,published_in,7695
4380,published_in,7695
4381,published_in,7695
4382,published_in,7695
4383,published_in,7695
4384,published_in,7695
4385,published_in,7695
4386,published_in,7695
4387,published_in,7695
4388,published_in,7695
4389,published_in,7695
4390,published_in,7695
4391,published_in,7696
4392,published_in,7697
4393,published_in,7698
4394,published_in,7070
4395,published_in,7699
4396,published_in,7700
4397,published_in,7070
4398,published_in,7701
4399,published_in,7702
4400,published_in,7703
4401,published_in,7704
4402,published_in,7705
4403,published_in,7706
4404,published_in,7702
4405,published_in,7707
4406,published_in,7567
4407,published_in,7708
4408,published_in,7709
4409,published_in,7710
4410,published_in,7711
4411,published_in,7711
4412,published_in,7712
4413,published_in,7713
4414,published_in,7713
4415,published_in,7713
4416,published_in,7713
4417,published_in,7713
4418,published_in,7713
4419,published_in,7713
4420,published_in,7713
4421,published_in,7713
4422,published_in,7713
4423,published_in,7713
4424,published_in,7713
4425,published_in,7713
4426,published_in,7713
4427,published_in,7714
4428,published_in,7715
4429,published_in,7716
4430,published_in,7717
4431,published_in,7718
4432,published_in,7718
4433,published_in,7718
4434,published_in,7718
4435,published_in,7718
4436,published_in,7718
4437,published_in,7719
4438,published_in,7719
4439,published_in,7720
4440,published_in,7720
4441,published_in,7720
4442,published_in,7720
4443,published_in,7721
4444,published_in,7722
4445,published_in,7722
4446,published_in,7723
4447,published_in,7723
4448,published_in,7723
4449,published_in,7723
4450,published_in,7723
4451,published_in,7723
4452,published_in,7723
4453,published_in,7723
4454,published_in,7723
4455,published_in,7723
4456,published_in,7723
4457,published_in,7723
4458,published_in,7723
4459,published_in,7723
4460,published_in,7723
4461,published_in,7723
4462,published_in,7723
4463,published_in,7723
4464,published_in,7723
4465,published_in,7723
4466,published_in,7723
4467,published_in,7723
4468,published_in,7723
4469,published_in,7723
4470,published_in,7723
4471,published_in,7723
4472,published_in,7723
4473,published_in,7723
4474,published_in,7724
4475,published_in,7724
4476,published_in,7724
4477,published_in,7724
4478,published_in,7725
4479,published_in,7725
4480,published_in,7725
4481,published_in,7725
4482,published_in,7725
4483,published_in,7725
4484,published_in,7725
4485,published_in,7725
4486,published_in,7726
4487,published_in,7727
4488,published_in,7728
4489,published_in,7728
4490,published_in,7728
4491,published_in,7729
4492,published_in,7729
4493,published_in,7729
4494,published_in,7729
4495,published_in,7730
4496,published_in,7731
4497,published_in,7732
4498,published_in,7733
4499,published_in,7734
4500,published_in,7734
4501,published_in,7734
4502,published_in,7735
4503,published_in,7735
4504,published_in,7736
4505,published_in,7736
4506,published_in,7736
4507,published_in,7736
4508,published_in,7736
4509,published_in,7737
4510,published_in,7737
4511,published_in,7738
4512,published_in,7738
4513,published_in,7738
4514,published_in,7738
4515,published_in,7738
4516,published_in,7738
4517,published_in,7738
4518,published_in,7738
4519,published_in,7738
4520,published_in,7738
4521,published_in,7738
4522,published_in,7738
4523,published_in,7739
4524,published_in,7739
4525,published_in,7740
4526,published_in,7740
4527,published_in,7741
4528,published_in,7741
4529,published_in,7742
4530,published_in,7743
4531,published_in,7744
4532,published_in,7744
4533,published_in,7744
4534,published_in,7744
4535,published_in,7744
4536,published_in,7744
4537,published_in,7744
4538,published_in,7745
4539,published_in,7745
4540,published_in,7745
4541,published_in,7745
4542,published_in,7745
4543,published_in,7746
4544,published_in,7746
4545,published_in,7747
4546,published_in,7747
4547,published_in,7747
4548,published_in,7747
4549,published_in,7748
4550,published_in,7748
4551,published_in,7748
4552,published_in,7749
4553,published_in,7749
4554,published_in,7749
4555,published_in,7750
4556,published_in,7750
4557,published_in,7751
4558,published_in,7752
4559,published_in,7752
4560,published_in,7753
4561,published_in,7754
4562,published_in,7755
4563,published_in,7756
4564,published_in,7756
4565,published_in,7756
4566,published_in,7756
4567,published_in,7757
4568,published_in,7758
4569,published_in,7758
4570,published_in,7758
4571,published_in,7758
4572,published_in,7759
4573,published_in,7760
4574,published_in,7760
4575,published_in,7760
4576,published_in,7761
4577,published_in,7762
4578,published_in,7763
4579,published_in,7763
4580,published_in,7764
4581,published_in,7764
4582,published_in,7764
4583,published_in,7764
4584,published_in,7764
4585,published_in,7765
4586,published_in,7766
4587,published_in,7766
4588,published_in,7767
4589,published_in,7768
4590,published_in,7768
4591,published_in,7768
4592,published_in,7768
4593,published_in,7768
4594,published_in,7768
4595,published_in,7768
4596,published_in,7769
4597,published_in,7769
4598,published_in,7769
4599,published_in,7769
4600,published_in,7769
4601,published_in,7769
4602,published_in,7769
4603,published_in,7769
4604,published_in,7769
4605,published_in,7769
4606,published_in,7769
4607,published_in,7770
4608,published_in,7770
4609,published_in,7770
4610,published_in,7771
4611,published_in,7771
4612,published_in,7771
4613,published_in,7771
4614,published_in,7771
4615,published_in,7772
4616,published_in,7773
4617,published_in,7773
4618,published_in,7773
4619,published_in,7773
4620,published_in,7773
4621,published_in,7774
4622,published_in,7774
4623,published_in,7774
4624,published_in,7774
4625,published_in,7775
4626,published_in,7776
4627,published_in,7776
4628,published_in,7777
4629,published_in,7778
4630,published_in,7778
4631,published_in,7778
4632,published_in,7778
4633,published_in,7778
4634,published_in,7778
4635,published_in,7778
4636,published_in,7778
4637,published_in,7778
4638,published_in,7778
4639,published_in,7778
4640,published_in,7778
4641,published_in,7778
4642,published_in,7778
4643,published_in,7778
4644,published_in,7778
4645,published_in,7778
4646,published_in,7778
4647,published_in,7778
4648,published_in,7778
4649,published_in,7778
4650,published_in,7778
4651,published_in,7778
4652,published_in,7778
4653,published_in,7778
4654,published_in,7778
4655,published_in,7778
4656,published_in,7778
4657,published_in,7778
4658,published_in,7778
4659,published_in,7778
4660,published_in,7778
4661,published_in,7778
4662,published_in,7778
4663,published_in,7778
4664,published_in,7778
4665,published_in,7778
4666,published_in,7778
4667,published_in,7778
4668,published_in,7778
4669,published_in,7778
4670,published_in,7778
4671,published_in,7778
4672,published_in,7778
4673,published_in,7778
4674,published_in,7778
4675,published_in,7778
4676,published_in,7778
4677,published_in,7778
4678,published_in,7778
4679,published_in,7778
4680,published_in,7778
4681,published_in,7778
4682,published_in,7778
4683,published_in,7778
4684,published_in,7778
4685,published_in,7778
4686,published_in,7779
4687,published_in,7780
4688,published_in,7781
4689,published_in,7781
4690,published_in,7781
4691,published_in,7781
4692,published_in,7781
4693,published_in,7782
4694,published_in,7782
4695,published_in,7782
4696,published_in,7783
4697,published_in,7784
4698,published_in,7785
4699,published_in,7785
4700,published_in,7785
4701,published_in,7785
4702,published_in,7785
4703,published_in,7785
4704,published_in,7785
4705,published_in,7785
4706,published_in,7785
4707,published_in,7786
4708,published_in,7786
4709,published_in,7786
4710,published_in,7786
4711,published_in,7786
4712,published_in,7786
4713,published_in,7786
4714,published_in,7786
4715,published_in,7787
4716,published_in,7787
4717,published_in,7787
4718,published_in,7787
4719,published_in,7788
4720,published_in,7788
4721,published_in,7788
4722,published_in,7788
4723,published_in,7788
4724,published_in,7788
4725,published_in,7788
4726,published_in,7788
4727,published_in,7788
4728,published_in,7788
4729,published_in,7788
4730,published_in,7788
4731,published_in,7788
4732,published_in,7788
4733,published_in,7788
4734,published_in,7788
4735,published_in,7789
4736,published_in,7790
4737,published_in,7791
4738,published_in,7792
4739,published_in,7792
4740,published_in,7792
4741,published_in,7793
4742,published_in,7793
4743,published_in,7793
4744,published_in,7793
4745,published_in,7793
4746,published_in,7793
4747,published_in,7794
4748,published_in,7795
4749,published_in,7795
4750,published_in,7795
4751,published_in,7796
4752,published_in,7797
4753,published_in,7797
4754,published_in,7797
4755,published_in,7797
4756,published_in,7798
4757,published_in,7799
4758,published_in,7799
4759,published_in,7799
4760,published_in,7799
4761,published_in,7799
4762,published_in,7799
4763,published_in,7799
4764,published_in,7799
4765,published_in,7799
4766,published_in,7799
4767,published_in,7799
4768,published_in,7799
4769,published_in,7799
4770,published_in,7799
4771,published_in,7799
4772,published_in,7799
4773,published_in,7800
4774,published_in,7800
4775,published_in,7800
4776,published_in,7800
4777,published_in,7800
4778,published_in,7800
4779,published_in,7800
4780,published_in,7800
4781,published_in,7800
4782,published_in,7800
4783,published_in,7800
4784,published_in,7800
4785,published_in,7801
4786,published_in,7801
4787,published_in,7801
4788,published_in,7802
4789,published_in,7802
4790,published_in,7803
4791,published_in,7804
4792,published_in,7804
4793,published_in,7805
4794,published_in,7805
4795,published_in,7806
4796,published_in,7807
4797,published_in,7808
4798,published_in,7808
4799,published_in,7809
4800,published_in,7809
4801,published_in,7810
4802,published_in,7810
4803,published_in,7810
4804,published_in,7810
4805,published_in,7810
4806,published_in,7811
4807,published_in,7811
4808,published_in,7811
4809,published_in,7811
4810,published_in,7811
4811,published_in,7811
4812,published_in,7811
4813,published_in,7811
4814,published_in,7811
4815,published_in,7812
4816,published_in,7812
4817,published_in,7813
4818,published_in,7813
4819,published_in,7813
4820,published_in,7813
4821,published_in,7813
4822,published_in,7813
4823,published_in,7813
4824,published_in,7813
4825,published_in,7813
4826,published_in,7813
4827,published_in,7813
4828,published_in,7813
4829,published_in,7813
4830,published_in,7814
4831,published_in,7815
4832,published_in,7815
4833,published_in,7815
4834,published_in,7815
4835,published_in,7816
4836,published_in,7817
4837,published_in,7817
4838,published_in,7817
4839,published_in,7817
4840,published_in,7817
4841,published_in,7817
4842,published_in,7817
4843,published_in,7817
4844,published_in,7817
4845,published_in,7817
4846,published_in,7817
4847,published_in,7818
4848,published_in,7819
4849,published_in,7819
4850,published_in,7819
4851,published_in,7819
4852,published_in,7820
4853,published_in,7821
4854,published_in,7822
4855,published_in,7823
4856,published_in,7824
4857,published_in,7825
4858,published_in,7825
4859,published_in,7825
4860,published_in,7826
4861,published_in,7826
4862,published_in,7826
4863,published_in,7826
4864,published_in,7826
4865,published_in,7826
4866,published_in,7826
4867,published_in,7826
4868,published_in,7826
4869,published_in,7826
4870,published_in,7826
4871,published_in,7826
4872,published_in,7826
4873,published_in,7826
4874,published_in,7826
4875,published_in,7826
4876,published_in,7827
4877,published_in,7828
4878,published_in,7829
4879,published_in,7829
4880,published_in,7829
4881,published_in,7829
4882,published_in,7830
4883,published_in,7830
4884,published_in,7831
4885,published_in,7831
4886,published_in,7832
4887,published_in,7832
4888,published_in,7833
4889,published_in,7834
4890,published_in,7835
4891,published_in,7836
4892,published_in,7837
4893,published_in,7837
4894,published_in,7838
4895,published_in,7839
4896,published_in,7839
4897,published_in,7840
4898,published_in,7841
4899,published_in,7841
4900,published_in,7841
4901,published_in,7841
4902,published_in,7842
4903,published_in,7842
4904,published_in,7842
4905,published_in,7843
4906,published_in,7843
4907,published_in,7843
4908,published_in,7844
4909,published_in,7845
4910,published_in,7845
4911,published_in,7846
4912,published_in,7846
4913,published_in,7847
4914,published_in,7847
4915,published_in,7847
4916,published_in,7848
4917,published_in,7848
4918,published_in,7848
4919,published_in,7848
4920,published_in,7849
4921,published_in,7850
4922,published_in,7850
4923,published_in,7850
4924,published_in,7850
4925,published_in,7851
4926,published_in,7851
4927,published_in,7851
4928,published_in,7851
4929,published_in,7851
4930,published_in,7851
4931,published_in,7851
4932,published_in,7851
4933,published_in,7851
4934,published_in,7851
4935,published_in,7851
4936,published_in,7851
4937,published_in,7852
4938,published_in,7852
4939,published_in,7852
4940,published_in,7852
4941,published_in,7852
4942,published_in,7852
4943,published_in,7852
4944,published_in,7853
4945,published_in,7853
4946,published_in,7854
4947,published_in,7854
4948,published_in,7855
4949,published_in,7856
4950,published_in,7857
4951,published_in,7857
4952,published_in,7857
4953,published_in,7417
4954,published_in,7858
4955,published_in,7858
4956,published_in,7417
4957,published_in,7859
4958,published_in,7859
4959,published_in,7860
4960,published_in,7860
4961,published_in,7860
4962,published_in,7861
4963,published_in,7862
4964,published_in,7863
4965,published_in,7864
4966,published_in,7865
4967,published_in,7865
4968,published_in,7865
4969,published_in,7865
4970,published_in,7865
4971,published_in,7865
4972,published_in,7865
4973,published_in,7865
4974,published_in,7866
4975,published_in,7866
4976,published_in,7866
4977,published_in,7866
4978,published_in,7866
4979,published_in,7866
4980,published_in,7866
4981,published_in,7866
4982,published_in,7866
4983,published_in,7866
4984,published_in,7866
4985,published_in,7866
4986,published_in,7867
4987,published_in,7868
4988,published_in,7868
4989,published_in,7868
4990,published_in,7869
4991,published_in,7870
4992,published_in,7870
4993,published_in,7870
4994,published_in,7870
4995,published_in,7871
4996,published_in,7871
4997,published_in,7871
4998,published_in,7871
4999,published_in,7871
5000,published_in,7872
5001,published_in,7873
5002,published_in,7873
5003,published_in,7874
5004,published_in,7874
5005,published_in,7875
5006,published_in,7875
5007,published_in,7875
5008,published_in,7875
5009,published_in,7875
5010,published_in,7875
5011,published_in,7875
5012,published_in,7875
5013,published_in,7876
5014,published_in,7877
5015,published_in,7877
5016,published_in,7877
5017,published_in,7877
5018,published_in,7877
5019,published_in,7878
5020,published_in,7878
5021,published_in,7878
5022,published_in,7878
5023,published_in,7878
5024,published_in,7878
5025,published_in,7879
5026,published_in,7879
5027,published_in,7880
5028,published_in,7880
5029,published_in,7880
5030,published_in,7880
5031,published_in,7880
5032,published_in,7881
5033,published_in,7881
5034,published_in,7881
5035,published_in,7881
5036,published_in,7881
5037,published_in,7881
5038,published_in,7881
5039,published_in,7882
5040,published_in,7882
5041,published_in,7882
5042,published_in,7883
5043,published_in,7884
5044,published_in,7884
5045,published_in,7884
5046,published_in,7885
5047,published_in,7886
5048,published_in,7887
5049,published_in,7888
5050,published_in,7888
5051,published_in,7888
5052,published_in,7888
5053,published_in,7889
5054,published_in,7890
5055,published_in,7890
5056,published_in,7891
5057,published_in,7892
5058,published_in,7892
5059,published_in,7892
5060,published_in,7892
5061,published_in,7892
5062,published_in,7893
5063,published_in,7894
5064,published_in,7895
5065,published_in,7895
5066,published_in,7895
5067,published_in,7896
5068,published_in,7897
5069,published_in,7897
5070,published_in,7897
5071,published_in,7897
5072,published_in,7897
5073,published_in,7898
5074,published_in,7899
5075,published_in,7899
5076,published_in,7899
5077,published_in,7899
5078,published_in,7899
5079,published_in,7899
5080,published_in,7899
5081,published_in,7899
5082,published_in,7900
5083,published_in,7900
5084,published_in,7900
5085,published_in,7900
5086,published_in,7901
5087,published_in,7902
5088,published_in,7902
5089,published_in,7902
5090,published_in,7902
5091,published_in,7902
5092,published_in,7902
5093,published_in,7902
5094,published_in,7903
5095,published_in,7904
5096,published_in,7905
5097,published_in,7905
5098,published_in,7905
5099,published_in,7905
5100,published_in,7905
5101,published_in,7905
5102,published_in,7905
5103,published_in,7905
5104,published_in,7905
5105,published_in,7905
5106,published_in,7905
5107,published_in,7905
5108,published_in,7905
5109,published_in,7905
5110,published_in,7905
5111,published_in,7905
5112,published_in,7905
5113,published_in,7905
5114,published_in,7906
5115,published_in,7906
5116,published_in,7907
5117,published_in,7907
5118,published_in,7907
5119,published_in,7907
5120,published_in,7907
5121,published_in,7907
5122,published_in,7907
5123,published_in,7907
5124,published_in,7907
5125,published_in,7907
5126,published_in,7907
5127,published_in,7907
5128,published_in,7907
5129,published_in,7907
5130,published_in,7907
5131,published_in,7907
5132,published_in,7907
5133,published_in,7907
5134,published_in,7908
5135,published_in,7909
5136,published_in,7910
5137,published_in,7911
5138,published_in,7912
5139,published_in,7913
5140,published_in,7913
5141,published_in,7914
5142,published_in,7915
5143,published_in,7916
5144,published_in,7917
5145,published_in,7918
5146,published_in,7919
5147,published_in,7919
5148,published_in,7919
5149,published_in,7920
5150,published_in,7920
5151,published_in,7921
5152,published_in,7921
5153,published_in,7921
5154,published_in,7921
5155,published_in,7922
5156,published_in,7923
5157,published_in,7924
5158,published_in,7924
5159,published_in,7925
5160,published_in,7926
5161,published_in,7926
5162,published_in,7926
5163,published_in,7926
5164,published_in,7927
5165,published_in,7928
5166,published_in,7929
5167,published_in,7930
5168,published_in,7931
5169,published_in,7931
5170,published_in,7931
5171,published_in,7932
5172,published_in,7932
5173,published_in,7932
5174,published_in,7932
5175,published_in,7933
5176,published_in,7934
5177,published_in,7935
5178,published_in,7935
5179,published_in,7935
5180,published_in,7935
5181,published_in,7935
5182,published_in,7935
5183,published_in,7935
5184,published_in,7935
5185,published_in,7935
5186,published_in,7935
5187,published_in,7935
5188,published_in,7935
5189,published_in,7935
5190,published_in,7936
5191,published_in,7937
5192,published_in,7938
5193,published_in,7939
5194,published_in,7939
5195,published_in,7940
5196,published_in,7940
5197,published_in,7940
5198,published_in,7941
5199,published_in,7941
5200,published_in,7941
5201,published_in,7941
5202,published_in,7941
5203,published_in,7941
5204,published_in,7941
5205,published_in,7942
5206,published_in,7942
5207,published_in,7942
5208,published_in,7943
5209,published_in,7943
5210,published_in,7943
5211,published_in,7944
5212,published_in,7945
5213,published_in,7946
5214,published_in,7947
5215,published_in,7948
5216,published_in,7949
5217,published_in,7949
5218,published_in,7950
5219,published_in,7950
5220,published_in,7950
5221,published_in,7950
5222,published_in,7950
5223,published_in,7950
5224,published_in,7950
5225,published_in,7950
5226,published_in,7950
5227,published_in,7950
5228,published_in,7950
5229,published_in,7950
5230,published_in,7951
5231,published_in,7951
5232,published_in,7952
5233,published_in,7952
5234,published_in,7952
5235,published_in,7952
5236,published_in,7953
5237,published_in,7954
5238,published_in,7954
5239,published_in,7955
5240,published_in,7955
5241,published_in,7955
5242,published_in,7955
5243,published_in,7955
5244,published_in,7955
5245,published_in,7955
5246,published_in,7955
5247,published_in,7955
5248,published_in,7955
5249,published_in,7955
5250,published_in,7955
5251,published_in,7955
5252,published_in,7955
5253,published_in,7955
5254,published_in,7955
5255,published_in,7955
5256,published_in,7955
5257,published_in,7955
5258,published_in,7955
5259,published_in,7955
5260,published_in,7955
5261,published_in,7955
5262,published_in,7955
5263,published_in,7956
5264,published_in,7956
5265,published_in,7956
5266,published_in,7957
5267,published_in,7957
5268,published_in,7957
5269,published_in,7957
5270,published_in,7957
5271,published_in,7957
5272,published_in,7957
5273,published_in,7957
5274,published_in,7957
5275,published_in,7957
5276,published_in,7957
5277,published_in,7957
5278,published_in,7957
5279,published_in,7957
5280,published_in,7957
5281,published_in,7957
5282,published_in,7957
5283,published_in,7957
5284,published_in,7957
5285,published_in,7957
5286,published_in,7957
5287,published_in,7957
5288,published_in,7957
5289,published_in,7957
5290,published_in,7957
5291,published_in,7958
5292,published_in,7959
5293,published_in,7960
5294,published_in,7961
5295,published_in,7961
5296,published_in,7962
5297,published_in,7962
5298,published_in,7963
5299,published_in,7964
5300,published_in,7964
5301,published_in,7964
5302,published_in,7964
5303,published_in,7964
5304,published_in,7964
5305,published_in,7964
5306,published_in,7965
5307,published_in,7966
5308,published_in,7966
5309,published_in,7966
5310,published_in,7966
5311,published_in,7966
5312,published_in,7967
5313,published_in,7968
5314,published_in,7968
5315,published_in,7968
5316,published_in,7968
5317,published_in,7969
5318,published_in,7969
5319,published_in,7970
5320,published_in,7970
5321,published_in,7971
5322,published_in,7972
5323,published_in,7973
5324,published_in,7973
5325,published_in,7973
5326,published_in,7973
5327,published_in,7973
5328,published_in,7974
5329,published_in,7974
5330,published_in,7974
5331,published_in,7975
5332,published_in,7975
5333,published_in,7975
5334,published_in,7975
5335,published_in,7975
5336,published_in,7975
5337,published_in,7976
5338,published_in,7976
5339,published_in,7976
5340,published_in,7977
5341,published_in,7978
5342,published_in,7979
5343,published_in,7979
5344,published_in,7979
5345,published_in,7979
5346,published_in,7980
5347,published_in,7980
5348,published_in,7980
5349,published_in,7980
5350,published_in,7980
5351,published_in,7981
5352,published_in,7981
5353,published_in,7981
5354,published_in,7981
5355,published_in,7981
5356,published_in,7982
5357,published_in,7982
5358,published_in,7983
5359,published_in,7984
5360,published_in,7984
5361,published_in,7984
5362,published_in,7984
5363,published_in,7984
5364,published_in,7985
5365,published_in,7985
5366,published_in,7985
5367,published_in,7986
5368,published_in,7986
5369,published_in,7987
5370,published_in,7988
5371,published_in,7988
5372,published_in,7988
5373,published_in,7988
5374,published_in,7989
5375,published_in,7990
5376,published_in,7991
5377,published_in,7991
5378,published_in,7991
5379,published_in,7992
5380,published_in,7992
5381,published_in,7993
5382,published_in,7993
5383,published_in,7993
5384,published_in,7994
5385,published_in,7994
5386,published_in,7995
5387,published_in,7996
5388,published_in,7997
5389,published_in,7997
5390,published_in,7998
5391,published_in,7999
5392,published_in,8000
5393,published_in,8000
5394,published_in,8000
5395,published_in,8000
5396,published_in,8001
5397,published_in,8001
5398,published_in,8001
5399,published_in,8001
5400,published_in,8001
5401,published_in,8002
5402,published_in,8002
5403,published_in,8002
5404,published_in,8002
5405,published_in,8002
5406,published_in,8002
5407,published_in,8002
5408,published_in,8002
5409,published_in,8002
5410,published_in,8003
5411,published_in,8003
5412,published_in,8003
5413,published_in,8003
5414,published_in,8003
5415,published_in,8004
5416,published_in,8005
5417,published_in,8006
5418,published_in,8007
5419,published_in,8007
5420,published_in,8007
5421,published_in,8007
5422,published_in,8007
5423,published_in,8007
5424,published_in,8007
5425,published_in,8007
5426,published_in,8007
5427,published_in,8007
5428,published_in,8007
5429,published_in,8007
5430,published_in,8007
5431,published_in,8007
5432,published_in,8007
5433,published_in,8007
5434,published_in,8007
5435,published_in,8007
5436,published_in,8007
5437,published_in,8008
5438,published_in,8008
5439,published_in,8008
5440,published_in,8008
5441,published_in,8009
5442,published_in,8009
5443,published_in,8010
5444,published_in,8010
5445,published_in,8010
5446,published_in,8010
5447,published_in,8010
5448,published_in,8010
5449,published_in,8011
5450,published_in,8012
5451,published_in,8013
5452,published_in,8014
5453,published_in,8015
5454,published_in,8016
5455,published_in,8017
5456,published_in,8018
5457,published_in,8019
5458,published_in,8020
5459,published_in,8020
5460,published_in,8020
5461,published_in,8020
5462,published_in,8020
5463,published_in,8020
5464,published_in,8020
5465,published_in,8020
5466,published_in,8020
5467,published_in,8020
5468,published_in,8020
5469,published_in,8020
5470,published_in,8020
5471,published_in,8020
5472,published_in,8020
5473,published_in,8020
5474,published_in,8020
5475,published_in,8020
5476,published_in,8020
5477,published_in,8020
5478,published_in,8020
5479,published_in,8020
5480,published_in,8020
5481,published_in,8020
5482,published_in,8020
5483,published_in,8020
5484,published_in,8020
5485,published_in,8020
5486,published_in,8020
5487,published_in,8020
5488,published_in,8020
5489,published_in,8020
5490,published_in,8020
5491,published_in,8020
5492,published_in,8020
5493,published_in,8020
5494,published_in,8020
5495,published_in,8020
5496,published_in,8020
5497,published_in,8020
5498,published_in,8020
5499,published_in,8020
5500,published_in,8020
5501,published_in,8020
5502,published_in,8020
5503,published_in,8020
5504,published_in,8020
5505,published_in,8021
5506,published_in,8022
5507,published_in,8022
5508,published_in,8022
5509,published_in,8023
5510,published_in,8024
5511,published_in,8025
5512,published_in,8025
5513,published_in,8026
5514,published_in,8027
5515,published_in,8028
5516,published_in,8028
5517,published_in,8029
5518,published_in,8029
5519,published_in,8030
5520,published_in,8030
5521,published_in,8031
5522,published_in,8031
5523,published_in,8032
5524,published_in,8033
5525,published_in,8034
5526,published_in,8034
5527,published_in,8035
5528,published_in,8036
5529,published_in,8037
5530,published_in,8038
5531,published_in,8038
5532,published_in,8038
5533,published_in,8038
5534,published_in,8038
5535,published_in,8038
5536,published_in,8038
5537,published_in,8038
5538,published_in,8038
5539,published_in,8038
5540,published_in,8038
5541,published_in,8038
5542,published_in,8039
5543,published_in,8040
5544,published_in,8040
5545,published_in,8041
5546,published_in,8041
5547,published_in,8042
5548,published_in,8043
5549,published_in,8043
5550,published_in,8044
5551,published_in,8045
5552,published_in,8045
5553,published_in,8046
5554,published_in,8046
5555,published_in,8047
5556,published_in,8047
5557,published_in,8047
5558,published_in,8047
5559,published_in,8047
5560,published_in,8047
5561,published_in,8047
5562,published_in,8047
5563,published_in,8047
5564,published_in,8048
5565,published_in,8048
5566,published_in,8048
5567,published_in,8048
5568,published_in,8048
5569,published_in,8048
5570,published_in,8048
5571,published_in,8049
5572,published_in,8050
5573,published_in,8051
5574,published_in,8052
5575,published_in,8053
5576,published_in,8053
5577,published_in,8053
5578,published_in,8053
5579,published_in,8053
5580,published_in,8054
5581,published_in,8054
5582,published_in,8054
5583,published_in,8054
5584,published_in,8054
5585,published_in,8054
5586,published_in,8055
5587,published_in,8056
5588,published_in,8057
5589,published_in,8058
5590,published_in,8058
5591,published_in,8058
5592,published_in,8058
5593,published_in,8058
5594,published_in,8058
5595,published_in,8058
5596,published_in,8059
5597,published_in,8059
5598,published_in,8059
5599,published_in,8059
5600,published_in,8059
5601,published_in,8059
5602,published_in,8059
5603,published_in,8059
5604,published_in,8059
5605,published_in,8059
5606,published_in,8059
5607,published_in,8060
5608,published_in,8060
5609,published_in,8061
5610,published_in,8061
5611,published_in,8062
5612,published_in,8063
5613,published_in,8064
5614,published_in,8065
5615,published_in,8065
5616,published_in,8065
5617,published_in,8065
5618,published_in,8065
5619,published_in,8065
5620,published_in,8065
5621,published_in,8065
5622,published_in,8065
5623,published_in,8065
5624,published_in,8066
5625,published_in,8066
5626,published_in,8067
5627,published_in,8067
5628,published_in,8067
5629,published_in,8067
5630,published_in,8067
5631,published_in,8068
5632,published_in,8069
5633,published_in,8069
5634,published_in,8069
5635,published_in,8069
5636,published_in,8069
5637,published_in,8069
5638,published_in,8069
5639,published_in,8069
5640,published_in,8069
5641,published_in,8070
5642,published_in,8070
5643,published_in,8071
5644,published_in,8072
5645,published_in,8072
5646,published_in,8072
5647,published_in,8072
5648,published_in,8072
5649,published_in,8073
5650,published_in,8073
5651,published_in,8074
5652,published_in,8075
5653,published_in,8075
5654,published_in,8075
5655,published_in,8076
5656,published_in,8077
5657,published_in,8077
5658,published_in,8078
5659,published_in,8078
5660,published_in,8079
5661,published_in,8080
5662,published_in,8080
5663,published_in,8081
5664,published_in,8082
5665,published_in,8083
5666,published_in,8084
5667,published_in,8084
5668,published_in,8084
5669,published_in,8084
5670,published_in,8084
5671,published_in,8084
5672,published_in,8085
5673,published_in,8086
5674,published_in,8086
5675,published_in,8086
5676,published_in,8086
5677,published_in,8086
5678,published_in,8086
5679,published_in,8086
5680,published_in,8086
5681,published_in,8086
5682,published_in,8086
5683,published_in,8086
5684,published_in,8086
5685,published_in,8086
5686,published_in,8086
5687,published_in,8086
5688,published_in,8086
5689,published_in,8086
5690,published_in,8086
5691,published_in,8086
5692,published_in,8086
5693,published_in,8086
5694,published_in,8086
5695,published_in,8086
5696,published_in,8086
5697,published_in,8087
5698,published_in,8088
5699,published_in,8088
5700,published_in,8088
5701,published_in,8089
5702,published_in,8090
5703,published_in,8091
5704,published_in,8092
5705,published_in,8093
5706,published_in,8094
5707,published_in,8094
5708,published_in,8094
5709,published_in,8094
5710,published_in,8094
5711,published_in,8095
5712,published_in,8095
5713,published_in,8095
5714,published_in,8095
5715,published_in,8095
5716,published_in,8095
5717,published_in,8095
5718,published_in,8095
5719,published_in,8095
5720,published_in,8095
5721,published_in,8095
5722,published_in,8096
5723,published_in,8096
5724,published_in,8097
5725,published_in,8098
5726,published_in,8099
5727,published_in,8099
5728,published_in,8099
5729,published_in,8099
5730,published_in,8099
5731,published_in,8099
5732,published_in,8099
5733,published_in,8099
5734,published_in,8099
5735,published_in,8099
5736,published_in,8099
5737,published_in,8099
5738,published_in,8099
5739,published_in,8099
5740,published_in,8099
5741,published_in,8099
5742,published_in,8099
5743,published_in,8099
5744,published_in,8099
5745,published_in,8100
5746,published_in,8100
5747,published_in,8101
5748,published_in,8101
5749,published_in,8102
5750,published_in,8102
5751,published_in,8103
5752,published_in,8103
5753,published_in,8104
5754,published_in,8105
5755,published_in,8106
5756,published_in,8106
5757,published_in,8106
5758,published_in,8106
5759,published_in,8106
5760,published_in,8106
5761,published_in,8107
5762,published_in,8107
5763,published_in,8108
5764,published_in,8109
5765,published_in,8110
5766,published_in,8110
5767,published_in,8110
5768,published_in,8110
5769,published_in,8110
5770,published_in,8110
5771,published_in,8110
5772,published_in,8110
5773,published_in,8110
5774,published_in,8111
5775,published_in,8111
5776,published_in,8111
5777,published_in,8111
5778,published_in,8111
5779,published_in,8111
5780,published_in,8112
5781,published_in,8112
5782,published_in,8112
5783,published_in,8112
5784,published_in,8112
5785,published_in,8112
5786,published_in,8113
5787,published_in,8114
5788,published_in,8115
5789,published_in,8116
5790,published_in,8116
5791,published_in,8116
5792,published_in,8116
5793,published_in,8117
5794,published_in,8117
5795,published_in,8117
5796,published_in,8117
5797,published_in,8117
5798,published_in,8117
5799,published_in,8117
5800,published_in,8117
5801,published_in,8118
5802,published_in,8118
5803,published_in,8119
5804,published_in,8120
5805,published_in,8120
5806,published_in,8121
5807,published_in,8122
5808,published_in,8123
5809,published_in,8123
5810,published_in,8123
5811,published_in,8123
5812,published_in,8123
5813,published_in,8123
5814,published_in,8123
5815,published_in,8123
5816,published_in,8123
5817,published_in,8123
5818,published_in,8123
5819,published_in,8123
5820,published_in,8123
5821,published_in,8123
5822,published_in,8123
5823,published_in,8123
5824,published_in,8123
5825,published_in,8123
5826,published_in,8123
5827,published_in,8123
5828,published_in,8123
5829,published_in,8123
5830,published_in,8123
5831,published_in,8123
5832,published_in,8123
5833,published_in,8123
5834,published_in,8123
5835,published_in,8123
5836,published_in,8123
5837,published_in,8123
5838,published_in,8123
5839,published_in,8123
5840,published_in,8123
5841,published_in,8123
5842,published_in,8123
5843,published_in,8123
5844,published_in,8123
5845,published_in,8123
5846,published_in,7791
5847,published_in,8124
5848,published_in,8125
5849,published_in,8125
5850,published_in,8125
5851,published_in,8126
5852,published_in,8126
5853,published_in,8127
5854,published_in,8127
5855,published_in,8128
5856,published_in,8129
5857,published_in,8129
5858,published_in,8129
5859,published_in,8129
5860,published_in,8129
5861,published_in,8129
5862,published_in,8129
5863,published_in,8129
5864,published_in,8129
5865,published_in,8129
5866,published_in,8129
5867,published_in,8130
5868,published_in,8130
5869,published_in,8130
5870,published_in,8131
5871,published_in,8132
5872,published_in,8133
5873,published_in,8133
5874,published_in,8133
5875,published_in,8134
5876,published_in,8134
5877,published_in,8134
5878,published_in,8135
5879,published_in,8136
5880,published_in,8137
5881,published_in,8138
5882,published_in,8139
5883,published_in,8140
5884,published_in,8140
5885,published_in,8140
5886,published_in,8140
5887,published_in,8140
5888,published_in,8140
5889,published_in,8140
5890,published_in,8140
5891,published_in,8140
5892,published_in,8140
5893,published_in,8140
5894,published_in,8140
5895,published_in,8140
5896,published_in,8140
5897,published_in,8140
5898,published_in,8140
5899,published_in,8140
5900,published_in,8140
5901,published_in,8140
5902,published_in,8140
5903,published_in,8140
5904,published_in,8140
5905,published_in,8140
5906,published_in,8140
5907,published_in,8140
5908,published_in,8140
5909,published_in,8140
5910,published_in,8140
5911,published_in,8140
5912,published_in,8140
5913,published_in,8140
5914,published_in,8140
5915,published_in,8140
5916,published_in,8140
5917,published_in,8140
5918,published_in,8140
5919,published_in,8140
5920,published_in,8140
5921,published_in,8140
5922,published_in,8140
5923,published_in,8140
5924,published_in,8140
5925,published_in,8140
5926,published_in,8140
5927,published_in,8140
5928,published_in,8140
5929,published_in,8140
5930,published_in,8140
5931,published_in,8140
5932,published_in,8140
5933,published_in,8140
5934,published_in,8140
5935,published_in,8140
5936,published_in,8140
5937,published_in,8140
5938,published_in,8140
5939,published_in,8140
5940,published_in,8140
5941,published_in,8140
5942,published_in,8140
5943,published_in,8140
5944,published_in,8140
5945,published_in,8140
5946,published_in,8140
5947,published_in,8140
5948,published_in,8140
5949,published_in,8140
5950,published_in,8140
5951,published_in,8140
5952,published_in,8140
5953,published_in,8140
5954,published_in,8140
5955,published_in,8140
5956,published_in,8140
5957,published_in,8140
5958,published_in,8140
5959,published_in,8140
5960,published_in,8140
5961,published_in,8140
5962,published_in,8140
5963,published_in,8140
5964,published_in,8140
5965,published_in,8140
5966,published_in,8140
5967,published_in,8140
5968,published_in,8140
5969,published_in,8140
5970,published_in,8140
5971,published_in,8140
5972,published_in,8140
5973,published_in,8140
5974,published_in,8140
5975,published_in,8140
5976,published_in,8140
5977,published_in,8140
5978,published_in,8140
5979,published_in,8140
5980,published_in,8140
5981,published_in,8140
5982,published_in,8140
5983,published_in,8140
5984,published_in,8140
5985,published_in,8140
5986,published_in,8140
5987,published_in,8140
5988,published_in,8140
5989,published_in,8140
5990,published_in,8140
5991,published_in,8140
5992,published_in,8140
5993,published_in,8140
5994,published_in,8140
5995,published_in,8140
5996,published_in,8140
5997,published_in,8140
5998,published_in,8140
5999,published_in,8140
6000,published_in,8140
6001,published_in,8140
6002,published_in,8140
6003,published_in,8140
6004,published_in,8140
6005,published_in,8140
6006,published_in,8140
6007,published_in,8140
6008,published_in,8140
6009,published_in,8140
6010,published_in,8140
6011,published_in,8140
6012,published_in,8140
6013,published_in,8140
6014,published_in,8140
6015,published_in,8140
6016,published_in,8140
6017,published_in,8140
6018,published_in,8140
6019,published_in,8140
6020,published_in,8140
6021,published_in,8140
6022,published_in,8140
6023,published_in,8140
6024,published_in,8140
6025,published_in,8140
6026,published_in,8140
6027,published_in,8140
6028,published_in,8140
6029,published_in,8140
6030,published_in,8140
6031,published_in,8140
6032,published_in,8140
6033,published_in,8140
6034,published_in,8140
6035,published_in,8140
6036,published_in,8140
6037,published_in,8140
6038,published_in,8140
6039,published_in,8140
6040,published_in,8140
6041,published_in,8140
6042,published_in,8140
6043,published_in,8140
6044,published_in,8140
6045,published_in,8140
6046,published_in,8140
6047,published_in,8140
6048,published_in,8140
6049,published_in,8140
6050,published_in,8140
6051,published_in,8140
6052,published_in,8140
6053,published_in,8140
6054,published_in,8140
6055,published_in,8140
6056,published_in,8140
6057,published_in,8140
6058,published_in,8140
6059,published_in,8140
6060,published_in,8140
6061,published_in,8140
6062,published_in,8140
6063,published_in,8140
6064,published_in,8140
6065,published_in,8140
6066,published_in,8140
6067,published_in,8140
6068,published_in,8140
6069,published_in,8140
6070,published_in,8140
6071,published_in,8140
6072,published_in,8140
6073,published_in,8140
6074,published_in,8140
6075,published_in,8140
6076,published_in,8140
6077,published_in,8140
6078,published_in,8140
6079,published_in,8140
6080,published_in,8140
6081,published_in,8140
6082,published_in,8140
6083,published_in,8140
6084,published_in,8140
6085,published_in,8140
6086,published_in,8140
6087,published_in,8140
6088,published_in,8140
6089,published_in,8140
6090,published_in,8140
6091,published_in,8140
6092,published_in,8140
6093,published_in,8140
6094,published_in,8140
6095,published_in,8140
6096,published_in,8140
6097,published_in,8140
6098,published_in,8140
6099,published_in,8140
6100,published_in,8140
6101,published_in,8140
6102,published_in,8140
6103,published_in,8140
6104,published_in,8140
6105,published_in,8140
6106,published_in,8140
6107,published_in,8140
6108,published_in,8140
6109,published_in,8140
6110,published_in,8140
6111,published_in,8140
6112,published_in,8140
6113,published_in,8140
6114,published_in,8140
6115,published_in,8140
6116,published_in,8140
6117,published_in,8140
6118,published_in,8140
6119,published_in,8140
6120,published_in,8140
6121,published_in,8140
6122,published_in,8140
6123,published_in,8140
6124,published_in,8140
6125,published_in,8140
6126,published_in,8140
6127,published_in,8140
6128,published_in,8140
6129,published_in,8140
6130,published_in,8140
6131,published_in,8140
6132,published_in,8140
6133,published_in,8140
6134,published_in,8140
6135,published_in,8140
6136,published_in,8140
6137,published_in,8140
6138,published_in,8140
6139,published_in,8140
6140,published_in,8140
6141,published_in,8140
6142,published_in,8140
6143,published_in,8140
6144,published_in,8140
6145,published_in,8140
6146,published_in,8140
6147,published_in,8140
6148,published_in,8140
6149,published_in,8140
6150,published_in,8140
6151,published_in,8140
6152,published_in,8140
6153,published_in,8140
6154,published_in,8140
6155,published_in,8140
6156,published_in,8140
6157,published_in,8140
6158,published_in,8140
6159,published_in,8140
6160,published_in,8140
6161,published_in,8140
6162,published_in,8140
6163,published_in,8140
6164,published_in,8140
6165,published_in,8140
6166,published_in,8140
6167,published_in,8140
6168,published_in,8140
6169,published_in,8140
6170,published_in,8140
6171,published_in,8140
6172,published_in,8140
6173,published_in,8140
6174,published_in,8140
6175,published_in,8140
6176,published_in,8140
6177,published_in,8140
6178,published_in,8140
6179,published_in,8140
6180,published_in,8140
6181,published_in,8140
6182,published_in,8140
6183,published_in,8140
6184,published_in,8140
6185,published_in,8140
6186,published_in,8140
6187,published_in,8140
6188,published_in,8140
6189,published_in,8140
6190,published_in,8140
6191,published_in,8140
6192,published_in,8140
6193,published_in,8140
6194,published_in,8140
6195,published_in,8140
6196,published_in,8140
6197,published_in,8140
6198,published_in,8140
6199,published_in,8140
6200,published_in,8140
6201,published_in,8140
6202,published_in,8140
6203,published_in,8140
6204,published_in,8140
6205,published_in,8140
6206,published_in,8140
6207,published_in,8140
6208,published_in,8140
6209,published_in,8140
6210,published_in,8140
6211,published_in,8140
6212,published_in,8140
6213,published_in,8140
6214,published_in,8140
6215,published_in,8140
6216,published_in,8140
6217,published_in,8140
6218,published_in,8140
6219,published_in,8140
6220,published_in,8140
6221,published_in,8140
6222,published_in,8140
6223,published_in,8140
6224,published_in,8140
6225,published_in,8140
6226,published_in,8140
6227,published_in,8140
6228,published_in,8140
6229,published_in,8140
6230,published_in,8140
6231,published_in,8140
6232,published_in,8140
6233,published_in,8140
6234,published_in,8140
6235,published_in,8140
6236,published_in,8140
6237,published_in,8140
6238,published_in,8140
6239,published_in,8140
6240,published_in,8140
6241,published_in,8140
6242,published_in,8140
6243,published_in,8140
6244,published_in,8140
6245,published_in,8140
6246,published_in,8140
6247,published_in,8140
6248,published_in,8140
6249,published_in,8140
6250,published_in,8140
6251,published_in,8140
6252,published_in,8140
6253,published_in,8140
6254,published_in,8140
6255,published_in,8140
6256,published_in,8140
6257,published_in,8140
6258,published_in,8140
6259,published_in,8140
6260,published_in,8140
6261,published_in,8140
6262,published_in,8140
6263,published_in,8140
6264,published_in,8140
6265,published_in,8140
6266,published_in,8140
6267,published_in,8140
6268,published_in,8140
6269,published_in,8140
6270,published_in,8140
6271,published_in,8140
6272,published_in,8140
6273,published_in,8140
6274,published_in,8140
6275,published_in,8140
6276,published_in,8140
6277,published_in,8140
6278,published_in,8140
6279,published_in,8140
6280,published_in,8140
6281,published_in,8140
6282,published_in,8140
6283,published_in,8140
6284,published_in,8140
6285,published_in,8140
6286,published_in,8140
6287,published_in,8140
6288,published_in,8140
6289,published_in,8140
6290,published_in,8140
6291,published_in,8140
6292,published_in,8140
6293,published_in,8140
6294,published_in,8140
6295,published_in,8140
6296,published_in,8140
6297,published_in,8140
6298,published_in,8140
6299,published_in,8140
6300,published_in,8140
6301,published_in,8140
6302,published_in,8140
6303,published_in,8140
6304,published_in,8140
6305,published_in,8140
6306,published_in,8140
6307,published_in,8140
6308,published_in,8140
6309,published_in,8140
6310,published_in,8140
6311,published_in,8140
6312,published_in,8140
6313,published_in,8140
6314,published_in,8140
6315,published_in,8140
6316,published_in,8140
6317,published_in,8140
6318,published_in,8140
6319,published_in,8140
6320,published_in,8140
6321,published_in,8140
6322,published_in,8140
6323,published_in,8140
6324,published_in,8140
6325,published_in,8140
6326,published_in,8140
6327,published_in,8140
6328,published_in,8140
6329,published_in,8140
6330,published_in,8140
6331,published_in,8140
6332,published_in,8140
6333,published_in,8140
6334,published_in,8140
6335,published_in,8140
6336,published_in,8140
6337,published_in,8140
6338,published_in,8140
6339,published_in,8140
6340,published_in,8140
6341,published_in,8140
6342,published_in,8140
6343,published_in,8140
6344,published_in,8140
6345,published_in,8140
6346,published_in,8140
6347,published_in,8140
6348,published_in,8140
6349,published_in,8140
6350,published_in,8140
6351,published_in,8140
6352,published_in,8140
6353,published_in,8140
6354,published_in,8140
6355,published_in,8140
6356,published_in,8140
6357,published_in,8140
6358,published_in,8140
6359,published_in,8140
6360,published_in,8140
6361,published_in,8140
6362,published_in,8140
6363,published_in,8140
6364,published_in,8140
6365,published_in,8140
6366,published_in,8140
6367,published_in,8140
6368,published_in,8140
6369,published_in,8140
6370,published_in,8140
6371,published_in,8140
6372,published_in,8140
6373,published_in,8140
6374,published_in,8140
6375,published_in,8140
6376,published_in,8140
6377,published_in,8140
6378,published_in,8140
6379,published_in,8140
6380,published_in,8140
6381,published_in,8140
6382,published_in,8140
6383,published_in,8140
6384,published_in,8140
6385,published_in,8140
6386,published_in,8140
6387,published_in,8140
6388,published_in,8140
6389,published_in,8140
6390,published_in,8140
6391,published_in,8140
6392,published_in,8140
6393,published_in,8140
6394,published_in,8140
6395,published_in,8140
6396,published_in,8140
6397,published_in,8140
6398,published_in,8140
6399,published_in,8140
6400,published_in,8140
6401,published_in,8140
6402,published_in,8140
6403,published_in,8140
6404,published_in,8140
6405,published_in,8140
6406,published_in,8140
6407,published_in,8140
6408,published_in,8140
6409,published_in,8140
6410,published_in,8140
6411,published_in,8140
6412,published_in,8140
6413,published_in,8140
6414,published_in,8140
6415,published_in,8140
6416,published_in,8140
6417,published_in,8140
6418,published_in,8140
6419,published_in,8140
6420,published_in,8140
6421,published_in,8140
6422,published_in,8140
6423,published_in,8140
6424,published_in,8140
6425,published_in,8140
6426,published_in,8140
6427,published_in,8140
6428,published_in,8140
6429,published_in,8140
6430,published_in,8140
6431,published_in,8140
6432,published_in,8140
6433,published_in,8140
6434,published_in,8140
6435,published_in,8140
6436,published_in,8140
6437,published_in,8140
6438,published_in,8140
6439,published_in,8140
6440,published_in,8140
6441,published_in,8140
6442,published_in,8140
6443,published_in,8140
6444,published_in,8140
6445,published_in,8140
6446,published_in,8140
6447,published_in,8140
6448,published_in,8140
6449,published_in,8140
6450,published_in,8140
6451,published_in,8140
6452,published_in,8140
6453,published_in,8140
6454,published_in,8140
6455,published_in,8140
6456,published_in,8140
6457,published_in,8140
6458,published_in,8140
6459,published_in,8140
6460,published_in,8140
6461,published_in,8140
6462,published_in,8140
6463,published_in,8140
6464,published_in,8140
6465,published_in,8140
6466,published_in,8140
6467,published_in,8140
6468,published_in,8140
6469,published_in,8140
6470,published_in,8140
6471,published_in,8140
6472,published_in,8140
6473,published_in,8140
6474,published_in,8140
6475,published_in,8140
6476,published_in,8140
6477,published_in,8140
6478,published_in,8140
6479,published_in,8140
6480,published_in,8140
6481,published_in,8140
6482,published_in,8140
6483,published_in,8140
6484,published_in,8140
6485,published_in,8140
6486,published_in,8140
6487,published_in,8140
6488,published_in,8140
6489,published_in,8140
6490,published_in,8140
6491,published_in,8140
6492,published_in,8140
6493,published_in,8140
6494,published_in,8140
6495,published_in,8140
6496,published_in,8140
6497,published_in,8140
6498,published_in,8140
6499,published_in,8140
6500,published_in,8140
6501,published_in,8140
6502,published_in,8140
6503,published_in,8140
6504,published_in,8140
6505,published_in,8140
6506,published_in,8140
6507,published_in,8140
6508,published_in,8140
6509,published_in,8140
6510,published_in,8140
6511,published_in,8140
6512,published_in,8140
6513,published_in,8140
6514,published_in,8140
6515,published_in,8140
6516,published_in,8140
6517,published_in,8140
6518,published_in,8140
6519,published_in,8140
6520,published_in,8140
6521,published_in,8140
6522,published_in,8140
6523,published_in,8140
6524,published_in,8140
6525,published_in,8140
6526,published_in,8140
6527,published_in,8140
6528,published_in,8141
6529,published_in,8140
6530,published_in,8140
6531,published_in,8140
6532,published_in,8140
6533,published_in,8140
6534,published_in,8140
6535,published_in,8140
6536,published_in,8140
6537,published_in,8140
6538,published_in,8142
6539,published_in,8142
6540,published_in,8143
6541,published_in,8144
6542,published_in,8144
6543,published_in,8144
6544,published_in,8144
6545,published_in,8144
6546,published_in,8144
6547,published_in,8145
6548,published_in,8146
6549,published_in,8147
6550,published_in,8148
6551,published_in,6746
6552,published_in,8149
6553,published_in,8149
6554,published_in,8149
6555,published_in,6751
6556,published_in,8150
6557,published_in,6751
6558,published_in,8151
6559,published_in,8152
6560,published_in,8153
6561,published_in,8153
6562,published_in,8153
6563,published_in,8153
6564,published_in,8154
6565,published_in,8155
6566,published_in,8156
6567,published_in,6751
6568,published_in,8156
6569,published_in,8157
6570,published_in,6751
6571,published_in,8158
6572,published_in,8159
6573,published_in,8160
6574,published_in,8161
6575,published_in,8161
6576,published_in,8162
6577,published_in,8162
6578,published_in,8163
6579,published_in,8164
6580,published_in,8165
6581,published_in,8166
6582,published_in,8167
6584,published_in,8168
6585,published_in,8169
6589,published_in,8170
6592,published_in,8170
6595,published_in,8170
6596,published_in,8171
6601,published_in,8172
6605,published_in,8173
6606,published_in,8174
6607,published_in,8175
6608,published_in,8176
6609,published_in,8176
6610,published_in,8175
6611,published_in,8176
6612,published_in,8175
6613,published_in,8175
6614,published_in,8177
6615,published_in,8178
6616,published_in,8179
6617,published_in,8176
6618,published_in,8178
6619,published_in,8176
6620,published_in,8176
6621,published_in,8175
6622,published_in,8178
6623,published_in,8178
6624,published_in,8180
6625,published_in,8181
6626,published_in,8182
6627,published_in,8183
6730,published_in,8184
6731,published_in,8184
6732,published_in,8184
6733,published_in,8184
6734,published_in,8184
6735,published_in,8184
6736,published_in,8184
6737,published_in,8184
6738,published_in,8184
6739,published_in,8184
