node_id,node_type,label,original_uri
0,author,Ulrich Wechselberger,https://dblp.org/pid/52/7395
1,author,Christian Schmidt,https://dblp.org/pid/52/3346-15
2,author,Harald Selke,https://dblp.org/pid/53/3909
3,author,Patrick Briest,https://dblp.org/pid/53/4856
4,author,Tobias Schumacher,https://dblp.org/pid/96/1876-1
5,author,Peter Stadler,https://dblp.org/pid/32/10911-1
6,author,Christian Koldewey,https://dblp.org/pid/319/8710
7,author,Stefan Böttcher,https://dblp.org/pid/b/StBottcher
8,author,Michael Baumann,https://dblp.org/pid/86/4463-2
9,author,Yasemin Acar,https://dblp.org/pid/132/9687
10,author,Diego Moussallem,https://dblp.org/pid/168/1542
11,author,Christian Schulz,https://dblp.org/pid/320/6059
12,author,Hongwei Zhang,https://dblp.org/pid/27/5935-4
13,author,Thomas D. Kühne,https://dblp.org/pid/169/3113
14,author,Marc Landmann,https://dblp.org/pid/133/9707
15,author,Uwe Gerstmann,https://dblp.org/pid/133/9755
16,author,Wolf Gero Schmidt,https://dblp.org/pid/128/3388
17,author,Martin Rohrmüller,https://dblp.org/pid/128/3400
18,author,Tobias Isenberg,https://dblp.org/pid/i/TobiasIsenberg2
19,author,Karl-Heinz Indlekofer,https://dblp.org/pid/93/4106
20,author,Christian Soltenborn,https://dblp.org/pid/50/6546
21,author,Thomas Berger,https://dblp.org/pid/50/146-4
22,author,Bernd Kleinjohann,https://dblp.org/pid/00/2717
23,author,Jens Weber,https://dblp.org/pid/117/6974-1
24,author,Martina Eikel,https://dblp.org/pid/48/8997
25,author,Michael Schmidt,https://dblp.org/pid/48/3452-11
26,author,Johannes Magenheim,https://dblp.org/pid/48/4209
27,author,Rita Hartel,https://dblp.org/pid/48/5080
28,author,Vu-Linh Nguyen,https://dblp.org/pid/164/2698
29,author,Reinhold Häb-Umbach,https://dblp.org/pid/88/6542
30,author,Martin Bauer,https://dblp.org/pid/62/4807-8
31,author,Philipp Adelt,https://dblp.org/pid/62/782
32,author,Hassan Ghasemzadeh Mohammadi,https://dblp.org/pid/62/6023-2
33,author,Georg Schneider,https://dblp.org/pid/s/GeorgSchneider5
34,author,Tim Schattkowsky,https://dblp.org/pid/s/TimSchattkowsky
35,author,Adrian Slowik,https://dblp.org/pid/s/AdrianSlowik
36,author,Christian Scheideler,https://dblp.org/pid/s/ChristianScheideler
37,author,Mohammad Soleymani,https://dblp.org/pid/s/MohammadSoleymani-2
38,author,Verena Wolf,https://dblp.org/pid/315/0981-2
39,author,Christoph Rasche,https://dblp.org/pid/315/0793-2
40,author,Patricia Arias Cabarcos,https://dblp.org/pid/13/8970
41,author,Daniel Müller,https://dblp.org/pid/13/204-6
42,author,Mohamed Ahmed Sherif,https://dblp.org/pid/145/1160
43,author,Ansgar Trächtler,https://dblp.org/pid/25/7857
44,author,Markus Becker,https://dblp.org/pid/63/4934-1
45,author,Gareth T. Davies,https://dblp.org/pid/134/7582
46,author,Hans Kleine Büning,https://dblp.org/pid/k/HKleineBuning
47,author,Reinhard Keil,https://dblp.org/pid/k/ReinhardKeilSlawik
48,author,Markus Köster,https://dblp.org/pid/k/MKoester
49,author,Uwe Kastens,https://dblp.org/pid/k/UweKastens
50,author,Jakob Bossek,https://dblp.org/pid/119/5839
51,author,Jürgen Vollmer,https://dblp.org/pid/20/4268-2
52,author,Robert Wagner,https://dblp.org/pid/02/691-2
53,author,Sabrina Geißler,https://dblp.org/pid/12/4452
54,author,Wolfgang Meyer,https://dblp.org/pid/34/34-2
55,author,Heike Trautmann,https://dblp.org/pid/34/2589
56,author,Harshini Sri Ramulu,https://dblp.org/pid/327/6458
57,author,Tao Xie,https://dblp.org/pid/181/2328-6
58,author,Abdelmoneim Amer Desouki,https://dblp.org/pid/140/3577
59,author,Alexander Krupp,https://dblp.org/pid/24/160
60,author,Matthias Hilbig,https://dblp.org/pid/24/250-2
61,author,Hong Zhang,https://dblp.org/pid/24/6914-43
62,author,Muhammad Awais,https://dblp.org/pid/80/3639-9
63,author,André Schulz,https://dblp.org/pid/80/1348-2
64,author,Martin Albrecht-Hohmaier,https://dblp.org/pid/293/0898
65,author,Daniel F. Leite,https://dblp.org/pid/228/3129
66,author,Uwe Pohlmann,https://dblp.org/pid/71/11054
67,author,Hendrik Schreiber,https://dblp.org/pid/71/10571-2
68,author,Lorijn van Rooijen,https://dblp.org/pid/123/8761
69,author,Nils Löken,https://dblp.org/pid/178/6439
70,author,Moritz Vinzent Seiler,https://dblp.org/pid/261/3628
71,author,Alexander Roth,https://dblp.org/pid/22/2959-2
72,author,Daniel Eckertz,https://dblp.org/pid/269/5697
73,author,Nikhil Kumar Jha,https://dblp.org/pid/269/9773
74,author,Eckhard Koch,https://dblp.org/pid/06/729-1
75,author,Sen Wu,https://dblp.org/pid/06/6420-5
76,author,Gerd Szwillus,https://dblp.org/pid/06/456
77,author,Florian Dittmann,https://dblp.org/pid/44/5175-1
78,author,Anselm Haak,https://dblp.org/pid/177/9340
79,author,Marco Schmidt,https://dblp.org/pid/42/7777-1
80,author,Alexander Becker,https://dblp.org/pid/42/9934-1
81,author,Stefan Krauter,https://dblp.org/pid/201/1662
82,author,Volker Peckhaus,https://dblp.org/pid/70/7024
83,author,Nancy Viola Wünderlich,https://dblp.org/pid/70/8643
84,author,Martin Dräxler,https://dblp.org/pid/70/8080
85,author,Wilhelm Dangelmaier,https://dblp.org/pid/70/4639
86,author,Dang Hai Tran Vu,https://dblp.org/pid/70/8761
87,author,Peter Pietrzyk,https://dblp.org/pid/70/7642-1
88,author,Jonas Schulte,https://dblp.org/pid/70/2162
89,author,Sèdjro Salomon Hotegni,https://dblp.org/pid/326/5192
90,author,Gregor Engels,https://dblp.org/pid/e/GregorEngels
91,author,Frank Bauer,https://dblp.org/pid/84/6110-2
92,author,Matthias Fischer,https://dblp.org/pid/84/1558-1
93,author,Rolf Müller,https://dblp.org/pid/55/3529-3
94,author,Alex S. Leong,https://dblp.org/pid/55/3839
95,author,Stefan Schneider,https://dblp.org/pid/69/5050-8
96,author,Wei Zhou,https://dblp.org/pid/69/5011-16
97,author,Matthias Becker,https://dblp.org/pid/69/3369-1
98,author,Yasir Mahmood,https://dblp.org/pid/150/4812-2
99,author,Christina Kolb,https://dblp.org/pid/150/0050
100,author,Fabian Eidens,https://dblp.org/pid/216/6738
101,author,Daniel Jung,https://dblp.org/pid/98/3010-1
102,author,Christian Plessl,https://dblp.org/pid/76/5938
103,author,Anni-Yasmin Turhan,https://dblp.org/pid/76/3237
104,author,Oleg Travkin,https://dblp.org/pid/36/10647
105,author,Jürgen Schulze,https://dblp.org/pid/09/3612-1
106,author,Tobias Wiersema,https://dblp.org/pid/60/10319
107,author,Daniel Weber,https://dblp.org/pid/04/5465-4
108,author,Reinhold Noé,https://dblp.org/pid/04/9921
109,author,Stefan Grösbrink,https://dblp.org/pid/81/7126
110,author,Muhammad Faisal,https://dblp.org/pid/81/7083-5
111,author,Gudrun Oevel,https://dblp.org/pid/81/10647
112,author,Sina Ober-Blöbaum,https://dblp.org/pid/81/3518
113,author,S. M. Ali Musa Kazmi,https://dblp.org/pid/153/6937
114,author,Wolfgang Müller,https://dblp.org/pid/m/WMuller3
115,author,Burkhard Monien,https://dblp.org/pid/m/BurkhardMonien
116,author,Michael Meier,https://dblp.org/pid/m/MichaelMeier5
117,author,Peter Günther,https://dblp.org/pid/57/6293-1
118,author,Mohamed Soliman,https://dblp.org/pid/40/4987-1
119,author,Elke Wolf,https://dblp.org/pid/40/8619-1
120,author,Rainer Feldmann,https://dblp.org/pid/19/3568
121,author,Carsten Huth,https://dblp.org/pid/19/6980-1
122,author,Carsten Schulte,https://dblp.org/pid/14/3197-1
123,author,Jian Cheng,https://dblp.org/pid/14/6145-5
124,author,Stephan Winter,https://dblp.org/pid/14/4836-3
125,author,Jannik Castenow,https://dblp.org/pid/202/1859
126,author,Simon Trang,https://dblp.org/pid/138/4956
127,author,Christine Markarian,https://dblp.org/pid/138/8052
128,author,Manuel Malatyali,https://dblp.org/pid/138/7323
129,author,Enes Yigitbas,https://dblp.org/pid/138/4856
130,author,Darius Schlangenotto,https://dblp.org/pid/189/4866
131,author,Andreas Koller,https://dblp.org/pid/92/1704-3
132,author,Jan Wolter,https://dblp.org/pid/92/1305
133,author,Iris Gräßler,https://dblp.org/pid/92/6400
134,author,Stefanie Müller,https://dblp.org/pid/225/7849-7
135,author,Gitta Domik,https://dblp.org/pid/d/GittaDomik
136,author,Michael Schulte,https://dblp.org/pid/31/1472-2
137,author,Wilhelm Schäfer,https://dblp.org/pid/31/5809
138,author,Friedhelm Meyer auf der Heide,https://dblp.org/pid/h/FMaufderHeide
139,author,Marcel Campen,https://dblp.org/pid/18/2890
140,author,Sevag Gharibian,https://dblp.org/pid/38/1605
141,author,Christian Wolf,https://dblp.org/pid/38/2606-2
142,author,Dirk Schäfer,https://dblp.org/pid/97/114-4
143,author,Andreas König,https://dblp.org/pid/61/3108-3
144,author,Andrea Zoyke,https://dblp.org/pid/118/8181
145,author,Kathrin Bujna,https://dblp.org/pid/127/6615
146,author,Thim Strothmann,https://dblp.org/pid/147/3358
147,author,Franz-Josef Rammig,https://dblp.org/pid/r/FranzJosefRammig
148,author,Wolfgang Schulz,https://dblp.org/pid/95/344-3
149,author,Wolfgang Reinhardt,https://dblp.org/pid/95/4985-1
150,author,Henrik Bröcher,https://dblp.org/pid/224/4609
151,author,Lisa Kleinjohann,https://dblp.org/pid/17/5476
152,author,Theodor Lettmann,https://dblp.org/pid/17/2025
153,author,Martin Luther Modjo Kamneng,https://dblp.org/pid/17/3654
154,author,Lin Wang,https://dblp.org/pid/17/6729-15
155,author,Johannes Späth,https://dblp.org/pid/174/1998
156,author,Jan Bobolz,https://dblp.org/pid/218/7188
157,author,Johannes Blömer,https://dblp.org/pid/33/2110
158,author,Ping Guo,https://dblp.org/pid/33/5440-1
159,author,Olaf Neumann,https://dblp.org/pid/75/4066-2
160,author,Matthias Meyer,https://dblp.org/pid/68/283-1
161,author,Marco Platzner,https://dblp.org/pid/68/3728
162,author,Barbara Kempkes,https://dblp.org/pid/68/7642
163,author,Thomas Lehmann,https://dblp.org/pid/54/503-1
164,author,Christian Brenner,https://dblp.org/pid/129/9137-1
165,author,Dennis Kundisch,https://dblp.org/pid/26/4979
166,author,Rui Zhao,https://dblp.org/pid/26/2578-8
167,author,Matthias T. Jung,https://dblp.org/pid/89/6594
168,author,Alexander Förster,https://dblp.org/pid/f/AlexanderFoerster
169,author,Stefan Sauer,https://dblp.org/pid/07/2093-1
170,author,Francisco Cortes Gómez,https://dblp.org/pid/39/3996
171,author,Yuhong Zhao,https://dblp.org/pid/39/1215-1
172,author,Jürgen Gausemeier,https://dblp.org/pid/90/4912
173,author,Michael Tiemann,https://dblp.org/pid/90/3409-4
174,author,Thomas Schmidt,https://dblp.org/pid/90/390-4
175,author,Ammar Shaker,https://dblp.org/pid/08/8419
176,author,Daniel Warner,https://dblp.org/pid/08/335-1
177,author,Michael Feldmann,https://dblp.org/pid/08/7058
178,author,Adrian Ogierman,https://dblp.org/pid/72/8725
179,author,Thomas Hübner,https://dblp.org/pid/64/1143-2
180,author,Björn Metzler,https://dblp.org/pid/64/226-1
181,author,Torsten Fahle,https://dblp.org/pid/15/5253
182,author,Philipp Terhörst,https://dblp.org/pid/203/2506
183,author,Carsten Schmidt,https://dblp.org/pid/91/4804-2
184,author,Felix Lange,https://dblp.org/pid/222/1046-1
185,author,Florian Stallmann,https://dblp.org/pid/77/4790
186,author,Christoph Scheytt,https://dblp.org/pid/77/949
187,author,Axel-Cyrille Ngonga Ngomo,https://dblp.org/pid/65/4336
188,author,Sebastian Thiele,https://dblp.org/pid/21/7559-2
189,author,Martin Hahn,https://dblp.org/pid/21/3707-3
190,author,Steffen Schneider,https://dblp.org/pid/16/8643-2
191,author,Oliver Müller,https://dblp.org/pid/43/6309-1
192,author,Simon Oberthür,https://dblp.org/pid/43/917
193,author,Peter Pfahler,https://dblp.org/pid/p/PPfahler
194,author,Markus Schmidt,https://dblp.org/pid/372/9679
195,author,Eric Bodden,https://dblp.org/pid/94/5744
196,author,Dirk Fischer,https://dblp.org/pid/94/5811-1
197,author,Katharina J. Rohlfing,https://dblp.org/pid/79/6049
198,paper,Bin Packing oder,https://dblp.org/rec/reference/algo/GehweilerH08
199,paper,Der Alphabeta-Algorithmus für Spielbäume: Wie bringe ich meinen Computer zum Schachspielen?.,https://dblp.org/rec/reference/algo/MonienLW08
200,paper,Teilen von Geheimnissen.,https://dblp.org/rec/reference/algo/Blomer08
201,paper,Broadcasting: Wie verbreite ich schnell Informationen?.,https://dblp.org/rec/reference/algo/Scheideler08
202,paper,Jamming-Resistant MAC Protocols for Wireless Networks.,https://dblp.org/rec/reference/algo/RichaS16
203,paper,Approximation Algorithms for Multilevel Graph Partitioning.,https://dblp.org/rec/reference/crc/PreisMS07
204,paper,Overlay Networks for Peer-to-Peer Networks.,https://dblp.org/rec/reference/crc/RichaS07
205,paper,Data Science Education.,https://dblp.org/rec/reference/edu/MagenheimS20
206,paper,Artifacts for the Paper,https://dblp.org/rec/data/11/KempfTJSCZ25
207,paper,Supplementary Material for the paper:,https://dblp.org/rec/data/11/SchiebelSSAB24
208,paper,The Artifacts for Program Feature-based Benchmarking for Fuzz Testing.,https://dblp.org/rec/data/11/MiaoKBW25
209,paper,Artifacts for the Paper,https://dblp.org/rec/data/11/KempfTJSCZ25a
210,paper,The Artifacts for Program Feature-based Benchmarking for Fuzz Testing.,https://dblp.org/rec/data/11/MiaoKBW25c
211,paper,Artifact for Visualization Task Taxonomy to Understand the Fuzzing Internals.,https://dblp.org/rec/data/11/KummitaMBW25
212,paper,The Artifacts for Program Feature-based Benchmarking for Fuzz Testing.,https://dblp.org/rec/data/11/MiaoKBW25b
213,paper,Artifacts for the Paper,https://dblp.org/rec/data/11/KempfTJSCZ25c
214,paper,IBB.,https://dblp.org/rec/data/11/AdlerBHS25
215,paper,netcl-paper-artifact.,https://dblp.org/rec/data/11/KarlosBW24a
216,paper,"Keci embedding models for explainable benchmarking (QALD10, QALD9+DB, QALD9+WK).",https://dblp.org/rec/data/11/ZhangRSKN25b
217,paper,Embedding the Web: An Open Billion-Scale Repository for Knowledge Graph Embeddings.,https://dblp.org/rec/data/11/SharmaKDENS25
218,paper,"Learning problems of 5 QA systems on QALD10, QALD9+DB, and QALD9+WK.",https://dblp.org/rec/data/11/ZhangRSKN25c
219,paper,The Artifacts for Program Feature-based Benchmarking for Fuzz Testing.,https://dblp.org/rec/data/11/MiaoKBW25a
220,paper,AmoebotSim 2.0.,https://dblp.org/rec/data/11/ArtmannMPWS25
221,paper,"Pretrained models for explainable benchmarking (QALD10, QALD9+DB, QALD9+WK).",https://dblp.org/rec/data/11/ZhangRSKN25
222,paper,"Knowledge bases for explainable benchmarking (QALD10, QALD9+DB, QALD9+WK).",https://dblp.org/rec/data/11/ZhangRSKN25a
223,paper,netcl-paper-artifact.,https://dblp.org/rec/data/11/KarlosBW24
224,paper,CauseNet: Towards a Causality Graph Extracted from the Web.,https://dblp.org/rec/data/10/HeindorfSWNP20
225,paper,Webis Causal Question Answering 2022.,https://dblp.org/rec/data/10/BondarenkoWHBNSBHP22
226,paper,LauNuts: A Knowledge Graph to identify and compare geographic regions in the European Union.,https://dblp.org/rec/data/10/WilkeN23
227,paper,Securing Your Crypto-API Usage Through Tool Support - A Usability Study.,https://dblp.org/rec/data/10/KrugerRWNABAF23
228,paper,Dealing with Variability in API Misuse Specification (Artifact Package).,https://dblp.org/rec/data/10/BonifacioKNBM21
229,paper,LauNuts: A Knowledge Graph to identify and compare geographic regions in the European Union.,https://dblp.org/rec/data/10/WilkeN23a
230,paper,DBpedia Abstractive Summaries.,https://dblp.org/rec/data/10/ZaheraVSCN22
231,paper,Wikidata Vandalism Corpus 2016 (WDVC-16).,https://dblp.org/rec/data/10/HeindorfPES16
232,paper,UpCy: Safely Updating Outdated Dependencies.,https://dblp.org/rec/data/10/DannHB23
233,paper,INGRIDKG: A FAIR Knowledge Graph of Graffiti.,https://dblp.org/rec/data/10/SherifSSANN23a
234,paper,ArguAna TripAdvisor.,https://dblp.org/rec/data/10/WachsmuthTSEP14
235,paper,INGRIDKG: A FAIR Knowledge Graph of Graffiti.,https://dblp.org/rec/data/10/SherifSSANN23
236,paper,Debugging Static Analysis.,https://dblp.org/rec/data/10/DoKHAB22
237,paper,dice-group/DBpedia-Chatlog-Analysis - Code for the paper: An Approach for Ex-Post-Facto Analysis of Knowledge Graph-Driven Chatbots - The DBpedia Chatbot.,https://dblp.org/rec/data/10/JalotaTMNU20
238,paper,Wikidata Vandalism Corpus 2015 (WDVC-15).,https://dblp.org/rec/data/10/HeindorfPSE15
239,paper,UpCy: Safely Updating Outdated Dependencies.,https://dblp.org/rec/data/10/DannHB23b
240,paper,Webis Causal Question Answering 2022.,https://dblp.org/rec/data/10/BondarenkoWHBNSBHP22a
241,paper,UpCy: Safely Updating Outdated Dependencies.,https://dblp.org/rec/data/10/DannHB23a
242,paper,Language Function Analysis 2011 Corpus (LFA-11).,https://dblp.org/rec/data/10/WachsmuthB11
243,paper,CogniCrypt_GEN - Generating Code for the Secure Use of Crypto APIs (Artefact).,https://dblp.org/rec/data/10/KrugerSAB20
244,paper,Paderborn Genre Analysis Corpus 2012 (PaGA-12).,https://dblp.org/rec/data/10/BaumannLS12
245,paper,CovidPubGraph: A FAIR Knowledge Graph of COVID-19 Publications.,https://dblp.org/rec/data/10/SvetlanaHSSMVN21
246,paper,Knowledge Graphs,https://dblp.org/rec/series/synthesis/2021Hogan
247,paper,Incremental Granular Fuzzy Modeling Using Imprecise Data Streams.,https://dblp.org/rec/series/sfsc/LeiteG15
248,paper,Evolving Linguistic Fuzzy Models from Data Streams.,https://dblp.org/rec/series/sfsc/LeiteG12
249,paper,Generating Explanations in Natural Language from Knowledge Graphs.,https://dblp.org/rec/series/ssw/MoussallemSN20
250,paper,Benchmarking the Lifecycle of Knowledge Graphs.,https://dblp.org/rec/series/ssw/RoderS0CN20
251,paper,Evolution of Electronic Circuits.,https://dblp.org/rec/series/ncs/SekaninaWKP11
252,paper,Self-aware Computing: Introduction and Motivation.,https://dblp.org/rec/series/ncs/LewisPRTY16
253,paper,Problem Decomposition in Cartesian Genetic Programming.,https://dblp.org/rec/series/ncs/WalkerMKP11
254,paper,Conclusions and Outlook.,https://dblp.org/rec/series/ncs/LewisPRTY16a
255,paper,Self-aware Compute Nodes.,https://dblp.org/rec/series/ncs/AgneHLPP16
256,paper,Schröder's logic.,https://dblp.org/rec/series/hhl/Peckhaus04
257,paper,Theory of Quantified Boolean Formulas.,https://dblp.org/rec/series/faia/BuningB21
258,paper,Minimal Unsatisfiability and Autarkies.,https://dblp.org/rec/series/faia/BuningK21
259,paper,Class Expression Learning with Multiple Representations.,https://dblp.org/rec/series/faia/NgomoDKHKB23
260,paper,Theory of Quantified Boolean Formulas.,https://dblp.org/rec/series/faia/BuningB09
261,paper,Minimal Unsatisfiability and Autarkies.,https://dblp.org/rec/series/faia/BuningK09
262,paper,Synchronisierte Pushdown Systeme für Datenfluss-Analysen.,https://dblp.org/rec/series/gidiss/Spath19
263,paper,Anticipation in Attention.,https://dblp.org/rec/series/lncs/BalkeniusFJT08
264,paper,Algorithm Engineering Aspects of Real-Time Rendering Algorithms.,https://dblp.org/rec/series/lncs/0001JHP16
265,paper,Computing by Programmable Particles.,https://dblp.org/rec/series/lncs/DaymudeHRS19
266,paper,Endowing Artificial Systems with Anticipatory Capabilities: Success Cases.,https://dblp.org/rec/series/lncs/PezzuloBCFBBFGHKKJLLMMOPPPT08
267,paper,Theoretical Analysis of the k-Means Algorithm - A Survey.,https://dblp.org/rec/series/lncs/BlomerL0S16
268,paper,Towards Learning by Interacting.,https://dblp.org/rec/series/lncs/WredeRHS09
269,paper,Using Abstract Contracts for Verifying Evolving Features and Their Interactions.,https://dblp.org/rec/series/lncs/KnuppelKTBKBS20
270,paper,Model-Driven Development of Safe Self-optimizing Mechatronic Systems with MechatronicUML.,https://dblp.org/rec/series/lncs/GieseS13
271,paper,Continuous Protocols for Swarm Robotics.,https://dblp.org/rec/series/lncs/KlingH19
272,paper,Computers and Education - Recognising Opportunities and Managing Challenges - IFIP TC3 - Technical Committee on Education.,https://dblp.org/rec/series/ifip/PasseyBCHLMMOTTW21
273,paper,Using Conditional Copula to Estimate Value-at-Risk in Vietnam's Foreign Exchange Market.,https://dblp.org/rec/series/sci/NguyenH15
274,paper,Task Models in the Context of User Interface Development.,https://dblp.org/rec/series/sci/Szwillus11
275,paper,Set Oriented Methods for the Numerical Treatment of Multiobjective Optimization Problems.,https://dblp.org/rec/series/sci/SchutzeWOD13
276,paper,Applying Meta-Modeling for the Definition of Model-Driven Development Methods of Advanced User Interfaces.,https://dblp.org/rec/series/sci/Sauer11
277,paper,Synthesis of concurrent modular controllers from algorithmic descriptions.,https://dblp.org/rec/conf/dac/BruckKKR86
278,paper,Search space characterization for approximate logic synthesis.,https://dblp.org/rec/conf/dac/WitschenWRP22
279,paper,Design and Synthesis of Array Structured Telecommunication Processing Applications.,https://dblp.org/rec/conf/dac/MeyerST97
280,paper,Fast Hierarchical Multi-Level Fault Simulation of Sequential Circuits with Switch-Level Accuracy.,https://dblp.org/rec/conf/dac/MeyerC93
281,paper,Safety Evaluation of Automotive Electronics Using Virtual Prototypes: State of the Art and Research Challenges.,https://dblp.org/rec/conf/dac/OetjensBBBBCCDEGKKLM0MPPRRRSSTV14
282,paper,Partitioning and Optimizing Controllers Synthesized from Hierarchical High-Level Descriptions.,https://dblp.org/rec/conf/dac/SeawrightM98
283,paper,A concept for the editing of hardware resulting in an automatic hardware-editor.,https://dblp.org/rec/conf/dac/Rammig77
284,paper,Discovering and Linking Spatio-Temporal Big Linked Data.,https://dblp.org/rec/conf/igarss/ZinkeN18
285,paper,Towards Vandalism Detection in Knowledge Bases: Corpus Construction and Analysis.,https://dblp.org/rec/conf/sigir/HeindorfPSE15
286,paper,SIGIR 2017 Workshop on Open Knowledge Base and Question Answering (OKBQA2017).,https://dblp.org/rec/conf/sigir/ChoiMVKN17
287,paper,Kooperatives Lernen in vernetzten Systemen.,https://dblp.org/rec/conf/fiff/Magenheim94
288,paper,zur Arbeitsgruppe,https://dblp.org/rec/conf/fiff/DonhoffHMR94
289,paper,Customized impact analyses for technical engineering changes.,https://dblp.org/rec/conf/sysose/GrasslerW23
290,paper,Enhancing systems engineering by scenario-based anticipation of future developments.,https://dblp.org/rec/conf/sysose/GraesslerHS16
291,paper,Systems Engineering competencies in academic education : An industrial survey about skills in Systems Engineering.,https://dblp.org/rec/conf/sysose/GraesslerHO18
292,paper,EvAnT: Analysis and Checking of Event Traces for Wireless Sensor Networks.,https://dblp.org/rec/conf/sutc/WoehrlePLBT08
293,paper,Visualization Task Taxonomy to Understand the Fuzzing Internals (Registered Report).,https://dblp.org/rec/conf/fuzzing/KummitaMBW24
294,paper,Optimal Embedding of Complete Binary Trees into Lines and Grids.,https://dblp.org/rec/conf/wg/HeckmannKMU91
295,paper,Four Approximation Algorithms for the Feedback Vertex Set Problem.,https://dblp.org/rec/conf/wg/MonienS81
296,paper,Invited Presentation: Data Management in Networks.,https://dblp.org/rec/conf/wg/Heide01
297,paper,The Complexity of Determing a Shortest Cycle of Even Length.,https://dblp.org/rec/conf/wg/Monien82
298,paper,The Complexity of Determining Paths of Length k.,https://dblp.org/rec/conf/wg/Monien83
299,paper,Bounding the Bandwidth of NP-Complete Problems.,https://dblp.org/rec/conf/wg/Monien80
300,paper,Efficient Broadcasting in Random Power Law Networks.,https://dblp.org/rec/conf/wg/ElsasserO10
301,paper,Bandwidth and Profile Minimization.,https://dblp.org/rec/conf/wg/WiegersM88
302,paper,Specification of a Programming Support Environment by Graph Grammars.,https://dblp.org/rec/conf/wg/EngelsS82
303,paper,Hot-Potato Routing on Multi-Dimensional Tori.,https://dblp.org/rec/conf/wg/HeideW95
304,paper,WEighted Parallel Triangulation of Simple Polygons.,https://dblp.org/rec/conf/wg/MenzelM89
305,paper,New Spectral Lower Bounds on the Bisection Width of Graphs.,https://dblp.org/rec/conf/wg/BezrukovEMPT00
306,paper,Loop Detection in Propositional Prolog Programs.,https://dblp.org/rec/conf/csl/BuningLS88
307,paper,Subclasses of Quantified Boolean Formulas.,https://dblp.org/rec/conf/csl/FlogelKB90
308,paper,An Upper Bound for Minimal Resolution Refutations.,https://dblp.org/rec/conf/csl/Buning98
309,paper,On the Computational Complexity of Quantified Horn Clauses.,https://dblp.org/rec/conf/csl/KarpinskiBS87
310,paper,Descriptive Complexity of #AC0 Functions.,https://dblp.org/rec/conf/csl/0001HKV16
311,paper,SecuCheck: Engineering configurable taint analysis for software developers.,https://dblp.org/rec/conf/scam/PiskachevKB21
312,paper,Modeling the Effects of Global Variables in Data-Flow Analysis for C/C++.,https://dblp.org/rec/conf/scam/SchubertSSHB21
313,paper,SootFX: A Static Code Feature Extraction Tool for Java and Android.,https://dblp.org/rec/conf/scam/KarakayaB21
314,paper,Into the Woods: Experiences from Building a Dataflow Analysis Framework for C/C++.,https://dblp.org/rec/conf/scam/SchubertLHB21
315,paper,To what extent can we analyze Kotlin programs using existing Java taint analysis tools?,https://dblp.org/rec/conf/scam/KrishnamurthyPB22
316,paper,Invited Paper: Blockchains made Lightweight: A Median Rule for State Machine Replication.,https://dblp.org/rec/conf/applied/DouS24
317,paper,Bridging the Gap Between Didactical Requirements and Technological Challenges in Serious Game Design.,https://dblp.org/rec/conf/cw/RillingWM10
318,paper,The Eduventure II. An Approach to Educational Game Design.,https://dblp.org/rec/conf/cw/Wechselberger08
319,paper,Secure Profile Management in Smart Home Networks.,https://dblp.org/rec/conf/dexaw/ZieglerMSL05
320,paper,Event Processing in Mobile and Active Database Systems Using Broadcasts.,https://dblp.org/rec/conf/dexaw/SauerZ98
321,paper,Domain Spanning Search for the Identification of Solution Patterns for the Conceptual Design of Self-Optimizing Systems.,https://dblp.org/rec/conf/dexaw/KlopperPGW08
322,paper,Embedding XML Schema Constraints in Search-Based Intersection Tests for XPath Query Optimization.,https://dblp.org/rec/conf/dexaw/BottcherS05
323,paper,How Good Is Good Enough? Establishing Quality Thresholds for the Automatic Text Analysis of Retro-Digitized Comics.,https://dblp.org/rec/conf/mmm/HartelD19
324,paper,BENGAL: An Automatic Benchmark Generator for Entity Recognition and Linking.,https://dblp.org/rec/conf/inlg/NgomoRMUS18
325,paper,Enriching the WebNLG corpus.,https://dblp.org/rec/conf/inlg/FerreiraMKW18
326,paper,AR-based configuration and information retrieval of household appliances on mobile devices.,https://dblp.org/rec/conf/chinz/GausemeierFMMF03
327,paper,15 Gbps communication over an USB3.0 cable and even more.,https://dblp.org/rec/conf/IEEEssd/WolfS12
328,paper,Optimal Alignment of Temporal Knowledge Bases (Extended Abstract).,https://dblp.org/rec/conf/dlog/GilPPT24
329,paper,Brushing-up DLs to Cope with Imperfect Data (Abstract of Joint DL+NMR Invited Talk).,https://dblp.org/rec/conf/dlog/Turhan23
330,paper,Give Inconsistency a Chance: Semantics for Ontology-Mediated Verification.,https://dblp.org/rec/conf/dlog/DubslaffKT20
331,paper,Role-depth Bounded Least Common Subsumers by Completion for EL- and prob-EL-TBoxes.,https://dblp.org/rec/conf/dlog/TurhanP10
332,paper,"Mary, What's Like All Cats?",https://dblp.org/rec/conf/dlog/EckePT14
333,paper,Towards an Equivalence Degree of EL CQs (Extended Abstract).,https://dblp.org/rec/conf/dlog/GilT19
334,paper,Conjunctive Query Answering with Finitely Many Truth Degrees.,https://dblp.org/rec/conf/dlog/BorgwardtMPT15
335,paper,Computing Standard Inferences under Rational and Relevant Semantics in Defeasible EL_bot.,https://dblp.org/rec/conf/dlog/PenselT18
336,paper,Adapting Optimization Techniques to Description Logics with Concrete Domains.,https://dblp.org/rec/conf/dlog/TurhanH00
337,paper,A New Dimension to Generalization: Computing Temporal EL Concepts from Positive Examples (Extended Abstract).,https://dblp.org/rec/conf/dlog/TirtarasaT22
338,paper,A pragmatic approach to answering CQs over fuzzy DL-Lite-ontologies - introducing FLite.,https://dblp.org/rec/conf/dlog/MailisTZ15
339,paper,Role-depth Bounded Least Common Subsumers for EL+ and ELI.,https://dblp.org/rec/conf/dlog/EckeT12
340,paper,Implementing Completion-Based Inferences for the EL-family.,https://dblp.org/rec/conf/dlog/MendezET11
341,paper,Computing Least Common Subsumers for FLE+.,https://dblp.org/rec/conf/dlog/BrandtT03
342,paper,Approximating ALCN-Concept Descriptions.,https://dblp.org/rec/conf/dlog/BrandtKT02
343,paper,Using Lazy Unfolding for the Computation of Least Common Subsumers.,https://dblp.org/rec/conf/dlog/TurhanM01
344,paper,TBoxes do not Yield a Compact Representation of Least Common Subsumers.,https://dblp.org/rec/conf/dlog/BaaderT01
345,paper,Computing the Least Common Subsumer w.r.t. a Background Terminology.,https://dblp.org/rec/conf/dlog/BaaderST04
346,paper,Speeding up Approximation with Nicer Concepts.,https://dblp.org/rec/conf/dlog/TurhanB07
347,paper,"Rough, Rougher, Roughest: Extending EL with a Hierarchy of Indiscernibility Relations.",https://dblp.org/rec/conf/dlog/PenalozaT24
348,paper,HAM-ALC.,https://dblp.org/rec/conf/dlog/HaarslevMT98
349,paper,Elastiq: Answering Similarity-threshold Instance Queries in EL.,https://dblp.org/rec/conf/dlog/EckePT15
350,paper,Certain Answers in a Rough World.,https://dblp.org/rec/conf/dlog/PenalozaTT14
351,paper,On Terminological Default Reasoning about Spatial Information: Extended Abstract.,https://dblp.org/rec/conf/dlog/HaarslevMTW99
352,paper,Sonic: System Description.,https://dblp.org/rec/conf/dlog/TurhanK04
353,paper,Computing the lcs w.r.t. General EL+-TBoxes.,https://dblp.org/rec/conf/dlog/TurhanZ13
354,paper,Implementing an ALCRP(D) ABox Reasoner - Progress Report.,https://dblp.org/rec/conf/dlog/HaarslevMT98a
355,paper,Why not? Developing ABox Abduction Beyond Repairs.,https://dblp.org/rec/conf/dlog/HaakKMT25
356,paper,Using Ontologies to Query Probabilistic Numerical Data (Extended Abstract).,https://dblp.org/rec/conf/dlog/BaaderKT17
357,paper,Role-depth Bounded Least Common Subsumer in Prob-EL with Nominals.,https://dblp.org/rec/conf/dlog/EckePT13
358,paper,Relaxed Regular Path Queries in Lightweight DLs (Extended Abstract).,https://dblp.org/rec/conf/dlog/GilT20
359,paper,Efficient TBox Reasoning with Value Restrictions Using the FL0wer Reasoner (Extended Abstract).,https://dblp.org/rec/conf/dlog/BaaderKMTZ22
360,paper,An Experimental Comparison of Load Balancing Strategies in a Web Computing Environment.,https://dblp.org/rec/conf/ppam/GehweilerKH11
361,paper,Increasing Dependability by Means of Model-Based Acceptance Test inside RTOS.,https://dblp.org/rec/conf/ppam/ZhaoOMRK05
362,paper,A Web Computing Environment for Parallel Algorithms in Java.,https://dblp.org/rec/conf/ppam/BonordenGH05
363,paper,Load Balancing Strategies in a Web Computing Environment.,https://dblp.org/rec/conf/ppam/BonordenGH05a
364,paper,Vehicle to infrastructure based safe trajectory planning for Autonomous Intersection Management.,https://dblp.org/rec/conf/itst/WuthishuwongT13
365,paper,Model Predictive Interaction Control for Force Closure Grasping.,https://dblp.org/rec/conf/cdc/GoldRVG21
366,paper,Optimal control of a switched reluctance drive by a direct method using a discrete variational principle.,https://dblp.org/rec/conf/cdc/FlasskampOSB13
367,paper,Switching time optimization in discretized hybrid dynamical systems.,https://dblp.org/rec/conf/cdc/FlasskampMO12
368,paper,On the identification of FIR systems with binary input and output observations.,https://dblp.org/rec/conf/cdc/LeongWN16
369,paper,Optimal Reconfiguration of Formation Flying Spacecraft - a Decentralized Approach.,https://dblp.org/rec/conf/cdc/JungeMO06
370,paper,Optimal control of switching times in switched linear systems.,https://dblp.org/rec/conf/cdc/StellatoOG16
371,paper,Solving multiobjective Optimal Control problems in space mission design using Discrete Mechanics and reference point techniques.,https://dblp.org/rec/conf/cdc/Ober-BlobaumRF12
372,paper,Optimal Reconfiguration of Formation Flying Satellites.,https://dblp.org/rec/conf/cdc/JungeO05
373,paper,State estimation over Markovian packet dropping links in the presence of an eavesdropper.,https://dblp.org/rec/conf/cdc/LeongQD17
374,paper,Power allocation for error covariance minimization in Kalman filtering over packet dropping links.,https://dblp.org/rec/conf/cdc/LeongD12
375,paper,Learning ODE Models with Qualitative Structure Using Gaussian Processes.,https://dblp.org/rec/conf/cdc/RidderbuschOOG21
376,paper,A quantized filtering scheme for multi-sensor linear state estimation with non-detectability at the sensors and fusion center feedback.,https://dblp.org/rec/conf/cdc/LeongDN13
377,paper,Design and Control of a Vertical Ball Juggling Delta Robot Without Visual Guidance.,https://dblp.org/rec/conf/ias/ShareefJTT14
378,paper,Exploring Term Networks for Semantic Search over RDF Knowledge Graphs.,https://dblp.org/rec/conf/mtsr/MarxHSNLA16
379,paper,Semantische Räume - Von der Navigation zur kooperativen Wissensstrukturierung.,https://dblp.org/rec/conf/mc/HampelKS04
380,paper,Exploration wissenschaftlicher Netzwerke und Publikationen.,https://dblp.org/rec/conf/mc/ReinhardtAKKPSSSUVV12
381,paper,MuCoTa - Multitouch-Anwendung für Teilnehmer eines Meetings.,https://dblp.org/rec/conf/mc/HulsmannS12
382,paper,Customized UI Development Through Context-Sensitive GUI Patterns.,https://dblp.org/rec/conf/mc/Yigitbas016
383,paper,A Context-aware Virtual Reality First Aid Training Application.,https://dblp.org/rec/conf/mc/YigitbasHE19
384,paper,Rollen- und aufgabenbasierte Webmodellierung.,https://dblp.org/rec/conf/mc/BomsdorfS04
385,paper,Flexible & Adaptive UIs for Self-Service Systems.,https://dblp.org/rec/conf/mc/YigitbasS14
386,paper,Transitional Cross Reality Interfaces for Spatially Demanding Search and Collect Tasks.,https://dblp.org/rec/conf/mc/SchmidtY23
387,paper,ABIS 2023 - 27th International Workshop on Personalization and Recommendation.,https://dblp.org/rec/conf/mc/NeumayrYAH23
388,paper,ABIS 2024 - International Workshop on Personalization and Recommendation.,https://dblp.org/rec/conf/mc/NeumayrYAHSS24
389,paper,Hypothesengeleitete Gestaltung von Benutzungsoberflächen.,https://dblp.org/rec/conf/mc/KeilS14
390,paper,Zwischen Design und Flexibilität - Zur Ergonomie des Flat Design.,https://dblp.org/rec/conf/mc/WinkelnkemperK14
391,paper,"Webmodellierung: Systematik und Kreativität in der Entwicklung kontext-adaptiver, dynamischer Webanwendungen.",https://dblp.org/rec/conf/mc/BomsdorfSZ05
392,paper,Auswertung mit Card-sorting-Experimenten mit Casolysis.,https://dblp.org/rec/conf/mc/SzwillusE08
393,paper,Casolysis 2.0 - Flexible Auswertung von Card Sorting Experimenten.,https://dblp.org/rec/conf/mc/SzwillusHMW15
394,paper,Aufgabenmodellierung am Multi-Touch-Tisch.,https://dblp.org/rec/conf/mc/EggersHS13
395,paper,Augmented Reality-Assisted Multi-Robot Programming with Collision Warning.,https://dblp.org/rec/conf/mc/MazurY24
396,paper,UCAI 2020: Workshop on User-Centered Artificial Intelligence.,https://dblp.org/rec/conf/mc/AugsteinBHLY020
397,paper,UCAI 2022: Workshop on User-Centered Artificial Intelligence.,https://dblp.org/rec/conf/mc/BuschekHHLRY22
398,paper,Extending the application of simulation from preparedness to response use cases in weather-induced emergencies.,https://dblp.org/rec/conf/mc/PottebaumEG24
399,paper,Towards a Task-Based System Administration Tool for Linux Systems.,https://dblp.org/rec/conf/mc/HasibuanS01
400,paper,W-U-T: Ein interaktives Web-Usability-Tool.,https://dblp.org/rec/conf/mc/SzwillusDHS08
401,paper,Auswertung von Reverse Card Sorting Experimenten.,https://dblp.org/rec/conf/mc/BrumbergS14
402,paper,Didaktik und E-Learning.,https://dblp.org/rec/conf/mc/SchwidrowskiMSS08
403,paper,Modellierung aufgabenangemessener Abläufe im Web.,https://dblp.org/rec/conf/mc/Szwillus06
404,paper,Modellierung und Analyse von Kommunikation in sicherheitskritischen Systemen basierend auf erweiterten Aufgabenmodellen.,https://dblp.org/rec/conf/mc/MistrzykS08
405,paper,Fähigkeitsorientierte Aufgabenzuordnung für die Mensch-Roboter-Kollaboration in sicherheitskritischen Einsatzsituationen.,https://dblp.org/rec/conf/mc/GrasslerPRMGHC21
406,paper,Nutzung von Aufgabenmodellen zur Usability-Evaluation - Konzept und Erfahrungen.,https://dblp.org/rec/conf/mc/DabbertS09
407,paper,Gestaltungskonflikte in der Softwareergonomie.,https://dblp.org/rec/conf/mc/KeilS13
408,paper,Reale Dozenten in einer virtuellen Universität: Divergenz der Anforderungen an die Systemunterstützung.,https://dblp.org/rec/conf/mc/BiedebachBS02
409,paper,Eigenverantwortliche Web-Administration für unerfahrene Benutzer.,https://dblp.org/rec/conf/mc/BomsdorfS03
410,paper,UML und Aufgabenmodellierung: Softwaretechnik und HCI im Dialog.,https://dblp.org/rec/conf/mc/BomsdorfS01a
411,paper,Weniger ist mehr - Wissensmanagement für die Schule.,https://dblp.org/rec/conf/mc/Selke06
412,paper,Experiencing and programming the ENIAC in VR.,https://dblp.org/rec/conf/mc/YigitbasTE20
413,paper,Fast 3D Semantic Segmentation Using a Self Attention Network and Random Sampling.,https://dblp.org/rec/conf/taros/BabuJFM23
414,paper,Segmentation-Based Caching for Mobile Auctions.,https://dblp.org/rec/conf/tamoco/BottcherOTW08
415,paper,Fair Cyclic Roster Planning - A Case Study for a Large European Airport.,https://dblp.org/rec/conf/or/FahleV14
416,paper,Stochastic Extensions to FlopC++.,https://dblp.org/rec/conf/or/0002KH10
417,paper,Leasing with Uncertainty.,https://dblp.org/rec/conf/or/Markarian17
418,paper,Check-In Counter Planning via a Network Flow Approach.,https://dblp.org/rec/conf/or/Fahle11
419,paper,A Simulation Based Optimization Approach for Setting-Up CNC Machines.,https://dblp.org/rec/conf/or/WeberMD15
420,paper,Superlinear Speedup for Parallel Backtracking.,https://dblp.org/rec/conf/ics/SpeckenmeyerMV87
421,paper,Vertically-stacked silicon nanowire transistors with controllable polarity: A robustness study.,https://dblp.org/rec/conf/latw/GaillardonGM13
422,paper,A Study on Online Source Extraction in the Presence of Changing Speaker Positions.,https://dblp.org/rec/conf/slsp/HeitkaemperFFH19
423,paper,Tactics for Account Access Graphs.,https://dblp.org/rec/conf/esorics/ArnaboldiAKR23
424,paper,An XML-based visual shading language for vertex and fragment shaders.,https://dblp.org/rec/conf/vrml/GoetzBD04
425,paper,A database driven server for an Internet based plant layout presentation system.,https://dblp.org/rec/conf/vrml/GausemeierKMEG00
426,paper,Towards 100 Gbps Wireless Communication in THz Band with PSSS Modulation: A Promising Hardware in the Loop Experiment.,https://dblp.org/rec/conf/icuwb/KrishneGowdaMWK15
427,paper,Cooperation Control in PSEE.,https://dblp.org/rec/conf/ewspt/GodartBCENJLSS99
428,paper,Descriptive Approaches Sessions.,https://dblp.org/rec/conf/ewspt/Schafer96
429,paper,Quality Ensuring Development of Software Processes.,https://dblp.org/rec/conf/ewspt/ForsterE03
430,paper,Specification of Coordinated Behaviour in the Software Development Process.,https://dblp.org/rec/conf/ewspt/EngelsG92
431,paper,A Design Methodology for Process-Programming.,https://dblp.org/rec/conf/ewspt/JunkermannS94
432,paper,Models - Session Introduction.,https://dblp.org/rec/conf/ewspt/Schafer92
433,paper,A High-Level Object-Oriented Specification Language for Configuration Management and Tool Integration.,https://dblp.org/rec/conf/ewspt/NeumannSS96
434,paper,Architectural Views and Alternatives.,https://dblp.org/rec/conf/ewspt/SchaferFGJ99
435,paper,Formalization of the Software Process Modelling Language SOCCA.,https://dblp.org/rec/conf/ewspt/EngelsGD98
436,paper,Suitable Databases for Process-Centered Environments Do not yet Exist.,https://dblp.org/rec/conf/ewspt/EmmerichSW92
437,paper,Distributed Modelling Session.,https://dblp.org/rec/conf/ewspt/Engels95
438,paper,Specifications of Coordinated Behaviour by SOCCA.,https://dblp.org/rec/conf/ewspt/EngelsG94
439,paper,Coordination by Behavioural Views and Communication Patterns.,https://dblp.org/rec/conf/ewspt/GroenewegenE95
440,paper,Towards Measurable Process Models.,https://dblp.org/rec/conf/ewspt/BunjeEGHM96
441,paper,A knowledge-based giffler-thompson heuristic for rescheduling job-shops.,https://dblp.org/rec/conf/cisched/AufenangerLKD09
442,paper,Scheduling Access to Shared Space in Multi-robot Systems.,https://dblp.org/rec/conf/paams/KhalufMSR17
443,paper,Parallel Processing of Combinatorial Search.,https://dblp.org/rec/conf/paa/MonienV87
444,paper,Towards a real-world scenario for investigating organic computing principles in heterogeneous societies of robots.,https://dblp.org/rec/conf/icac/JungmannLWKK11
445,paper,"GRUSEL - A Self Optimizing, Bandwidth Aware Video on Demand P2P Application.",https://dblp.org/rec/conf/icac/LoeserDAR04
446,paper,QUAASY: QUality Assurance of Adaptive SYstems.,https://dblp.org/rec/conf/icac/LuckeyGSE11
447,paper,The Modular Behavioral Environment for Humanoids and other Robots (MoBeE).,https://dblp.org/rec/conf/icinco/FrankLSHFS12
448,paper,Consensus Coordination in the Network of Autonomous Intersection Management.,https://dblp.org/rec/conf/icinco/WuthishuwongT14
449,paper,Reactive Reaching and Grasping on a Humanoid - Towards Closing the Action-Perception Loop on the iCub.,https://dblp.org/rec/conf/icinco/LeitnerFFS14
450,paper,Online Facility Service Leasing Inspired by the COVID-19 Pandemic.,https://dblp.org/rec/conf/icinco/MarkarianK21
451,paper,Shallow Water DG Simulations on FPGAs: Design and Comparison of a Novel Code Generation Pipeline.,https://dblp.org/rec/conf/supercomputer/AltKFFOPAHK23
452,paper,BSBC: Towards a Succinct Data Format for XML Streams.,https://dblp.org/rec/conf/webist/BottcherHH08
453,paper,DAG - Index - A Compressed Index for XML Keyword Search.,https://dblp.org/rec/conf/webist/BottcherBH13
454,paper,Reducing Data Transfer by Combining XML-Compression and XML-Caching.,https://dblp.org/rec/conf/webist/BottcherFH11a
455,paper,Enhancing XML-cache Efficiency by XML Compression.,https://dblp.org/rec/conf/webist/BottcherFH11
456,paper,Schema-based Parallel Compression and Decompression of XML Data.,https://dblp.org/rec/conf/webist/BottcherFH13
457,paper,Compressing XML Data Streams with DAG+BSBC.,https://dblp.org/rec/conf/webist/BottcherHH08a
458,paper,Discrete Minimax Probabilistic Classifier Chains for Multi-label Classification Under Label Imbalance.,https://dblp.org/rec/conf/ecsqaru/MadrigalGND25
459,paper,Robust Explanations: The Case of Prime Implicants.,https://dblp.org/rec/conf/ecsqaru/ZhuNMD25
460,paper,Learning Sets of Probabilities Through Ensemble Methods.,https://dblp.org/rec/conf/ecsqaru/NguyenZD23
461,paper,A Multi-Cloudlet Infrastructure for Future Smart Cities: An Empirical Study.,https://dblp.org/rec/conf/mobisys/GedeonKMSWM18
462,paper,Cost-Effective and Eco-Friendly Green Routing Using Renewable Energy.,https://dblp.org/rec/conf/icccn/JoWKM18
463,paper,PStream: Priority-Based Stream Scheduling for Heterogeneous Paths in Multipath-QUIC.,https://dblp.org/rec/conf/icccn/Shi0ZZ020
464,paper,Improving the Network Energy Efficiency in MapReduce Systems.,https://dblp.org/rec/conf/icccn/WangZL13
465,paper,On Scalable In-Network Operator Placement for Edge Computing.,https://dblp.org/rec/conf/icccn/GedeonSWM18
466,paper,Sustainable Process Management - Status Quo and Perspectives.,https://dblp.org/rec/conf/nixdorf/KundischHM10
467,paper,A Concept for an Accurate and Closely Coordinated Production.,https://dblp.org/rec/conf/nixdorf/Dangelmaier10
468,paper,A Realizable Efficient Parallel Architecture.,https://dblp.org/rec/conf/nixdorf/MonienLL92
469,paper,Hashing Strategies for Simulating Shared Memory on Distributed Memory Machines.,https://dblp.org/rec/conf/nixdorf/Heide92
470,paper,Real-Time Marching Cubes on the Vertex Shader.,https://dblp.org/rec/conf/eurographics/GoetzJD05
471,paper,A Framework for Video-based and Hardware-Accelerated Remote 3D-Visualization.,https://dblp.org/rec/conf/eurographics/GoetzD03
472,paper,Supporting Graphical Languages with Structure Editors.,https://dblp.org/rec/conf/eurographics/Szwillus89
473,paper,Navigation through Virtual 3D Worlds for Facilitating Childrens Spatial Orientation.,https://dblp.org/rec/conf/eurographics/VolbrachtD98
474,paper,Panel: What Can We Gain from Transdisciplinary Visualization Courses?,https://dblp.org/rec/conf/eurographics/DomikCFR08
475,paper,Visualization Curriculum Panel - or The Changes We Have Made to Our Visualization Courses Over the Last 10 Years.,https://dblp.org/rec/conf/eurographics/DomikEKRSW12
476,paper,A Practical Guide to Polygon Mesh Repairing.,https://dblp.org/rec/conf/eurographics/CampenAK12
477,paper,Partitioning Surfaces into Quad Patches.,https://dblp.org/rec/conf/eurographics/Campen17
478,paper,A Breadth-First Approach for Teaching Computer Graphics.,https://dblp.org/rec/conf/eurographics/DomikG06
479,paper,A Model-Driven Mutation Framework for Validation of Test Case Migration.,https://dblp.org/rec/conf/icsmm/JovanovikjWYA0E20
480,paper,A Self-stabilizing Hashed Patricia Trie.,https://dblp.org/rec/conf/sss/KnollmannS18
481,paper,The Max-Line-Formation Problem - And New Insights for Gathering and Chain-Formation.,https://dblp.org/rec/conf/sss/CastenowGKH21
482,paper,Coordinating Amoebots via Reconfigurable Circuits.,https://dblp.org/rec/conf/sss/FeldmannPSD21
483,paper,Self-Stabilizing De Bruijn Networks.,https://dblp.org/rec/conf/sss/RichaSS11
484,paper,Brief Announcement: Gathering in Linear Time: A Closed Chain of Disoriented and Luminous Robots with Limited Visibility.,https://dblp.org/rec/conf/sss/CastenowH0KH20
485,paper,A Self-stabilizing General De Bruijn Graph.,https://dblp.org/rec/conf/sss/FeldmannS17
486,paper,Brief Announcement: On the Time Complexity of Distributed Topological Self-stabilization.,https://dblp.org/rec/conf/sss/GallJRSST09
487,paper,A Discrete and Continuous Study of the Max-Chain-Formation Problem - Slow down to Speed Up.,https://dblp.org/rec/conf/sss/CastenowKKH20
488,paper,On Stabilizing Departures in Overlay Networks.,https://dblp.org/rec/conf/sss/ForebackKNSS14
489,paper,Corona: A Stabilizing Deterministic Message-Passing Skip List.,https://dblp.org/rec/conf/sss/NorNS11
490,paper,Self-stabilizing Metric Graphs.,https://dblp.org/rec/conf/sss/GmyrLS16
491,paper,Invited Paper: Distributed Rhombus Formation of Sliding Squares.,https://dblp.org/rec/conf/sss/KostitsynaLS25
492,paper,Self-stabilizing Overlays for High-Dimensional Monotonic Searchability.,https://dblp.org/rec/conf/sss/0001KS18
493,paper,A Loosely Self-stabilizing Protocol for Randomized Congestion Control with Logarithmic Memory.,https://dblp.org/rec/conf/sss/0001GS19
494,paper,Towards a Universal Approach for the Finite Departure Problem in Overlay Networks.,https://dblp.org/rec/conf/sss/KoutsopoulosSS15
495,paper,Relays: A New Approach for the Finite Departure Problem in Overlay Networks.,https://dblp.org/rec/conf/sss/ScheidelerS18
496,paper,Tiara: A Self-stabilizing Deterministic Skip List.,https://dblp.org/rec/conf/sss/ClouserNS08
497,paper,On Underlay-Aware Self-Stabilizing Overlay Networks.,https://dblp.org/rec/conf/sss/GotteSS18
498,paper,Power Control and Multiuser Diversity in Multiple Access Channels with Two Time-Scale Fading.,https://dblp.org/rec/conf/wiopt/LeongED05
499,paper,An Integrated Approach to Semantic Evaluation and Content-Based Retrieval of Multimedia Documents.,https://dblp.org/rec/conf/ercimdl/KnollABBGHHHLMNS98
500,paper,SciPlore Xtract: Extracting Titles from Scientific PDF Documents by Analyzing Style Information (Font Size).,https://dblp.org/rec/conf/ercimdl/BeelGSF10
501,paper,Weakly Supervised Sound Activity Detection and Event Classification in Acoustic Sensor Networks.,https://dblp.org/rec/conf/camsap/EbbersDHBK19
502,paper,Maximization of Minimum Rate in MIMO OFDM RIS-Assisted Broadcast Channels.,https://dblp.org/rec/conf/camsap/0002SSJ23
503,paper,Spectral Noise Tracking for Improved Nonstationary Noise Robust ASR.,https://dblp.org/rec/conf/ITGspeech/ChinaevPH14
504,paper,NARA-WPE: A Python package for weighted prediction error dereverberation in Numpy and Tensorflow for online and offline processing.,https://dblp.org/rec/conf/ITGspeech/DrudeHBH18
505,paper,Insights into the Interplay of Sampling Rate Offsets and MVDR Beamforming.,https://dblp.org/rec/conf/ITGspeech/Schmalenstroeer18
506,paper,A Priori SNR Estimation Using Weibull Mixture Model.,https://dblp.org/rec/conf/ITGspeech/ChinaevHH16
507,paper,Speeding Up Permutation Invariant Training for Source Separation.,https://dblp.org/rec/conf/ITGspeech/NeumannBKDH21
508,paper,Robust Online Multi-Channel Speech Recognition.,https://dblp.org/rec/conf/ITGspeech/KitzaZSHH16
509,paper,Benchmarking Neural Network Architectures for Acoustic Sensor Networks.,https://dblp.org/rec/conf/ITGspeech/EbbersHSH18
510,paper,On Source-Microphone Distance Estimation Using Convolutional Recurrent Neural Networks.,https://dblp.org/rec/conf/ITGspeech/GburrekSH21
511,paper,Investigations Into a Statistical Observation Model for Logarithmic Mel Power Spectral Density Features of Noisy Reverberant Speech.,https://dblp.org/rec/conf/ITGspeech/LeutnantKH12
512,paper,On the Bias of Direction of Arrival Estimation Using Linear Microphone Arrays.,https://dblp.org/rec/conf/ITGspeech/JacobH16
513,paper,Smoothing along Frequency in Online Neural Network Supported Acoustic Beamforming.,https://dblp.org/rec/conf/ITGspeech/HeitkaemperHH18
514,paper,On the Initialization of Dynamic Models for Speech Features.,https://dblp.org/rec/conf/ITGspeech/KruegerLHAB10
515,paper,MARVELO - A Framework for Signal Processing in Wireless Acoustic Sensor Networks.,https://dblp.org/rec/conf/ITGspeech/AfifiSUHK18
516,paper,Noise-Presence-Probability-Based Noise PSD Estimation by Using DNNs.,https://dblp.org/rec/conf/ITGspeech/ChinaevHDH16
517,paper,Factor Graph Decoding for Speech Presence Probability Estimation.,https://dblp.org/rec/conf/ITGspeech/GlarnerMDH16
518,paper,Quality Analysis and Optimization of the MAP-based Noise Power Spectral Density Tracker.,https://dblp.org/rec/conf/ITGspeech/ChinaevH12
519,paper,Coordinate Mapping Between an Acoustic and Visual Sensor Network in the Shape Domain for a Joint Self-Calibrating Speaker Tracking.,https://dblp.org/rec/conf/ITGspeech/JacobH14
520,paper,Online Observation ErrorModel Estimation for Acoustic Sensor Network Synchronization.,https://dblp.org/rec/conf/ITGspeech/Schmalenstroeer14
521,paper,A Comparison and Combination of Unsupervised Blind Source Separation Techniques.,https://dblp.org/rec/conf/ITGspeech/BoddekerRH21
522,paper,A Holistic Natural Language Generation Framework for the Semantic Web.,https://dblp.org/rec/conf/ranlp/NgomoMB19
523,paper,QMagFace: Simple and Accurate Quality-Aware Face Recognition.,https://dblp.org/rec/conf/wacv/TerhorstIHDKRK23
524,paper,CV-SDF - A model for Real-Time Computer Vision Applications.,https://dblp.org/rec/conf/wacv/StichlingK02
525,paper,Efficient Explainable Face Verification based on Similarity Score Argument Backpropagation.,https://dblp.org/rec/conf/wacv/HuberLTD24
526,paper,FALCON: Fair Face Recognition via Local Optimal Feature Normalization.,https://dblp.org/rec/conf/wacv/Al-RefaiHBT25
527,paper,Generating Physically Sound Training Data for Image Recognition of Additively Manufactured Parts.,https://dblp.org/rec/conf/wacv/NickchenHE21
528,paper,Effective Backdoor Learning on Open-Set Face Recognition Systems.,https://dblp.org/rec/conf/wacv/VothDGPT25
529,paper,Querying Partially Labelled Data to Improve a K-nn Classifier.,https://dblp.org/rec/conf/aaai/NguyenDM17
530,paper,Dung's Argumentation Framework: Unveiling the Expressive Power with Inconsistent Databases.,https://dblp.org/rec/conf/aaai/0002HN25
531,paper,KernelMatmul: Scaling Gaussian Processes to Large Time Series.,https://dblp.org/rec/conf/aaai/HoffbauerHB25
532,paper,Structure-Aware Encodings of Argumentation Properties for Clique-width.,https://dblp.org/rec/conf/aaai/MahmoodHGF26
533,paper,Can You Tell the Difference? Contrastive Explanations for ABox Entailments.,https://dblp.org/rec/conf/aaai/KoopmannMNT26
534,paper,Learning to Transfer with von Neumann Conditional Divergence.,https://dblp.org/rec/conf/aaai/ShakerYO22
535,paper,A Robust Prototype-Based Network with Interpretable RBF Classifier Foundations.,https://dblp.org/rec/conf/aaai/SaralajewRVS25
536,paper,Multi-Source Survival Domain Adaptation.,https://dblp.org/rec/conf/aaai/ShakerL23
537,paper,Efficient and Scalable Multi-Task Regression on Massive Number of Tasks.,https://dblp.org/rec/conf/aaai/HeAS19
538,paper,Answering Regular Path Queries Under Approximate Semantics in Lightweight Description Logics.,https://dblp.org/rec/conf/aaai/GilT21
539,paper,Parameterized Complexity of Logic-Based Argumentation in Schaefer's Framework.,https://dblp.org/rec/conf/aaai/0002M021
540,paper,Radon - Rapid Discovery of Topological Relations.,https://dblp.org/rec/conf/aaai/SherifDSN17
541,paper,Learning Behavior Models for Hybrid Timed Systems.,https://dblp.org/rec/conf/aaai/NiggemannSVMB12
542,paper,Reliable Multilabel Classification: Prediction with Partial Abstention.,https://dblp.org/rec/conf/aaai/NguyenH20
543,paper,Usage-Centric Benchmarking of RDF Triple Stores.,https://dblp.org/rec/conf/aaai/MorseyLAN12
544,paper,A Distributed Algorithm to Evaluate Quantified Boolean Formulae.,https://dblp.org/rec/conf/aaai/FeldmannMS00
545,paper,Conjunctive Query Answering in Finitely-Valued Fuzzy Description Logics.,https://dblp.org/rec/conf/rr/MailisPT14
546,paper,A collaborative document management environment for teaching and learning (poster session).,https://dblp.org/rec/conf/cve/HampelK00
547,paper,Energy-Efficient Network Routing with Discrete Cost Functions.,https://dblp.org/rec/conf/tamc/WangAZHL12
548,paper,On the Computational Complexity of Read once Resolution Decidability in 2CNF Formulas.,https://dblp.org/rec/conf/tamc/BuningWS17
549,paper,Cyber Biosphere for Future Embedded Systems.,https://dblp.org/rec/conf/seus/Rammig08
550,paper,On-Line Model Checking as Operating System Service.,https://dblp.org/rec/conf/seus/RammigZS09
551,paper,Algorithmic Skeletons for the Programming of Reconfigurable Systems.,https://dblp.org/rec/conf/seus/Dittmann07
552,paper,Self-organizing Resource-Aware Clustering for Ad Hoc Networks.,https://dblp.org/rec/conf/seus/HeimfarthJR07
553,paper,Resolving global and local drifts in data stream regression using evolving rule-based models.,https://dblp.org/rec/conf/eais/ShakerL13
554,paper,Comparison of Evolving Granular Classifiers applied to Anomaly Detection for Predictive Maintenance in Computing Centers.,https://dblp.org/rec/conf/eais/DeckerLVB20
555,paper,Unsupervised Fuzzy eIX: Evolving Internal-eXternal Fuzzy Clustering.,https://dblp.org/rec/conf/eais/AguiarL20
556,paper,EGNN-C+: Interpretable Evolving Granular Neural Network and Application in Classification of Weakly-Supervised EEG Data Streams.,https://dblp.org/rec/conf/eais/LeiteSCSFN24
557,paper,ONTOCONNECT: Domain-Agnostic Ontology Alignment using Graph Embedding with Negative Sampling.,https://dblp.org/rec/conf/icmla/ChakrabortyZSB21
558,paper,MLCHECK- Property-Driven Testing of Machine Learning Classifiers.,https://dblp.org/rec/conf/icmla/SharmaDNW21
559,paper,State Aggregation by Growing Neural Gas for Reinforcement Learning in Continuous State Spaces.,https://dblp.org/rec/conf/icmla/BaumannB11
560,paper,Non-preemptive Scheduling on Machines with Setup Times.,https://dblp.org/rec/conf/wads/MackerMHR15
561,paper,Preschoolers' Interactions with Social Robots: Investigating the Potential for Eliciting Metatalk and Critical Technological Thinking.,https://dblp.org/rec/conf/hri/TolksdorfWR24
562,paper,Systemic interaction analysis (SInA) in HRI.,https://dblp.org/rec/conf/hri/LohseHRS09
563,paper,Humans and robots in asymmetric interactions.,https://dblp.org/rec/conf/hri/VollmerSRW14
564,paper,Do Shy Children Behave Differently than Non-shy Children in a Long-term Child-robot Interaction?: An Analysis of Positive and Negative Expressions of Shyness in Kindergarten Children.,https://dblp.org/rec/conf/hri/TolksdorfVR20
565,paper,Who is that?: ! Does Changing the Robot as a Learning Companion Impact Preschoolers' Language Learning?,https://dblp.org/rec/conf/hri/TolksdorfHVR22
566,paper,A Framework for Constraint Programming Based Column Generation.,https://dblp.org/rec/conf/cp/JunkerKKVFS99
567,paper,Symmetry Breaking.,https://dblp.org/rec/conf/cp/FahleSS01
568,paper,Test Suite Quality for Model Transformation Chains.,https://dblp.org/rec/conf/tools/BauerKE11
569,paper,A Generic Meta-model-Based Approach for Specifying Framework Functionality and Usage.,https://dblp.org/rec/conf/tools/ChristBEGL10
570,paper,Facets of the Fully Mixed Nash Equilibrium Conjecture.,https://dblp.org/rec/conf/sagt/FeldmannMP08
571,paper,On the Approximability of Combinatorial Exchange Problems.,https://dblp.org/rec/conf/sagt/BabaioffBK08
572,paper,Basic Network Creation Games with Communication Interests.,https://dblp.org/rec/conf/sagt/Cord-LandwehrHKS12
573,paper,Conditional Value-at-Risk: Structure and Complexity of Equilibria.,https://dblp.org/rec/conf/sagt/MavronicolasM17
574,paper,Minimizing Expectation Plus Variance.,https://dblp.org/rec/conf/sagt/MavronicolasM12
575,paper,Bilevel Continual Learning.,https://dblp.org/rec/conf/ijcnn/ShakerAYY21
576,paper,Evolving granular neural network for semi-supervised data stream classification.,https://dblp.org/rec/conf/ijcnn/LeiteCG10
577,paper,High Impedance Fault Detection in Time-Varying Distributed Generation Systems Using Adaptive Neural Networks.,https://dblp.org/rec/conf/ijcnn/LucasCBL18
578,paper,Improving robot vision models for object detection through interaction.,https://dblp.org/rec/conf/ijcnn/LeitnerFS14
579,paper,Evolving granular neural network for fuzzy time series forecasting.,https://dblp.org/rec/conf/ijcnn/LeiteCG12
580,paper,Learning skills from play: Artificial curiosity on a Katana robot arm.,https://dblp.org/rec/conf/ijcnn/NgoLFS12
581,paper,Online Meta-Forest for Regression Data Streams.,https://dblp.org/rec/conf/ijcnn/ShakerGHY20
582,paper,Multi-Objective Optimization for Sparse Deep Multi-Task Learning.,https://dblp.org/rec/conf/ijcnn/HotegniBP24
583,paper,Evolving granular classification neural networks.,https://dblp.org/rec/conf/ijcnn/LeiteCG09
584,paper,Artificial neural networks for spatial perception: Towards visual object localisation in humanoid robots.,https://dblp.org/rec/conf/ijcnn/LeitnerHFFS13
585,paper,Enhancing Resilience of Deep Learning Networks By Means of Transferable Adversaries.,https://dblp.org/rec/conf/ijcnn/SeilerTK20
586,paper,Integration of sensorimotor mappings by making use of redundancies.,https://dblp.org/rec/conf/ijcnn/HemionJR12
587,paper,Prediction of residual power peaks in industrial microgrids using artificial neural networks.,https://dblp.org/rec/conf/ijcnn/VogtWWB17
588,paper,MAAS: Hiding Trojans in Approximate Circuits.,https://dblp.org/rec/conf/isqed/Ahmed0P23
589,paper,A low-cost miniature 120GHz SiP FMCW/CW radar sensor with software linearization.,https://dblp.org/rec/conf/isscc/SunMFWDBZGHS13
590,paper,Virtualization with prefetching abilities based on iSCSI.,https://dblp.org/rec/conf/snapi/BleckmannSS04
591,paper,All I Need to Know about Twitter in Education I Learned in Kindergarten.,https://dblp.org/rec/conf/ifip3/ReinhardtWE10
592,paper,Linking Communities of Practice with Learning Communities in Computer Science Education.,https://dblp.org/rec/conf/ifip3/HinkelmannHMPR06
593,paper,Coping with Complex Real-World Problems: Strategies for Developing the Competency of Transdisciplinary Collaboration.,https://dblp.org/rec/conf/ifip3/DomikF10
594,paper,Integration of a Video Annotation Tool into a Coactive Learning and Working Environment.,https://dblp.org/rec/conf/ifip3/MagenheimRRME10
595,paper,Getting Granular on Twitter: Tweets from a Conference and Their Limited Usefulness for Non-participants.,https://dblp.org/rec/conf/ifip3/EbnerMSSRW10
596,paper,Informatics Systems and Modelling - Case Studies of Expert Interviews.,https://dblp.org/rec/conf/ifip3/LehnerMNRSSS10
597,paper,Security and Privacy Challenges in On-The-Fly Computing.,https://dblp.org/rec/conf/Dstep/PetrlicJPSS14
598,paper,Convergence Analysis of a Multiagent Cooperation Model.,https://dblp.org/rec/conf/icaart/EberlingB11
599,paper,Reflexive Collision Response with Virtual Skin - Roadmap Planning Meets Reinforcement Learning.,https://dblp.org/rec/conf/icaart/FrankFS12
600,paper,Leveraging Event Marketing Performance using AI in Facial Recognition.,https://dblp.org/rec/conf/icaart/KhalloufM22
601,paper,Region-based Heuristics for an Iterative Partitioning Problem in Multiagent Systems.,https://dblp.org/rec/conf/icaart/KemmerichB11
602,paper,Coordination of Self-Optimizing Mechatronic Systems - A New Application for Multi-Agent Planning.,https://dblp.org/rec/conf/icaart/KlopperD09
603,paper,Architectural Style - Based Modeling and Simulation of Complex Software Systems.,https://dblp.org/rec/conf/apsec/GuoEH05
604,paper,Indexing of Single and Multi-instance Iris Data Based on LSH-Forest and Rotation Invariant Representation.,https://dblp.org/rec/conf/caip/DamerT0K17
605,paper,On the Design of a Fault Tolerant Ripple-Carry Adder with Controllable-Polarity Transistors.,https://dblp.org/rec/conf/isvlsi/GhasemzadehGZMS15
606,paper,The SATURN Approach to SysML-Based HW/SW Codesign.,https://dblp.org/rec/conf/isvlsi/MuellerHMWLWPVM10
607,paper,MCTS-based Synthesis Towards Efficient Approximate Accelerators.,https://dblp.org/rec/conf/isvlsi/0009P21
608,paper,The SATURN Approach to SysML-Based HW/SW Codesign.,https://dblp.org/rec/conf/isvlsi/MullerHMWWPVMKAC10
609,paper,DeepApprox: Rapid Deep Learning based Design Space Exploration of Approximate Circuits via Check-pointing.,https://dblp.org/rec/conf/isvlsi/AwaisMP24
610,paper,On the Detection and Circumvention of Bitstream-level Trojans in FPGAs.,https://dblp.org/rec/conf/isvlsi/AhmedP22
611,paper,Towards a seamless human interaction in IoT.,https://dblp.org/rec/conf/isce/Rubio-DrosdovSC15
612,paper,Enabling actor model for crowd sensing and IoT.,https://dblp.org/rec/conf/isce/SanchezSAAM15
613,paper,Runtime Analysis of Quality Diversity Algorithms.,https://dblp.org/rec/conf/gecco/BossekS23
614,paper,The node weight dependent traveling salesperson problem: approximation algorithms and randomized search heuristics.,https://dblp.org/rec/conf/gecco/BossekCK020
615,paper,Investigating the Viability of Existing Exploratory Landscape Analysis Features for Mixed-Integer Problems.,https://dblp.org/rec/conf/gecco/PragerT23
616,paper,RandOptGen: A Unified Random Problem Generator for Single- and Multi-Objective Optimization Problems with Mixed-Variable Input Spaces.,https://dblp.org/rec/conf/gecco/SeilerPT25
617,paper,A collection of deep learning-based feature-free approaches for characterizing single-objective continuous fitness landscapes.,https://dblp.org/rec/conf/gecco/SeilerPKT22
618,paper,Parameterization of state-of-the-art performance indicators: a robustness study based on inexact TSP solvers.,https://dblp.org/rec/conf/gecco/KerschkeBT18
619,paper,Hot off the Press: Finding ϵ-Locally Optimal Solutions for Multi-Objective Multimodal Optimization.,https://dblp.org/rec/conf/gecco/Rodriguez-Fernandez25
620,paper,Deep reinforcement learning for instance-specific algorithm configuration.,https://dblp.org/rec/conf/gecco/SchedeSTT25
621,paper,Evolving diverse sets of tours for the travelling salesperson problem.,https://dblp.org/rec/conf/gecco/DoBN020
622,paper,Performance assessment of multi-objective evolutionary algorithms with the R package ecr.,https://dblp.org/rec/conf/gecco/Bossek18
623,paper,Learning Feature-Parameter Mappings for Parameter Tuning via the Profile Expected Improvement.,https://dblp.org/rec/conf/gecco/BossekBWR15
624,paper,Active coevolutionary learning of requirements specifications from examples.,https://dblp.org/rec/conf/gecco/WeverRH17
625,paper,Initial design strategies and their effects on sequential model-based optimization: an exploratory case study based on BBOB.,https://dblp.org/rec/conf/gecco/BossekDK20
626,paper,Generating diverse and discriminatory knapsack instances by searching for novelty in variable dimensions of feature-space.,https://dblp.org/rec/conf/gecco/MarreroSHBN23
627,paper,On the benefits of biased edge-exchange mutation for the multi-criteria spanning tree problem.,https://dblp.org/rec/conf/gecco/BossekG019
628,paper,Guiding Quality Diversity on Monotone Submodular Functions: Customising the Feature Space by Adding Boolean Conjunctions.,https://dblp.org/rec/conf/gecco/SchmidbauerOB0S24
629,paper,ecr 2.0: a modular framework for evolutionary computation in R.,https://dblp.org/rec/conf/gecco/Bossek17
630,paper,Evaluation of a Multi-Objective EA on Benchmark Instances for Dynamic Routing of a Vehicle.,https://dblp.org/rec/conf/gecco/MeiselGBWRT15
631,paper,Algorithm selection based on exploratory landscape analysis and cost-sensitive learning.,https://dblp.org/rec/conf/gecco/BischlMTP12
632,paper,Averaged Hausdorff Approximations of Pareto Fronts based on Multiobjective Estimation of Distribution Algorithms.,https://dblp.org/rec/conf/gecco/MartiGKTR15
633,paper,Enabling XCSF to cope with dynamic environments via an adaptive error threshold.,https://dblp.org/rec/conf/gecco/HansmeierKP20
634,paper,On the Impact of Basic Mutation Operators and Populations within Evolutionary Algorithms for the Dynamic Weighted Traveling Salesperson Problem.,https://dblp.org/rec/conf/gecco/BossekN023
635,paper,Concurrent model synchronisation with multiple objectives.,https://dblp.org/rec/conf/gecco/WeidmannE21
636,paper,Exploring the feature space of TSP instances using quality diversity.,https://dblp.org/rec/conf/gecco/Bossek022
637,paper,Detecting Funnel Structures by Means of Exploratory Landscape Analysis.,https://dblp.org/rec/conf/gecco/KerschkePWT15
638,paper,On the potential of automated algorithm configuration on multi-modal multi-objective optimization problems.,https://dblp.org/rec/conf/gecco/RookTBG22
639,paper,Multi-objective Ranking using Bootstrap Resampling.,https://dblp.org/rec/conf/gecco/RookHT24
640,paper,Runtime analysis of evolutionary algorithms with biased mutation for the multi-objective minimum spanning tree problem.,https://dblp.org/rec/conf/gecco/RoostapourB020
641,paper,Dynamic bi-objective routing of multiple vehicles.,https://dblp.org/rec/conf/gecco/BossekGT20
642,paper,Entropy-based evolutionary diversity optimisation for the traveling salesperson problem.,https://dblp.org/rec/conf/gecco/NikfarjamBN021
643,paper,A mutation operator for evolution strategies to handle constrained problems.,https://dblp.org/rec/conf/gecco/KramerTB05
644,paper,On the properties of the R2 indicator.,https://dblp.org/rec/conf/gecco/BrockhoffWT12
645,paper,Breeding diverse packings for the knapsack problem by means of diversity-tailored evolutionary algorithms.,https://dblp.org/rec/conf/gecco/BossekN021
646,paper,More effective randomized search heuristics for graph coloring through dynamic optimization.,https://dblp.org/rec/conf/gecco/Bossek00S20
647,paper,Automated Algorithm Configuration and Systematic Benchmarking for Heterogeneous MNK-Landscapes.,https://dblp.org/rec/conf/gecco/PreussMRBT25
648,paper,Evolutionary diversity optimization and the minimum spanning tree problem.,https://dblp.org/rec/conf/gecco/Bossek021
649,paper,Low-Budget Exploratory Landscape Analysis on Multiple Peaks Models.,https://dblp.org/rec/conf/gecco/KerschkePWT16
650,paper,Generalised Kruskal Mutation for the Multi-Objective Minimum Spanning Tree Problem.,https://dblp.org/rec/conf/gecco/BossekG24
651,paper,A decomposition-based EMOA for set-based robustness.,https://dblp.org/rec/conf/gecco/CastellanosO19
652,paper,Runtime analysis of randomized search heuristics for dynamic graph coloring.,https://dblp.org/rec/conf/gecco/Bossek0PS19
653,paper,XCS on embedded systems: an analysis of execution profiles and accelerated classifier deletion.,https://dblp.org/rec/conf/gecco/BredeHP22
654,paper,An adaption mechanism for the error threshold of XCSF.,https://dblp.org/rec/conf/gecco/HansmeierKP20a
655,paper,Directed search method for indicator-based multi-objective evolutionary algorithms.,https://dblp.org/rec/conf/gecco/Sosa-HernandezSRT13
656,paper,"Evolutionary diversity optimization for combinatorial optimization: tutorial at GECCO'22, Boston, USA.",https://dblp.org/rec/conf/gecco/Bossek0N22
657,paper,An experimental comparison of explore/exploit strategies for the learning classifier system XCS.,https://dblp.org/rec/conf/gecco/HansmeierP21
658,paper,Advanced techniques for the creation and propagation of modules in cartesian genetic programming.,https://dblp.org/rec/conf/gecco/KaufmannP08
659,paper,Exploratory landscape analysis.,https://dblp.org/rec/conf/gecco/MersmannBTPWR11
660,paper,Diversifying greedy sampling and evolutionary diversity optimisation for constrained monotone submodular functions.,https://dblp.org/rec/conf/gecco/NeumannB021
661,paper,Generating instances with performance differences for more than just two algorithms.,https://dblp.org/rec/conf/gecco/Bossek021a
662,paper,Local search effects in bi-objective orienteering.,https://dblp.org/rec/conf/gecco/BossekGMRT18
663,paper,Cluster Prevention in Evolutionary Diversity Optimization for Parallel Machine Scheduling.,https://dblp.org/rec/conf/gecco/WittnerB25
664,paper,Added Value of Sociofact Analysis for Business Agility.,https://dblp.org/rec/conf/aaaiss/RissMRNH11
665,paper,Simulation Environment for Traffic Control Systems Targeting Mixed Autonomy Traffic Scenarios.,https://dblp.org/rec/conf/vehits/LinkMGT23
666,paper,Online State Estimation for Microscopic Traffic Simulations using Multiple Data Sources.,https://dblp.org/rec/conf/vehits/MalenaLHGT21
667,paper,Compositional design and implementation of domain-specific languages.,https://dblp.org/rec/conf/ifip2-4/KastensP98
668,paper,Shifting Predicates to Inner Sub-expressions for XQuery Optimization.,https://dblp.org/rec/conf/sitis/GroppeGBV06
669,paper,Generalizing and Improving SQL/XML Query Evaluation.,https://dblp.org/rec/conf/sitis/BottcherBH12
670,paper,A Review of Event Formats as Enablers of Event-Driven BPM.,https://dblp.org/rec/conf/bpm/BeckerMMW11
671,paper,Process Weakness Patterns for the Identification of Digitalization Potentials in Business Processes.,https://dblp.org/rec/conf/bpm/RittmeierET18
672,paper,Straight Outta Logs: Can Large Language Models Overcome Preprocessing in Next Event Prediction?,https://dblp.org/rec/conf/bpm/BrennigK024
673,paper,Process Mining of Knowledge-Intensive Processes: An Action Design Research Study in Manufacturing.,https://dblp.org/rec/conf/bpm/LohrBBBM22
674,paper,A Blueprint for Event-Driven Business Activity Management.,https://dblp.org/rec/conf/bpm/JanieschMM11
675,paper,A Step Towards Cognitive Automation: Integrating LLM Agents with Process Rules.,https://dblp.org/rec/conf/bpm/KaltenpothSMB25
676,paper,Text-Aware Predictive Process Monitoring of Knowledge-Intensive Processes: Does Control Flow Matter?,https://dblp.org/rec/conf/bpm/BrennigBL023
677,paper,Detecting and Resolving Process Model Differences in the Absence of a Change Log.,https://dblp.org/rec/conf/bpm/KusterGFE08
678,paper,Use Your Best Device! Enabling Device Changes at Runtime.,https://dblp.org/rec/conf/bpm/BokermannGE14
679,paper,Process Mining and Petri Net Synthesis.,https://dblp.org/rec/conf/bpm/KindlerRS06
680,paper,"X-RAI: A Framework for the Transparent, Responsible, and Accurate Use of Machine Learning in the Public Sector.",https://dblp.org/rec/conf/egov/NagbolM20
681,paper,Demo: OpenC2X - An open source experimental and prototyping platform supporting ETSI ITS-G5.,https://dblp.org/rec/conf/vnc/LauxPSTK0D16
682,paper,Poster: First Performance Insights on Our Novel OFDM-based Vehicular VLC Prototype.,https://dblp.org/rec/conf/vnc/KoepeKIPKWMTAKK18
683,paper,Parallel Decomposition of Unstructured FEM-Meshes.,https://dblp.org/rec/conf/irregular/DiekmannMM95
684,paper,Communication Efficient Parallel Searching.,https://dblp.org/rec/conf/irregular/BaumkerH97
685,paper,Parallel Sparse Cholesky Factorization.,https://dblp.org/rec/conf/irregular/MonienS97
686,paper,Coordination of multiple autonomous intersections by using local neighborhood information.,https://dblp.org/rec/conf/iccve/WuthishuwongT13
687,paper,"Autonomously driven railway cabin convoys - Communication, control design and experimentation.",https://dblp.org/rec/conf/iccve/HenkeT13
688,paper,openVisaar: Enriching Cooperative Visualization by Combining Open Technologies.,https://dblp.org/rec/conf/cdve/GoetzD04
689,paper,Mutation-analysis driven functional verification of a soft microprocessor.,https://dblp.org/rec/conf/socc/XieML12
690,paper,Design of a complementary folded-cascode operational amplifier.,https://dblp.org/rec/conf/socc/LipkaKSS09
691,paper,Konzeption einer datenflußgesteuerten Betriebssystemschnittstelle.,https://dblp.org/rec/conf/gacm/Szwillus84
692,paper,CAP - Eine Systemimplementierungssprache für Multi-Mikro-Prozessor-Systeme.,https://dblp.org/rec/conf/gacm/RammigR81
693,paper,"InferCool: Enhancing AI Inference Cooling through Transparent, Non-Intrusive Task Reassignment.",https://dblp.org/rec/conf/cloud/PeiWZY0L24
694,paper,Visual Patterns in the VLEli System.,https://dblp.org/rec/conf/cc/JungKSS01
695,paper,Abstract Interfaces for Compiler Generating Tools.,https://dblp.org/rec/conf/cc/Kastens88
696,paper,The Eli System.,https://dblp.org/rec/conf/cc/KastensPJ98
697,paper,Compilation for Instruction Parallel Processors.,https://dblp.org/rec/conf/cc/Kastens90
698,paper,VLIW Compilation Techniques for Superscalar Architectures.,https://dblp.org/rec/conf/cc/StumpelTK98
699,paper,A Comparison of Modulo Scheduling Techniques for Software Pipelining.,https://dblp.org/rec/conf/cc/PfahlerP96
700,paper,Compiling Nested Loops for Limited Connectivity VLIWs.,https://dblp.org/rec/conf/cc/SlowikPP94
701,paper,Optimizing Directly Executable LR Parsers.,https://dblp.org/rec/conf/cc/Pfahler90
702,paper,Improved Side Channel Attacks on Pairing Based Cryptography.,https://dblp.org/rec/conf/cosade/BlomerGL13
703,paper,Slipstream: architecture options for real-time process analytics.,https://dblp.org/rec/conf/sac/JanieschMMVB11
704,paper,Scaling topology pattern matching: a distributed approach.,https://dblp.org/rec/conf/sac/SteinFKWWKM18
705,paper,Computing generalizations of temporal εL concepts with next and global.,https://dblp.org/rec/conf/sac/TirtarasaT22
706,paper,Knowledge-free discovery of domain-specific multiword units.,https://dblp.org/rec/conf/sac/Ngomo08
707,paper,Approximation Algorithms for Fair Range Clustering.,https://dblp.org/rec/conf/icml/HotegniMV23
708,paper,ReconROS: Flexible Hardware Acceleration for ROS2 Applications.,https://dblp.org/rec/conf/icfpt/LienenPR20
709,paper,OpenCL Implementation of Cannon's Matrix Multiplication Algorithm on Intel Stratix 10 FPGAs.,https://dblp.org/rec/conf/icfpt/GorlaniKP19
710,paper,Tracing Pain: Predictive Modeling for Migraine and Headache Triggers.,https://dblp.org/rec/conf/ichi/AlqassemBSR25
711,paper,Extracting Multilingual Natural-Language Patterns for RDF Predicates.,https://dblp.org/rec/conf/ekaw/GerberN12
712,paper,UniQ-Gen: Unified Query Generation Across Multiple Knowledge Graphs.,https://dblp.org/rec/conf/ekaw/VollmersSZMN24
713,paper,FaVEL: Fact Validation Ensemble Learning.,https://dblp.org/rec/conf/ekaw/QudusPSRN24
714,paper,An Empirical Evaluation of RDF Graph Partitioning Techniques.,https://dblp.org/rec/conf/ekaw/AkhterNS18
715,paper,TAIPAN: Automatic Property Mapping for Tabular Data.,https://dblp.org/rec/conf/ekaw/ErmilovN16
716,paper,On Extracting Relations Using Distributional Semantics and a Tree Generalization.,https://dblp.org/rec/conf/ekaw/SpeckN18
717,paper,Average case complexity of Voronoi diagrams of n sites from the unit cube.,https://dblp.org/rec/conf/ewcg/BienkowskiDHS05
718,paper,Comprehensive Verification Framework for Dependability of Self-optimizing Systems.,https://dblp.org/rec/conf/atva/ZhaoKOR05
719,paper,Model-driven development of advanced user interfaces.,https://dblp.org/rec/conf/chi/BerghMBPSH10
720,paper,Safety-critical interaction: usability in incidents and accidents.,https://dblp.org/rec/conf/chi/PalanqueKJSW04
721,paper,Designing glyphs to exploit patterns in multidimensional datasets.,https://dblp.org/rec/conf/chi/JoslynLD95
722,paper,"HCI research in Paderborn, Germany.",https://dblp.org/rec/conf/chi/Szwillus94
723,paper,KAP - A Prototyper for Technical Device Interfaces.,https://dblp.org/rec/conf/chi/KespohlS96
724,paper,Graphical constraints.,https://dblp.org/rec/conf/chi/Szwillus94a
725,paper,How Effective are 3D Display Modes?,https://dblp.org/rec/conf/chi/VolbrachtDSF97
726,paper,Tool support for task-based user interface design.,https://dblp.org/rec/conf/chi/BomsdorfS99
727,paper,Incremental recognition in gesture-based and syntax-directed diagram editors.,https://dblp.org/rec/conf/chi/Zhao93
728,paper,Listen to Developers! A Participatory Design Study on Security Warnings for Cryptographic APIs.,https://dblp.org/rec/conf/chi/GorskiAIF20
729,paper,Analyzing Security and Privacy Advice During the 2022 Russian Invasion of Ukraine on Twitter.,https://dblp.org/rec/conf/chi/SchmuserRWSB0SW24
730,paper,Specification and simulation of task models with VTMB.,https://dblp.org/rec/conf/chi/BiereBS99
731,paper,On the Usability of Next-Generation Authentication: A Study on Eye Movement and Brainwave-based Mechanisms.,https://dblp.org/rec/conf/chi/FallahiCS25
732,paper,,https://dblp.org/rec/conf/chi/KabloKC24
733,paper,A World Full of Privacy and Security (Mis)conceptions? Findings of a Representative Survey in 12 Countries.,https://dblp.org/rec/conf/chi/Herbert0SHKSAD23
734,paper,Early prototyping based on executable task models.,https://dblp.org/rec/conf/chi/BomsdorfS96
735,paper,,https://dblp.org/rec/conf/chi/KabloSC26
736,paper,From task to dialogue: task-based user interface design.,https://dblp.org/rec/conf/chi/BomsdorfS98
737,paper,Identity in K-12 Computer Education Research: A Systematic Literature Review.,https://dblp.org/rec/conf/icer/Grosse-BoltingG21
738,paper,Novices' expectations and prior knowledge of software development: results of a study with high school students.,https://dblp.org/rec/conf/icer/SchulteM05
739,paper,Towards a conceptualization of pedagogical content knowledge for computer science.,https://dblp.org/rec/conf/icer/HubwieserMMR13
740,paper,Learning an Explanatory Model of Data-Driven Technologies can Lead to Empowered Behavior: A Mixed-Methods Study in K-12 Computing Education.,https://dblp.org/rec/conf/icer/Hoper0M24
741,paper,Empirical comparison of objects-first and objects-later.,https://dblp.org/rec/conf/icer/EhlertS09
742,paper,Block Model: an educational model of program comprehension as a tool for a scholarly approach to teaching.,https://dblp.org/rec/conf/icer/Schulte08
743,paper,What do teachers teach in introductory programming?,https://dblp.org/rec/conf/icer/SchulteB06
744,paper,Eye tracking in computing education.,https://dblp.org/rec/conf/icer/BusjahnSSSBHBOISA14
745,paper,Attitudes towards computer science-computing experiences as a starting point and barrier to computer science.,https://dblp.org/rec/conf/icer/SchulteK07
746,paper,Applying Topic Maps to Ad Hoc Workflows for Semantic Associative Navigation in Process Networks.,https://dblp.org/rec/conf/criwg/HuthSN01
747,paper,A Failure Tolerating Atomic Commit Protocol for Mobile Environments.,https://dblp.org/rec/conf/mdm/BottcherGO07
748,paper,Unifying Gathering Protocols for Swarms of Mobile Robots.,https://dblp.org/rec/conf/ciac/CastenowHH23
749,paper,Fair Cost-Sharing Methods for Scheduling Jobs on Parallel Machines.,https://dblp.org/rec/conf/ciac/BleischwitzM06
750,paper,On the Power of Nodes of Degree Four in the Local Max-Cut Problem.,https://dblp.org/rec/conf/ciac/MonienT10
751,paper,IP-XACT based system level mutation testing.,https://dblp.org/rec/conf/hldvt/XieML11
752,paper,Verification of real-time properties for Hardware-dependent Software.,https://dblp.org/rec/conf/hldvt/0003OZB10
753,paper,Design and Evaluation of an AR Voice-based Indoor UAV Assistant for Smart Home Scenarios.,https://dblp.org/rec/conf/sui/HelmertHY23
754,paper,Minimizing Eye Movements and Distractions in Head-Mounted Augmented Reality through Eye-Gaze Adaptiveness.,https://dblp.org/rec/conf/sui/WeckerY23
755,paper,Test Case Co-Migration Method Patterns.,https://dblp.org/rec/conf/se/JovanovikjY0E20
756,paper,,https://dblp.org/rec/conf/se/NadiKMB17
757,paper,Explainable Static Analysis.,https://dblp.org/rec/conf/se/BoddenD18
758,paper,ModGuard: Identifying Integrity & Confidentiality Violations in Java Modules.,https://dblp.org/rec/conf/se/DannHB21
759,paper,Assembly-Based Method Engineering with Method Patterns.,https://dblp.org/rec/conf/se/Fazal-BaqaieLE13
760,paper,Model-Driven Allocation Engineering - Abridged Version.,https://dblp.org/rec/conf/se/PohlmannH17
761,paper,SimuLizar: Design-Time Modeling and Performance Analysis of Self-Adaptive Systems.,https://dblp.org/rec/conf/se/BeckerBM13
762,paper,Evaluation of Usability Criteria Addressed by Static Analysis Tools on a Large Scale.,https://dblp.org/rec/conf/se/NachtigallSB23
763,paper,Towards the Combination of Clustering-based and Pattern-based Reverse Engineering Approaches.,https://dblp.org/rec/conf/se/TravkinDB11
764,paper,Improving the Search for Architecture Knowledge in Online Developer Communities.,https://dblp.org/rec/conf/se/SolimanSGZR19
765,paper,5. Workshop,https://dblp.org/rec/conf/se/SauerKR13
766,paper,Workshop on Social Software Engineering (SSE2010).,https://dblp.org/rec/conf/se/ReinhardtEHHM10
767,paper,Incrementally Synthesizing Controllers from Scenario-Based Product Line Specifications.,https://dblp.org/rec/conf/se/GreenyerBCHG15
768,paper,Communication is the Key - Support Durable Knowledge Sharing in Software Engineering by Microblogging.,https://dblp.org/rec/conf/se/Reinhardt09
769,paper,Dritter Workshop zu,https://dblp.org/rec/conf/se/SauerMT11
770,paper,Committed to Trust: A Qualitative Study on Security and Trust in Open Source Software Projects.,https://dblp.org/rec/conf/se/WermkeWKFAF24
771,paper,UpCy: Safely Updating Outdated Dependencies (Summary).,https://dblp.org/rec/conf/se/Dann0B24
772,paper,Heaps'n Leaks: How Heap Snapshots Improve Android Taint Analysis.,https://dblp.org/rec/conf/se/BenzKLBBZ21
773,paper,Verifikation zeitlicher Anforderungen in automotiven komponentenbasierten Software Systemen.,https://dblp.org/rec/conf/se/GehrkeHSNSN07
774,paper,Kooperative Methoden- undWerkzeugentwicklung zur Cloudmigration von proprietären Anwendungskomponenten.,https://dblp.org/rec/conf/se/NagelSB0E15
775,paper,How Useful Are Existing Monitoring Languages for Securing Android Apps?,https://dblp.org/rec/conf/se/ArztFFRBS13
776,paper,On-the-fly Computing - Das Entwicklungs- und Betriebsparadigma für Softwaresysteme der Zukunft.,https://dblp.org/rec/conf/se/Engels13
777,paper,Two Sparsification Strategies for Accelerating Demand-Driven Pointer Analysis.,https://dblp.org/rec/conf/se/KarakayaB24
778,paper,Integrated and Iterative Systems Engineering and Software Requirements Engineering for Technical Systems (Précis).,https://dblp.org/rec/conf/se/HoltmannBMST17
779,paper,Towards DevOps in Multi-provider Projects.,https://dblp.org/rec/conf/se/Fazal-BaqaieGO17
780,paper,SPLLIFT - Statically Analyzing Software Product Lines in Minutes Instead of Years.,https://dblp.org/rec/conf/se/BoddenTRBBM14
781,paper,3rd InternationalWorkshop on Social Software Engineering.,https://dblp.org/rec/conf/se/EbnerHHMR10
782,paper,Eine erweiterte Systemmodellierung zur Entwicklung von softwareintensiven Anwendungen in der Automobilindustrie.,https://dblp.org/rec/conf/se/HoltmannMSN10
783,paper,Modeling and Verifying Dynamic Communication Structures based on Graph Transformations.,https://dblp.org/rec/conf/se/HenklerHPS10
784,paper,Reproducing Taint-Analysis Results with ReproDroid.,https://dblp.org/rec/conf/se/PauckBW20
785,paper,Model-Integrating Software Components.,https://dblp.org/rec/conf/se/Derakhshanmanesh15a
786,paper,Exploring Web Search Engines to Find Architectural Knowledge.,https://dblp.org/rec/conf/se/SolimanWLRA22
787,paper,They're not that hard to mitigate: What Cryptographic Library Developers Think About Timing Attacks.,https://dblp.org/rec/conf/se/JancarFBSSBFA24
788,paper,Dritter Workshop zu,https://dblp.org/rec/conf/se/MommST11
789,paper,Introducing FUM: A Framework for API Usage Constraint and Misuse Classification.,https://dblp.org/rec/conf/se/SchlichtigSNB23
790,paper,Modellbasierte Bewertung von Testprozessen nach TPI NEXT mit Geschäftsprozess-Mustern.,https://dblp.org/rec/conf/se/SchumacherGENH13
791,paper,IDE Support for Cloud-Based Static Analyses.,https://dblp.org/rec/conf/se/LuoB22
792,paper,Quasar Enterprise - Anwendungslandschaften serviceorientiert gestalten.,https://dblp.org/rec/conf/se/EngelsV08
793,paper,Identifying Challenges for OSS Vulnerability Scanners - A Study & Test Suite (Short Summary).,https://dblp.org/rec/conf/se/DannP0PB22
794,paper,Wie aus dem s-lab der SICP - Software Innovation Campus Paderborn wurde.,https://dblp.org/rec/conf/se/Sauer20
795,paper,Always Contribute Back: A Qualitative Study on Security Challenges of the Open Source Supply Chain.,https://dblp.org/rec/conf/se/WermkeKWSRAF24
796,paper,Automata-Based Refinement Checking for Real-Time Systems.,https://dblp.org/rec/conf/se/BrennerHSH13
797,paper,Enhancing Human-in-the-Loop Adaptive Systems through Digital Twins and VR Interfaces.,https://dblp.org/rec/conf/se/YigitbasKJE22
798,paper,App Mining.,https://dblp.org/rec/conf/se/AvdiienkoKGZARB17
799,paper,Activity Mining for Discovering Software Process Models.,https://dblp.org/rec/conf/se/KindlerRS06
800,paper,Industrielle Fallstudie: Einsatz visueller Kontrakte in serviceorientierten Architekturen.,https://dblp.org/rec/conf/se/EngelsGLJR06
801,paper,Software Engineering: Forschung - Innovation - Transfer.,https://dblp.org/rec/conf/se/SauerR20
802,paper,Workshop und Fachgruppentreffen der FG OOSE -,https://dblp.org/rec/conf/se/EngelsSRZ11
803,paper,Wiederverwendbarkeit von Migrationswissen durch Techniken der modellgetriebenen Softwareentwicklung.,https://dblp.org/rec/conf/se/GriegerS13
804,paper,"Where and What do Software Architects blog? An Exploratory Study on Architectural Knowledge in Blogs, and their Relevance to Design Steps.",https://dblp.org/rec/conf/se/SolimanGA24
805,paper,A Seamless Model-Based Development Process for Automotive Systems.,https://dblp.org/rec/conf/se/HoltmannMM11
806,paper,Collaborative Software Modeling in Virtual Reality.,https://dblp.org/rec/conf/se/YigitbasGWE22
807,paper,Selektionswerkzeug zur Auswahl projektspezifischer Vorgehensstrategien.,https://dblp.org/rec/conf/se/HeinemannPRSSE11
808,paper,Evolutionäre Software- und Systementwicklung - Methoden und Erfahrungen (ESoSyM-2011).,https://dblp.org/rec/conf/se/RiebischESZ11
809,paper,TaintBench: Automatic Real-World Malware Benchmarking of Android Taint Analyses.,https://dblp.org/rec/conf/se/LuoPPBPMB0M22
810,paper,MatchBox: A Framework for Dynamic Configuration of Service Matching Processes.,https://dblp.org/rec/conf/se/PlateniusAS17
811,paper,Concept-Based Engineering of Situation-Specific Migration Methods.,https://dblp.org/rec/conf/se/GriegerFEK17
812,paper,The SICMA Teleteaching Trial on ADSL and Intranet Networks.,https://dblp.org/rec/conf/ecmast/CortesDZKLMMMP99
813,paper,A Parallel Continuous Media Server Complying to the RTSP Protocol.,https://dblp.org/rec/conf/ecmast/CortesL98
814,paper,Comparing Transcoding Tools for Use with a Generic User Interface Format.,https://dblp.org/rec/conf/extreme/PlompSM02
815,paper,Market-Optimized Service Specification and Matching.,https://dblp.org/rec/conf/icsoc/ArifulinaPBGES14
816,paper,Automated Service Composition for on-the-Fly SOAs.,https://dblp.org/rec/conf/icsoc/HumaGEJ13
817,paper,Cross-Device Integration of Android Apps.,https://dblp.org/rec/conf/icsoc/WoltersKGE16
818,paper,Approaches to Improve Reliability of Service Composition.,https://dblp.org/rec/conf/icsoc/HohwillerSE11
819,paper,A Variability Model for Store-Oriented Software Ecosystems: An Enterprise Perspective.,https://dblp.org/rec/conf/icsoc/JazayeriZEK17
820,paper,Specifying Web Interfaces for Command-Line Applications Based on OpenAPI.,https://dblp.org/rec/conf/icsoc/WoltersKE19
821,paper,XDAI-A: Framework for Enabling Cross-Device Integration of Android Apps.,https://dblp.org/rec/conf/icsoc/WoltersKGE16a
822,paper,Goal-Driven Composition of Business Process Models.,https://dblp.org/rec/conf/icsoc/NagelGE13
823,paper,Features of IT Service Markets: A Systematic Literature Review.,https://dblp.org/rec/conf/icsoc/JazayeriPEK16
824,paper,Semantic Data Mediator: Linking Services to Websites.,https://dblp.org/rec/conf/icsoc/WoltersHKE17
825,paper,A Systematic Hardening of Java's Information Hiding.,https://dblp.org/rec/conf/asiaccs/HolzingerB21
826,paper,Analysis of PSSS Modulation for Optimization of DAC Bit Resolution for 100 Gbps Systems.,https://dblp.org/rec/conf/iswcs/KrishneGowdaWJW18
827,paper,Design of an Ultra-Low Phase Noise Broadband Amplifier in 130 nm SiGe BiCMOS Technology.,https://dblp.org/rec/conf/bcicts/ShroffBKS24
828,paper,"Photonic-Electronic Ultra-Broadband Signal Processing: Concepts, Devices, and Applications.",https://dblp.org/rec/conf/bcicts/KoosRFZSWWHUKZM20
829,paper,A 28-Gb/s 27.2mW NRZ Full-Rate Bang-Bang Clock and Data Recovery in 22 nm FD-SOI CMOS Technology.,https://dblp.org/rec/conf/bcicts/IftekharGKSMS23
830,paper,Reference-less Bang-bang CDR with Enhanced Frequency Acquisition Range Using Static and Modulated Integral Branch Offset Currents.,https://dblp.org/rec/conf/bcicts/IftekharGS21
831,paper,An Empirical Comparison of Stream Clustering Algorithms.,https://dblp.org/rec/conf/cf/CarneinAT17
832,paper,Task-Based Web Modelling: The Web Object Life Cycle Modelling Concept.,https://dblp.org/rec/conf/cadui/BomsdorfS04
833,paper,CMF: A Coherent Modelling Framework for Task-Based User Interface Design.,https://dblp.org/rec/conf/cadui/BomsdorfS99
834,paper,The Visual Task Model Builder.,https://dblp.org/rec/conf/cadui/BiereBS99
835,paper,PASAPTO: Policy-aware Security and Performance Trade-off Analysis-Computation on Encrypted Data with Restricted Leakage.,https://dblp.org/rec/conf/csfw/0011JKKKB20
836,paper,Designing Self-healing in Automotive Systems.,https://dblp.org/rec/conf/atc/SeebachNHMTRS10
837,paper,Approximate duality of multicommodity multiroute flows and cuts: single source case.,https://dblp.org/rec/conf/soda/KolmanS12
838,paper,The hyperring: a low-congestion deterministic data structure for distributed environments.,https://dblp.org/rec/conf/soda/AwerbuchS04
839,paper,Clustering for metric and non-metric distance measures.,https://dblp.org/rec/conf/soda/AckermannBS08
840,paper,Shortest Paths in a Hybrid Network Model.,https://dblp.org/rec/conf/soda/AugustineHKSS20
841,paper,Locally Efficient On-Line Strategies for Routing Packets Along Fixed Paths.,https://dblp.org/rec/conf/soda/BerenbrinkS99
842,paper,Improved bounds for the unsplittable flow problem.,https://dblp.org/rec/conf/soda/KolmanS02
843,paper,Caching in networks (extended abstract).,https://dblp.org/rec/conf/soda/HeideVW00
844,paper,Pricing Randomized Allocations.,https://dblp.org/rec/conf/soda/BriestCKW10
845,paper,Buying cheap is expensive: hardness of non-parametric multi-product pricing.,https://dblp.org/rec/conf/soda/BriestK07
846,paper,Coloring non-uniform hypergraphs: a new algorithmic approach to the general Lovász local lemma.,https://dblp.org/rec/conf/soda/CzumajS00
847,paper,Single-minded unlimited supply pricing on sparse instances.,https://dblp.org/rec/conf/soda/BriestK06
848,paper,Coresets and approximate clustering for Bregman divergences.,https://dblp.org/rec/conf/soda/AckermannB09
849,paper,SPREAD: an adaptive scheme for redundant and fair storage in dynamic heterogeneous storage systems.,https://dblp.org/rec/conf/soda/MenseS08
850,paper,Solving Polynomial Equations Over Finite Fields.,https://dblp.org/rec/conf/soda/DellHKW25
851,paper,MuSofT: Multimedia in der SoftwareTechnik.,https://dblp.org/rec/conf/delfi/AlfertDE03
852,paper,Mobile Knowledge Experience - Ansätze für die interdisziplinäre Informatikausbildung.,https://dblp.org/rec/conf/delfi/ReinhardtH06
853,paper,Anwendungsszenarien für ein Werkzeug zur Video-Annotation in der universitären Lehre.,https://dblp.org/rec/conf/delfi/EngbringRMMM10
854,paper,Veränderungen von Lehreinheiten durch veränderte Ansprüche am Beispiel Computerbilder.,https://dblp.org/rec/conf/delfi/SchroderD03
855,paper,,https://dblp.org/rec/conf/delfi/HeinemannEHS22
856,paper,Mobile Schreibtische als neue Form des betreuten virtuellen Lernens.,https://dblp.org/rec/conf/delfi/KeilDS09
857,paper,Qualitätssicherung in einer interaktiven und lerneraktivierenden E-Learning-Umgebung.,https://dblp.org/rec/conf/delfi/SchulteT09
858,paper,Evaluation von Lerndesigns mit einem webbasierten Classroom Response System in der universitären Lehre.,https://dblp.org/rec/conf/delfi/BeutnerKMNZ14
859,paper,Vorwort.,https://dblp.org/rec/conf/delfi/MagenheimS09
860,paper,Zwanzig Jahre Lernen mit dem World Wide Web.,https://dblp.org/rec/conf/delfi/KeilSW14
861,paper,Über den Nutzen interaktiver Lernmedien im Fernstudium.,https://dblp.org/rec/conf/delfi/GotthardtHKMNW14
862,paper,Die (technischen) Potenziale digitaler Tafeln.,https://dblp.org/rec/conf/delfi/SelkeW12
863,paper,Ansätze für eine informationelle Gewaltenteilung in Lernplattformen.,https://dblp.org/rec/conf/delfi/KeilW13
864,paper,KoaLA - Integrierte Lern- und Arbeitswelten für die Universitäten 2.0.,https://dblp.org/rec/conf/delfi/RothSBH07
865,paper,Bitte stimmen Sie jetzt ab! - Ein Erfahrungsbericht über das Audience Response System PINGO(Please Vote Now! - A Field Report on the Audience Response System PINGO).,https://dblp.org/rec/conf/delfi/KundischNS17
866,paper,"Theatrum Machinarum Generale - Schauplatz der digitalen Wissensorganisation, Archivierung und Erschließung.",https://dblp.org/rec/conf/delfi/SchulteHGFS08
867,paper,We've got mail! - Eine neue Qualität der Integration von Nachrichtendiensten in die kooperative Wissensorganisation.,https://dblp.org/rec/conf/delfi/SchmidtHB04
868,paper,Semantisch-räumliche Strukturierung von Wissen - neue Qualitäten der kooperativen Wissenskonstruktion durch SVG.,https://dblp.org/rec/conf/delfi/BerteltGH04
869,paper,Understanding Characteristics of Evolved Instances for State-of-the-Art Inexact TSP Solvers with Maximum Performance Difference.,https://dblp.org/rec/conf/aiia/BossekT16
870,paper,Objektorientierte Software-Entwicklung.,https://dblp.org/rec/conf/modellierung/Engels98
871,paper,Test Case Migration: A Reference Process Model and its Instantiation in an Industrial Context.,https://dblp.org/rec/conf/modellierung/JovanovikjY018
872,paper,UML-basierte Modellierung von Multimediaanwendungen.,https://dblp.org/rec/conf/modellierung/SauerE99
873,paper,Digitalisierungspotenziale in Geschäftsprozessen effizient und effektiv erkennen (Effective and Efficient Identification of Digitalization Potentials in Business Processes).,https://dblp.org/rec/conf/modellierung/RittmeierET18
874,paper,Model-driven Development of Virtual Network Embedding Algorithms with Model Transformation and Linear Optimization Techniques.,https://dblp.org/rec/conf/modellierung/TomaszekLWS18
875,paper,Kontextsensitive Qualitätsplanung für Software-Modelle.,https://dblp.org/rec/conf/modellierung/VoigtE08
876,paper,Modeling Design Knowledge on Structure.,https://dblp.org/rec/conf/modellierung/SteinS01
877,paper,Monte-Carlo simulation balancing revisited.,https://dblp.org/rec/conf/cig/GrafP16
878,paper,Reproduction and Extension of Playing Strength Models in Computer Go.,https://dblp.org/rec/conf/cig/HeuchlerP24
879,paper,Reactive strategy choice in StarCraft by means of Fuzzy Control.,https://dblp.org/rec/conf/cig/PreussKHT13
880,paper,Common fate graph patterns in Monte Carlo Tree Search for computer go.,https://dblp.org/rec/conf/cig/GrafP14
881,paper,Comparison of Bayesian move prediction systems for Computer Go.,https://dblp.org/rec/conf/cig/WistubaSP12
882,paper,Using Augmented Reality Technology to Support the Automobile Development.,https://dblp.org/rec/conf/cscwd/FrundGMR04
883,paper,Documentation of Flexible Business Processes - A Healthcare Case Study.,https://dblp.org/rec/conf/amcis/BeckerBMM09
884,paper,Reviewing the Vendor or the Product - Analyzing Vendor versus Product Representation in B2B Review Systems.,https://dblp.org/rec/conf/amcis/PoniatowskiNK19
885,paper,Fostering Information Security Compliance: Comparing the Predictive Power of Social Learning Theory and Deterrence Theory.,https://dblp.org/rec/conf/amcis/LembckeMTHPP19
886,paper,An Overview of Topic Discovery in Twitter Communication through Social Media Analytics.,https://dblp.org/rec/conf/amcis/ChinnovKMST15
887,paper,Towards a Semantic Data Quality Management - Using Ontologies to Assess Master Data Quality in Retailing.,https://dblp.org/rec/conf/amcis/BeckerMMW08
888,paper,"A Process-Based Approach to Information Security Investment Evaluation: Design, Implementation, and Evaluation.",https://dblp.org/rec/conf/amcis/MatschakNNK023
889,paper,What Drives Paid Search Success? A Systematic Literature Review.,https://dblp.org/rec/conf/amcis/SchlangenottoPK18
890,paper,Towards a Reliable & Transparent Approach to Data-Driven Brand Valuation.,https://dblp.org/rec/conf/amcis/CaronBM22
891,paper,Can the Crowd Substitute Experts in Evaluation of Creative Ideas? An Experimental Study Using Business Models.,https://dblp.org/rec/conf/amcis/GorzenK16
892,paper,The Influence of Sociodemographic and Technology-Associated Factors on Stress from Human Interaction with Electric Vehicle Information Systems.,https://dblp.org/rec/conf/amcis/KolbeNNT15
893,paper,A Qualitative Study on Acceptance Factors of Economic Approaches on IT Security Investment Decisions.,https://dblp.org/rec/conf/amcis/NiedzelaKNMS023
894,paper,How can Data Analytics Results be Exploited in the Early Phase of Product Development? 13 Design Principles for Data-Driven Product Planning.,https://dblp.org/rec/conf/amcis/MeyerFKD22
895,paper,Hierarchical Taxonomies in Information Systems.,https://dblp.org/rec/conf/amcis/NickersonVMK24
896,paper,Planning a Swarm-Based Mobility System with Autonomous Vehicles for Sustainable and Flexible Transportation in Rural Areas.,https://dblp.org/rec/conf/amcis/StumpeSSKW25
897,paper,A Rollercoaster of Emotions - A Semantic Analysis of Fundraising Campaigns over the Course of the Covid-19 Pandemic.,https://dblp.org/rec/conf/amcis/GriegerSK22
898,paper,When does Local Status Matter? - The Relationship between Reviewer Location and Perceived Usefulness of Online Reviews.,https://dblp.org/rec/conf/amcis/NeumannGGK19
899,paper,"Modeling, Customer-Specific Configuration and Calculation of Bundles.",https://dblp.org/rec/conf/amcis/BeckerBKM08
900,paper,What to do for a Literature Review? - A Synthesis of Literature Review Practices.,https://dblp.org/rec/conf/amcis/Brendel0MLK20
901,paper,Why do Digital Platforms succeed or fail? - A Literature Review on Success and Failure Factors.,https://dblp.org/rec/conf/amcis/OzcanKDVOD22
902,paper,IT Governance in a Network Context: Literature Review and Agenda for Research.,https://dblp.org/rec/conf/amcis/TrangOK13
903,paper,How Different Types of IS Assets Account for Synergy-Enabled Value in Multi-Unit Firms: Mapping of Critical Success Factors and Key Performance Indicators.,https://dblp.org/rec/conf/amcis/MandrellaZT16
904,paper,Influence of Network Characteristics on Inter-Organizational IT Integration: The Role of Commitment and Trust.,https://dblp.org/rec/conf/amcis/KolbeMTZ15
905,paper,Value Co-creation through Network IT Alignment: An Empirical Examination in Regional Networks.,https://dblp.org/rec/conf/amcis/HildebrandtKMTZ15
906,paper,Enhancing the Quality of Financial Advice with Web 2.0 - An Approach Considering Social Capital in the Private Asset Allocation.,https://dblp.org/rec/conf/amcis/KundischZ09a
907,paper,Where Do You Want to Go Today: Understanding the Adoption of IS-Enabled Business Trip Ridesharing Services.,https://dblp.org/rec/conf/amcis/HerrenkindLTBK19
908,paper,Enhancing the Quality of Financial Advice with Web 2.0 - An Approach Considering Social Capital in the Private Asset Allocation.,https://dblp.org/rec/conf/amcis/KundischZ09
909,paper,A Framework for Design Research in the Service Science Discipline.,https://dblp.org/rec/conf/amcis/BeckerBKMMP09
910,paper,How software can support innovating business models: A taxonomy of functions of business model development tools.,https://dblp.org/rec/conf/amcis/SzopinskiSJKK17
911,paper,CROWD: An SDN Approach for DenseNets.,https://dblp.org/rec/conf/ewsdn/Ali-AhmadCODGMRS13
912,paper,A Multi-user-collaboration Platform Concept for Managing Simulation-Based Optimization of Virtual Tooling as Big Data Exchange Service - An Implementation as Proof of Concept Based on Different Human-Machine-Interfaces.,https://dblp.org/rec/conf/bdta/Weber16a
913,paper,Theoretical Concept of Inverse Kinematic Models to Determine Valid Work Areas Using Target Coordinates from NC-Programs - A Model Comparison to Extend a System-in-Progress as Systems Engineering Task.,https://dblp.org/rec/conf/bdta/Weber16
914,paper,Fast and Secure Updatable Encryption.,https://dblp.org/rec/conf/crypto/BoydDGJ20
915,paper,New Partial Key Exposure Attacks on RSA.,https://dblp.org/rec/conf/crypto/BlomerM03
916,paper,Security Analysis of the WhatsApp End-to-End Encrypted Backup Protocol.,https://dblp.org/rec/conf/crypto/DaviesFGHHHJ23
917,paper,A Survey of Transfer Functions Suitable for Volume Rendering.,https://dblp.org/rec/conf/vg/ArensD10
918,paper,Learning Permutation-Invariant Embeddings for Description Logic Concepts.,https://dblp.org/rec/conf/ida/DemirN23
919,paper,Modular-Relatedness for Continual Learning.,https://dblp.org/rec/conf/ida/ShakerAY22
920,paper,Feature model based interface design for development of mechatronic systems.,https://dblp.org/rec/conf/isse2/AbrishamchianT16
921,paper,Applying Model-Based Systems Engineering for Product Engineering Management concepts for industrial application.,https://dblp.org/rec/conf/isse2/TschirnerBDG15
922,paper,From goals to systems via technical requirements and physical models design of an intelligent cash handling system.,https://dblp.org/rec/conf/isse2/LankeitLOTL15
923,paper,"Pick, Pack, & Survive: Charging Robots in a Modern Warehouse based on Online Connected Dominating Sets.",https://dblp.org/rec/conf/fun/HamannMHW18
924,paper,Prototyping Device Interfaces with DSN/2.,https://dblp.org/rec/conf/dsvis/SzwillusK96
925,paper,Restricted Cutting Plane Proofs in Horn Constraint Systems.,https://dblp.org/rec/conf/frocos/BuningWCS19
926,paper,Using Ontologies to Query Probabilistic Numerical Data.,https://dblp.org/rec/conf/frocos/BaaderKT17
927,paper,"Practical, Anonymous, and Publicly Linkable Universally-Composable Reputation Systems.",https://dblp.org/rec/conf/ctrsa/BlomerEJ18
928,paper,KDM Security in the Hybrid Framework.,https://dblp.org/rec/conf/ctrsa/DaviesS14
929,paper,Construction of Fully CCA-Secure Predicate Encryptions from Pair Encoding Schemes.,https://dblp.org/rec/conf/ctrsa/BlomerL16
930,paper,Prioritisation of Simulation Models for Ensuring Safety and Security in Underground Stations on the Basis of a Detailed Requirements Analysis.,https://dblp.org/rec/conf/futsec/SchneiderFBK12
931,paper,Elementary Actions on an Extended Entity-Relationship Database.,https://dblp.org/rec/conf/gg/Engels90
932,paper,Graph Grammar Engineering: A Software Specification Method.,https://dblp.org/rec/conf/gg/EngelsLS86
933,paper,Software specification by graph grammars.,https://dblp.org/rec/conf/gg/NagelEGS82
934,paper,Model-Driven Monitoring: An Application of Graph Transformation for Design by Contract.,https://dblp.org/rec/conf/gg/EngelsLSH06
935,paper,Toward designing a robot that learns actions from parental demonstrations.,https://dblp.org/rec/conf/icra/NagaiMR08
936,paper,Optimal trajectory generation for a glider in time-varying 2D ocean flows B-spline model.,https://dblp.org/rec/conf/icra/ZhangIOM08
937,paper,,https://dblp.org/rec/conf/icra/LohseRWS08
938,paper,A Tool Kit for Finding Small Roots of Bivariate Polynomials over the Integers.,https://dblp.org/rec/conf/eurocrypt/BlomerM05
939,paper,UC4Free! Existing Threshold Signatures are UC Secure.,https://dblp.org/rec/conf/eurocrypt/BobolzCKT26
940,paper,Computing the Least Common Subsumer w.r.t. a Background Terminology.,https://dblp.org/rec/conf/jelia/BaaderST04
941,paper,A Framework for Semantic-Based Similarity Measures for $\\mathcal{ELH}$ -Concepts.,https://dblp.org/rec/conf/jelia/LehmannT12
942,paper,Logics with Probabilistic Team Semantics and the Boolean Negation.,https://dblp.org/rec/conf/jelia/HannulaHKMMV23
943,paper,Deciding Subsumption in Defeasible $\\mathcal {ELI}_\\bot $ with Typicality Models.,https://dblp.org/rec/conf/jelia/CamaraT23
944,paper,Complexity of loop-problems in normed networks.,https://dblp.org/rec/conf/lam/Buning83
945,paper,A Case Study on the Use of Statistical Classification Methods in Particle Physics.,https://dblp.org/rec/conf/gfkl/WeihsMBFTKS10
946,paper,Automated Detection of Nostalgic Text in the Context of Societal Pessimism.,https://dblp.org/rec/conf/misdoom/CleverFTG19
947,paper,FakeYou! - A Gamified Approach for Building and Evaluating Resilience Against Fake News.,https://dblp.org/rec/conf/misdoom/CleverAMSRPG20
948,paper,Inside the Tool Set of Automation: Free Social Bot Code Revisited.,https://dblp.org/rec/conf/misdoom/AssenmacherAFTG19
949,paper,Prototyping with the Future Internet Toolbox.,https://dblp.org/rec/conf/tridentcom/DannewitzBDBK10
950,paper,Exploring Web Search Engines to Find Architectural Knowledge.,https://dblp.org/rec/conf/icsa/SolimanWLRA21
951,paper,Model-driven Continuous Experimentation on Component-based Software Architectures.,https://dblp.org/rec/conf/icsa/GottschalkYE22
952,paper,IoT-ASAP 2018: Message from the Chairs.,https://dblp.org/rec/conf/icsa/SpalazzeseP0E18
953,paper,Improving the Search for Architecture Knowledge in Online Developer Communities.,https://dblp.org/rec/conf/icsa/SolimanSGZR18
954,paper,Message from the IoT-ASAP Chairs.,https://dblp.org/rec/conf/icsa/SpalazzesePBEP17
955,paper,"Where and What do Software Architects blog? : An Exploratory Study on Architectural Knowledge in Blogs, and their Relevance to Design Steps.",https://dblp.org/rec/conf/icsa/SolimanGA23
956,paper,Architectural Runtime Verification.,https://dblp.org/rec/conf/icsa/StockmannLB19
957,paper,Developing an Ontology for Architecture Knowledge from Developer Communities.,https://dblp.org/rec/conf/icsa/SolimanGR17
958,paper,Symptoms of Architecture Erosion in Code Reviews: A Study of Two OpenStack Projects.,https://dblp.org/rec/conf/icsa/LiSLA22
959,paper,Do Large Language Models Contain Software Architectural Knowledge? : An Exploratory Case Study with GPT.,https://dblp.org/rec/conf/icsa/SolimanK25
960,paper,Ontology Development for a Manufacturing Data Base for Products with Graded Properties.,https://dblp.org/rec/conf/eknow/Reyes-PerezGN09
961,paper,Gamification and Physiological Feedback: A Novel Approach to Reducing Glossophobia in Virtual Reality Environments.,https://dblp.org/rec/conf/ucami/YigitbasA25
962,paper,Assessment of Fitness Tracker Security: A Case of Study.,https://dblp.org/rec/conf/ucami/MendozaALSC18
963,paper,Bridging the Reality-Virtuality Gap: Evaluating Attention Markers in a Cross-Reality Application for Improved User Coordination.,https://dblp.org/rec/conf/ucami/YigitbasK25
964,paper,DNS-Based Dynamic Authentication for Microservices in IoT.,https://dblp.org/rec/conf/ucami/SanchezLMC18
965,paper,Model-Driven Context Management for Self-adaptive User Interfaces.,https://dblp.org/rec/conf/ucami/YigitbasGSE17
966,paper,Periodic Real-Time Scheduling for FPGA Computers.,https://dblp.org/rec/conf/wises/DanneP05
967,paper,FUM - A Framework for API Usage constraint and Misuse Classification.,https://dblp.org/rec/conf/wcre/SchlichtigSNB22
968,paper,Enhancing Comprehension and Navigation in Jupyter Notebooks with Static Analysis.,https://dblp.org/rec/conf/wcre/VenkateshWLB23
969,paper,Supporting Error Chains in Static Analysis for Precise Evaluation Results and Enhanced Usability.,https://dblp.org/rec/conf/wcre/WickertSVWMB24
970,paper,Parallel Bridging Models and Their Impact on Algorithm Design.,https://dblp.org/rec/conf/iccS/HeideW01
971,paper,The Directed Search Method for Unconstrained Parameter Dependent Multi-objective Optimization Problems.,https://dblp.org/rec/conf/neo/Sosa-HernandezL15
972,paper,IPA: Inference Pipeline Adaptation to Achieve High Accuracy and Cost-Efficiency.,https://dblp.org/rec/conf/wosp/GhafouriRSSL0DJ25
973,paper,Systematically Deriving Quality Metrics for Cloud Computing Systems.,https://dblp.org/rec/conf/wosp/BeckerLB15
974,paper,Decision support via automated metric comparison for the palladio-based performance blame analysis.,https://dblp.org/rec/conf/wosp/BrusekeEB13
975,paper,Dialog Modeling for Multiple Devices and Multiple Interaction Modalities.,https://dblp.org/rec/conf/tamodia/SchaeferBM06
976,paper,AMBOSS: A Task Modeling Approach for Safety-Critical Systems.,https://dblp.org/rec/conf/tamodia/GieseMPSD08
977,paper,Applying ontology design patterns to the implementation of relations in GENIA.,https://dblp.org/rec/conf/smbm/HoehndorfNPOOR10
978,paper,Revealing Commonalities Concerning Maintenance of Software Product Line Platform Components.,https://dblp.org/rec/conf/enase/AssmannEMW09a
979,paper,Identification of Software Product Line Component Services.,https://dblp.org/rec/conf/enase/AssmannEMW09
980,paper,Overcoming Theory: Designing Brainwave Authentication for the Real World.,https://dblp.org/rec/conf/eurousec/RoseKC23
981,paper,Making Gamification Easy for the Professor: Decoupling Game and Content with the StudyNow Mobile App.,https://dblp.org/rec/conf/desrist/FeldottoJKHKS17
982,paper,Designing a Risk Assessment Tool for Artificial Intelligence Systems.,https://dblp.org/rec/conf/desrist/NagbolMK21
983,paper,Design Science in Service Research: A Framework-Based Review of IT Artifacts in Germany.,https://dblp.org/rec/conf/desrist/BeckerBMMP11
984,paper,Designing a Web-Based Classroom Response System.,https://dblp.org/rec/conf/desrist/KundischHWNMRBZ13
985,paper,MUSE: Implementation of a Design Theory for Systems that Support Convergent and Divergent Thinking.,https://dblp.org/rec/conf/desrist/MullerDS13
986,paper,A Digitization Pipeline for Mixed-Typed Documents Using Machine Learning and Optical Character Recognition.,https://dblp.org/rec/conf/desrist/MatschakRHPT22
987,paper,Evolving Fuzzy System Applied to Battery Charge Capacity Prediction for Fault Prognostics.,https://dblp.org/rec/conf/eusflat/CamargosBJCLP21
988,paper,Incremental Learning and State-Space Evolving Fuzzy Control of Nonlinear Time-Varying Systems with Unknown Model.,https://dblp.org/rec/conf/eusflat/0001CBCJP21
989,paper,An Adaptable Fuzzy Emotion Model for Emotion Recognition.,https://dblp.org/rec/conf/eusflat/EsauKK05
990,paper,Using smart cards for secure and device independent user interfaces.,https://dblp.org/rec/conf/mobility/SchaeferMLS07
991,paper,Towards typesafe weaving for modular reasoning in aspect-oriented programs.,https://dblp.org/rec/conf/foal/Bodden12
992,paper,A generic system for interactive real-time animation.,https://dblp.org/rec/conf/ecbs/DuckerLMT97
993,paper,A Generic Component Framework for High Performance Locally Concurrent Computing Based on UML 2.0 Activities.,https://dblp.org/rec/conf/ecbs/SchattkowskyF05
994,paper,Intelligent design assistance with SEA .,https://dblp.org/rec/conf/ecbs/HeitbrederKKT97
995,paper,Evaluating Hardware Design Principles for the Development of Computer Based Systems.,https://dblp.org/rec/conf/ecbs/BrielmannR96
996,paper,From design models to test models by means of test ideas.,https://dblp.org/rec/conf/models/MlynarskiGSE09
997,paper,Collaborative Software Modeling in Virtual Reality.,https://dblp.org/rec/conf/models/YigitbasGWE21
998,paper,Towards an assessment grid for intelligent modeling assistance.,https://dblp.org/rec/conf/models/MussbacherCABBE20
999,paper,Using UML Activities for System-on-Chip Design and Synthesis.,https://dblp.org/rec/conf/models/SchattkowskyHE06
1000,paper,Precise Detection of Conflicting Change Operations Using Process Model Terms.,https://dblp.org/rec/conf/models/GerthKLE10
1001,paper,Scenario-based specification of security protocols and transformation to security model checkers.,https://dblp.org/rec/conf/models/KochDHB20
1002,paper,Model-driven specification of adaptive cloud-based systems.,https://dblp.org/rec/conf/models/NagelGYCE12
1003,paper,Gamification-based UML learning environment in virtual reality.,https://dblp.org/rec/conf/models/YigitbasSBGE22
1004,paper,A Metamodel for Reengineering CI/CD Pipelines.,https://dblp.org/rec/conf/models/GiaoAEFPSC25
1005,paper,Towards Model-Driven Unit Testing.,https://dblp.org/rec/conf/models/EngelsGL06
1006,paper,Domain-Specific Model Checking for Cyber-Physical Systems.,https://dblp.org/rec/conf/models/GerkingSDH15
1007,paper,Language-Independent Change Management of Process Models.,https://dblp.org/rec/conf/models/GerthKE09
1008,paper,Third International Workshop on Model Driven Development of Advanced User Interfaces.,https://dblp.org/rec/conf/models/PleussBSGH07
1009,paper,Low-code experimentation on software products.,https://dblp.org/rec/conf/models/GottschalkBWKE22
1010,paper,On the Complex Nature of MDE Evolution.,https://dblp.org/rec/conf/models/HebigGSS13
1011,paper,Incremental Model Synchronization with Triple Graph Grammars.,https://dblp.org/rec/conf/models/GieseW06
1012,paper,Towards Test-Driven Semantics Specification.,https://dblp.org/rec/conf/models/SoltenbornE09
1013,paper,Model-Integrating Software Components.,https://dblp.org/rec/conf/models/DerakhshanmaneshEIE14
1014,paper,GuiBuilder - A Tool for Model-Driven Development of Multimedia User Interfaces.,https://dblp.org/rec/conf/models/SauerDGH06
1015,paper,Analysis of UML Activities with Dynamic Meta Modeling Techniques.,https://dblp.org/rec/conf/models/SoltenbornE06
1016,paper,Situational development of low-code applications in manufacturing companies.,https://dblp.org/rec/conf/models/KirchhoffW0E22
1017,paper,Towards an Automatic Service Discovery for UML-Based Rich Service Descriptions.,https://dblp.org/rec/conf/models/HumaGEJ12
1018,paper,Model Driven Development of Advanced User Interfaces (MDDAUI) - MDDAUI'06 Workshop Report.,https://dblp.org/rec/conf/models/PleussBSHB06
1019,paper,On the Challenges of Integrating Digital Twins.,https://dblp.org/rec/conf/models/CombemaleKMABBCCEFKKMMS25
1020,paper,Synthesis Aspects of the PARADISE Design Environment.,https://dblp.org/rec/conf/words/Rammig02
1021,paper,Modeling of Dynamically Modifiable Embedded Real-Time Systems.,https://dblp.org/rec/conf/words/RammigR03
1022,paper,XEMU: an efficient QEMU based binary mutation testing framework for embedded software.,https://dblp.org/rec/conf/emsoft/BeckerBKJX012
1023,paper,Dynamic online reconfiguration for customizable and self-optimizing operating systems.,https://dblp.org/rec/conf/emsoft/OberthurBG05
1024,paper,Making mechatronic agents resource-aware in order to enable safe dynamic resource allocation.,https://dblp.org/rec/conf/emsoft/BurmesterGGO04
1025,paper,Aspects for Trace Monitoring.,https://dblp.org/rec/conf/fates/AvgustinovBHHLMOSSTV06
1026,paper,Re-examining the quality dimensions of synthetic speech.,https://dblp.org/rec/conf/ssw/SeebauerKHW23
1027,paper,Unsupervised Learning of a Disentangled Speech Representation for Voice Conversion.,https://dblp.org/rec/conf/ssw/GburrekGEHW19
1028,paper,Efficiency of universal parallel computers.,https://dblp.org/rec/conf/tcs/Heide83
1029,paper,The LBA-problem and the transormability of the class epsilon2.,https://dblp.org/rec/conf/tcs/Monien77
1030,paper,Development and design of intelligent product carriers for flexible networked control of distributed manufacturing processes.,https://dblp.org/rec/conf/med/BertelsmeierST16
1031,paper,Control strategy for the lateral and longitudinal dynamics of a fully active X-by-wire test vehicle.,https://dblp.org/rec/conf/eucc/ReinoldNJT09
1032,paper,On the Use of Artificial Noise for Secure State Estimation in the Presence of Eavesdroppers.,https://dblp.org/rec/conf/eucc/LeongRQD18
1033,paper,Discretized switching time optimization problems.,https://dblp.org/rec/conf/eucc/FlasskampMO13
1034,paper,Utility of Edge-wise Funnel Coupling for Asymptotically Solving Distributed Consensus Optimization.,https://dblp.org/rec/conf/eucc/LeeBTS20
1035,paper,Verification of safety critical control policies using kernel methods.,https://dblp.org/rec/conf/eucc/VertovecOM22
1036,paper,A Multirate Variational Approach to Nonlinear MPC.,https://dblp.org/rec/conf/eucc/LishkovaCO22
1037,paper,A multiobjective optimization approach for optimal control problems of mechanical systems with uncertainties.,https://dblp.org/rec/conf/eucc/Ober-BlobaumS13
1038,paper,Continuous objective-based control for self-optimizing systems with changing operation modes.,https://dblp.org/rec/conf/eucc/KesslerKT14
1039,paper,Multi-objective minimum time optimal control for low-thrust trajectory design.,https://dblp.org/rec/conf/eucc/VertovecOM21
1040,paper,On the optimality of threshold policies in event triggered estimation with packet drops.,https://dblp.org/rec/conf/eucc/LeongDQ15
1041,paper,Hybrid Optimal Control for Dynamical Systems using Gaussian Process Regression and Unscented Transform*.,https://dblp.org/rec/conf/eucc/HesseTT23
1042,paper,Asymptotic Tracking by Funnel Control with Internal Models.,https://dblp.org/rec/conf/eucc/BergerHT24
1043,paper,Smart Robot Teams Exploring Sparse Trees.,https://dblp.org/rec/conf/mfcs/DyniaKHS06
1044,paper,Optimal Algorithms for Dissemination of Information in Some Interconnection Networks (Extended Abstract).,https://dblp.org/rec/conf/mfcs/HromkovicJM90
1045,paper,Dynamic Hashing Strategies.,https://dblp.org/rec/conf/mfcs/Heide90
1046,paper,On the Complexity of Word Problems in Certain Thue Systems (Preliminary Report).,https://dblp.org/rec/conf/mfcs/BookJMOW81
1047,paper,Upper Bounds on the Bisection Width of 3- and 4-Regular Graphs.,https://dblp.org/rec/conf/mfcs/MonienP01
1048,paper,The Price of Anarchy for Polynomial Social Cost.,https://dblp.org/rec/conf/mfcs/GairingLMM04
1049,paper,Time and Space Bounded Complexity Classes and Bandwidth Constrained Problems (A Survey).,https://dblp.org/rec/conf/mfcs/MonienS81
1050,paper,Time-Processor Trade-offs for Universal Parallel Computers.,https://dblp.org/rec/conf/mfcs/Heide81
1051,paper,Which Is the Worst-Case Nash Equilibrium?,https://dblp.org/rec/conf/mfcs/LuckingMMRSV03
1052,paper,Page Migration in Dynamic Networks.,https://dblp.org/rec/conf/mfcs/BienkowskiH05
1053,paper,"Quantum Polynomial Hierarchies: Karp-Lipton, Error Reduction, and Lower Bounds.",https://dblp.org/rec/conf/mfcs/AgarwalGKR24
1054,paper,Communication Throughput of Interconnection Networks.,https://dblp.org/rec/conf/mfcs/MonienDL94
1055,paper,On the Complexity of Genuinely Polynomial Computation.,https://dblp.org/rec/conf/mfcs/KarpinskiH90
1056,paper,On the Problem of Scheduling Flows on Distributed Networks.,https://dblp.org/rec/conf/mfcs/LuckingMR02
1057,paper,On a Subclass of Pseudopolynomial Problems.,https://dblp.org/rec/conf/mfcs/Monien80
1058,paper,Counting of Teams in First-Order Team Logics.,https://dblp.org/rec/conf/mfcs/HaakKMVY19
1059,paper,Selfish Routing in Non-cooperative Networks: A Survey.,https://dblp.org/rec/conf/mfcs/FeldmannGLMR03
1060,paper,Comparing Interconnection Networks.,https://dblp.org/rec/conf/mfcs/MonienS88
1061,paper,Quantum Generalizations of the Polynomial Hierarchy with Applications to QMA(2).,https://dblp.org/rec/conf/mfcs/GharibianSSSY18
1062,paper,Voronoi Games on Cycle Graphs.,https://dblp.org/rec/conf/mfcs/MavronicolasMPS08
1063,paper,On Efficiently Solvable Cases of Quantum k-SAT.,https://dblp.org/rec/conf/mfcs/AldiBGS18
1064,paper,The Shuffle Exchange Network has a Hamiltonian Path.,https://dblp.org/rec/conf/mfcs/FeldmannM92
1065,paper,The Bisection Problem for Graphs of Degree 4 (Configuring Transputer Systems).,https://dblp.org/rec/conf/mfcs/HromkovicM91
1066,paper,The Power of Two Prices: Beyond Cross-Monotonicity.,https://dblp.org/rec/conf/mfcs/BleischwitzMST07
1067,paper,Shape Recognition by a Finite Automaton Robot.,https://dblp.org/rec/conf/mfcs/GmyrHKKRS18
1068,paper,Separating Regular Languages by Piecewise Testable and Unambiguous Languages.,https://dblp.org/rec/conf/mfcs/PlaceRZ13
1069,paper,Congestion Games with Player-Specific Constants.,https://dblp.org/rec/conf/mfcs/MavronicolasMMT07
1070,paper,Approximative occlusion culling using the hull tree.,https://dblp.org/rec/conf/graphicsinterface/SussKJF11
1071,paper,Decomposing Integrated Specifications for Verification.,https://dblp.org/rec/conf/ifm/Metzler07
1072,paper,Showing Full Semantics Preservation in Model Transformation - A Comparison of Techniques.,https://dblp.org/rec/conf/ifm/HulsbuschKRSSW10
1073,paper,Integrating Software and Hardware Verification.,https://dblp.org/rec/conf/ifm/JakobsPWW14
1074,paper,Ontology-Mediated Probabilistic Model Checking.,https://dblp.org/rec/conf/ifm/DubslaffKT19
1075,paper,Towards a Thread-Local Proof Technique for Starvation Freedom.,https://dblp.org/rec/conf/ifm/SchellhornTW16
1076,paper,Structured English for Model Checking Specification.,https://dblp.org/rec/conf/mbmv/Flake0R00
1077,paper,Integration abstrakter RTOS-Simulation in den Entwurf eingebetteter automobiler E/E-Systeme.,https://dblp.org/rec/conf/mbmv/BeckerZMK09
1078,paper,Portierung der TriCore-Architektur auf QEMU.,https://dblp.org/rec/conf/mbmv/KoppelmannB014
1079,paper,Register and Instruction Coverage Analysis for Different RISC-V ISA Modules.,https://dblp.org/rec/conf/mbmv/AdeltKMS21
1080,paper,Synchronisation eines SystemC Restbus-Simulators mit einem Hardware-In-the-Loop FlexRay Netzwerk.,https://dblp.org/rec/conf/mbmv/Defo0R11
1081,paper,Eine strukturierte Methode zur Generierung von SystemVerilog-Testumgebungen aus textuellen Anforderungsbeschreibungen.,https://dblp.org/rec/conf/mbmv/Bol0K10
1082,paper,Formale Verfeinerung und Modelchecking von zeitbehafteten endlichen Automaten.,https://dblp.org/rec/conf/mbmv/Krupp003
1083,paper,A Scalable Platform for QEMU Based Fault Effect Analysis for RISC-V Hardware Architectures.,https://dblp.org/rec/conf/mbmv/AdeltKMS20
1084,paper,Semi-automatische Generierung von Überdeckungsmetriken mittels methodischer Verikationsplan Verarbeitung.,https://dblp.org/rec/conf/mbmv/KuznikD014
1085,paper,Towards a Design Methodology Capturing Interface Synthesis.,https://dblp.org/rec/conf/mbmv/HardtLV01
1086,paper,Modeling and Software Synthesis of Interrupt Systems.,https://dblp.org/rec/conf/mbmv/LehmannZ02
1087,paper,A New High-Level Synthesis Approach of a Synchronous Bit-Serial Architecture.,https://dblp.org/rec/conf/mbmv/RettbergDLZ04
1088,paper,Funktionale Verifikation von Low-Power Designs unter Verwendung Virtueller Prototypen.,https://dblp.org/rec/conf/mbmv/Mischkalla013
1089,paper,Präzises Interrupt Scheduling in abstrakten RTOS Modellen in SystemC.,https://dblp.org/rec/conf/mbmv/Zabel008
1090,paper,"Explain with, rather than explain to: How explainees shape their learning.",https://dblp.org/rec/conf/cogsci/FisherRDGGV22
1091,paper,How turn-timing can inform about becoming familiar with a task and its changes: a study of shy and less shy four-year-old children.,https://dblp.org/rec/conf/cogsci/TykhonenkoTR24
1092,paper,Contrastiveness in the context of action demonstration: an eye-tracking study on its effects on action perception and action recall.,https://dblp.org/rec/conf/cogsci/SinghR23
1093,paper,Semantic coordination of speech and gesture in young children.,https://dblp.org/rec/conf/cogsci/AbramovKRKMN19
1094,paper,Structured ecologies for social and linguistic development.,https://dblp.org/rec/conf/cogsci/Raczaszek-Leonardi20
1095,paper,Changes in Partner Models - Effects of Adaptivity in the Course of Explanations.,https://dblp.org/rec/conf/cogsci/BuhlFR24
1096,paper,Agents as Experts: Overcoming Terminological Problems.,https://dblp.org/rec/conf/scai/DangelmaierS97
1097,paper,The Effects of Local Trust Cooperation in Multiagent Systems.,https://dblp.org/rec/conf/kesamsta/SchmidtEB10
1098,paper,Self-adaptation Strategies to Favor Cooperation.,https://dblp.org/rec/conf/kesamsta/EberlingB10
1099,paper,Comparing Architectural Styles for Service-Oriented Architectures - a REST vs. SOAP Case Study.,https://dblp.org/rec/conf/isdevel/BeckerMM08
1100,paper,"LLMs For Warm and Cold Next-Item Recommendation: A Comparative Study across Zero-Shot Prompting, In-Context Learning and Fine-Tuning.",https://dblp.org/rec/conf/isdevel/HalimehF025
1101,paper,Demand-Side-Management for Optimal Dispatch of an Isolated Solar Microgrid.,https://dblp.org/rec/conf/africon/PhilipoKK23
1102,paper,Combining TF-GridNet And Mixture Encoder For Continuous Speech Separation For Meeting Transcription.,https://dblp.org/rec/conf/slt/VietingBNBSH24
1103,paper,Client-Oblivious OPRAM.,https://dblp.org/rec/conf/icics/DaviesJM20
1104,paper,"Data-Aware, Resource-Aware, Lossless Compression for Sensor Networks.",https://dblp.org/rec/conf/ewsn/Cardell-OliverBH13
1105,paper,Conceptual Modeling of Styles For Mobile Systems.,https://dblp.org/rec/conf/ifip8/HeckelG04
1106,paper,Finite Segmentation for XML caching.,https://dblp.org/rec/conf/ifip8/TurlingB04
1107,paper,Repairing lost connections of Mobile Transactions with Minimal XML Data Exchange.,https://dblp.org/rec/conf/ifip8/Bottcher04
1108,paper,Model Driven Development with Mechatronic UML.,https://dblp.org/rec/conf/diagrams/Schafer08
1109,paper,Putting NFV into Reality: Physical Smart Manufacturing Testbed.,https://dblp.org/rec/conf/nfvsdn/MullerBBSPK19
1110,paper,NFV-driven intrusion detection for smart manufacturing.,https://dblp.org/rec/conf/nfvsdn/BehnkeMBSPKRMB19
1111,paper,A Generic Emulation Framework for Reusing and Evaluating VNF Placement Algorithms.,https://dblp.org/rec/conf/nfvsdn/SchneiderPK18
1112,paper,,https://dblp.org/rec/conf/nfvsdn/SchneiderPHBMBK19
1113,paper,Verification and validation framework for 5G network services and apps.,https://dblp.org/rec/conf/nfvsdn/ZhaoGCVMCPSSKKH17
1114,paper,A Fully Integrated Multi-Platform NFV SDK.,https://dblp.org/rec/conf/nfvsdn/SchneiderPTK18
1115,paper,Conventional and Machine Learning Approaches for Network and Service Coordination.,https://dblp.org/rec/conf/nfvsdn/Schneider23
1116,paper,A Prototyping Platform to Validate and Verify Network Service Header-based Service Chains.,https://dblp.org/rec/conf/nfvsdn/PeusterSCK18
1117,paper,Reproducible Functional Tests for Multi-scale Network Services.,https://dblp.org/rec/conf/nfvsdn/NuriddinovTCPPS19
1118,paper,"Ethics in Computer Security Research: A Data-Driven Assessment of the Past, the Present, and the Possible Future.",https://dblp.org/rec/conf/ccs/RamuluSRRKA25
1119,paper,FRiCS: A Framework for Risk-driven Cloud Selection.,https://dblp.org/rec/conf/ccs/CabarcosASM18
1120,paper,Privacy-Preserving Incentive Systems with Highly Efficient Point-Collection.,https://dblp.org/rec/conf/ccs/BobolzEKSS20
1121,paper,Privacy in the Age of Neurotechnology: Investigating Public Attitudes towards Brain Data Collection and Use.,https://dblp.org/rec/conf/ccs/KabloC23
1122,paper,Why eve and mallory (also) love webmasters: a study on the root causes of SSL misconfigurations.,https://dblp.org/rec/conf/ccs/FahlAPS14
1123,paper,,https://dblp.org/rec/conf/ccs/AmftHHKSAF23
1124,paper,Updatable Anonymous Credentials and Applications to Incentive Systems.,https://dblp.org/rec/conf/ccs/BlomerBDE19
1125,paper,Security and Privacy Perceptions of Pakistani Facebook Matrimony Group Users.,https://dblp.org/rec/conf/ccs/DorazahiMAR25
1126,paper,Side Channels in Deduplication: Trade-offs between Leakage and Efficiency.,https://dblp.org/rec/conf/ccs/ArmknechtBDGT17
1127,paper,Poster: Towards Practical Brainwave-based User Authentication.,https://dblp.org/rec/conf/ccs/FallahiCS23
1128,paper,It Should Be Easy but... New Users' Experiences and Challenges with Secret Management Tools.,https://dblp.org/rec/conf/ccs/NeilMWAR25
1129,paper,Poster: Towards a Framework for Assessing Vulnerabilities of Brainwave Authentication Systems.,https://dblp.org/rec/conf/ccs/BeckerCHB19
1130,paper,A Stitch in Time: Supporting Android Developers in WritingSecure Code.,https://dblp.org/rec/conf/ccs/NguyenWA0WF17
1131,paper,,https://dblp.org/rec/conf/ccs/KlemmerGSASF23
1132,paper,Easily instrumenting android applications for security purposes.,https://dblp.org/rec/conf/ccs/Bodden13
1133,paper,A new CRT-RSA algorithm secure against bellcore attacks.,https://dblp.org/rec/conf/ccs/BlomerOS03
1134,paper,Denial-of-App Attack: Inhibiting the Installation of Android Apps on Stock Phones.,https://dblp.org/rec/conf/ccs/ArztHRB14
1135,paper,Poster: Computer Security Researchers' Experiences with Vulnerability Disclosures.,https://dblp.org/rec/conf/ccs/RamuluRRRWFKSA25
1136,paper,VCCFinder: Finding Potential Vulnerabilities in Open-Source Projects to Assist Code Audits.,https://dblp.org/rec/conf/ccs/PerlD0AYRFA15
1137,paper,An In-Depth Study of More Than Ten Years of Java Exploitation.,https://dblp.org/rec/conf/ccs/HolzingerTBB16
1138,paper,,https://dblp.org/rec/conf/ccs/Seiler-HwangCMA19
1139,paper,Keep me Updated: An Empirical Study of Third-Party Library Updatability on Android.,https://dblp.org/rec/conf/ccs/DerrBFA017
1140,paper,How To Bring Cooperative Structures And Hypermedia Into The Field Of Technical Mechanics ? - Our Experiences.,https://dblp.org/rec/conf/webnet/HampelKFM98
1141,paper,Explorations - A New Form of Highly Interactive Learning Materials.,https://dblp.org/rec/conf/webnet/HampelKF99
1142,paper,Object Interaction Competence Model v. 2.0.,https://dblp.org/rec/conf/latice/BennedsenS13
1143,paper,The Marriage Between Safety and Cybersecurity: Still Practicing.,https://dblp.org/rec/conf/spin/StoelingaKNBH21
1144,paper,InferNER: an attentive model leveraging the sentence-level information for Named Entity Recognition in Microblogs.,https://dblp.org/rec/conf/flairs/ShahzadAEN21
1145,paper,Towards Real-Time and Unsupervised Campaign Detection in Social Media.,https://dblp.org/rec/conf/flairs/AssenmacherATG20
1146,paper,Konzepte einer Software-Architektur-Beschreibungssprache.,https://dblp.org/rec/conf/softent/EbertE89
1147,paper,Prozessmodllierung für die Planung der Dienstleistungserstellung im industriellen Bereich.,https://dblp.org/rec/conf/mobis/DangelmaierH02
1148,paper,Parameterised Complexity of Model Checking and Satisfiability in Propositional Dependence Logic.,https://dblp.org/rec/conf/foiks/0002M20
1149,paper,Computing Repairs Under Functional and Inclusion Dependencies via Argumentation.,https://dblp.org/rec/conf/foiks/MahmoodVBN24
1150,paper,"DroidForce: Enforcing Complex, Data-centric, System-wide Policies in Android.",https://dblp.org/rec/conf/IEEEares/RasthoferALB14
1151,paper,Fully-Featured Anonymous Credentials with Reputation System.,https://dblp.org/rec/conf/IEEEares/BemmannBBBDEEHJ18
1152,paper,Secure Anonymous Union Computation Among Malicious Partners.,https://dblp.org/rec/conf/IEEEares/BottcherO07
1153,paper,Definitions for Plaintext-Existence Hiding in Cloud Storage.,https://dblp.org/rec/conf/IEEEares/BoydDGRT18
1154,paper,Searchable Encryption with Access Control.,https://dblp.org/rec/conf/IEEEares/Loken17
1155,paper,Cloud Architectures for Searchable Encryption.,https://dblp.org/rec/conf/IEEEares/BlomerL18
1156,paper,Detecting Suspicious Relational Database Queries.,https://dblp.org/rec/conf/IEEEares/BottcherHK08
1157,paper,Convolutional Recurrent Neural Network and Data Augmentation for Audio Tagging with Noisy Labels and Minimal Supervision.,https://dblp.org/rec/conf/dcase/EbbersH19
1158,paper,Self-Trained Audio Tagging and Sound Event Detection in Domestic Environments.,https://dblp.org/rec/conf/dcase/EbbersH21
1159,paper,Forward-Backward Convolutional Recurrent Neural Networks and Tag-Conditioned Convolutional Neural Networks for Weakly Labeled Semi-Supervised Sound Event Detection.,https://dblp.org/rec/conf/dcase/EbbersH20
1160,paper,Using helpful sets to improve graph bisections.,https://dblp.org/rec/conf/dimacs/DiekmannMP94
1161,paper,Effective API navigation and reuse.,https://dblp.org/rec/conf/iri/AlnusairZB10
1162,paper,320 GHz Analog-to-Digital Converter Exploiting Kerr Soliton Combs and Photonic-Electronic Spectral Stitching.,https://dblp.org/rec/conf/ecoc/FangDLMPFKLWSLZ21
1163,paper,Fast Multi-update Operations on Compressed XML Data.,https://dblp.org/rec/conf/bncod/BottcherHJ13
1164,paper,DTD-Driven Structure Preserving XML Compression.,https://dblp.org/rec/conf/bncod/BottcherS06
1165,paper,Computing Compressed XML Data from Relational Databases.,https://dblp.org/rec/conf/bncod/BottcherBH11
1166,paper,ECST - Extended Context-Free Straight-Line Tree Grammars.,https://dblp.org/rec/conf/bncod/BottcherHJJ15
1167,paper,A Subset Test for XPath Expressions under DTDs.,https://dblp.org/rec/conf/bncod/BottcherS03
1168,paper,Evaluating XPath Queries on XML Data Streams.,https://dblp.org/rec/conf/bncod/BottcherS07
1169,paper,Reducing Sub-transaction Aborts and Blocking Time Within Atomic Commit Protocols.,https://dblp.org/rec/conf/bncod/BottcherGO06
1170,paper,TraCX: Transformation of Compressed XML.,https://dblp.org/rec/conf/bncod/BottcherHS11
1171,paper,XML Query Result Size Estimation for Small Bandwidth Devices.,https://dblp.org/rec/conf/bncod/BottcherOW07
1172,paper,Updates on Grammar-Compressed XML Data.,https://dblp.org/rec/conf/bncod/BatzBH11
1173,paper,SCMS - Semantifying Content Management Systems.,https://dblp.org/rec/conf/semweb/NgomoHLSK11
1174,paper,DAW: Duplicate-AWare Federated Query Processing over the Web of Data.,https://dblp.org/rec/conf/semweb/SaleemNPDH13
1175,paper,Automatic SPARQL Benchmark Generation using FEASIBLE.,https://dblp.org/rec/conf/semweb/SaleemMN15a
1176,paper,Real-Time RDF Extraction from Unstructured Data Streams.,https://dblp.org/rec/conf/semweb/GerberHBSUN13
1177,paper,LIGER - link discovery with partial recall.,https://dblp.org/rec/conf/semweb/GeorgalaSN20
1178,paper,Lion's Den: feeding the LinkLion.,https://dblp.org/rec/conf/semweb/SherifHSNL16
1179,paper,RSDL workbench results for OAEI 2014.,https://dblp.org/rec/conf/semweb/SchwichtenbergGE14
1180,paper,8th Challenge on Question Answering over Linked Data (QALD-8) (invited paper).,https://dblp.org/rec/conf/semweb/UsbeckNCRN18
1181,paper,Generating SPARQL Query Containment Benchmarks Using the SQCFramework.,https://dblp.org/rec/conf/semweb/0002MSLN18
1182,paper,ORCHID - Reduction-Ratio-Optimal Computation of Geo-spatial Distances for Link Discovery.,https://dblp.org/rec/conf/semweb/Ngomo13
1183,paper,Link Discovery with Guaranteed Reduction Ratio in Affine Spaces with Minkowski Measures.,https://dblp.org/rec/conf/semweb/Ngomo12
1184,paper,Extending LargeRDFBench for Multi-Source Data at Scale for SPARQL Endpoint Federation.,https://dblp.org/rec/conf/semweb/HasnainSNR18
1185,paper,Unsupervised learning of link specifications: deterministic vs. non-deterministic.,https://dblp.org/rec/conf/semweb/NgomoL13
1186,paper,DBpedia SPARQL Benchmark - Performance Assessment with Real Queries on Real Data.,https://dblp.org/rec/conf/semweb/MorseyLAN11
1187,paper,Blink: Blank Node Matching Using Embeddings.,https://dblp.org/rec/conf/semweb/BeckerSN24
1188,paper,Benchmarking Link Discovery Systems for Geo-Spatial Data.,https://dblp.org/rec/conf/semweb/SavetaFFN17
1189,paper,Glide: Knowledge Graph Linking Using Distance-Aware Embeddings.,https://dblp.org/rec/conf/semweb/BeckerNS25
1190,paper,Temporal Query Answering in DL-Lite over Inconsistent Data.,https://dblp.org/rec/conf/semweb/BourgauxT17
1191,paper,deqa: Deep Web Extraction for Question Answering.,https://dblp.org/rec/conf/semweb/LehmannFGNSSUBGHLA12
1192,paper,ProBERT: Product Data Classification with Fine-tuning BERT Model.,https://dblp.org/rec/conf/semweb/ZaheraS20
1193,paper,A time-efficient hybrid approach to link discovery.,https://dblp.org/rec/conf/semweb/Ngomo11
1194,paper,Link Prediction Under Non-targeted Attacks: Do Soft Labels Always Help?,https://dblp.org/rec/conf/semweb/MemarianiRSDN25
1195,paper,Enhancing Dataset Quality using Keys.,https://dblp.org/rec/conf/semweb/SoruMN15
1196,paper,Query Segmentation and Resource Disambiguation Leveraging Background Knowledge.,https://dblp.org/rec/conf/semweb/ShekarpourNA12
1197,paper,Rapid execution of weighted edit distances.,https://dblp.org/rec/conf/semweb/SoruN13
1198,paper,Federated SPARQL Query Processing Via CostFed.,https://dblp.org/rec/conf/semweb/Potocki0SHVN17
1199,paper,FEASIBLE: A Feature-Based SPARQL Benchmark Generation Framework.,https://dblp.org/rec/conf/semweb/SaleemMN15
1200,paper,Interoperable Machine Learning Metadata using MEX.,https://dblp.org/rec/conf/semweb/EstevesMNLCD15
1201,paper,Using Compositional Embeddings for Fact Checking.,https://dblp.org/rec/conf/semweb/SilvaRN21
1202,paper,Squirrel - Crawling RDF Knowledge Graphs on the Web.,https://dblp.org/rec/conf/semweb/RoderSN20
1203,paper,Efficient Updates for Worst-Case Optimal Join Triple Stores.,https://dblp.org/rec/conf/semweb/BigerlKHN25
1204,paper,Question Answering Over Linked Data: What is Difficult to Answer? What Affects the F scores?,https://dblp.org/rec/conf/semweb/0002DUN17
1205,paper,LANCE: Piercing to the Heart of Instance Matching Tools.,https://dblp.org/rec/conf/semweb/SavetaDFFHN15
1206,paper,ASSESS - Automatic Self-Assessment Using Linked Data.,https://dblp.org/rec/conf/semweb/BuhmannUN15
1207,paper,Semantic Web for Machine Translation: Challenges and Directions.,https://dblp.org/rec/conf/semweb/MoussallemWN19
1208,paper,DeFacto - Deep Fact Validation.,https://dblp.org/rec/conf/semweb/LehmannGMN12
1209,paper,Iguana: A Generic Framework for Benchmarking the Read-Write Performance of Triple Stores.,https://dblp.org/rec/conf/semweb/ConradsLSMN17
1210,paper,Learning conformation rules for linked data integration.,https://dblp.org/rec/conf/semweb/Ngomo12a
1211,paper,9th Challenge on Question Answering over Linked Data (QALD-9) (invited paper).,https://dblp.org/rec/conf/semweb/UsbeckGN018
1212,paper,Microbenchmarks for Question Answering Systems Using QaldGen.,https://dblp.org/rec/conf/semweb/MehmoodN0SN019
1213,paper,Named Entity Recognition using FOX.,https://dblp.org/rec/conf/semweb/SpeckN14a
1214,paper,Tentris - A Tensor-Based Triple Store.,https://dblp.org/rec/conf/semweb/BigerlCBSSN20
1215,paper,LANCE: A Generic Benchmark Generator for Linked Data.,https://dblp.org/rec/conf/semweb/SavetaDFFN15
1216,paper,SPgen : A Benchmark Generator for Spatial Link Discovery Tools.,https://dblp.org/rec/conf/semweb/SavetaFFN18
1217,paper,Benchmarking Knowledge Editing Using Logical Rules.,https://dblp.org/rec/conf/semweb/NgoliKZN25
1218,paper,REBench: Microbenchmarking Framework for Relation Extraction Systems.,https://dblp.org/rec/conf/semweb/AliSN22
1219,paper,Hashing the Hypertrie: Space- and Time-Efficient Indexing for SPARQL in Tensors.,https://dblp.org/rec/conf/semweb/BigerlCBSN22
1220,paper,TemporalFC: A Temporal Fact Checking Approach over Knowledge Graphs.,https://dblp.org/rec/conf/semweb/QudusRKN23
1221,paper,RADON2 - a buffered-intersection matrix computing approach to accelerate link discovery over geo-spatial RDF knowledge bases: OAEI2018 results.,https://dblp.org/rec/conf/semweb/AhmedSN18
1222,paper,Instance-Based Non-standard Inferences in $\\mathcal{EL}$ with Subjective Probabilities.,https://dblp.org/rec/conf/semweb/PenalozaT13
1223,paper,Revealing Secrets in SPARQL Session Level.,https://dblp.org/rec/conf/semweb/ZhangWSNQW20
1224,paper,The Tale of Sansa Spark.,https://dblp.org/rec/conf/semweb/ErmilovLSBWSBCP17
1225,paper,MultPAX: Keyphrase Extraction Using Language Models and Knowledge Graphs.,https://dblp.org/rec/conf/semweb/ZaheraVSN22
1226,paper,How Well Does Your Instance Matching System Perform? Experimental Evaluation with LANCE.,https://dblp.org/rec/conf/semweb/SavetaDFFN16
1227,paper,Benchmarking RDF Storage Solutions with IGUANA.,https://dblp.org/rec/conf/semweb/ConradsL0N17
1228,paper,LIGON - link discovery with noisy oracles.,https://dblp.org/rec/conf/semweb/SherifDN20
1229,paper,Unsupervised Discovery of Corroborative Paths for Fact Validation.,https://dblp.org/rec/conf/semweb/SyedRN19
1230,paper,Time-efficient execution of bounded Jaro-Winkler distances.,https://dblp.org/rec/conf/semweb/DresslerN14
1231,paper,Applying edge-counting semantic similarities to link discovery: scalability and accuracy.,https://dblp.org/rec/conf/semweb/GeorgalaSRN20
1232,paper,NABU - Multilingual Graph-Based Neural RDF Verbalizer.,https://dblp.org/rec/conf/semweb/MoussallemGFN20
1233,paper,Cross-Document Coreference Resolution Using Latent Features.,https://dblp.org/rec/conf/semweb/NgomoRU14
1234,paper,RAVEN - active learning of link specifications.,https://dblp.org/rec/conf/semweb/NgomoLAH11
1235,paper,Distributed Semantic Analytics Using the SANSA Stack.,https://dblp.org/rec/conf/semweb/LehmannSBWSEBCS17
1236,paper,RSDL workbench results for OAEI 2015.,https://dblp.org/rec/conf/semweb/SchwichtenbergE15
1237,paper,QaldGen: Towards Microbenchmarking of Question Answering Systems over Knowledge Graphs.,https://dblp.org/rec/conf/semweb/Singh0NCPN019
1238,paper,Rapid Explainability for Skill Description Learning.,https://dblp.org/rec/conf/semweb/DemirHLBMN22
1239,paper,A high-performance approach to string similarity using most frequent K characters.,https://dblp.org/rec/conf/semweb/ValdestilhasSN17
1240,paper,HELIOS - Execution Optimization for Link Discovery.,https://dblp.org/rec/conf/semweb/Ngomo14
1241,paper,OKBQA: an Open Collaboration Framework for Development of Natural Language Question-Answering over Knowledge Bases.,https://dblp.org/rec/conf/semweb/KimUNFHKCKUKC17
1242,paper,Extending LargeRDFBench for Multi-Source Data at Scale for SPARQL Endpoint Federation.,https://dblp.org/rec/conf/semweb/Hasnain0NR18
1243,paper,The LSQ Dataset: Querying for Queries.,https://dblp.org/rec/conf/semweb/SaleemAHMN15a
1244,paper,AGDISTIS - Graph-Based Disambiguation of Named Entities Using Linked Data.,https://dblp.org/rec/conf/semweb/UsbeckNRGCAB14
1245,paper,Ensemble Learning for Named Entity Recognition.,https://dblp.org/rec/conf/semweb/SpeckN14
1246,paper,LSQ Framework: The LSQ Framework for SPARQL Query Log Processing.,https://dblp.org/rec/conf/semweb/Stadler0N22
1247,paper,LSQ: The Linked SPARQL Queries Dataset.,https://dblp.org/rec/conf/semweb/SaleemAHMN15
1248,paper,HybridFC: A Hybrid Fact-Checking Approach for Knowledge Graphs.,https://dblp.org/rec/conf/semweb/QudusRSN22
1249,paper,Web-Scale Extension of RDF Knowledge Bases from Templated Websites.,https://dblp.org/rec/conf/semweb/BuhmannUNSBCMQ14
1250,paper,Radon results for OAEI 2017.,https://dblp.org/rec/conf/semweb/DresslerSN17
1251,paper,COPAAL - An Interface for Explaining Facts using Corroborative Paths.,https://dblp.org/rec/conf/semweb/SyedSRN19
1252,paper,Instance matching benchmark for spatial data: a challenge proposal to OAEI.,https://dblp.org/rec/conf/semweb/FundulakiN16
1253,paper,Preface: 3rd Workshop on Querying and Benchmarking the Web of Data.,https://dblp.org/rec/conf/semweb/0002UNVH19
1254,paper,THOTH: Neural Translation and Enrichment of Knowledge Graphs.,https://dblp.org/rec/conf/semweb/MoussallemSN19
1255,paper,LimesWebUI - Link Discovery Made Simple.,https://dblp.org/rec/conf/semweb/SherifSDN19
1256,paper,An Open Question Answering Framework.,https://dblp.org/rec/conf/semweb/MarxSENL15
1257,paper,Multilingual Disambiguation of Named Entities Using Linked Data.,https://dblp.org/rec/conf/semweb/UsbeckNLW14
1258,paper,Introducing the HOBBIT platform into the ontology alignment evaluation campaign.,https://dblp.org/rec/conf/semweb/Jimenez-RuizSZH18
1259,paper,HOBBIT link discovery benchmarks at ontology matching 2017.,https://dblp.org/rec/conf/semweb/RoderSFN17
1260,paper,Nudging in Judging - Differences in Online Rating Behavior for Utilitarian and Hedonic Service Aspects.,https://dblp.org/rec/conf/wirtschaftsinformatik/SeutterNK20
1261,paper,Interactions in IS Project Portfolio Selection - Status Quo and Perspectives.,https://dblp.org/rec/conf/wirtschaftsinformatik/MullerMKZ15
1262,paper,"Partizipieren statt Konsumieren, oder: Lohnt sich Engagement in Q&A-Communities?",https://dblp.org/rec/conf/wirtschaftsinformatik/HerrmannK11
1263,paper,Towards a Business Process-based Economic Evaluation and Selection of IT Security Measures.,https://dblp.org/rec/conf/wirtschaftsinformatik/KuhnelS021
1264,paper,Spezifizierung des Kano-Modells zur Messung von Kundenzufriedenheit.,https://dblp.org/rec/conf/wirtschaftsinformatik/BuhlKRS07
1265,paper,The Effect of Marker-less Augmented Reality on Task and Learning Performance.,https://dblp.org/rec/conf/wirtschaftsinformatik/Sommerauer0MO19
1266,paper,Außerbörslicher Emittentenhandel: Handelsplatzwahl von Online-Investoren.,https://dblp.org/rec/conf/wirtschaftsinformatik/KundischS07
1267,paper,A Customizing Platform for Individual Production Planning and Control Solutions.,https://dblp.org/rec/conf/wirtschaftsinformatik/KlopperRTD09
1268,paper,A Semi-Automated Approach for Generating Online Review Templates (Abstract).,https://dblp.org/rec/conf/wirtschaftsinformatik/PoniatowskiNGK19
1269,paper,Design Principles for Explainable Sales Win-Propensity Prediction Systems.,https://dblp.org/rec/conf/wirtschaftsinformatik/Thiess0T20
1270,paper,Real-time Business Process Intelligence. Comparison of different architectural approaches using the example of the order-to-cash process.,https://dblp.org/rec/conf/wirtschaftsinformatik/KorotinaMD15
1271,paper,"The More, the Better? Compensation and Remorse as Data Breach Recovery Actions - An Experimental Scenario-based Investigation.",https://dblp.org/rec/conf/wirtschaftsinformatik/GreveM020
1272,paper,Can Gamification lead to Increase Paid Crowdworkers Output?,https://dblp.org/rec/conf/wirtschaftsinformatik/LichtenbergLBB020
1273,paper,Getting In Contract with Large Language Models - An Agency Theory Perspective On Large Language Model Alignment.,https://dblp.org/rec/conf/wirtschaftsinformatik/KaltenpothM24
1274,paper,Let's Travel the World Together: Toward an Understanding of Motivational Antecedents in Business Trip Ridesharing Services.,https://dblp.org/rec/conf/wirtschaftsinformatik/HerrenkindLD0K20
1275,paper,Creativity Through Cognitive Fit: Theory and Preliminary Evidence in a Business Model Idea Generation Context.,https://dblp.org/rec/conf/wirtschaftsinformatik/JohnK15
1276,paper,Establishing Smart Service Systems is a Challenge: A Case Study on Pitfalls and Implications.,https://dblp.org/rec/conf/wirtschaftsinformatik/WolfFBB20
1277,paper,Visualize Different: Towards Researching the Fit Between Taxonomy Visualizations and Taxonomy Tasks.,https://dblp.org/rec/conf/wirtschaftsinformatik/SzopinskiKS20
1278,paper,IT/IS Project Portfolio Selection in the Presence of Project Interactions - Review and Synthesis of the Literature.,https://dblp.org/rec/conf/wirtschaftsinformatik/KundischM11
1279,paper,Middleware for Secure Home Access and Control.,https://dblp.org/rec/conf/percom/MarinMSMDZ07
1280,paper,Pushing Doors for Modeling Contexts with OWL DL a Case Study.,https://dblp.org/rec/conf/percom/TurhanSB06
1281,paper,Situation recognition for service management systems using OWL 2 reasoners.,https://dblp.org/rec/conf/percom/DargieEMMRTT13
1282,paper,Re-Conceptualizing Learning Environments: A Framework for Pervasive eLearning.,https://dblp.org/rec/conf/percom/Keil-SlawikHE05
1283,paper,Risk assessment for better Identity Management in pervasive environments.,https://dblp.org/rec/conf/percom/Cabarcos11
1284,paper,Challenges towards a Distributed Persistence Layer for Next Generation CSCW Applications.,https://dblp.org/rec/conf/percom/EssmannHK07
1285,paper,BrainNet: Improving Brainwave-based Biometric Recognition with Siamese Networks.,https://dblp.org/rec/conf/percom/FallahiSC23
1286,paper,Evaluating Integrated Speech- and Image Understanding.,https://dblp.org/rec/conf/icmi/BauckhageFRWS02
1287,paper,Coupling of Task and Partner Model: Investigating the Intra-Individual Variability in Gaze during Human-Robot Explanatory Dialogue.,https://dblp.org/rec/conf/icmi/SinghR24
1288,paper,PhASAR: An Inter-procedural Static Analysis Framework for C/C++.,https://dblp.org/rec/conf/tacas/SchubertHB19
1289,paper,SootUp: A Redesign of the Soot Static Analysis Framework.,https://dblp.org/rec/conf/tacas/KarakayaSKBSLH24
1290,paper,Ensuring threat-model assumptions by using static code analyses.,https://dblp.org/rec/conf/ecsa/GeismannHB21
1291,paper,An Exploratory Study on Architectural Knowledge in Issue Tracking Systems.,https://dblp.org/rec/conf/ecsa/SolimanGA21
1292,paper,Architecture Enforcement Concerns and Activities - An Expert Study.,https://dblp.org/rec/conf/ecsa/SchroderRS16
1293,paper,SecoArc: A Framework for Architecting Healthy Software Ecosystems.,https://dblp.org/rec/conf/ecsa/SchwichtenbergE20
1294,paper,Maestro: A Deep Learning Based Tool to Find and Explore Architectural Design Decisions in Issue Tracking Systems.,https://dblp.org/rec/conf/ecsa/MaarleveldDDS23
1295,paper,Exploring Architectural Design Decisions in Mailing Lists and Their Traceability to Issue Trackers.,https://dblp.org/rec/conf/ecsa/Soliman24
1296,paper,LLMs for Software Architecture Knowledge: A Comparative Analysis Among Seven LLMs.,https://dblp.org/rec/conf/ecsa/SolimanAAKV25
1297,paper,Transition to Service-Oriented Enterprise Architecture.,https://dblp.org/rec/conf/ecsa/AssmannE08
1298,paper,Modeling the Interactions between Decisions within Software Architecture Knowledge.,https://dblp.org/rec/conf/ecsa/SolimanR14
1299,paper,Integrating Service Matchers into a Service Market Architecture.,https://dblp.org/rec/conf/ecsa/PlateniusBS14
1300,paper,Towards the essentials of architecture documentation for avoiding architecture erosion.,https://dblp.org/rec/conf/ecsa/GerdesJRSSS16
1301,paper,Cate: A System for Analysis and Test of Java Card Applications.,https://dblp.org/rec/conf/soqua/PfahlerG04
1302,paper,AutonomROS: A ReconROS-based Autonomous Driving Unit.,https://dblp.org/rec/conf/irc/LienenBKKLMNSWP23
1303,paper,Autonomous Golf Putting with Data-Driven and Physics-Based Methods.,https://dblp.org/rec/conf/irc/JunkerFTT22
1304,paper,Task Mapping for Hardware-Accelerated Robotics Applications using ReconROS.,https://dblp.org/rec/conf/irc/LienenP22
1305,paper,Combining Automatic Service Composition with Adaptive Service Recommendation for Dynamic Markets of Services.,https://dblp.org/rec/conf/services/JungmannMK14
1306,paper,Market-Specific Service Compositions: Specification and Matching.,https://dblp.org/rec/conf/services/ArifulinaMEPS15
1307,paper,A study on transfer learning for acoustic event detection in a real life scenario.,https://dblp.org/rec/conf/mmsp/AroraH17
1308,paper,Robust speaker direction estimation with particle filtering.,https://dblp.org/rec/conf/mmsp/WarsitzH04
1309,paper,Multi-stage coherence drift based sampling rate synchronization for acoustic beamforming.,https://dblp.org/rec/conf/mmsp/Schmalenstroeer17
1310,paper,A Simple Approach to Intrinsic Correspondence Learning on Unstructured 3D Meshes.,https://dblp.org/rec/conf/eccv/LimDCK18
1311,paper,An Exploratory Study on Fear-Inducing Factors in Virtual Reality Experiences.,https://dblp.org/rec/conf/segah/LeichtweissY24
1312,paper,"Comparative Evaluation of AR-based, VR-based, and Traditional Basic Life Support Training.",https://dblp.org/rec/conf/segah/YigitbasKRE22
1313,paper,Feature based Face Localization and Recognition on Mobile Devices.,https://dblp.org/rec/conf/icarcv/SchneiderEKK06
1314,paper,Role-based path planning and task allocation with exploration tradeoff for UAVs.,https://dblp.org/rec/conf/icarcv/RascheSKK10
1315,paper,Emotional Communication with the Robot Head MEXI.,https://dblp.org/rec/conf/icarcv/EsauKK06
1316,paper,Indirect force control in hardware-in-the-loop simulations for a vehicle axle test rig.,https://dblp.org/rec/conf/icarcv/OlmaKTJT16
1317,paper,Benutzerschnittstelle und Architektur der integrierten Datenbankentwurfsumgebung CADDY.,https://dblp.org/rec/conf/gvd/Engels89
1318,paper,Zur Serialisierbarkeit.,https://dblp.org/rec/conf/gvd/Bottcher90
1319,paper,Prädikative Selektion als Grundlage für Transaktionssynchronisation und Datenintegrität.,https://dblp.org/rec/conf/gvd/Bottcher89
1320,paper,Lifetime Analysis for Procedure Parameters.,https://dblp.org/rec/conf/esop/KastensS86
1321,paper,Highly Flexible Server Agnostic Complex Event Processing Operators.,https://dblp.org/rec/conf/middleware/LuthraHAWK19
1322,paper,Healthor: Protecting the Weak in Heterogeneous DLTs with Health-aware Flow Control.,https://dblp.org/rec/conf/middleware/TheisVWT20
1323,paper,Business activity management for service networks in cloud environments.,https://dblp.org/rec/conf/middleware/JanieschFMM11
1324,paper,Bridging the application knowledge gap: using ontology-based situation recognition to support energy-aware resource scheduling.,https://dblp.org/rec/conf/middleware/HahnelMTT14
1325,paper,Modellbasierte Entwicklung von Web Services mit Design by Contract.,https://dblp.org/rec/conf/gi/EngelsLS05
1326,paper,Situational Software Engineering: Ein Rahmenwerk für eine situationsgerechte Auswahl von Entwicklungsmethoden und Vorgehensmodellen.,https://dblp.org/rec/conf/gi/EngelsK11
1327,paper,Architekturprinzipien verteilter objektorientierter Ingenieursysteme.,https://dblp.org/rec/conf/gi/GausemeierHS95
1328,paper,Innovationsmanagement an Hochschulen: Maßnahmen zur Unterstützung der Digitalisierung von Studium und Lehre.,https://dblp.org/rec/conf/gi/BuddeO16
1329,paper,How useful is computer graphics for medical diagnoses?,https://dblp.org/rec/conf/gi/DomikASH11
1330,paper,Project Interactions in value based IT Project Portfolio Management.,https://dblp.org/rec/conf/gi/MeierK10
1331,paper,On-The-Fly Computing.,https://dblp.org/rec/conf/gi/SzopinskiJEK17
1332,paper,Theoriegeleitete Entwicklung und Evaluation von Neuen Medien für die Lehre.,https://dblp.org/rec/conf/gi/Schulte02
1333,paper,Workshop,https://dblp.org/rec/conf/gi/HashagenK99
1334,paper,Die Klassifikationsbaummethode für eingebettete Systeme mit Testmustern für nichtkontinuierliche Reglerelemente.,https://dblp.org/rec/conf/gi/KruppM05
1335,paper,Motifation - ein User Interface Development System.,https://dblp.org/rec/conf/gi/GriebelPS91
1336,paper,Ein Total Value-of-Ownership Modell zur Bewertung elektrifizierter Fahrzeugflotten.,https://dblp.org/rec/conf/gi/GorzenMK14
1337,paper,Konzeption modellbasierter Benutzungsschnittstellen für verteilte Selbstbedienungssysteme.,https://dblp.org/rec/conf/gi/YigitbasGS13
1338,paper,Algorithmische und Komplexitätstheoretische Aspekte Kombinatorischer Preisoptimierung .,https://dblp.org/rec/conf/gi/Briest07
1339,paper,Ausgestaltung einer sozio-technischen Infrastruktur für die Verbreitung und nachhaltige Verankerung von digitaler Lehre.,https://dblp.org/rec/conf/gi/BuddeON17
1340,paper,Blended Learning im Informatikstudium.,https://dblp.org/rec/conf/gi/MagenheimS03
1341,paper,Datenbewusstsein im Kontext digitaler Kompetenzen für einen selbstbestimmten Umgang mit datengetriebenen digitalen Artefakten.,https://dblp.org/rec/conf/gi/HoperS21
1342,paper,International Workshop on Communication and Data Management in Large Networks.,https://dblp.org/rec/conf/gi/HeideW99
1343,paper,"Ein Besuch im Computer. Ein interaktives, multimediales Museumsexponat zur Erläuterung der Funktionsweise des Computers und des Internets.",https://dblp.org/rec/conf/gi/GausemeierBW01
1344,paper,Spezielle Aspekte der Verlustleistungsgetriebenen High-Level Synthese.,https://dblp.org/rec/conf/gi/RettbergKR05
1345,paper,Studentische Softwareentwicklung - Warum es keine Alternative zu agilen Methoden gibt.,https://dblp.org/rec/conf/gi/Reinhardt13
1346,paper,Transaction Validation for XML Documents based on XPath.,https://dblp.org/rec/conf/gi/BottcherT02
1347,paper,Unlocking sustainable reporting: Leveraging knowledge graphs for ESG metrics extraction: The role of knowledge graphs in sustainability reporting.,https://dblp.org/rec/conf/gi/DrillerT24
1348,paper,Audio - Video - DISCO: Alltagstaugliche Konzepte für das Lernen mit neuen Medien.,https://dblp.org/rec/conf/gi/Keil-Slawik00
1349,paper,Big data architecture for the semantic analysis of complex events in manufacturing.,https://dblp.org/rec/conf/gi/HuberVN16
1350,paper,Wissensmanagement in präventivmedizinischen Fragestellungen.,https://dblp.org/rec/conf/gi/LiesenK99
1351,paper,Parallel Computing in Paderborn: The SFB 376,https://dblp.org/rec/conf/gi/HeideD97
1352,paper,Untere Zeitschranken für das Rucksack-Problem.,https://dblp.org/rec/conf/gi/KleinH80
1353,paper,Räumungsszenarien bei Großveranstaltungen: Modellierung einer Datenbasis für Planung und Forschung.,https://dblp.org/rec/conf/gi/SchneiderPBK10
1354,paper,Interaktive VR/AR-Inhalte auf mobilen Endgeräten.,https://dblp.org/rec/conf/gi/GeigerKRSR01
1355,paper,Unterstützung der Flexibilität eines Electronic Commerce Systems durch Evolutionstechniken.,https://dblp.org/rec/conf/gi/KolmschlagE98
1356,paper,Multi-Private Public Partnership (MPPP) - Softwaretechnik auf demWeg in die Industrie.,https://dblp.org/rec/conf/gi/EngelsGS06
1357,paper,Das virtuelle Modellunternehmen - eine funktionale und gestaltmäßige Abbildung eines Industrieunternehmens als interaktive virtuelle Umgebung.,https://dblp.org/rec/conf/gi/GausemeierBEG96
1358,paper,Volume Studio: Flexible Multi-Volume Ray Casting Pipeline mit nahtlos integriertem Rapid Prototyping von Shadern.,https://dblp.org/rec/conf/gi/ArensD11
1359,paper,Transaction Synchronization for XML Data in Client-Server Web Applications.,https://dblp.org/rec/conf/gi/BottcherT01
1360,paper,Visuelle Spezifikation des Kerns objektorientierter Applikationen.,https://dblp.org/rec/conf/gi/Szwillus93
1361,paper,Modellbasierter Komponententest mit visuellen Kontrakten.,https://dblp.org/rec/conf/gi/EllerwegEG07
1362,paper,Ein robuster Rahmen für hierarchisches Floorplanning mit integrierter globaler Verdrahtung.,https://dblp.org/rec/conf/gi/Muller90a
1363,paper,Die neue Waffe - der Computer.,https://dblp.org/rec/conf/gi/Keil82
1364,paper,Kompetenzbasierte Gestaltungsempfehlungen für Informatik-Tutorenschulungen.,https://dblp.org/rec/conf/gi/DanielsiekHKMOO17
1365,paper,Simulation digitaler Systeme auf verschiedenen Abstraktionsebenen.,https://dblp.org/rec/conf/gi/Rammig84
1366,paper,A software system for autonomous rescue robots.,https://dblp.org/rec/conf/gi/AzizFKM11
1367,paper,Sicherstellen der Betrachtung von nicht-funktionalen Anforderungen in SCRUM-Prozessen durch Etablierung von Feedback.,https://dblp.org/rec/conf/gi/GeisenESP09
1368,paper,DFG-Schwerpunktprogramm: Entwurf und Entwurfsmethodik eingebetteter Systeme.,https://dblp.org/rec/conf/gi/AntreichRRSW97
1369,paper,Play-out for Hierarchical Component Architectures.,https://dblp.org/rec/conf/gi/HoltmannM13
1370,paper,Services aus der Cloud = Fahren im Nebel? Wie minimiere ich die Risiken und erreiche hohe Qualität?,https://dblp.org/rec/conf/gi/Engels11
1371,paper,Open Innovation Marketing. A Case Study.,https://dblp.org/rec/conf/gi/DeldenW10
1372,paper,Design by Contract zur semantischen Beschreibung von Web Services.,https://dblp.org/rec/conf/gi/EngelsLS05a
1373,paper,Vorwort: Junge Informatik.,https://dblp.org/rec/conf/gi/MatternH99
1374,paper,Multimedia in der Informatik-Lehre.,https://dblp.org/rec/conf/gi/DoberkatE02
1375,paper,Adding atmospheric scattering and transparency to a deferred rendering pipeline for camera based ADAS tests.,https://dblp.org/rec/conf/gi/HeppnerDD16
1376,paper,IT Governance in Unternehmensnetzwerken - Eine kontingenztheoretische Betrachtung.,https://dblp.org/rec/conf/gi/T-NTrangSK13
1377,paper,Debiasing Vandalism Detection Models at Wikidata.,https://dblp.org/rec/conf/gi/HeindorfSEP19
1378,paper,Vorgehens- und Datenmodell zur strategischen Planung innovativer Dienstleistungen im Katastrophenschutz.,https://dblp.org/rec/conf/gi/PottebaumSG17
1379,paper,Self-organization at the lowest level: Proactively learning skills in autonomous systems.,https://dblp.org/rec/conf/gi/RichertKM06
1380,paper,Ein Projektkurs Data Science und Künstliche Intelligenz für die Sekundarstufe II.,https://dblp.org/rec/conf/gi/FleischerHBHPS23
1381,paper,Perspektiven für die Logikprogrammierung.,https://dblp.org/rec/conf/ibm/BuningL87
1382,paper,Caching XML Data on Mobile Web Clients.,https://dblp.org/rec/conf/ic/BottcherT04
1383,paper,Optimized Internet Search Based on a Intersection Test for XPath Expressions under a DTD.,https://dblp.org/rec/conf/ic/BottcherS04
1384,paper,Mobile Pricing for Congested UMTS Networks.,https://dblp.org/rec/conf/ic/KundischS01
1385,paper,Towards a comprehensive call ontology for Research 2.0.,https://dblp.org/rec/conf/iknow/TombergLLRJ11
1386,paper,Awareness support in scientific event management with ginkgo.,https://dblp.org/rec/conf/iknow/ReinhardtMDS11
1387,paper,A Highly Integrated Tool Set for Program Development Support.,https://dblp.org/rec/conf/sigsmall/EngelsJS88
1388,paper,The Impact of Communication Patterns on Distributed Self-Adjusting Binary Search Trees.,https://dblp.org/rec/conf/walcom/Strothmann15
1389,paper,Hashed Patricia Trie: Efficient Longest Prefix Matching in Peer-to-Peer Systems.,https://dblp.org/rec/conf/walcom/KniesburgesS11
1390,paper,Towards using virtual forces for image registration.,https://dblp.org/rec/conf/icara/SternRKK11
1391,paper,A distributed multi-UAV path planning approach for 3D environments.,https://dblp.org/rec/conf/icara/RascheSKK11
1392,paper,Automatic feature classification for object detection based on motion analysis.,https://dblp.org/rec/conf/icara/JungmannK11
1393,paper,A 3D Path Planning Approach Extended by Bifurcation Theory for Formation Flights.,https://dblp.org/rec/conf/icara/RascheSKK11a
1394,paper,Development of a Learning-Based Control System for Robot-Assisted Grinding of Rubber Roller.,https://dblp.org/rec/conf/icara/ReilingBGHKT25
1395,paper,Extending UML for Modeling of Multimedia Applications.,https://dblp.org/rec/conf/vl/SauerE99
1396,paper,Executable Visual Contracts.,https://dblp.org/rec/conf/vl/LohmannSE05
1397,paper,Usability Evaluation of a System for Implementation of Visual Languages.,https://dblp.org/rec/conf/vl/SchmidtCK07
1398,paper,SAM - An Animated 3D Programming Language.,https://dblp.org/rec/conf/vl/GeigerMR98
1399,paper,"Perspective viewing, Anaglyph stereo or Shutter glass stereo?",https://dblp.org/rec/conf/vl/VolbrachtSDF96
1400,paper,Towards Dynamic Meta Modeling of UML Extensions: An Extensible Semantics for UML Sequence Diagrams.,https://dblp.org/rec/conf/vl/HausmannHS01
1401,paper,Model driven development with mechatronic UML.,https://dblp.org/rec/conf/vl/Schafer08
1402,paper,VIPspace - A Visual Programmable Shared Workspace.,https://dblp.org/rec/conf/vl/DuckerMR98
1403,paper,A Pattern-Based Generator for Implementation of Visual Languages.,https://dblp.org/rec/conf/vl/JungKSS00
1404,paper,Transformation of UML State Machines for Direct Execution.,https://dblp.org/rec/conf/vl/SchattkowskyM05
1405,paper,Visual-Textual Prototyping of 4D Scenes.,https://dblp.org/rec/conf/vl/DueckerGHLM97
1406,paper,Visual Modeling and 3D-Representation with a Complete Visual Programming Language - A Case Study in Manufacturing.,https://dblp.org/rec/conf/vl/GeigerHLMQTW96
1407,paper,Integrating software engineering and user-centred design for multimedia software developments.,https://dblp.org/rec/conf/vl/EngelsSN03
1408,paper,VREUD - An End-User Development Tool to Simplify the Creation of Interactive VR Scenes.,https://dblp.org/rec/conf/vl/YigitbasKGE21
1409,paper,Animation automatically generated from simulation specifications.,https://dblp.org/rec/conf/vl/CramerK09
1410,paper,A Visual Framework for the Scripting of Parallel Agents.,https://dblp.org/rec/conf/vl/MuellerMZ00
1411,paper,Improving reusability of dynamic meta modeling specifications with rule overriding.,https://dblp.org/rec/conf/vl/EngelsFS09
1412,paper,A Visual Language for Qualitative Data.,https://dblp.org/rec/conf/vl/DueckerGLMT97
1413,paper,A Pattern-driven Development Process for Quality Standard-conforming Business Process Models.,https://dblp.org/rec/conf/vl/ForsterESS06
1414,paper,Defining and validating transformations of UML models.,https://dblp.org/rec/conf/vl/KusterHE03
1415,paper,Transforming SDL Diagrams into a Complete Visual Representation.,https://dblp.org/rec/conf/vl/LehrenfeldMT95
1416,paper,UML-based Behavior Specification of Interactive Multimedia Applications.,https://dblp.org/rec/conf/vl/SauerE01
1417,paper,Integrating a Constraint Solver into a Real-Time Animation Environment.,https://dblp.org/rec/conf/vl/GriebelLMTU96
1418,paper,Specifying generic depictions of language constructs for 3D visual languages.,https://dblp.org/rec/conf/vl/Wolter13
1419,paper,Layout requirements of a 3D molecular editor specified with DEViL3D.,https://dblp.org/rec/conf/vl/Wolter14
1420,paper,Systematic spreadsheet construction processes.,https://dblp.org/rec/conf/vl/MendesCDES017
1421,paper,Retrieval-Augmented Generation for ICD-10 Coding in German Clinical Texts - A Technical Case Report.,https://dblp.org/rec/conf/gmds/KrumscheidBB25
1422,paper,Tight Integration on One Document: The Programming Environment.,https://dblp.org/rec/conf/ipsen/EngelsNSW96
1423,paper,Just-in-time static analysis.,https://dblp.org/rec/conf/issta/DoALBSM17
1424,paper,Racer: effective race detection using aspectj.,https://dblp.org/rec/conf/issta/BoddenH08
1425,paper,A large-scale study of usability criteria addressed by static analysis tools.,https://dblp.org/rec/conf/issta/NachtigallSB22
1426,paper,Codebase-adaptive detection of security-relevant methods.,https://dblp.org/rec/conf/issta/PiskachevDB19
1427,paper,RefaFlex: safer refactorings for reflective Java programs.,https://dblp.org/rec/conf/issta/ThiesB12
1428,paper,Automated cell header generator for Jupyter notebooks.,https://dblp.org/rec/conf/issta/VenkateshB21
1429,paper,Continuation equivalence: a correctness criterion for static optimizations of dynamic analyses.,https://dblp.org/rec/conf/issta/Bodden11
1430,paper,"The secret sauce in efficient and precise static analysis: the beauty of distributive, summary-based static analyses (and how to master them).",https://dblp.org/rec/conf/issta/Bodden18
1431,paper,On the Impossibility of Surviving (Iterated) Deletion of Weakly Dominated Strategies in Rational MPC.,https://dblp.org/rec/conf/tcc/BlomerBB23
1432,paper,The Brave New World of Global Generic Groups and UC-Secure Zero-Overhead SNARKs.,https://dblp.org/rec/conf/tcc/BobolzFKT24
1433,paper,Using Deep Convolutional Neural Networks in Monte Carlo Tree Search.,https://dblp.org/rec/conf/cg/GrafP16
1434,paper,On Semeai Detection in Monte-Carlo Go.,https://dblp.org/rec/conf/cg/GrafSP13
1435,paper,Cyberbikes - Interactive Visualization of Manufacturing Processes in a Virtual Environment.,https://dblp.org/rec/conf/prolamat/GausemeierEGB98
1436,paper,Model-Based Approach for Self-correcting Strategy Design for Manufacturing of Small Metal Parts.,https://dblp.org/rec/conf/prolamat/BorzykhDHTH13
1437,paper,"Intelligent Manufacturing Operations Planning, Scheduling and Dispatching on the Basis of Virtual Machine Tools.",https://dblp.org/rec/conf/prolamat/RehageBGJP13
1438,paper,A Comprehensive Framework for the Computer-Aided Planning and Optimisation of Manufacturing Processes for Functional Graded Components.,https://dblp.org/rec/conf/prolamat/PetersenG13
1439,paper,10 GS/s 8-bit bipolar THA in SiGe technology.,https://dblp.org/rec/conf/norchip/BorokhovychS11
1440,paper,Distributed access control and privacy for the internet of me.,https://dblp.org/rec/conf/iccel/SanchezSAAL16a
1441,paper,Flexible Computing for personal electronic devices.,https://dblp.org/rec/conf/iccel/SanchezLASA13
1442,paper,Privacy enhanced cloud services home aggregator.,https://dblp.org/rec/conf/iccel/SanvidoSSAA12
1443,paper,Elastic participatory sensing systems enabling cooperative meta sensors with consumer devices.,https://dblp.org/rec/conf/iccel/SanchezCSAL14
1444,paper,Trust-aware federated IdM in consumer cloud computing.,https://dblp.org/rec/conf/iccel/Sanchez-Guerrero12
1445,paper,Proxy re-encryption schemes for IoT and crowd sensing.,https://dblp.org/rec/conf/iccel/SanchezSAAL16
1446,paper,P2P-based data layer for mobile Media Cloud.,https://dblp.org/rec/conf/iccel/SanchezCAL15
1447,paper,Multi-device Single Sign-on for cloud service continuity.,https://dblp.org/rec/conf/iccel/CabarcosASMS12
1448,paper,How costly are secure transactions on handheld devices?,https://dblp.org/rec/conf/iccel/AlmenaresALSS13
1449,paper,Integrated specification and quality assurance for large business information systems.,https://dblp.org/rec/conf/indiaSE/SalgerSE09
1450,paper,On diversity orders of distortion outage for coherent multi-access channels.,https://dblp.org/rec/conf/isit/WangLD11
1451,paper,Dynamic Tool Integration in Heterogeneous Computer Networks.,https://dblp.org/rec/conf/date/MuellerSEW03
1452,paper,"Closing the gap between UML-based modeling, simulation and synthesis of combined HW/SW systems.",https://dblp.org/rec/conf/date/MischkallaH010
1453,paper,Formal Refinement and Model Checking of an Echo Cancellation Unit.,https://dblp.org/rec/conf/date/KruppMO04
1454,paper,A systematic approach to the test of combined HW/SW systems.,https://dblp.org/rec/conf/date/Krupp010
1455,paper,A Zynq-based dynamically reconfigurable high density myoelectric prosthesis controller.,https://dblp.org/rec/conf/date/BoschmannTWWP17
1456,paper,A Model-Based Approach for Executable Specifications on Reconfigurable Hardware.,https://dblp.org/rec/conf/date/SchattkowskyMR05
1457,paper,A reconfiguration approach for fault-tolerant FlexRay networks.,https://dblp.org/rec/conf/date/KlobedanzK011
1458,paper,Transparent offloading of computational hotspots from binary code to Xeon Phi.,https://dblp.org/rec/conf/date/DamschenRVP15
1459,paper,Model-Based Specification and Execution of Embedded Real-Time Systems.,https://dblp.org/rec/conf/date/SchattkowskyM04
1460,paper,MOUSSE: Scaling modelling and verification to complex Heterogeneous Embedded Systems evolution.,https://dblp.org/rec/conf/date/BeckerDFMPV12
1461,paper,A Scalable RISC-V Hardware Platform for Intelligent Sensor Processing.,https://dblp.org/rec/conf/date/BernardoS0ISM0J24
1462,paper,RTOS-aware refinement for TLM2.0-based HW/SW designs.,https://dblp.org/rec/conf/date/BeckerGF0PX10
1463,paper,The simulation semantics of systemC.,https://dblp.org/rec/conf/date/RufHGKRM01
1464,paper,Malicious Routing: Circumventing Bitstream-level Verification for FPGAs.,https://dblp.org/rec/conf/date/AhmedWP21
1465,paper,Accurate private/shared classification of memory accesses: A run-time analysis system for the LEON3 multi-core processor.,https://dblp.org/rec/conf/date/HoAKP17
1466,paper,Timing modeling and analysis for AUTOSAR-based software development - a case study.,https://dblp.org/rec/conf/date/KlobedanzKT010
1467,paper,Increased accuracy through noise injection in abstract RTOS simulation.,https://dblp.org/rec/conf/date/ZabelM09
1468,paper,(Self-)reconfigurable Finite State Machines: Theory and Implementation.,https://dblp.org/rec/conf/date/TeichK02
1469,paper,The Scale4Edge RISC-V Ecosystem.,https://dblp.org/rec/conf/date/EckerAMHKHDAWMS22
1470,paper,UML 2.0 - Overview and Perspectives in SoC Design.,https://dblp.org/rec/conf/date/Schattkowsky05
1471,paper,MUSCAT: MUS-based Circuit Approximation Technique.,https://dblp.org/rec/conf/date/WitschenWAP22
1472,paper,SECURED for Health: Scaling Up Privacy to Enable the Integration of the European Health Data Space.,https://dblp.org/rec/conf/date/0001AAABBBBSDFF24
1473,paper,SAT-Based Techniques in System Synthesis.,https://dblp.org/rec/conf/date/HaubeltTFM03
1474,paper,Design optimizations to improve placeability of partial reconfiguration modules.,https://dblp.org/rec/conf/date/KoesterLHP09
1475,paper,A Fully Self-Timed Bit-Serial Pipeline Architecture for Embedded Systems.,https://dblp.org/rec/conf/date/RettbergZBL03
1476,paper,Performance-centric scheduling with task migration for a heterogeneous compute node in the data center.,https://dblp.org/rec/conf/date/LoschBKPP16
1477,paper,Online Scheduling for Block-Partitioned Reconfigurable Devices .,https://dblp.org/rec/conf/date/WalderP03
1478,paper,Assertion-based verification of RTOS properties.,https://dblp.org/rec/conf/date/OliveiraZ010
1479,paper,Classification trees for random tests and functional coverage.,https://dblp.org/rec/conf/date/KruppM06
1480,paper,Fault modeling in controllable polarity silicon nanowire circuits.,https://dblp.org/rec/conf/date/MohammadiGM15
1481,paper,Hard real-time reconfiguration port scheduling.,https://dblp.org/rec/conf/date/DittmannF07
1482,paper,A UML frontend for IP-XACT-based IP management.,https://dblp.org/rec/conf/date/SchattkowskyXM09
1483,paper,Towards software support for situation-specific cross-organizational design thinking processes.,https://dblp.org/rec/conf/iwsib/GottschalkYNE22
1484,paper,BELIEF - Bayesian Sign Entropy Regularization for LIME Framework.,https://dblp.org/rec/conf/uai/BoraTVRR25
1485,paper,Probabilistic Multi-Dimensional Classification.,https://dblp.org/rec/conf/uai/NguyenYC23
1486,paper,The past does matter: correlation of subsequent states in trajectory predictions of Gaussian Process models.,https://dblp.org/rec/conf/uai/RidderbuschOG23
1487,paper,Implementation of the reconfiguration port scheduling on the erlangen slot machine.,https://dblp.org/rec/conf/fpga/DittmannWM09
1488,paper,Performance estimation framework for automated exploration of CPU-accelerator architectures.,https://dblp.org/rec/conf/fpga/KenterPPK11
1489,paper,SORCERI: Streaming Overlay Acceleration for Highly Contracted Electron Repulsion Integral Computations in Quantum Chemistry.,https://dblp.org/rec/conf/fpga/StachuraWPF26
1490,paper,Neural Network Inference in High-Performance Computing: Closing the Gap for FINN based Reconfigurable Accelerators.,https://dblp.org/rec/conf/fpga/JungemannWRP25
1491,paper,Fourth international workshop on model driven development of advanced user interfaces.,https://dblp.org/rec/conf/iui/MeixnerGBHPSB09
1492,paper,1st International Workshop on Learning Analytics and Linked Data.,https://dblp.org/rec/conf/lak/DrachslerDGdJPRV12
1493,paper,Towards Understanding Communication Structure in Pair Programming.,https://dblp.org/rec/conf/xpu/StapelKSB10
1494,paper,Adaptive Playouts in Monte-Carlo Tree Search with Policy-Gradient Reinforcement Learning.,https://dblp.org/rec/conf/acg/GrafP15
1495,paper,Minutiae-Based Gender Estimation for Full and Partial Fingerprints of Arbitrary Size and Shape.,https://dblp.org/rec/conf/accv/TerhorstD0K18
1496,paper,Information Disclosure by XPath Queries.,https://dblp.org/rec/conf/sdmw/BottcherS06
1497,paper,Sovereign Information Sharing Among Malicious Partners.,https://dblp.org/rec/conf/sdmw/BottcherO06
1498,paper,Detecting Privacy Violations in Sensitive XML Databases.,https://dblp.org/rec/conf/sdmw/BottcherS05
1499,paper,Analyzing Origins of Safety and Security Interactions Using Feared Events Trees and Multi-level Model.,https://dblp.org/rec/conf/safecomp/QuamaraKH23
1500,paper,Security and Safety in Urban Environments: Evaluating Threats and Risks of Autonomous Last-Mile Delivery Robots.,https://dblp.org/rec/conf/safecomp/KolbX24
1501,paper,From Bouncing Break-ins to Frictional Firewalls: Ideas About Interacting Requirements for Vehicle Safety and Security.,https://dblp.org/rec/conf/safecomp/ArnaboldiAKR25
1502,paper,Where Do Safety and Security Mutually Reinforce? A Multi-level Model-Based Approach for a Consistent Interplay.,https://dblp.org/rec/conf/safecomp/QuamaraKL24
1503,paper,A holistic methodology for network processor design.,https://dblp.org/rec/conf/lcn/BonordenBKLHNPRST03
1504,paper,Identifying the Performance Impairment of HTTP.,https://dblp.org/rec/conf/lcn/HeuschkelFWM17
1505,paper,VirtualStack: Flexible Cross-layer Optimization via Network Protocol Virtualization.,https://dblp.org/rec/conf/lcn/HeuschkelWFOBCM18
1506,paper,Evaluating Machine Learning Models for Phishing Detection in Cybersecurity.,https://dblp.org/rec/conf/snams/PanthakkanMMM25
1507,paper,Self-Driving Network and Service Coordination Using Deep Reinforcement Learning.,https://dblp.org/rec/conf/cnsm/0008MQSKKH20
1508,paper,The Softwarised Network Data Zoo.,https://dblp.org/rec/conf/cnsm/PeusterSK19
1509,paper,Every Node for Itself: Fully Distributed Service Coordination.,https://dblp.org/rec/conf/cnsm/0008KK20
1510,paper,MatchBox: A Framework for Dynamic Configuration of Service Matching Processes.,https://dblp.org/rec/conf/cbse/PlateniusSA15
1511,paper,A survey of fuzzy service matching approaches in the context of on-the-fly computing.,https://dblp.org/rec/conf/cbse/PlateniusDBSE13
1512,paper,Approximation algorithms for the bandwidth minimization problem for caterpillar graphs.,https://dblp.org/rec/conf/spdp/HaralambidesMM90
1513,paper,Towards developing universal dynamic mapping algorithms.,https://dblp.org/rec/conf/spdp/DeckerDLM95
1514,paper,Load balancing in large networks: a comparative study.,https://dblp.org/rec/conf/spdp/LulingMR91
1515,paper,Performance evaluation of load distribution strategies in parallel branch and bound computations.,https://dblp.org/rec/conf/spdp/XuTM95
1516,paper,Compressing cube-connected cycles and butterfly networks.,https://dblp.org/rec/conf/spdp/KlasingLM90
1517,paper,Sorting large data sets on a massively parallel system.,https://dblp.org/rec/conf/spdp/DiekmannGLMNW94
1518,paper,Understanding the Corporate Use of IT Security Labels for IoT Products and Services: A Literature Review.,https://dblp.org/rec/conf/web/PfannenbergSGWM22
1519,paper,How to Strengthen Personal Cyber Security Competencies? Extending the Cyber Security Domain Model (CSDM) to Individuals: A Literature-Based Domain Analysis.,https://dblp.org/rec/conf/web/SchutzSHW023
1520,paper,Extending DMM Behavior Specifications for Visual Execution and Debugging.,https://dblp.org/rec/conf/sle/BandenerSE10
1521,paper,InvokeDynamic support in Soot.,https://dblp.org/rec/conf/pldi/Bodden12b
1522,paper,SootDiff: bytecode comparison across different Java compilers.,https://dblp.org/rec/conf/pldi/DannHB19
1523,paper,Static flow-sensitive & context-sensitive information-flow analysis for software product lines: position paper.,https://dblp.org/rec/conf/pldi/Bodden12
1524,paper,"FlowDroid: precise context, flow, field, object-sensitive and lifecycle-aware taint analysis for Android apps.",https://dblp.org/rec/conf/pldi/ArztRFBBKTOM14
1525,paper,Inter-procedural data-flow analysis with IFDS/IDE and Soot.,https://dblp.org/rec/conf/pldi/Bodden12a
1526,paper,Using targeted symbolic execution for reducing false-positives in dataflow analysis.,https://dblp.org/rec/conf/pldi/ArztRHB15
1527,paper,TS4J: a fluent interface for defining and computing typestate analyses.,https://dblp.org/rec/conf/pldi/Bodden14
1528,paper,SPLLIFT: statically analyzing software product lines in minutes instead of years.,https://dblp.org/rec/conf/pldi/BoddenTRBBM13
1529,paper,"How to build the perfect Swiss army knife, and keep it sharp?: Challenges for the soot program-analysis framework in the light of past, current and future demands.",https://dblp.org/rec/conf/pldi/Bodden14a
1530,paper,Know your analysis: how instrumentation aids understanding static analysis.,https://dblp.org/rec/conf/pldi/SchubertLHB19
1531,paper,Toward an automated benchmark management system.,https://dblp.org/rec/conf/pldi/DoEB16
1532,paper,Towards cross-platform cross-language analysis with soot.,https://dblp.org/rec/conf/pldi/ArztKB16
1533,paper,Revealing Quantum Entanglement via Locally Noneffective Operations.,https://dblp.org/rec/conf/qi/BrussGK09
1534,paper,User Interface for a Template Based Question Answering System.,https://dblp.org/rec/conf/kesw/HoffnerUBLNGC13
1535,paper,Requirements to Modern Semantic Search Engine.,https://dblp.org/rec/conf/kesw/UsbeckRHKSN16
1536,paper,Managing Lifecycle of Big Data Applications.,https://dblp.org/rec/conf/kesw/ErmilovNVJSASJL17
1537,paper,Probabilistic Analysis of Long-Term Swarm Performance under Spatial Interferences.,https://dblp.org/rec/conf/tpnc/KhalufBR13
1538,paper,Subjective Evaluation of Filter- and Optimization-Based Motion Cueing Algorithms for a Hybrid Kinematics Driving Simulator.,https://dblp.org/rec/conf/smc/BiemeltBGT21
1539,paper,Human in the loop: Optimal control of driving simulators and new motion quality criterion.,https://dblp.org/rec/conf/smc/QaisiT12
1540,paper,Towards Greener Choices: Decision Information Nudging for Sustainability-Aware Recommender Explanations.,https://dblp.org/rec/conf/recsogood/Halimeh025
1541,paper,Model-Based System Testing Using Visual Contracts.,https://dblp.org/rec/conf/euromicro/GuldaliMWE09
1542,paper,Generating Modelica Models from Software Specifications for the Simulation of Cyber-Physical Systems.,https://dblp.org/rec/conf/euromicro/PohlmannHMG14
1543,paper,Identification and Remediation of Self-Admitted Technical Debt in Issue Trackers.,https://dblp.org/rec/conf/euromicro/LiSA20
1544,paper,Match-Making based on Semantic Nets - The XML-based Approach of BaSeWep.,https://dblp.org/rec/conf/xsw/BottcherT02
1545,paper,Exploiting a scene calibration mechanism for depth estimation.,https://dblp.org/rec/conf/ipta/KazmiRFK12
1546,paper,Mapping und Lastverteilung in parallelen Systemen.,https://dblp.org/rec/conf/tat/MonienL92
1547,paper,Implementierung von Simulated Annealing auf Transputer-Systemen.,https://dblp.org/rec/conf/tat/DiekmannLMS91
1548,paper,RoBuSt: A Crash-Failure-Resistant Distributed Storage System.,https://dblp.org/rec/conf/opodis/EikelSS14
1549,paper,Fast Hybrid Network Algorithms for Shortest Paths in Sparse Graphs.,https://dblp.org/rec/conf/opodis/0001HS20
1550,paper,"Fast Collisionless Pattern Formation by Anonymous, Position-Aware Robots.",https://dblp.org/rec/conf/opodis/LukovszkiH14
1551,paper,On Two-Party Communication through Dynamic Networks.,https://dblp.org/rec/conf/opodis/AbshoffBMH13
1552,paper,Near-Shortest Path Routing in Hybrid Communication Networks.,https://dblp.org/rec/conf/opodis/CoyC0HKSSS21
1553,paper,A Unifying Approach to Efficient (Near)-Gathering of Disoriented Robots with Limited Visibility.,https://dblp.org/rec/conf/opodis/CastenowH0KKH22
1554,paper,Towards Establishing Monotonic Searchability in Self-Stabilizing Data Structures.,https://dblp.org/rec/conf/opodis/ScheidelerSS15
1555,paper,Robust Random Number Generation for Peer-to-Peer Systems.,https://dblp.org/rec/conf/opodis/AwerbuchS06
1556,paper,1-THz bandwidth of 70-krad/s endless optical polarization control.,https://dblp.org/rec/conf/ofc/KochNMS14
1557,paper,An ultralow complexity algorithm for frame synchronization and IQ alignment in CO-OFDM systems.,https://dblp.org/rec/conf/ofc/PuntsriJAWSHPN013
1558,paper,Optical Arbitrary Waveform Measurement (OAWM) on the Silicon Photonic Platform.,https://dblp.org/rec/conf/ofc/FangZMDFMMDWGFR21
1559,paper,80 Gb/s decision feedback equalizer for intersymbol interference limited channels.,https://dblp.org/rec/conf/ofc/MoellerAJBST13
1560,paper,Polarimetry of polarization-modulated signals based on polarization-selective RF power detection.,https://dblp.org/rec/conf/ofc/NoeKM17
1561,paper,First endless optical polarization and phase tracker.,https://dblp.org/rec/conf/ofc/KochNMS13
1562,paper,Optoelectronic Frequency Synthesizer With World-Record Phase Noise.,https://dblp.org/rec/conf/ofc/BahmanianFS23
1563,paper,Real-Time Demonstration of Anomalous Vibrations Detection in a Metro-like Environment using a SOP-based Algorithm.,https://dblp.org/rec/conf/ofc/PellegriniMAPBKNCPG24
1564,paper,64 GBd Monolithically Integrated Coherent QPSK Single Polarization Receiver in 0.25 μm SiGe-Photonic Technology.,https://dblp.org/rec/conf/ofc/KressGZKLZKS18
1565,paper,Augmented and Virtual Reality Object Repository for Rapid Prototyping.,https://dblp.org/rec/conf/hcse/JovanovikjY0E20
1566,paper,ProConAR: A Tool Support for Model-Based AR Product Configuration.,https://dblp.org/rec/conf/hcse/GottschalkYSE20a
1567,paper,End-User Development of Oracle APEX Low-Code Applications Using Large Language Models.,https://dblp.org/rec/conf/hcse/GorissenSB24a
1568,paper,Prototyping Cross-Reality Escape Rooms.,https://dblp.org/rec/conf/hcse/KroisY24
1569,paper,Automated UX Evaluation for User-Centered Design of VR Interfaces.,https://dblp.org/rec/conf/hcse/KarakayaYE22
1570,paper,Interaction Techniques for Remote Maintenance in an AR Shared Environment.,https://dblp.org/rec/conf/hcse/KringsBY24
1571,paper,Developing a VR Factory Walkthrough for Use in Schools.,https://dblp.org/rec/conf/hcse/KringsYS24
1572,paper,Requirements-Based Composition of Tailored Decision Support Systems.,https://dblp.org/rec/conf/hcse/KirchhoffWE22
1573,paper,Model-Based Development of Adaptive UIs for Multi-channel Self-service Systems.,https://dblp.org/rec/conf/hcse/YigitbasFKP14
1574,paper,Usability Evaluation of Model-Driven Cross-Device Web User Interfaces.,https://dblp.org/rec/conf/hcse/YigitbasAJK0E18
1575,paper,Model-Based Product Configuration in Augmented Reality Applications.,https://dblp.org/rec/conf/hcse/GottschalkYSE20
1576,paper,A Survey of Natural Language-Based Editing of Low-Code Applications Using Large Language Models.,https://dblp.org/rec/conf/hcse/GorissenSB24
1577,paper,A Convergent Multiagent Reinforcement Learning Approach for a Subclass of Cooperative Stochastic Games.,https://dblp.org/rec/conf/atal/KemmerichB11
1578,paper,The randomized sample tree: a data structure for interactive walkthroughs in externally stored virtual environments.,https://dblp.org/rec/conf/vrst/KleinKFWWH02
1579,paper,VR Training for Warehouse Management.,https://dblp.org/rec/conf/vrst/YigitbasJSE20
1580,paper,"AuroraFlow, an Easy-to-Use, Low-Latency FPGA Communication Solution Demonstrated on Multi-FPGA Neural Network Inference.",https://dblp.org/rec/conf/heart/PapeWJLMRP25
1581,paper,Mutation Tree Reconstruction of Tumor Cells on FPGAs Using a Bit-Level Matrix Representation.,https://dblp.org/rec/conf/heart/OpdenhovelPK23
1582,paper,Evaluating the Strong Scaling Potential of AI Engines for Molecular Dynamics Simulations.,https://dblp.org/rec/conf/heart/BrokerMP25
1583,paper,FINN-HPC: Closing the Gap for Energy-Efficient Neural Network Inference on FPGAs in HPC.,https://dblp.org/rec/conf/heart/JungemannWRP25
1584,paper,QSGG: query simulation in grammar-compressed graphs.,https://dblp.org/rec/conf/sigmod/BottcherHP20
1585,paper,A Topic Model for the Data Web.,https://dblp.org/rec/conf/kgswc/RoderKN23
1586,paper,A Digital Twin-Based Multi-modal UI Adaptation Framework for Assistance Systems in Industry 4.0.,https://dblp.org/rec/conf/hci/JosifovskaYE19
1587,paper,"Smart Home Security and Privacy Mitigations: Consumer Perceptions, Practices, and Challenges.",https://dblp.org/rec/conf/hci/HaneyFA20
1588,paper,Involving the User in Semantic Search.,https://dblp.org/rec/conf/hci/NgomoS07
1589,paper,A Value-Centered Approach for Unique and Novel Software Applications.,https://dblp.org/rec/conf/hci/SenftRFO19
1590,paper,Building an Integrated Comment Moderation System - Towards a Semi-automatic Moderation Tool.,https://dblp.org/rec/conf/hci/RiehleNBAT020
1591,paper,Blackbox Unit Testing of Virtual Reality Applications Using Equivalence Partitioning and Boundary Testing.,https://dblp.org/rec/conf/hci/GeilWY25
1592,paper,Easy Model-Driven Development of Multimedia User Interfaces with GuiBuilder.,https://dblp.org/rec/conf/hci/SauerE07
1593,paper,A Human-Centered Perspective on Software Quality: Acceptance Criteria for Work 4.0.,https://dblp.org/rec/conf/hci/FischerE017
1594,paper,Model-Based User Interface Development for Adaptive Self-Service Systems.,https://dblp.org/rec/conf/hci/YigitbasFS14
1595,paper,Serious Games for the Therapy of the Posttraumatic Stress Disorder of Children and Adolescents.,https://dblp.org/rec/conf/hci/RadkowskiHDH11
1596,paper,Gesture Specification and Structure Recognition in Handsketch-Based Diagram Editors.,https://dblp.org/rec/conf/hci/Zhao93
1597,paper,A Model-Based Framework for Multi-Adaptive Migratory User Interfaces.,https://dblp.org/rec/conf/hci/Yigitbas0E15
1598,paper,A Canvas Method to Foster Interdisciplinary Discussions on Digital Assistance Systems.,https://dblp.org/rec/conf/hci/FischerSR018
1599,paper,Smart Home Users' Security and Privacy Perceptions and Actions Differ By Device Category: Results from a U.S. Survey.,https://dblp.org/rec/conf/hci/HaneyALH25
1600,paper,Seamless Augmented Reality Support for a Computer-Assisted Surgery System for Minimally Invasive Orthopedic Surgeries.,https://dblp.org/rec/conf/hci/SchlenkerVYD25
1601,paper,Assist Users to Straightaway Suggest and Describe Experienced Problems.,https://dblp.org/rec/conf/hci/SenftFOP18
1602,paper,(De)Coding Social Practice in the Field of XAI: Towards a Co-constructive Framework of Explanations and Understanding Between Lay Users and Algorithmic Systems.,https://dblp.org/rec/conf/hci/FinkeHMS22
1603,paper,Mixed Mock-up - Development of an Interactive Augmented Reality System for Assembly Planning.,https://dblp.org/rec/conf/hci/DyckSED20
1604,paper,A Two-Phase Framework for Detecting Manipulation Campaigns in Social Media.,https://dblp.org/rec/conf/hci/AssenmacherCPTG20
1605,paper,How does Rejecting Low-Confidence Decisions in Face Recognition Affect Fairness?,https://dblp.org/rec/conf/iwbf/SahaST24
1606,paper,Uncertainty-aware Comparison Scores for Face Recognition.,https://dblp.org/rec/conf/iwbf/HuberTKKD23
1607,paper,What can a single minutia tell about gender?,https://dblp.org/rec/conf/iwbf/TerhorstD0K18
1608,paper,Comparison-Level Mitigation of Ethnic Bias in Face Recognition.,https://dblp.org/rec/conf/iwbf/TerhorstTDKK20
1609,paper,Measuring the Software Size of Sliced V-Model Projects.,https://dblp.org/rec/conf/iwsm/DeuterE14
1610,paper,Telework under the co-ordination of a distributed workflow management system.,https://dblp.org/rec/conf/group/DangelmaierKW97
1611,paper,Pragmatic solutions for better integration of the visually impaired in virtual communities.,https://dblp.org/rec/conf/group/HampelKCPR99
1612,paper,Green routing using renewable energy for IP networks.,https://dblp.org/rec/conf/lanman/JoWMKK17
1613,paper,Eco-friendly Caching and Forwarding in Named Data Networking.,https://dblp.org/rec/conf/lanman/JoWKM20
1614,paper,DEER: A distributed routing scheme for achieving network energy efficiency.,https://dblp.org/rec/conf/lanman/ZhouWZJL14
1615,paper,Joint Parameter Estimation and Tracking in a Multi-Stage Kalman Filter for Vehicle Positioning.,https://dblp.org/rec/conf/vtc/BevermeierPH09
1616,paper,Towards Advanced Information Fusion for Driver Assistant Systems of Modern Vehicles.,https://dblp.org/rec/conf/vtc/DittmannGRKF08
1617,paper,Parallel interference cancellation applied to an asynchronous MC-CDMA system.,https://dblp.org/rec/conf/vtc/HesseS02
1618,paper,Tackling the Increased Density of 5G Networks: The CROWD Approach.,https://dblp.org/rec/conf/vtc/SanchezADGMMOS15
1619,paper,Employment of a multipath receiver structure in a combined GALILEO/UMTS receiver.,https://dblp.org/rec/conf/vtc/BischoffHSH02
1620,paper,jÄk: Using Dynamic Analysis to Crawl and Test Modern Web Applications.,https://dblp.org/rec/conf/raid/PellegrinoTBR15
1621,paper,Perfectly Balanced Allocation.,https://dblp.org/rec/conf/random/CzumajRS03
1622,paper,Investigating Co-Constructive Behavior of Large Language Models in Explanation Dialogues.,https://dblp.org/rec/conf/sigdial/FichtelSHJKKNRS25
1623,paper,Towards a Petri Net Based Approach to Model and Synthesise Dynamic Reconfiguration for FPGAs.,https://dblp.org/rec/conf/delta/SchilkeRD08
1624,paper,Invariants for Distributed Local Control Elements of a New Synchronous Bit-Serial Architecture.,https://dblp.org/rec/conf/delta/DittmannRLZ04
1625,paper,A new Design Partitioning Approach for Low Power High-Level Synthesis.,https://dblp.org/rec/conf/delta/RettbergR06
1626,paper,Description logic reasoning for semantic web ontologies.,https://dblp.org/rec/conf/wims/Turhan11
1627,paper,Read-Once Unit Resolution.,https://dblp.org/rec/conf/sat/BuningZ03
1628,paper,Resolution and Expressiveness of Subclasses of Quantified Boolean Formulas and Circuits.,https://dblp.org/rec/conf/sat/BuningZB09
1629,paper,Bounded Universal Expansion for Preprocessing QBF.,https://dblp.org/rec/conf/sat/BubeckB07
1630,paper,Dependency Quantified Horn Formulas: Models and Complexity.,https://dblp.org/rec/conf/sat/BubeckB06
1631,paper,Minimal False Quantified Boolean Formulas.,https://dblp.org/rec/conf/sat/BuningZ06
1632,paper,On Boolean Models for Quantified Boolean Horn Formulas.,https://dblp.org/rec/conf/sat/BuningSZ03
1633,paper,Rewriting (Dependency-)Quantified 2-CNF with Arbitrary Free Literals into Existential 2-HORN.,https://dblp.org/rec/conf/sat/BubeckB10
1634,paper,Quantifier Rewriting and Equivalence Models for Quantified Horn Formulas.,https://dblp.org/rec/conf/sat/BubeckBZ05
1635,paper,Nested Boolean Functions as Models for Quantified Boolean Formulas.,https://dblp.org/rec/conf/sat/BubeckB13
1636,paper,Equivalence Models for Quantified Boolean Formulas.,https://dblp.org/rec/conf/sat/BuningZ04a
1637,paper,Model-Equivalent Reductions.,https://dblp.org/rec/conf/sat/ZhaoB05
1638,paper,Equivalence Models for Quantified Boolean Formulas.,https://dblp.org/rec/conf/sat/BuningZ04
1639,paper,Transformations into Normal Forms for Quantified Circuits.,https://dblp.org/rec/conf/sat/BuningZB11
1640,paper,Leveraging Self-Adaptive Systems and Generative AI for Personalizing Educational Serious Games: Architecture and Future Challenges.,https://dblp.org/rec/conf/seams/BucchiaroneBY25
1641,paper,Enhancing Human-in-the-Loop Adaptive Systems through Digital Twins and VR Interfaces.,https://dblp.org/rec/conf/seams/YigitbasKJE21
1642,paper,Predict the Future: Preventing unanticipated changes is the ultimate challenge for self-adaptive systems.,https://dblp.org/rec/conf/seams/Engels21
1643,paper,Combining Pheromomes and Potential Fields to Consider Follow-Up-Jobs.,https://dblp.org/rec/conf/his/KlopperSPD08
1644,paper,Adaptive function approximation in reinforcement learning with an interpolating growing neural gas.,https://dblp.org/rec/conf/his/BaumannB12
1645,paper,MEXI: Machine with Emotionally eXtended Intelligence.,https://dblp.org/rec/conf/his/EsauKKS03
1646,paper,Combining Distributed Matchmaking and Clustering to Prune the Solution Space in Distributed Optimization Problems - Demonstrated in the RailCab System.,https://dblp.org/rec/conf/his/DurksenKRTD08
1647,paper,An Empirical Study on Criteria for Assessing Information Quality in Corporate Wikis.,https://dblp.org/rec/conf/iq/FribergR09
1648,paper,Using Worked Examples for Engaging in Epistemic Programming Projects.,https://dblp.org/rec/conf/sigcse/HusingSSB24
1649,paper,Reasoning in Rough Description Logics with Multiple Indiscernibility Relations.,https://dblp.org/rec/conf/rulemlrr/PenalozaT24
1650,paper,Online Optimization with Discrete Lotsizing Production and Rolling Horizons.,https://dblp.org/rec/conf/ldic/DangelmaierD09
1651,paper,Aspects of Agent Based Planning in the Demand Driven Railcab Scenario.,https://dblp.org/rec/conf/ldic/DangelmaierKRA07
1652,paper,Combined parallel and agent-based methods in distributed logistics networks.,https://dblp.org/rec/conf/ispe/DangelmaierFS03
1653,paper,Data integrity for concurrent engineering transactions.,https://dblp.org/rec/conf/ispe/Bottcher03
1654,paper,"Leveraging Data Ecosystems in Model-Based Systems Engineering for Ecological, Circular Added Value.",https://dblp.org/rec/conf/ispe/GraesslerPHWDS24
1655,paper,An advanced infrastructure for collaborative engineering in electronic design automation.,https://dblp.org/rec/conf/ispe/Kostienko0PS03
1656,paper,Virtual prototyping of Cyber-Physical Systems.,https://dblp.org/rec/conf/aspdac/MullerBED12
1657,paper,Introduction to hardware-dependent software design hardware-dependent software for multi- and many-core embedded systems.,https://dblp.org/rec/conf/aspdac/DomerG009
1658,paper,ACMiner: Extraction and Analysis of Authorization Checks in Android's Middleware.,https://dblp.org/rec/conf/codaspy/GorskiANMEBB19
1659,paper,A Model-Theoretic Characterization of Constant-Depth Arithmetic Circuits.,https://dblp.org/rec/conf/wollic/HaakV16
1660,paper,Parameterized Complexity of Propositional Inclusion and Independence Logic.,https://dblp.org/rec/conf/wollic/MahmoodV23
1661,paper,Developing Teaching Materials on Artificial Intelligence by Using a Simulation Game (Work in Progress).,https://dblp.org/rec/conf/wipsce/OpelSS19
1662,paper,A theory based tool set for analysing reading processes in the context of learning programming.,https://dblp.org/rec/conf/wipsce/BuddeHS17
1663,paper,Uncovering structure behind function: the experiment as teaching method in computer science education.,https://dblp.org/rec/conf/wipsce/Schulte12
1664,paper,Pedagogical content knowledge for computer science in German teacher education curricula.,https://dblp.org/rec/conf/wipsce/HubwieserBMSBMS13
1665,paper,The computing repair cafe: a concept for repair cafes in computing edcuation.,https://dblp.org/rec/conf/wipsce/SchulteKGS18
1666,paper,Reflections on the role of programming in primary and secondary computing education.,https://dblp.org/rec/conf/wipsce/Schulte13
1667,paper,Are children perceiving robots as supporting or replacing humans?: first empirical results and classification of preconceptions within a theoretical framework.,https://dblp.org/rec/conf/wipsce/MullerS18
1668,paper,PCK and reflection in computer science teacher education.,https://dblp.org/rec/conf/wipsce/BuchholzSS13
1669,paper,Interaktive Animationen und Visualisierungen - eine neue Qualität und Spielwiese für die Mechanik.,https://dblp.org/rec/conf/jit/Keil-SlawikH98
1670,paper,Do We Need Components for Persistent Data Storage in the Java 2 Enterprise Environment?,https://dblp.org/rec/conf/jit/BottcherH02
1671,paper,XML Fragment Caching for Small Mobile Internet Devices.,https://dblp.org/rec/conf/jit/BottcherT02
1672,paper,Statische Analyse von Bibliotheken als Grundlage dynamischer Optimierung.,https://dblp.org/rec/conf/jit/ThiesK98
1673,paper,Self-stabilizing leader election for single-hop wireless networks despite jamming.,https://dblp.org/rec/conf/mobihoc/RichaSSZ11
1674,paper,An O(log n) dominating set protocol for wireless ad-hoc networks under the physical interference model.,https://dblp.org/rec/conf/mobihoc/ScheidelerRS08
1675,paper,Increasing the Autonomy of Mobile Robots by Imitation in Multi-robot Scenarios.,https://dblp.org/rec/conf/icas/RichertSKKS09
1676,paper,"Combining Autonomous Exploration, Goal-Oriented Coordination and Task Allocation in Multi-UAV Scenarios.",https://dblp.org/rec/conf/icas/RascheSRKK10
1677,paper,Increasing the Autonomy of Mobile Robots by On-line Learning Simultaneously at Different Levels of Abstraction.,https://dblp.org/rec/conf/icas/RichertLNK08
1678,paper,An OS for Mobile Ad hoc Networks Using Ant Based Hueristic to Distribute Mobile Services.,https://dblp.org/rec/conf/icas/HeimfarthDR05
1679,paper,Clara: A Framework for Partially Evaluating Finite-State Runtime Monitors Ahead of Time.,https://dblp.org/rec/conf/rv/BoddenLH10
1680,paper,Instrumenting Android and Java Applications as Easy as abc.,https://dblp.org/rec/conf/rv/ArztRB13
1681,paper,MOPBox: A Library Approach to Runtime Verification - (Tool Demonstration).,https://dblp.org/rec/conf/rv/Bodden11
1682,paper,Reducing Configurations to Monitor in a Software Product Line.,https://dblp.org/rec/conf/rv/KimBBK10
1683,paper,Distributed Finite-State Runtime Monitoring with Aggregated Events.,https://dblp.org/rec/conf/rv/FalzonBP13
1684,paper,Collaborative Runtime Verification with Tracematches.,https://dblp.org/rec/conf/rv/BoddenHLLN07
1685,paper,Clara: Partially Evaluating Runtime Monitors at Compile Time - Tutorial Supplement.,https://dblp.org/rec/conf/rv/BoddenL10
1686,paper,Network Application Driven Instruction Set Extensions for Embedded Processing Clusters.,https://dblp.org/rec/conf/parelec/GrunewaldLKNPRST04
1687,paper,Amigo Context Management Service with Applications in Ambient Communication Scenarios.,https://dblp.org/rec/conf/ami/SchmalenstroeerLH07
1688,paper,Automated Genre and Author Distinction in Comics: Towards a Stylometry for Visual Narrative.,https://dblp.org/rec/conf/dihu/DunstH18
1689,paper,Digital Edition of Carl Maria von Weber's Collected Works.,https://dblp.org/rec/conf/dihu/Stadler12
1690,paper,Reconstruction - Representation - Collaboration. Interdisciplinary Approaches To Changes In Contexts Of Digital (Music) Editions.,https://dblp.org/rec/conf/dihu/SchlootsMSMMKR17
1691,paper,Corpora and Complex Networks as Cultural Critique: Investigating Race and Gender Bias in Graphic Narratives.,https://dblp.org/rec/conf/dihu/DunstH17
1692,paper,Corpus Analyses of Multimodal Narrative: The Example of Graphic Novels.,https://dblp.org/rec/conf/dihu/DunstHHL16
1693,paper,Approximation of Environment Models for an Air Gap Adjustment System in a Hybrid Planning Context.,https://dblp.org/rec/conf/IEEEisic/AdeltSEKKR08
1694,paper,Application Areas and Challenges of Data-Driven Product Management.,https://dblp.org/rec/conf/pacis/FichtlerGKKD24
1695,paper,Do You Think It Is Fair? Effects of Data Breach Response Actions on Customer Justice.,https://dblp.org/rec/conf/pacis/DiesterhoftGM0K21
1696,paper,Dimensions of Trust in the Acceptance of Inter-Organizational Information Systems in Networks: towards a Socio-Technical Perspective.,https://dblp.org/rec/conf/pacis/TrangZK14
1697,paper,Examining IT Alignment in Inter-Organizational Networks: Development and Application of a Measurment Instrument.,https://dblp.org/rec/conf/pacis/TrangZK14a
1698,paper,Using Digital Nudging in Medical decision-making - A Taxonomy to Inform Research and Practice.,https://dblp.org/rec/conf/pacis/HovelS024
1699,paper,Integrating Industry Characteristics in Inter-Organizational IS Adoption Models: A Mixed Method Approach.,https://dblp.org/rec/conf/pacis/ZanderTMMK15
1700,paper,One Size Fits All? The contingent Role of Centrality in IT Network Governance.,https://dblp.org/rec/conf/pacis/TrangZSK14
1701,paper,Fortifying the Human Firewall: Designing a Virtual Reality-Based Test to Measure Individuals' Cyber Security Competencies.,https://dblp.org/rec/conf/pacis/SchutzSMHKH024
1702,paper,"Healthcare in Fraudster's Crosshairs: Designing, Implementing and Evaluating a Machine Learning Approach for Anomaly Detection on Medical Prescription Claim Data.",https://dblp.org/rec/conf/pacis/MatschakPM021
1703,paper,Neural Class Expression Synthesis in ALCHIQ(D).,https://dblp.org/rec/conf/pkdd/KouagouHDN23
1704,paper,Multi-Plant Photovoltaic Energy Forecasting Challenge with Regression Tree Ensembles and Hourly Average Forecasts.,https://dblp.org/rec/conf/pkdd/BujnaW17
1705,paper,FLight: FPGA Acceleration of Lightweight DNN Model Inference in Industrial Analytics.,https://dblp.org/rec/conf/pkdd/MohammadiJKARMP21
1706,paper,Towards Automated Configuration of Stream Clustering Algorithms.,https://dblp.org/rec/conf/pkdd/CarneinTBP19
1707,paper,PIVOT: A Parsimonious End-to-End Learning Framework for Valuing Player Actions in Handball Using Tracking Data.,https://dblp.org/rec/conf/pkdd/MullerCDHB21
1708,paper,Towards Interpretable Multi-task Learning Using Bilevel Programming.,https://dblp.org/rec/conf/pkdd/AlesianiYSY20
1709,paper,Learning TSK Fuzzy Rules from Data Streams.,https://dblp.org/rec/conf/pkdd/ShakerHH17
1710,paper,Accurate WiFi-Based Indoor Positioning with Continuous Location Sampling.,https://dblp.org/rec/conf/pkdd/EngelenLTT18
1711,paper,Tree-Based OWL Class Expression Learner over Large Graphs.,https://dblp.org/rec/conf/pkdd/DemirYRMN25
1712,paper,Preference-Based Meta-Learning using Dyad Ranking: Recommending Algorithms in Cold-Start Situations.,https://dblp.org/rec/conf/pkdd/SchaferH15a
1713,paper,LitCQD: Multi-hop Reasoning in Incomplete Knowledge Graphs with Numeric Literals.,https://dblp.org/rec/conf/pkdd/DemirWLNH23
1714,paper,Clifford Embeddings - A Generalized Approach for Embedding in Normed Algebras.,https://dblp.org/rec/conf/pkdd/DemirN23
1715,paper,Evaluating Negation with Multi-way Joins Accelerates Class Expression Learning.,https://dblp.org/rec/conf/pkdd/KaralisBDHN24
1716,paper,Dyad Ranking Using A Bilinear Plackett-Luce Model.,https://dblp.org/rec/conf/pkdd/SchaferH15
1717,paper,A Human-Centric Assessment of the Usefulness of Attribution Methods in Computer Vision.,https://dblp.org/rec/conf/pkdd/RimSXGKLQS24
1718,paper,MetaBags: Bagged Meta-Decision Trees for Regression.,https://dblp.org/rec/conf/pkdd/KhiariMSZD18
1719,paper,Learning Gradient Boosted Multi-label Classification Rules.,https://dblp.org/rec/conf/pkdd/RappMFNH20
1720,paper,Specifying and Analyzing Virtual Network Services Using Queuing Petri Nets.,https://dblp.org/rec/conf/im/SchneiderSKW19
1721,paper,Divide and Conquer: Hierarchical Network and Service Coordination.,https://dblp.org/rec/conf/im/0008JK21
1722,paper,A Large Scale Investigation of Obfuscation Use in Google Play.,https://dblp.org/rec/conf/acsac/WermkeHARTF18
1723,paper,Microarchitectural optimization by means of reconfigurable and evolvable cache mappings.,https://dblp.org/rec/conf/ahs/HoAKP15
1724,paper,A scalable platform for run-time reconfigurable satellite payload processing.,https://dblp.org/rec/conf/ahs/HagemeyerHJCFRKKMPDDHSI12
1725,paper,Analysis of SEU effects in partially reconfigurable SoPCs.,https://dblp.org/rec/conf/ahs/SterponeMKHP11
1726,paper,EvoCaches: Application-specific Adaptation of Cache Mappings.,https://dblp.org/rec/conf/ahs/KaufmannPP09
1727,paper,Evaluation methodology for complex non-deterministic functions: A case study in metaheuristic optimization of caches.,https://dblp.org/rec/conf/ahs/KaufmannHP17
1728,paper,MOVES: A Modular Framework for Hardware Evolution.,https://dblp.org/rec/conf/ahs/KaufmannP07
1729,paper,Comparing Evolvable Hardware to Conventional Classifiers for Electromyographic Prosthetic Hand Control.,https://dblp.org/rec/conf/ahs/GletteTGSKP08
1730,paper,Towards dynamic trust establishment for identity federation.,https://dblp.org/rec/conf/eatis/MendozaAMS09
1731,paper,TIM Results for OAEI 2025.,https://dblp.org/rec/conf/om2/0001NS25
1732,paper,Filter design for decentralized state estimation in sensor networks.,https://dblp.org/rec/conf/aucc/LeongN15
1733,paper,ADAGIO - Automated Data Augmentation of Knowledge Graphs Using Multi-expression Learning.,https://dblp.org/rec/conf/ht/DresslerSN22
1734,paper,What Is Unclear? Computational Assessment of Task Clarity in Crowdsourcing.,https://dblp.org/rec/conf/ht/NouriGEW21
1735,paper,Ranking on Very Large Knowledge Graphs.,https://dblp.org/rec/conf/ht/DesoukiRN19
1736,paper,Kronecker Decomposition for Knowledge Graph Embeddings.,https://dblp.org/rec/conf/ht/DemirLN22
1737,paper,ABIS 2019 - 23rd International Workshop on Personalization and Recommendation on the Web and Beyond.,https://dblp.org/rec/conf/ht/AugsteinHWY19
1738,paper,Multi-user support and motion planning of humans and humans driven vehicles in interactive 3D material flow simulations.,https://dblp.org/rec/conf/wsc/FischerMMKLD05
1739,paper,Simulation assisted match-up rescheduling of flexible production systems subject to execution exceptions.,https://dblp.org/rec/conf/wsc/DangelmaierMAS07
1740,paper,"Simulation aided, self-adapting knowledge based control of material handling systems.",https://dblp.org/rec/conf/wsc/KlaasLRD13
1741,paper,Automated 3D-motion planning for ramps and stairs in intra-logistics material flow simulations.,https://dblp.org/rec/conf/wsc/FischerRLSD10
1742,paper,Knowledge-based event control for flow-shops using simulation and rules.,https://dblp.org/rec/conf/wsc/AufenangerDLR08
1743,paper,"Simulation aided, knowledge based routing for AGVs in a distribution warehouse.",https://dblp.org/rec/conf/wsc/KlaasLDF11
1744,paper,Aggregated 3D-visualization of a distributed simulation experiment of a queuing system.,https://dblp.org/rec/conf/wsc/DangelmaierFHLS08
1745,paper,Controlled Simplification of Material Flow Simulation Models.,https://dblp.org/rec/conf/wsc/HuberD09
1746,paper,Setup optimization based on virtual tooling for manufacturing in order to provide an intelligent work preparation process.,https://dblp.org/rec/conf/wsc/WeberRSL16
1747,paper,Using Dynamic Multiresolution Modelling to Analyze Large Material Flow Systems.,https://dblp.org/rec/conf/wsc/DangelmaierM04
1748,paper,Adaptive Flow Control in Flexible Flow Shop Production Systems - A Knowledge-based Approach.,https://dblp.org/rec/conf/wsc/AufenangerVD09
1749,paper,Simulation assisted optimozation and real-time control aspects of flexible production systems subject to disturbances.,https://dblp.org/rec/conf/wsc/DangelmaierMSKA06
1750,paper,A technical concept for plant engineering by simulation-based and logistic-integrated project management.,https://dblp.org/rec/conf/wsc/GutfeldJWLW14
1751,paper,Workpiece Positioning based on Supervised Learning Methods for simulation-based Optimization of Virtual Tooling Processes.,https://dblp.org/rec/conf/wsc/0001RL18
1752,paper,A technical approach of a simulation-based optimization platform for setup-preparation via virtual tooling by testing the optimization of zero point positions in cnc-applications.,https://dblp.org/rec/conf/wsc/Weber15
1753,paper,A two-tier method for evaluating alternative policies to support interactive analysis of 3D material flow simulations.,https://dblp.org/rec/conf/wsc/DangelmaierMHM05
1754,paper,A method for simulation state mapping between discrete event material flow models of different level of detail.,https://dblp.org/rec/conf/wsc/HuberD11
1755,paper,Integrating Safety Guarantees into the Learning Classifier System XCS.,https://dblp.org/rec/conf/evoW/HansmeierP22
1756,paper,On the Closest Averaged Hausdorff Archive for a Circularly Convex Pareto Front.,https://dblp.org/rec/conf/evoW/RudolphST16
1757,paper,Safety and Security Dependencies for Gridshield.,https://dblp.org/rec/conf/isgteurope/0001OLKH24
1758,paper,Offline Assisted Group Key Exchange.,https://dblp.org/rec/conf/isw/BoydDGJ18
1759,paper,Dynamically Provisioning Isolation in Hierarchical Architectures.,https://dblp.org/rec/conf/isw/FalzonB15
1760,paper,Dynamic Anomaly Detection for More Trustworthy Outsourced Computation.,https://dblp.org/rec/conf/isw/AlsouriSSBMK12
1761,paper,Factors Impacting the Effort Required to Fix Security Vulnerabilities - An Industrial Case Study.,https://dblp.org/rec/conf/isw/OthmaneCBTBM15
1762,paper,Concurrent Checking of Global Cross-database Integrity Constraints.,https://dblp.org/rec/conf/tc11-5/Bottche02
1763,paper,Energy Efficiency Optimization of Finite Block Length Star-Ris-Aided Mu-Mimo Broadcast Channels.,https://dblp.org/rec/conf/spawc/SoleymaniSJSH25
1764,paper,MIMO Capacity Maximization with Beyond-Diagonal RIS.,https://dblp.org/rec/conf/spawc/SantamariaSJG24
1765,paper,Energy Efficiency Comparison of RIS Architectures in MISO Broadcast Channels.,https://dblp.org/rec/conf/spawc/SoleymaniSJRG24
1766,paper,Power allocation for distortion minimization in distributed estimation with security constraints.,https://dblp.org/rec/conf/spawc/GuoLD14
1767,paper,Kooperatives Modellieren auf Basis transienter Objekte.,https://dblp.org/rec/conf/cad/GausemeierHS96
1768,paper,Integrative Specification of Intelligent Mechanical Engineering Products.,https://dblp.org/rec/conf/cad/GausemeierF02
1769,paper,Konfiguration von Prozeß- und Produktdatenmodellen in verteilten Entwicklungssystemen.,https://dblp.org/rec/conf/cad/GausemeierGH98
1770,paper,Development of a Process Model for efficient Content Creation for Mobile Augmented Reality Applications.,https://dblp.org/rec/conf/cad/GausemeierF02a
1771,paper,Virtual Web Plant - Ein Internet-basiertes Projektinformationssystem für den Anlagenbau.,https://dblp.org/rec/conf/cad/GausemeierBKEG00
1772,paper,Integrationsplattform für die Entwicklung mechatronischer Systeme.,https://dblp.org/rec/conf/cad/AnderlGKCA00
1773,paper,Runtime Resource Management in Heterogeneous System Architectures: The SAVE Approach.,https://dblp.org/rec/conf/ispa/DurelliPMPRSVB14
1774,paper,CLCP - A Distributed Cross-Layer Commit Protocol for Mobile Ad Hoc Networks.,https://dblp.org/rec/conf/ispa/ObermeierBK08
1775,paper,A System for Aggregated Visualization of Multiple Parallel Discrete Event Simulations.,https://dblp.org/rec/conf/ispa/SussHFLD08
1776,paper,Introduction to the Minitrack on Building Software in a World of Digital Twins.,https://dblp.org/rec/conf/hicss/RettbergEHS25
1777,paper,Is Social Learning Always Helpful? Using Quantile Regression to Examine the Impact of Social Learning on Information Security Policy Compliance Behavior.,https://dblp.org/rec/conf/hicss/HengstlerK023
1778,paper,How do employees learn security behavior? Examining the influence of individual cultural values and social learning on ISP compliance behavior.,https://dblp.org/rec/conf/hicss/HengstlerPT21
1779,paper,"Introduction to the Minitrack on Data-driven Services and Servitization in Manufacturing: Innovation, Engineering, Transformation, and Management.",https://dblp.org/rec/conf/hicss/EbelKWD24
1780,paper,Fitness First or Safety First? Examining Adverse Consequences of Privacy Seals in the Event of a Data Breach.,https://dblp.org/rec/conf/hicss/MasuchGT21
1781,paper,Achieving more by saying less? On the Moderating Effect of Information Cues in Paid Search.,https://dblp.org/rec/conf/hicss/SchlangenottoK17
1782,paper,Business Model Representation Incorporating Real Options: An Extension of e3-Value.,https://dblp.org/rec/conf/hicss/KundischJ12
1783,paper,Meeting Users' Needs in National Health Information Infrastructures - Lessons from the Case of Germany.,https://dblp.org/rec/conf/hicss/HovelRT26
1784,paper,Penetration and Outlook of Telework in Europe - An Internet Snapshot.,https://dblp.org/rec/conf/hicss/DangelmaierFHK99
1785,paper,A Model-Based Approach for Platform-Independent Binary Components with Precise Timing and Fine-Grained Concurrency.,https://dblp.org/rec/conf/hicss/SchattkowskyEF07
1786,paper,The Impact of Threat and Efficacy on Information Security Behavior: Applying an Extended Parallel Process Model to the Fear of Ransomware.,https://dblp.org/rec/conf/hicss/MasuchHST21
1787,paper,Data Size Matters: The Impact of Message Framing in Different Health Scenarios on the Donation of Personal Health Information.,https://dblp.org/rec/conf/hicss/KleinMS024
1788,paper,A Task-Oriented Reconfigurable Software Architecture for e-Commerce Document Exchange.,https://dblp.org/rec/conf/hicss/BottcherD04
1789,paper,Digitalization of Work Systems - An Organizational Routines' Perspective.,https://dblp.org/rec/conf/hicss/WolfBB19
1790,paper,Criteria as a Prelude for Guiding Taxonomy Evaluation.,https://dblp.org/rec/conf/hicss/SzopinskiSK20
1791,paper,Specification of Real-Time Properties for UML Models.,https://dblp.org/rec/conf/hicss/FlakeM02
1792,paper,A parallel local-search algorithm for the k-partitioning problem.,https://dblp.org/rec/conf/hicss/DiekmannLMS95
1793,paper,XML Stream Data Reduction by Shared KST Signatures.,https://dblp.org/rec/conf/hicss/BottcherHM09
1794,paper,Towards Automated Moderation: Enabling Toxic Language Detection with Transfer Learning and Attention-Based Models.,https://dblp.org/rec/conf/hicss/CaronBM22
1795,paper,A Reference Process Model for Usage Data-Driven Product Planning.,https://dblp.org/rec/conf/hicss/MeyerWPKD22
1796,paper,Optimal Stock Relocation under Uncertainty in Post-Disaster Humanitarian Operations.,https://dblp.org/rec/conf/hicss/BleckenDDRH10
1797,paper,Dynamic Circuit Generation for Boolean Satisfiability in an Object-Oriented Design Environment.,https://dblp.org/rec/conf/hicss/MencerP99
1798,paper,Configuring Component-based Specifications for Domain-Specific Languages.,https://dblp.org/rec/conf/hicss/PfahlerK01
1799,paper,"Introduction to the Minitrack on Data-driven Services in Manufacturing: Innovation, Engineering, Transformation, and Management.",https://dblp.org/rec/conf/hicss/KoldeweyRDW23
1800,paper,The Double-Edged Sword of Health Data Breaches: A Comparison of Customer and Stock Price Perspectives on the Impact of Data Breaches of Response Strategies.,https://dblp.org/rec/conf/hicss/MasuchG022
1801,paper,CRM and Customer Portfolio Management for E-Tailers.,https://dblp.org/rec/conf/hicss/KundischSR08
1802,paper,Introduction to the Minitrack on Advancing the Twin Transition: Digital Technologies in Sustainable Service Ecosystems and the Circular Economy.,https://dblp.org/rec/conf/hicss/KoldeweyEWK26
1803,paper,Bridging the Gap between Security Competencies and Security Threats: Toward a Cyber Security Domain Model.,https://dblp.org/rec/conf/hicss/SchutzRMKMW023
1804,paper,Show Me Your Claims and I'll Tell You Your Offenses: Machine Learning-Based Decision Support for Fraud Detection on Medical Claim Data.,https://dblp.org/rec/conf/hicss/MatschakPR022
1805,paper,Exploring Capabilities for the Smart Service Transformation in Manufacturing: Insights from Theory and Practice.,https://dblp.org/rec/conf/hicss/KoldeweyFSBSSSK24
1806,paper,Service Composition on Top of Exchangable Protocols.,https://dblp.org/rec/conf/hicss/BottcherD05
1807,paper,An Evolutionary Approach on Multi-objective Scheduling for Evolving Manufacturing Systems.,https://dblp.org/rec/conf/hicss/KlopperPD14
1808,paper,At What Price? Exploring the Potential and Challenges of Differentially Private Machine Learning for Healthcare.,https://dblp.org/rec/conf/hicss/AslanMG0K23
1809,paper,Information Needs in Service Systems - A Framework for Integrating Service and Manufacturing Business Processes.,https://dblp.org/rec/conf/hicss/BeckerBKMM11
1810,paper,E-Collaboration in Interorganizational Networks: A Literature Review and an Agenda for Future Research.,https://dblp.org/rec/conf/hicss/ZanderTK15
1811,paper,Does It Pay Off to Bid Aggressively? An Empirical Study.,https://dblp.org/rec/conf/hicss/HerrmannKR13
1812,paper,Enabling eCCRM: Content Model and Management for Financial eServices.,https://dblp.org/rec/conf/hicss/KundischWCK01
1813,paper,More Isn't Always Better - Measuring Customers' Preferences for Digital Process Transparency.,https://dblp.org/rec/conf/hicss/Brennig023
1814,paper,Reengineering Organizational Structures from Within.,https://dblp.org/rec/conf/hicss/OttHN99
1815,paper,Towards a Taxonomy of Information Security Policy Non-Compliance Behavior.,https://dblp.org/rec/conf/hicss/HengstlerN022
1816,paper,"The Impact of Content, Context, and Creator on User Engagement in Social Media Marketing.",https://dblp.org/rec/conf/hicss/JaakonmakiMB17
1817,paper,Interactive Multimodal User Interfaces for Mobile Devices.,https://dblp.org/rec/conf/hicss/MuellerSB04
1818,paper,"Enhancing Product Management Performance through Digitalization: Advantages, Challenges, Design Fields.",https://dblp.org/rec/conf/hicss/FichtlerPGKD26
1819,paper,Procedural Generation of 3D-Buildings for Game Engines Based on Existing Asset Kits.,https://dblp.org/rec/conf/hicss/StrodickSA25
1820,paper,Mispricing and Exchange Market Systems: The Effect of Infrastructure Upgrades.,https://dblp.org/rec/conf/hicss/WagenerKRRW10
1821,paper,Co-ordination Concept for an Innovative Rail Road Concept.,https://dblp.org/rec/conf/hicss/DangelmaierFM02
1822,paper,Do People Recover from Algorithm Aversion? An Experimental Study of Algorithm Aversion over Time.,https://dblp.org/rec/conf/hicss/LeffrangB023
1823,paper,Peer-to-Peer Networks for Virtual Home Environments.,https://dblp.org/rec/conf/hicss/LoeserMBE03
1824,paper,Enhancing Robot Programming through Digital Twin and Augmented Reality.,https://dblp.org/rec/conf/hicss/YigitbasE23
1825,paper,Extending BPMN for Business Activity Monitoring.,https://dblp.org/rec/conf/hicss/FriedenstabJMM12
1826,paper,A Language for the Rapid Prototyping of Mobile Evolving Agents.,https://dblp.org/rec/conf/hicss/MuellerMZ01
1827,paper,"Introduction to the Minitrack on Digital Twins: Platforms, Methods, Applications, and Impact.",https://dblp.org/rec/conf/hicss/SchattkowskyER24
1828,paper,"Introduction to the Minitrack on Digital Twins: Platforms, Methods, Applications, and Impact.",https://dblp.org/rec/conf/hicss/RettbergES23
1829,paper,"Dear Guests, Please Pay for my License - Analyzing the Heterogenous Cost-Pass-Through of Commercial and Non-Commercial Rental Suppliers in Response to Regulatory Policies.",https://dblp.org/rec/conf/hicss/MullerNK22
1830,paper,Formalization of Financial Problems and Solutions under Risk as an Essential Requirement for IT-based Financial Planning.,https://dblp.org/rec/conf/hicss/KundischD03
1831,paper,Augmented Reality in Informal Learning Environments: Investigating Short-term and Long-term Effects.,https://dblp.org/rec/conf/hicss/SommerauerM18
1832,paper,A Method for Simultaneous Production and Order Planning in a Cooperative Supply Chain Relationship with Flexibility Contracts.,https://dblp.org/rec/conf/hicss/RustBDP10
1833,paper,Collaborative Technologies in an Inter-organizational Context: Examining the Role of Perceived Information Security and Trust on Post-adoption.,https://dblp.org/rec/conf/hicss/TrangRK14
1834,paper,"Visual Specification, Modelling, and Illustration of Complex Systems.",https://dblp.org/rec/conf/hicss/GeigerLM99
1835,paper,Using Geolocated Text to Quantify Location in Real Estate Appraisal.,https://dblp.org/rec/conf/hicss/HeuwinkelKM22
1836,paper,"Introduction to the Minitrack on Data-driven Services in Manufacturing: Management, Engineering, and Organizational Transformation.",https://dblp.org/rec/conf/hicss/KoldeweyDR22
1837,paper,Early Depression Detection with Transformer Models: Analyzing the Relationship between Linguistic and Psychology-Based Features.,https://dblp.org/rec/conf/hicss/HalimehCM23
1838,paper,Moment or Movement - An Empirical Analysis of the Heterogeneous Impact of Media Attention on Charitable Crowdfunding Campaigns.,https://dblp.org/rec/conf/hicss/SeutterM0K22
1839,paper,Investigating Users' Reaction to Fine-Grained Data Requests: A Market Experiment.,https://dblp.org/rec/conf/hicss/ElingRKBB16
1840,paper,GroupProcess: Using Process Knowledge from the Participative Design and Practical Operation of ad hoc Processes for the Design of Structured Workflows.,https://dblp.org/rec/conf/hicss/HuthEN01
1841,paper,Innovative Concepts for Configuring Shared Workspaces through Visual Programming.,https://dblp.org/rec/conf/hicss/DueckerMR99
1842,paper,A Model of a System for Hierarchical Planning of Structure and Dimension of Internal Global Production Networks.,https://dblp.org/rec/conf/hicss/DurksenD10
1843,paper,MultiProcessor Scheduling is PLS-Complete.,https://dblp.org/rec/conf/hicss/DumraufMT09
1844,paper,Fuzzy Rules for HTML Transcoding.,https://dblp.org/rec/conf/hicss/SchaeferDM02
1845,paper,How Many Attackers Can Selfish Defenders Catch?,https://dblp.org/rec/conf/hicss/MavronicolasMP08
1846,paper,Introduction.,https://dblp.org/rec/conf/ichc/HashagenKN00
1847,paper,OMMMA: An Object-Oriented Approach for Modeling Multimedia Information Systems.,https://dblp.org/rec/conf/mis/SauerE99
1848,paper,Ideen zur Entwicklung der Ablaufsimulation.,https://dblp.org/rec/conf/simvis/DangelmaierAHLR07
1849,paper,A Formal Model of a Framework for Simulation-Based Animation.,https://dblp.org/rec/conf/simvis/MullerP04
1850,paper,AR Support for Picking.,https://dblp.org/rec/conf/simvis/DangelmaierMHF05
1851,paper,Lösungselement-basiertes Virtual Prototyping von selbstoptimierenden mechatronischen Systemen.,https://dblp.org/rec/conf/simvis/GausemeierBRSMP04
1852,paper,d3 FACT insight: A motion planning algorithm for material flow simulations in virtual environments.,https://dblp.org/rec/conf/simvis/MahajanLDKSK05
1853,paper,Prototyping einer Fahrzeugsteuerung in virtueller 3D-Umgebung.,https://dblp.org/rec/conf/simvis/BraatzFMW00
1854,paper,Eine mobile Augmented Reality Versuchsplattform zur Untersuchung und Evaluation von Fahrzeugergonomien.,https://dblp.org/rec/conf/simvis/GausemeierGMRKO05
1855,paper,Guidance of Users in Interactive 3D-Visualisations of Material Flow Simulations.,https://dblp.org/rec/conf/simvis/MueckDLFK04
1856,paper,Bi-directional Coupling of Simulation Tools with a Walkthrough-System.,https://dblp.org/rec/conf/simvis/MueckDFK02
1857,paper,d3FACT insight goes parallel Aggregation of multiple simulations.,https://dblp.org/rec/conf/simvis/DangelmaierHLAFKK06
1858,paper,Simulative Absicherung eines neuartigen Einlagerkonzeptes im Cargo-Bereich von Flughäfen.,https://dblp.org/rec/conf/simvis/LaroqueDHRAK08
1859,paper,"Visuelle Spezifikation, Modellierung und Animation im Systementwurf.",https://dblp.org/rec/conf/simvis/Geiger098
1860,paper,Virtuelles Prototyping einer Robotersteuerung durch interaktive 3D-Simulation.,https://dblp.org/rec/conf/simvis/GeigerLM99
1861,paper,Anwendung von Augmented Reality zur visuellen Analyse einer Konvoi-Simulation am Beispiel der Neuen Bahntechnik Paderborn.,https://dblp.org/rec/conf/simvis/GausemeierRWBH08
1862,paper,Realisierung eines Verfahrens zur dynamischen Detaillierung von Simulationsmodellen im Materialflusssimulator d3FACT insight.,https://dblp.org/rec/conf/simvis/DangelmaierHL06
1863,paper,Offline Question Answering over Linked Data using Limited Resources.,https://dblp.org/rec/conf/i-semantics/KaurBJMNU19
1864,paper,Native Execution of GraphQL Queries over RDF Graphs Using Multi-Way Joins.,https://dblp.org/rec/conf/i-semantics/KaralisBN23
1865,paper,When is the Peak Performance Reached? An Analysis of RDF Triple Stores.,https://dblp.org/rec/conf/i-semantics/KhanANS21
1866,paper,"A service-oriented search framework for full text, geospatial and semantic search.",https://dblp.org/rec/conf/i-semantics/BothNULLS14
1867,paper,An optimization approach for load balancing in parallel link discovery.,https://dblp.org/rec/conf/i-semantics/SherifN15
1868,paper,Towards an open question answering architecture.,https://dblp.org/rec/conf/i-semantics/MarxUNHLA14
1869,paper,"Proposal for PORQUE, a Polylingual Hybrid Question Answering System.",https://dblp.org/rec/conf/i-semantics/MirelesRSVBM22
1870,paper,Parallelizing LIMES for large-scale link discovery.,https://dblp.org/rec/conf/i-semantics/HillnerN11
1871,paper,DBtrends: Exploring Query Logs for Ranking RDF Data.,https://dblp.org/rec/conf/i-semantics/MarxZMR16
1872,paper,MEX Interfaces: Automating Machine Learning Metadata Generation.,https://dblp.org/rec/conf/i-semantics/EstevesMMDZL16
1873,paper,WASOTA: What Are the States Of The Art?,https://dblp.org/rec/conf/i-semantics/NetoESMVM16
1874,paper,Using Pre-Trained Language Models for Abstractive DBPEDIA Summarization: A Comparative Study.,https://dblp.org/rec/conf/i-semantics/ZaheraVS0N23
1875,paper,On the Effect of Geometries Simplification on Geo-spatial Link Discovery.,https://dblp.org/rec/conf/i-semantics/AhmedSN18
1876,paper,COBALT: A Content-Based Similarity Approach for Link Discovery over Geospatial Knowledge Graphs.,https://dblp.org/rec/conf/i-semantics/AhmedSN23
1877,paper,LODFlow: a workflow management system for linked data processing.,https://dblp.org/rec/conf/i-semantics/RautenbergEMAN15
1878,paper,User-driven quality evaluation of DBpedia.,https://dblp.org/rec/conf/i-semantics/ZaveriKSBMAL13
1879,paper,QUANT - Question Answering Benchmark Curator.,https://dblp.org/rec/conf/i-semantics/GusmitaJVRNU19
1880,paper,Generating SPARQL from Natural Language Using Chain-of-Thoughts Prompting.,https://dblp.org/rec/conf/i-semantics/ZaheraASMN24
1881,paper,A comparison of supervised learning classifiers for link discovery.,https://dblp.org/rec/conf/i-semantics/SoruN14
1882,paper,Enhancing Answers Verbalization Using Large Language Models.,https://dblp.org/rec/conf/i-semantics/VollmersSZN24
1883,paper,SPARQL as a Foreign Language.,https://dblp.org/rec/conf/i-semantics/SoruMMPVEN17
1884,paper,TANKER: Distributed Architecture for Named EntityRecognition and Disambiguation.,https://dblp.org/rec/conf/i-semantics/CoelhoMPE17
1885,paper,MEX vocabulary: a lightweight interchange format for machine learning experiments.,https://dblp.org/rec/conf/i-semantics/EstevesMNSUAL15
1886,paper,CostFed: Cost-Based Query Optimization for SPARQL Endpoint Federation.,https://dblp.org/rec/conf/i-semantics/0002PSHN18
1887,paper,Linked cancer genome atlas database.,https://dblp.org/rec/conf/i-semantics/SaleemPNADD13
1888,paper,PCFWebUI: Data-driven WebUI for holistic decarbonization based on PCF-Tracking.,https://dblp.org/rec/conf/i-semantics/KumarNHS24
1889,paper,Knowledge Graph Question Answering Using Graph-Pattern Isomorphism.,https://dblp.org/rec/conf/i-semantics/VollmersJMTNU21
1890,paper,Anytime Behavior of Inexact TSP Solvers and Perspectives for Automated Algorithm Selection.,https://dblp.org/rec/conf/cec/BossekKT20
1891,paper,A hybrid evolutionary algorithm for the vehicle and crew scheduling problem in public transit.,https://dblp.org/rec/conf/cec/SteinzenBS07
1892,paper,A mating strategy for multi-parent genetic algorithms by integrating tabu search.,https://dblp.org/rec/conf/cec/TingB03
1893,paper,Towards Decision Support in Dynamic Bi-Objective Vehicle Routing.,https://dblp.org/rec/conf/cec/BossekGRT20
1894,paper,Pareto-dominance in noisy environments.,https://dblp.org/rec/conf/cec/TrautmannMN09
1895,paper,Introducing user preference using Desirability Functions in Multi-Objective Evolutionary Optimisation of noisy processes.,https://dblp.org/rec/conf/cec/MehnenTT07
1896,paper,Online convergence detection for multiobjective aerodynamic applications.,https://dblp.org/rec/conf/cec/NaujoksT09
1897,paper,Benchmarking evolutionary multiobjective optimization algorithms.,https://dblp.org/rec/conf/cec/MersmannTNW10
1898,paper,A novel hybrid evolutionary strategy and its periodization with multi-objective genetic optimizers.,https://dblp.org/rec/conf/cec/KaufmannKP10
1899,paper,Evenly spaced Pareto fronts of quad-objective problems using PSA partitioning technique.,https://dblp.org/rec/conf/cec/Dominguez-MedinaRST13
1900,paper,Online convergence detection for evolutionary multi-objective algorithms revisited.,https://dblp.org/rec/conf/cec/WagnerT10
1901,paper,A new mutation operator for evolution strategies for constrained problems.,https://dblp.org/rec/conf/cec/KramerTB05
1902,paper,Humanoid learns to detect its own hands.,https://dblp.org/rec/conf/cec/LeitnerHFFS13
1903,paper,The R-Package FLACCO for exploratory landscape analysis with applications to multi-objective optimization problems.,https://dblp.org/rec/conf/cec/KerschkeT16
1904,paper,Consistency Management Within Model-Based Object-Oriented Development of Components.,https://dblp.org/rec/conf/fmco/KusterE03
1905,paper,SA-SDR: A Novel Loss Function for Separation of Meeting Style Data.,https://dblp.org/rec/conf/icassp/NeumannKBDH22
1906,paper,"End-to-End Dereverberation, Beamforming, and Speech Recognition with Improved Numerical Stability and Advanced Frontend.",https://dblp.org/rec/conf/icassp/ZhangB0NDKOKHQ21
1907,paper,Frame-Wise and Overlap-Robust Speaker Embeddings for Meeting Diarization.,https://dblp.org/rec/conf/icassp/CordLandwehrBZDH23
1908,paper,Aligning training modelswith smartphone properties in WiFi fingerprinting based indoor localization.,https://dblp.org/rec/conf/icassp/HoangSH15
1909,paper,OFDM Channel Estimation Based on Combined Estimation in Time and Frequency Domain.,https://dblp.org/rec/conf/icassp/Haeb-UmbachB07
1910,paper,Improvements in connected digit recognition using linear discriminant analysis and mixture densities.,https://dblp.org/rec/conf/icassp/Haeb-UmbachGN93
1911,paper,30+ Years of Source Separation Research: Achievements and Future Challenges.,https://dblp.org/rec/conf/icassp/ArakiIHWWM25
1912,paper,DOA-based microphone array postion self-calibration using circular statistics.,https://dblp.org/rec/conf/icassp/JacobSH13
1913,paper,Improvements in beam search for 10000-word continuous speech recognition.,https://dblp.org/rec/conf/icassp/NeyHTO92
1914,paper,On Synchronization of Wireless Acoustic Sensor Networks in the Presence of Time-Varying Sampling Rate Offsets and Speaker Changes.,https://dblp.org/rec/conf/icassp/GburrekSH22
1915,paper,Energy-efficient Design for Underlay Cognitive Radio Using Improper Signaling.,https://dblp.org/rec/conf/icassp/SoleymaniLSS19
1916,paper,Iterative Speech Enhancement using a Non-Linear Dynamic State Model of Speech and its Parameters.,https://dblp.org/rec/conf/icassp/WindmannH06
1917,paper,A generalized log-spectral amplitude estimator for single-channel speech enhancement.,https://dblp.org/rec/conf/icassp/ChinaevH17
1918,paper,Improved noise power spectral density tracking by a MAP-based postprocessor.,https://dblp.org/rec/conf/icassp/ChinaevKVH12
1919,paper,Meeting Recognition with Continuous Speech Separation and Transcription-Supported Diarization.,https://dblp.org/rec/conf/icassp/NeumannBCDH24
1920,paper,"All-neural Online Source Separation, Counting, and Diarization for Meeting Analysis.",https://dblp.org/rec/conf/icassp/NeumannKDANH19
1921,paper,Signal representations for hidden Markov model based online handwriting recognition.,https://dblp.org/rec/conf/icassp/DolfingH97
1922,paper,A study on speaker normalization using vocal tract normalization and speaker adaptive training.,https://dblp.org/rec/conf/icassp/WellingHZH98
1923,paper,Geodesic Interpolation of Frame-Wise Speaker Embeddings for the Diarization of Meeting Scenarios.,https://dblp.org/rec/conf/icassp/Cord-LandwehrBZ24
1924,paper,Investigations on inter-speaker variability in the feature space.,https://dblp.org/rec/conf/icassp/Haeb-Umbach99
1925,paper,Application of clustering techniques to mixture density modelling for continuous-speech recognition.,https://dblp.org/rec/conf/icassp/DugastBH95
1926,paper,Interference Leakage Minimization in RIS-Assisted MIMO Interference Channels.,https://dblp.org/rec/conf/icassp/SantamariaSJG23
1927,paper,Source counting in speech mixtures using a variational EM approach for complex WATSON mixture models.,https://dblp.org/rec/conf/icassp/DrudeCVH14
1928,paper,A gossiping approach to sampling clock synchronization in wireless acoustic sensor networks.,https://dblp.org/rec/conf/icassp/SchmalenstroeerJH14
1929,paper,Unsupervised Training of a Deep Clustering Model for Multichannel Blind Source Separation.,https://dblp.org/rec/conf/icassp/DrudeHH19
1930,paper,Improved single-channel nonstationary noise tracking by an optimized MAP-based postprocessor.,https://dblp.org/rec/conf/icassp/ChinaevHTM13
1931,paper,MAP-based estimation of the parameters of non-stationary Gaussian processes from noisy observations.,https://dblp.org/rec/conf/icassp/KruegerH11
1932,paper,Automatic transcription of unknown words in a speech recognition system.,https://dblp.org/rec/conf/icassp/Haeb-UmbachBT95
1933,paper,Iterative Geometry Calibration from Distance Estimates for Wireless Acoustic Sensor Networks.,https://dblp.org/rec/conf/icassp/GburrekSH21
1934,paper,Speech Synthesis along Perceptual Voice Quality Dimensions.,https://dblp.org/rec/conf/icassp/RautenbergKSWWH25
1935,paper,An Inexpensive Packet Loss Compensation Scheme for Distributed Speech Recognition Based on Soft-Features.,https://dblp.org/rec/conf/icassp/IonH06
1936,paper,Modeling the dynamics of speech and noise for speech feature enhancement in ASR.,https://dblp.org/rec/conf/icassp/WindmannH08
1937,paper,Source counting in speech mixtures by nonparametric Bayesian estimation of an infinite Gaussian mixture model.,https://dblp.org/rec/conf/icassp/WalterDH15
1938,paper,European speech databases for telephone applications.,https://dblp.org/rec/conf/icassp/HogeTWHHC97
1939,paper,Threshold Independent Evaluation of Sound Event Detection Scores.,https://dblp.org/rec/conf/icassp/EbbersHS22
1940,paper,Blind speech separation based on complex spherical k-mode clustering.,https://dblp.org/rec/conf/icassp/DrudeBH16
1941,paper,Dual Frequency- and Block-Permutation Alignment for Deep Learning Based Block-Online Blind Source Separation.,https://dblp.org/rec/conf/icassp/DrudeHKNH18
1942,paper,Joint Optimization of Neural Network-based WPE Dereverberation and Acoustic Model for Robust Online ASR.,https://dblp.org/rec/conf/icassp/HeymannDHKN19
1943,paper,Using the turbo principle for exploiting temporal and spectral correlations in speech presence probability estimation.,https://dblp.org/rec/conf/icassp/VuH13
1944,paper,Speech enhancement with a new generalized eigenvector blocking matrix for application in a generalized sidelobe canceller.,https://dblp.org/rec/conf/icassp/WarsitzKH08
1945,paper,Contrastive Predictive Coding Supported Factorized Variational Autoencoder For Unsupervised Learning Of Disentangled Speech Representations.,https://dblp.org/rec/conf/icassp/EbbersKCH21
1946,paper,GMM-based significance decoding.,https://dblp.org/rec/conf/icassp/AbdelazizZKLH13
1947,paper,Blind speech separation employing directional statistics in an Expectation Maximization framework.,https://dblp.org/rec/conf/icassp/VuH10
1948,paper,Simultaneous Diarization and Separation of Meetings through the Integration of Statistical Mixture Models.,https://dblp.org/rec/conf/icassp/Cord-LandwehrBH25
1949,paper,Parameter estimation and classification of censored Gaussian data with application to WiFi indoor positioning.,https://dblp.org/rec/conf/icassp/HoangH13
1950,paper,Beamnet: End-to-end training of a beamformer-supported multi-channel ASR system.,https://dblp.org/rec/conf/icassp/HeymannDBHH17
1951,paper,Demystifying TasNet: A Dissecting Approach.,https://dblp.org/rec/conf/icassp/HeitkaemperJBDH20
1952,paper,Unsupervised adaptation of a denoising autoencoder by Bayesian Feature Enhancement for reverberant asr under mismatch conditions.,https://dblp.org/rec/conf/icassp/HeymannHGS15
1953,paper,A Comparison of Soft-Feature Distributed Speech Recognition with Candidate Codecs for Speech Enabled Mobile Services.,https://dblp.org/rec/conf/icassp/IonH05
1954,paper,Acoustic filter-and-sum beamforming by adaptive principal component analysis.,https://dblp.org/rec/conf/icassp/WarsitzH05
1955,paper,End-to-End Training of Time Domain Audio Separation and Recognition.,https://dblp.org/rec/conf/icassp/NeumannKDBDNH20
1956,paper,On Word Error Rate Definitions and Their Efficient Computation for Multi-Speaker Speech Recognition Systems.,https://dblp.org/rec/conf/icassp/NeumannBKDH23
1957,paper,Linear discriminant analysis for improved large vocabulary continuous speech recognition.,https://dblp.org/rec/conf/icassp/Hab-UmbachN92
1958,paper,Exploring Practical Aspects of Neural Mask-Based Beamforming for Far-Field Speech Recognition.,https://dblp.org/rec/conf/icassp/BoddekerEYH18
1959,paper,Neural network based spectral mask estimation for acoustic beamforming.,https://dblp.org/rec/conf/icassp/HeymannDH16
1960,paper,Jointly Optimal Dereverberation and Beamforming.,https://dblp.org/rec/conf/icassp/BoddekerNKH20
1961,paper,Continuous mixture densities and linear discriminant analysis for improved context-dependent acoustic models.,https://dblp.org/rec/conf/icassp/AubertHN93
1962,paper,LDA derived cepstral trajectory filters in adverse environmental conditions.,https://dblp.org/rec/conf/icassp/LiebH00
1963,paper,Map-based estimation of the parameters of a Gaussian Mixture Model in the presence of noisy observations.,https://dblp.org/rec/conf/icassp/ChinaevH13
1964,paper,Iterative Bayesian word segmentation for unsupervised vocabulary discovery from phoneme lattices.,https://dblp.org/rec/conf/icassp/HeymannWHR14
1965,paper,Convolutive Transfer Function Invariant SDR Training Criteria for Multi-Channel Reverberant Speech Separation.,https://dblp.org/rec/conf/icassp/BoddekerZNKODKQ21
1966,paper,Deep Attractor Networks for Speaker Re-Identification and Blind Source Separation.,https://dblp.org/rec/conf/icassp/DrudeNH18
1967,paper,Optimizing neural-network supported acoustic beamforming by algorithmic differentiation.,https://dblp.org/rec/conf/icassp/BoddekerHDHH17
1968,paper,PLME as a Cognitive Tool for Knowledge Achievement and Informal Learning.,https://dblp.org/rec/conf/wcce/NelknerMR09
1969,paper,SAFE: Policy Aware SPARQL Query Federation Over RDF Data Cubes.,https://dblp.org/rec/conf/swat4ls/KhanSIMHNDS14
1970,paper,Database Scheme Configuration for a Product Line of MPC-TOOLS.,https://dblp.org/rec/conf/ifip5-7/KlopperRVD09
1971,paper,A Top-Down Approach for an Automatic Precedence Graph Construction under the Influence of High Product Variety.,https://dblp.org/rec/conf/ifip5-7/AltemeierBD09
1972,paper,Ontology-Based Finding of Feasible Machine Changes.,https://dblp.org/rec/conf/ifip5-7/RehageG15
1973,paper,Efficient Access to Large Prolog Knowledge Bases.,https://dblp.org/rec/conf/dexa/GaridisB91
1974,paper,Object-oriented Database Management Systems for Construction of CASE Environments.,https://dblp.org/rec/conf/dexa/EmmerichKS93
1975,paper,A Tool Kit for Knowledge Based Production Planning Systems.,https://dblp.org/rec/conf/dexa/Bottcher90
1976,paper,Data Management for Mobile Ajax Web 2.0 Applications.,https://dblp.org/rec/conf/dexa/BottcherS07
1977,paper,Implementing Efficient Updates in Compressed Big Text Databases.,https://dblp.org/rec/conf/dexa/BottcherBHS13
1978,paper,Efficient XML Keyword Search Based on DAG-Compression.,https://dblp.org/rec/conf/dexa/BottcherHR14
1979,paper,Incorporating Data Provenance in a Medical CSCW System.,https://dblp.org/rec/conf/dexa/StarkKSSE10
1980,paper,KnowledgeBus - An Architecture to Support Intelligent and Flexible Knowledge Management.,https://dblp.org/rec/conf/ectel/HinkelmannMRNHM07
1981,paper,Collaborative Learning and Knowledge Maturing from Two Perspectives.,https://dblp.org/rec/conf/ectel/RissR12
1982,paper,"Technological and Organizational Arrangements Sparking Effects on Individual, Community and Organizational Learning.",https://dblp.org/rec/conf/ectel/KaschigMSBLMMS12
1983,paper,PINGO: Peer Instruction for Very Large Groups.,https://dblp.org/rec/conf/ectel/ReinhardtSMKHBZ12
1984,paper,Knowledge Processing and Contextualisation by Automatical Metadata Extraction and Semantic Analysis.,https://dblp.org/rec/conf/ectel/ReinhardtMSMS08
1985,paper,Analyzing 5 Years of EC-TEL Proceedings.,https://dblp.org/rec/conf/ectel/ReinhardtMDS11
1986,paper,Components of a Research 2.0 Infrastructure.,https://dblp.org/rec/conf/ectel/UllmannWSDVPRHKF10
1987,paper,Understanding the Meaning of Awareness in Research Networks.,https://dblp.org/rec/conf/ectel/0001MSD12
1988,paper,Semantic Positioning as a Means for Visual Knowledge Structuring.,https://dblp.org/rec/conf/ectel/ErrenK06
1989,paper,Supporting Scholarly Awareness and Researchers' Social Interactions using PUSHPIN.,https://dblp.org/rec/conf/ectel/0001KVSAM12
1990,paper,Knowledge Management in Schools - From Electronic Schoolbag to Social Software.,https://dblp.org/rec/conf/ectel/Selke06
1991,paper,Communication scheduling in a distributed memory parallel interactive continuous media server system.,https://dblp.org/rec/conf/icppw/LulingG98
1992,paper,Mobile Access to Scientic Event Information: An Android Tablet Application for Ginkgo.,https://dblp.org/rec/conf/mlearn/ReinhardtSC12
1993,paper,Developing Electronic Classroom Response Apps for a Wide Variety of Mobile Devices: Lessons Learned from the PINGO project.,https://dblp.org/rec/conf/mlearn/SieversRKH12
1994,paper,Towards Temporal Fuzzy Query Answering on Stream-based Data.,https://dblp.org/rec/conf/ki/TurhanZ15
1995,paper,Reasoning in ALC with Fuzzy Concrete Domains.,https://dblp.org/rec/conf/ki/MerzPT14
1996,paper,Ein Beweisverfahren für Datenbankprädikate.,https://dblp.org/rec/conf/ki/Bottcher85
1997,paper,Learning Parametrised RoboCup Rescue Agent Behaviour Using an Evolutionary Algorithm.,https://dblp.org/rec/conf/ki/KruseBKSKLLMRSS09
1998,paper,Counter Model Transformation for Explaining Non-Subsumption in EL.,https://dblp.org/rec/conf/ki/AlrabbaaHT21
1999,paper,User-aware Explications of Ontology Consequences: Levelling Technicality.,https://dblp.org/rec/conf/ki/PenalozaT22
2000,paper,Towards Model Transformation in Description Logics - Investigating the Case of Transductions.,https://dblp.org/rec/conf/ki/HiekeT20
2001,paper,On the Problem of Computing Small Representations of Least Common Subsumers.,https://dblp.org/rec/conf/ki/BaaderT02
2002,paper,Planning with Independent Task Networks.,https://dblp.org/rec/conf/ki/MohrLH17
2003,paper,Computing Role-Depth Bounded Generalizations in the Description Logic.,https://dblp.org/rec/conf/ki/EckePT13
2004,paper,Letting off STEAM: Distributed Runtime Traffic Scheduling for Service Function Chaining.,https://dblp.org/rec/conf/infocom/BlocherKWE20
2005,paper,Service Entity Placement for Social Virtual Reality Applications in Edge Computing.,https://dblp.org/rec/conf/infocom/WangJHLM18
2006,paper,"X-Stream: A Flexible, Adaptive Video Transformer for Privacy-Preserving Video Stream Analytics.",https://dblp.org/rec/conf/infocom/Feng0CTL24
2007,paper,An Online Market Mechanism for Edge Emergency Demand Response via Cloudlet Control.,https://dblp.org/rec/conf/infocom/ChenJWL19
2008,paper,Optimal Admission Control Mechanism Design for Time-Sensitive Services in Edge Computing.,https://dblp.org/rec/conf/infocom/ChenWL22
2009,paper,Competitive MAC under adversarial SINR.,https://dblp.org/rec/conf/infocom/OgiermanRSSZ14
2010,paper,Train Once Apply Anywhere: Effective Scheduling for Network Function Chains Running on FUMES.,https://dblp.org/rec/conf/infocom/BlocherNCKEW24
2011,paper,Retention-Aware Container Caching for Serverless Edge Computing.,https://dblp.org/rec/conf/infocom/PanWCL22
2012,paper,Joint Relaying and Spatial Sharing Multicast Scheduling for mmWave Networks.,https://dblp.org/rec/conf/wowmom/SimMW0H20
2013,paper,Mobile Stigmergic Markers for Navigation in a Heterogeneous Robotic Swarm.,https://dblp.org/rec/conf/antsw/DucatelleCFG10
2014,paper,Almost Optimal Classical Approximation Algorithms for a Quantum Generalization of Max-Cut.,https://dblp.org/rec/conf/approx/GharibianP19
2015,paper,Suppressing Gender and Age in Face Templates Using Incremental Variable Elimination.,https://dblp.org/rec/conf/icb/TerhorstDKK19
2016,paper,Beyond Identity: What Information Is Stored in Biometric Face Templates?,https://dblp.org/rec/conf/icb/TerhorstFDKK20
2017,paper,On the Trustworthiness of Face Morphing Attack Detectors.,https://dblp.org/rec/conf/icb/Al-RefaiBCRR0T24
2018,paper,General borda count for multi-biometric retrieval.,https://dblp.org/rec/conf/icb/DamerT0K17
2019,paper,On the (Limited) Generalization of MasterFace Attacks and Its Relation to the Capacity of Face Representations.,https://dblp.org/rec/conf/icb/TerhorstBHDKRK22
2020,paper,Explaining Face Recognition Through SHAP-Based Pixel-Level Face Image Quality Assessment.,https://dblp.org/rec/conf/icb/BiagiRKT23
2021,paper,A Comprehensive Re-Evaluation of Biometric Modality Properties in the Modern Era.,https://dblp.org/rec/conf/icb/AlRefaiRRCT25
2022,paper,To Detect or not to Detect: The Right Faces to Morph.,https://dblp.org/rec/conf/icb/DamerSZWTKK19
2023,paper,MiDeCon: Unsupervised and Accurate Fingerprint and Minutia Quality Assessment based on Minutia Detection Confidence.,https://dblp.org/rec/conf/icb/TerhorstBDKK21
2024,paper,A Responsible Face Recognition Approach for Small and Mid-Scale Systems Through Personalized Neural Networks.,https://dblp.org/rec/conf/icb/GrossHT25
2025,paper,Face Quality Estimation and Its Correlation to Demographic and Non-Demographic Bias in Face Recognition.,https://dblp.org/rec/conf/icb/TerhorstKDKK20
2026,paper,EAGER: Extending Automatically Gazetteers for Entity Recognition.,https://dblp.org/rec/conf/acl-pwnlp/GunesFSLN12
2027,paper,Enhanced Information Retrieval by Using HTML Tags.,https://dblp.org/rec/conf/dmin/BottcherWB05
2028,paper,Distributed Computation in Node-Capacitated Networks.,https://dblp.org/rec/conf/spaa/AugustineGGHSKL19
2029,paper,A tight runtime bound for synchronous gathering of autonomous robots with limited visibility.,https://dblp.org/rec/conf/spaa/DegenerKLHPW11
2030,paper,Fast Distributed Algorithms for LP-Type Problems of Bounded Dimension (Brief Announcement).,https://dblp.org/rec/conf/spaa/HinnenthalSS19
2031,paper,"Pagoda: a dynamic overlay network for routing, data management, and multicasting.",https://dblp.org/rec/conf/spaa/BhargavaKRST04
2032,paper,Algorithms for fault-tolerant routing in circuit switched networks.,https://dblp.org/rec/conf/spaa/BagchiCSK02
2033,paper,A DoS-resilient information system for dynamic data management.,https://dblp.org/rec/conf/spaa/BaumgartSS09
2034,paper,Consistent and compact data management in distributed storage systems.,https://dblp.org/rec/conf/spaa/AwerbuchS04
2035,paper,An Optimal Parallel Dictionary.,https://dblp.org/rec/conf/spaa/DietzfelbingerH89
2036,paper,On local algorithms for topology control and routing in ad hoc networks.,https://dblp.org/rec/conf/spaa/JiaRS03
2037,paper,A local O(n2) gathering algorithm.,https://dblp.org/rec/conf/spaa/DegenerKH10
2038,paper,Information gathering in adversarial systems: lines and cycles.,https://dblp.org/rec/conf/spaa/KothapalliS03
2039,paper,The Online Multi-Commodity Facility Location Problem.,https://dblp.org/rec/conf/spaa/CastenowFKMH20
2040,paper,The Mobile Server Problem.,https://dblp.org/rec/conf/spaa/FeldkordH17
2041,paper,Constant density spanners for wireless ad-hoc networks.,https://dblp.org/rec/conf/spaa/KothapalliSOR05
2042,paper,Stabilizing consensus with the power of two choices.,https://dblp.org/rec/conf/spaa/DoerrGMSS11
2043,paper,Allocating Weighted Jobs in Parallel.,https://dblp.org/rec/conf/spaa/BerenbrinkHS97
2044,paper,Power-aware online file allocation in mobile ad hoc networks: .,https://dblp.org/rec/conf/spaa/MehlerH09
2045,paper,Brief Announcement: Communication in Systems of Home Based Mobile Agents.,https://dblp.org/rec/conf/spaa/HeideS18
2046,paper,"Compact, adaptive placement schemes for non-uniform requirements.",https://dblp.org/rec/conf/spaa/BrinkmannSS02
2047,paper,Studying Overheads in Massively Parallel MIN/MAX-Tree Evaluation.,https://dblp.org/rec/conf/spaa/FeldmannMM94
2048,paper,Simple on-line algorithms for the maximum disjoint paths problem.,https://dblp.org/rec/conf/spaa/KolmanS01
2049,paper,Churn- and DoS-resistant Overlay Networks Based on Network Reconfiguration.,https://dblp.org/rec/conf/spaa/DreesGS16
2050,paper,Re-Chord: a self-stabilizing chord overlay network.,https://dblp.org/rec/conf/spaa/KniesburgesKS11
2051,paper,Universal Shape Formation for Programmable Matter.,https://dblp.org/rec/conf/spaa/DerakhshandehGR16
2052,paper,Simple Competitive Request Scheduling Strategies.,https://dblp.org/rec/conf/spaa/BerenbrinkRS99
2053,paper,Online Facility Location with Mobile Facilities.,https://dblp.org/rec/conf/spaa/FeldkordH18
2054,paper,Scheduling shared continuous resources on many-cores.,https://dblp.org/rec/conf/spaa/BrinkmannKHNRS14
2055,paper,IRIS: a robust information system against insider dos-attacks.,https://dblp.org/rec/conf/spaa/EikelS13
2056,paper,A Discrete and Continuous Study of the Max-Chain-Formation Problem: Slow Down to Speed up.,https://dblp.org/rec/conf/spaa/CastenowKKH20
2057,paper,The k-Server with Preferences Problem.,https://dblp.org/rec/conf/spaa/CastenowFKMH22
2058,paper,Efficient Communication Strategies for Ad-Hoc Wireless Networks (Extended Abstract).,https://dblp.org/rec/conf/spaa/AdlerS98
2059,paper,Optimal Trade-Offs Between Size and Slowdown for Universal Parallel Networks.,https://dblp.org/rec/conf/spaa/HeideSW95
2060,paper,Fighting against two adversaries: page migration in dynamic networks.,https://dblp.org/rec/conf/spaa/BienkowskiKH04
2061,paper,New spectral bounds on k-partitioning of graphs.,https://dblp.org/rec/conf/spaa/ElsasserLM01
2062,paper,Load balancing of unit size tokens and expansion properties of graphs.,https://dblp.org/rec/conf/spaa/ElsM03
2063,paper,Skeap & Seap: Scalable Distributed Priority Queues for Constant and Arbitrary Priorities.,https://dblp.org/rec/conf/spaa/0001S19
2064,paper,Simulating Binary Trees on X-Trees (Extended Abstract).,https://dblp.org/rec/conf/spaa/Monien91
2065,paper,Profitable scheduling on multiple speed-scalable processors.,https://dblp.org/rec/conf/spaa/Kling013
2066,paper,"Optimal and competitive runtime bounds for continuous, local gathering of mobile robots.",https://dblp.org/rec/conf/spaa/KempkesKH12
2067,paper,Brief Announcement: The (Limited) Power of Multiple Identities: Asynchronous Byzantine Reliable Broadcast with Improved Resilience through Collusion.,https://dblp.org/rec/conf/spaa/GotteS22
2068,paper,Diffusive load balancing schemes on heterogeneous networks.,https://dblp.org/rec/conf/spaa/ElsasserMP00
2069,paper,A Dynamic Distributed Load Balancing Algorithm with Provable Good Performance.,https://dblp.org/rec/conf/spaa/LulingM93
2070,paper,Scheduling against an adversarial network.,https://dblp.org/rec/conf/spaa/LeonardiMH04
2071,paper,Data Management in Networks: Experimental Evaluation of a Provably Good Strategy.,https://dblp.org/rec/conf/spaa/KrickHRVW99
2072,paper,Convergence of local communication chain strategies via linear transformations: or how to trade locality for speed.,https://dblp.org/rec/conf/spaa/KlingH11
2073,paper,"Efficient, distributed data placement strategies for storage area networks (extended abstract).",https://dblp.org/rec/conf/spaa/BrinkmannSS00
2074,paper,Universal Continuous Routing Strategies.,https://dblp.org/rec/conf/spaa/ScheidelerV96
2075,paper,Towards a scalable and robust DHT.,https://dblp.org/rec/conf/spaa/AwerbuchS06
2076,paper,"Energy, congestion and dilation in radio networks.",https://dblp.org/rec/conf/spaa/HeideSVG02
2077,paper,Time- and Space-Optimal Discrete Clock Synchronization in the Beeping Model.,https://dblp.org/rec/conf/spaa/0001KS20
2078,paper,On the Communication Throughput of Buffered Multistage Interconnection Networks.,https://dblp.org/rec/conf/spaa/RehrmannMLD96
2079,paper,Data management in hierarchical bus networks.,https://dblp.org/rec/conf/spaa/HeideRW00
2080,paper,"Simple, Efficient Shared Memory Simulations.",https://dblp.org/rec/conf/spaa/DietzfelbingerH93
2081,paper,The effect of faults on network expansion.,https://dblp.org/rec/conf/spaa/BagchiBCES04
2082,paper,Local strategies for maintaining a chain of relay stations between an explorer and a base station.,https://dblp.org/rec/conf/spaa/DyniaKHS07
2083,paper,Brief Announcement: Towards a Universal Approach for the Finite Departure Problem in Overlay Networks.,https://dblp.org/rec/conf/spaa/KoutsopoulosSS15
2084,paper,The impact of the power law exponent on the behavior of a dynamic epidemic type process.,https://dblp.org/rec/conf/spaa/OgiermanE12
2085,paper,Asymptotically Optimal Gathering on a Grid.,https://dblp.org/rec/conf/spaa/Cord-Landwehr0J16
2086,paper,Selfish routing with incomplete information.,https://dblp.org/rec/conf/spaa/GairingMT05
2087,paper,Brief announcement: amoebot - a new model for programmable matter.,https://dblp.org/rec/conf/spaa/DerakhshandehDGRSS14
2088,paper,Brief Announcement: Competitive Routing in Hybrid Communication Networks.,https://dblp.org/rec/conf/spaa/JungKSS18
2089,paper,The car sharing problem.,https://dblp.org/rec/conf/spaa/BriestR11
2090,paper,"Simple, Efficient Routing Schemes for All-Optical Networks.",https://dblp.org/rec/conf/spaa/FlamminiS97
2091,paper,Breaking the $ilde$Omega($sqrt{n})$ Barrier: Fast Consensus under a Late Adversary.,https://dblp.org/rec/conf/spaa/RobinsonSS18
2092,paper,On the Number of Rounds Necessary to Disseminate Information.,https://dblp.org/rec/conf/spaa/EvenM89
2093,paper,Space-Efficient Routing in Vertex-Symmetric Networks (Extended Abstract).,https://dblp.org/rec/conf/spaa/HeideS95
2094,paper,"Query Reformulation for the XML standards XPath, XQuery and XSLT.",https://dblp.org/rec/conf/bxml/GroppeB04
2095,paper,Querying transformed XML documents: Determining a sufficient fragment of the original document.,https://dblp.org/rec/conf/bxml/GroppeB03
2096,paper,MaxiNet: Distributed emulation of software-defined networks.,https://dblp.org/rec/conf/networking/WetteDS14
2097,paper,Distributing Resources Through Network Utilisation.,https://dblp.org/rec/conf/networking/Keil-Slawik93
2098,paper,Towards Flexible Demands in Online Leasing Problems.,https://dblp.org/rec/conf/cocoon/LiMMHR15
2099,paper,The Monotone Circuit Value Problem with Bounded Genus Is in NC.,https://dblp.org/rec/conf/cocoon/Abu-KhzamLMHP16
2100,paper,Optimal trajectory planning for robotic manipulators using Discrete Mechanics and Optimal Control.,https://dblp.org/rec/conf/IEEEcca/ShareefT14
2101,paper,Spatial Diarization for Meeting Transcription with Ad-Hoc Acoustic Sensor Networks.,https://dblp.org/rec/conf/acssc/GburrekSH23
2102,paper,"Knowledge Transfer in Global Software Development - Leveraging Ontologies, Tools and Assessments.",https://dblp.org/rec/conf/icgse/SalgerSEB10
2103,paper,Improved Leader Election for Self-organizing Programmable Matter.,https://dblp.org/rec/conf/algosensors/DaymudeGRSS17
2104,paper,Local Approximation Algorithms for the Uncapacitated Metric Facility Location Problem in Power-Aware Sensor Networks.,https://dblp.org/rec/conf/algosensors/AbshoffCDKP11
2105,paper,Gathering a Euclidean Closed Chain of Robots in Linear Time.,https://dblp.org/rec/conf/algosensors/CastenowHJKH21
2106,paper,The Impact of the Gabriel Subgraph of the Visibility Graph on the Gathering of Mobile Autonomous Robots.,https://dblp.org/rec/conf/algosensors/LiHP16
2107,paper,"Local, Self-organizing Strategies for Robotic Formation Problems.",https://dblp.org/rec/conf/algosensors/KempkesH11
2108,paper,A Continuous Strategy for Collisionless Gathering.,https://dblp.org/rec/conf/algosensors/LiMHP17
2109,paper,Token Dissemination in Geometric Dynamic Networks.,https://dblp.org/rec/conf/algosensors/AbshoffBCMH13
2110,paper,Complexity and Approximation of a Geometric Local Robot Assignment Problem.,https://dblp.org/rec/conf/algosensors/BonordenDKP09
2111,paper,A Distributed Approximation Algorithm for Strongly Connected Dominating-Absorbent Sets in Asymmetric Wireless Ad-Hoc Networks.,https://dblp.org/rec/conf/algosensors/MarkarianHS13
2112,paper,Competitive Routing in Hybrid Communication Networks.,https://dblp.org/rec/conf/algosensors/JungKSS18
2113,paper,Beep-And-Sleep: Message and Energy Efficient Set Cover.,https://dblp.org/rec/conf/algosensors/GotteKSW21
2114,paper,"Gathering Anonymous, Oblivious Robots on a Grid.",https://dblp.org/rec/conf/algosensors/0001JH17
2115,paper,Ein Referenzmodell zur Beschreibung der Geschäftsprozesse von After-Sales-Dienstleistungen.,https://dblp.org/rec/conf/refmod/DangelmaierEGH04
2116,paper,Artificial Social Media Campaign Creation for Benchmarking and Challenging Detection Approaches.,https://dblp.org/rec/conf/icwsm/PohlASTG22
2117,paper,A Bounding Box Overlay for Competitive Routing in Hybrid Communication Networks.,https://dblp.org/rec/conf/icdcn/CastenowKS20
2118,paper,Convex Hull Formation for Programmable Matter.,https://dblp.org/rec/conf/icdcn/DaymudeGHKSR20
2119,paper,"Denser Networks for the Future Internet, the CROWD Approach.",https://dblp.org/rec/conf/monami/OlivaMMDHMSC12
2120,paper,PermaDAQ: A scientific instrument for precision sensing and data recovery in environmental extremes.,https://dblp.org/rec/conf/ipsn/BeutelGHLMPTTTWY09
2121,paper,Demo abstract: Operating a sensor network at 3500 m above sea level.,https://dblp.org/rec/conf/ipsn/BeutelGHLMPTTTWY09a
2122,paper,Zertifizierte Datensicherheit für Android-Anwendungen auf Basis statischer Programmanalysen.,https://dblp.org/rec/conf/sicherheit/BartschBBBHKMSV14
2123,paper,A Parallel Simulated Annealing Algorithm for Generating 3D Layouts of Undirected Graphs.,https://dblp.org/rec/conf/gd/MonienRS95
2124,paper,Incorporating Rate Adaptation Into Green Networking for Future Data Centers.,https://dblp.org/rec/conf/nca/WangZHAL13
2125,paper,"DebtViz: A Tool for Identifying, Measuring, Visualizing, and Monitoring Self-Admitted Technical Debt.",https://dblp.org/rec/conf/icsm/LiSAI23
2126,paper,A Design Environment for Migrating Relational to Object Oriented Database Systems.,https://dblp.org/rec/conf/icsm/JahnkeSZ96
2127,paper,Compilation of Commit Changes Within Java Source Code Repositories.,https://dblp.org/rec/conf/icsm/SchottFPKB24
2128,paper,A HRRN based scheduling for FMS and RMS with networked control and product-intelligence.,https://dblp.org/rec/conf/iecon/BertelsmeierPT16
2129,paper,Model predictive feedforward compensation for control of multi axes hybrid kinematics on PLC.,https://dblp.org/rec/conf/iecon/RutingBT16
2130,paper,On Transactions in Logic Programming Languages.,https://dblp.org/rec/conf/iclp/Bottcher91
2131,paper,Applications of Synchronized Pushdown Systems.,https://dblp.org/rec/conf/denert/Spath19
2132,paper,The Formal Execution Semantics of SpecC.,https://dblp.org/rec/conf/isss/DomerGM02
2133,paper,A Little Certainty is All We Need: Discovery and Synchronization Acceleration in Battery-Free IoT.,https://dblp.org/rec/conf/apnet/LiuNB024
2134,paper,Vorwort.,https://dblp.org/rec/conf/mkwi/KundischS12
2135,paper,Quantifizierung der energetischen Einsparpotenziale durch Nutzung von thermischenKaltwasserspeichern in Rechenzentren anhand eines Beispiels (Abstract Only).,https://dblp.org/rec/conf/mkwi/HeinrichKZ14
2136,paper,Vorwort: Alltagstauglichkeit von Anwendungssystemen und Infrastrukturen.,https://dblp.org/rec/conf/mkwi/KeilMSW08
2137,paper,Analyzing Risk Interaction Effects among IT Projects based on Modern Portfolio Theory.,https://dblp.org/rec/conf/mkwi/HeinrichKZ14a
2138,paper,Supply Chain Management am Beispiel des Projektes CoagenS.,https://dblp.org/rec/conf/mkwi/DangelmaierGPR02
2139,paper,Much more than,https://dblp.org/rec/conf/mkwi/BohnK18
2140,paper,When Local Praise Becomes Cheap Talk - Analyzing the Relationship between Reviewer Location and Usefulness of Online Reviews.,https://dblp.org/rec/conf/mkwi/NeumannGKS18
2141,paper,Competition at Last? An Economic Analysis of Current Mobile Data Roaming Regulationsin Europe (Abstract Only).,https://dblp.org/rec/conf/mkwi/HerrmannKNZ14
2142,paper,Toward a Method for Developing a Service Portfolio for a Supply Chain Center of Excellence.,https://dblp.org/rec/conf/mkwi/HanselmannSM14
2143,paper,With or Without You? The Influence of Search Partners on Consumer Behavior in Paid Search.,https://dblp.org/rec/conf/mkwi/Schlangenotto18
2144,paper,Ein Verfahren zur simulationsgestützten Optimierung von Einrichtungsparametern an Werkzeugmaschinen in Cloud-Umgebungen.,https://dblp.org/rec/conf/mkwi/Laroque0RS16
2145,paper,Simulating consumer choice of innovative business models for electric mobility(Abstract Only).,https://dblp.org/rec/conf/mkwi/WeskampJSK14
2146,paper,Approaches for Business Model Representation: An Overview.,https://dblp.org/rec/conf/mkwi/KundischJHM12
2147,paper,Vorwort.,https://dblp.org/rec/conf/mkwi/MullerKSR10
2148,paper,An IEEE 802.11 Compliant SDR-Based System for Vehicular Visible Light Communications.,https://dblp.org/rec/conf/icc/AmjadTMKKSD19
2149,paper,Analysis of the downlink saturation throughput of an asymmetric IEEE 802.11n-based WLAN.,https://dblp.org/rec/conf/icc/SoleymaniMA16
2150,paper,PABO: Congestion mitigation via packet bounce.,https://dblp.org/rec/conf/icc/ShiWZZL17
2151,paper,An OCL Extension for Real-Time Constraints.,https://dblp.org/rec/conf/ocl/FlakeM02
2152,paper,Towards certifiable adaptive reservations for hypervisor-based virtualization.,https://dblp.org/rec/conf/rtas/GroesbrinkASP14
2153,paper,"FA2: Fast, Accurate Autoscaling for Serving Deep Learning Inference with SLA Guarantees.",https://dblp.org/rec/conf/rtas/RazaviLKMW22
2154,paper,Online Flow Scheduling with Deadline for Energy Conservation in Data Center Networks.,https://dblp.org/rec/conf/icpads/ZhouWWZL17
2155,paper,FStream: Flexible Stream Scheduling and Prioritizing in Multipath-QUIC.,https://dblp.org/rec/conf/icpads/ShiWZL19
2156,paper,PROP: Using PCIe-Based RDMA to Accelerate Rack-Scale Communications in Data Centers.,https://dblp.org/rec/conf/icpads/ZangCLWWS15
2157,paper,Dependency-Aware Traffic Management for Configuring On-demand in Service Meshes.,https://dblp.org/rec/conf/icpads/WangLWLQW22
2158,paper,Verification of a CAN bus model in SystemC with functional coverage.,https://dblp.org/rec/conf/sies/KuznikDM10
2159,paper,Modular paging with dynamic TLB partitioning for embedded real-time systems.,https://dblp.org/rec/conf/sies/GroesbrinkK08
2160,paper,Distributed Coordination of Task Migration for Fault-Tolerant FlexRay Networks.,https://dblp.org/rec/conf/sies/KlobedanzDMK10
2161,paper,Measuring Visual Attention Capacity Across xReality.,https://dblp.org/rec/conf/petra/BiermeierSY24
2162,paper,Augmented and Virtual Reality for Diet and Nutritional Education: A Systematic Literature Review.,https://dblp.org/rec/conf/petra/YigitbasM24
2163,paper,Engineering Context-Adaptive UIs for Task-Continuous Cross-Channel Applications.,https://dblp.org/rec/conf/ifip13-5/Yigitbas016
2164,paper,A Local Graph Partitioning Heuristic Meeting Bisection Bounds.,https://dblp.org/rec/conf/ppsc/MonienD97
2165,paper,On Kalman filtering with faded measurements.,https://dblp.org/rec/conf/allerton/DeyLE08
2166,paper,"The Graphic Narrative Corpus (GNC): Design, Annotation, and Analysis for the Digital Humanities.",https://dblp.org/rec/conf/icdar/DunstHL17
2167,paper,Virtual Platforms for Model-Based Design of Dependable Cyber-Physical System Software.,https://dblp.org/rec/conf/dsd/BeckerKM14
2168,paper,HDL-Mutation Based Simulation Data Generation by Propagation Guided Search.,https://dblp.org/rec/conf/dsd/XieML11
2169,paper,Boolean Difference Based Reliability Evaluation of Fault-Tolerant Circuit Structures on FPGAs.,https://dblp.org/rec/conf/dsd/AnwerP16
2170,paper,Event-Driven Programming of FPGA-accelerated ROS 2 Robotics Applications.,https://dblp.org/rec/conf/dsd/LienenP22
2171,paper,Model-Driven Development with Mechatronic UML.,https://dblp.org/rec/conf/birthday/SchaferW10
2172,paper,A Dynamic Distributed Data Structure for Top-k and k-Select Queries.,https://dblp.org/rec/conf/birthday/FeldkordMH18
2173,paper,Online Scheduling of Continuous Media Streams.,https://dblp.org/rec/conf/birthday/MonienBLR97
2174,paper,Flexible Interconnection of Graph Transformation Modules.,https://dblp.org/rec/conf/birthday/EngelsHC05
2175,paper,Graph Transformations and Model-Driven Engineering: The Merits of Manfred Nagl.,https://dblp.org/rec/conf/birthday/EngelsLSSW10
2176,paper,NP NP -Hardness of Equilibria in Case of Risk-Averse Players.,https://dblp.org/rec/conf/birthday/MavronicolasM18
2177,paper,The Aircraft Sequencing Problem.,https://dblp.org/rec/conf/birthday/FahleFGGM03
2178,paper,Weighted Boolean Formula Games.,https://dblp.org/rec/conf/birthday/MavronicolasMW15
2179,paper,A Tour of Franz Baader's Contributions to Knowledge Representation and Automated Deduction.,https://dblp.org/rec/conf/birthday/LutzSTTW19
2180,paper,The Role of Visualization in Understanding Data.,https://dblp.org/rec/conf/birthday/Domik91
2181,paper,Transdisciplinary Collaboration and Lifelong Learning: Fostering and Supporting New Learning Opportunities.,https://dblp.org/rec/conf/birthday/DomikF11
2182,paper,A Meta-Method for Defining Software Engineering Methods.,https://dblp.org/rec/conf/birthday/EngelsS10
2183,paper,Representation Independent Query and Update Operations on Propositional Definite Horn Formulas.,https://dblp.org/rec/conf/birthday/BuningL87
2184,paper,On Models for Quantified Boolean Formulas.,https://dblp.org/rec/conf/birthday/BuningZ04
2185,paper,Towards Democratic Computing.,https://dblp.org/rec/conf/birthday/MuhlhauserAGR024
2186,paper,Towards Team-Automata-Driven Object-Oriented Collaborative Work.,https://dblp.org/rec/conf/birthday/EngelsG02
2187,paper,Robust vehicle localization based on multi-level sensor fusion and online parameter estimation.,https://dblp.org/rec/conf/wpnc/BevermeierPH09
2188,paper,Server based indoor navigation using RSSI and inertial sensor information.,https://dblp.org/rec/conf/wpnc/HoangSDVSH13
2189,paper,Barometric height estimation combined with map-matching in a loosely-coupled Kalman-filter.,https://dblp.org/rec/conf/wpnc/BevermeierWPH10
2190,paper,Velocity Estimation of Mobile Terminals by Exploiting GSM Downlink Signalling.,https://dblp.org/rec/conf/wpnc/PeschkeH07
2191,paper,Smartphone-based sensor fusion for improved vehicular navigation.,https://dblp.org/rec/conf/wpnc/WalterSEH13
2192,paper,A GPS positioning approach exploiting GSM velocity estimates.,https://dblp.org/rec/conf/wpnc/PeschkeBH09
2193,paper,Model Generation For Java Frameworks.,https://dblp.org/rec/conf/icst/LuoPKDBS23
2194,paper,Two Sparsification Strategies for Accelerating Demand-Driven Pointer Analysis.,https://dblp.org/rec/conf/icst/KarakayaB23
2195,paper,"Improved Optimal Shared Memory Simulations, and the Power of Reconfiguration.",https://dblp.org/rec/conf/istcs/CzumajHS95
2196,paper,Distributed computing in fault-prone dynamic networks.,https://dblp.org/rec/conf/tadds/BrandesH12
2197,paper,Strategic Placement of Data Centers for Economic Analysis: An Online Algorithm Approach.,https://dblp.org/rec/conf/data/MarkarianF24
2198,paper,Modeling and Testing of Automation Systems.,https://dblp.org/rec/conf/icfce/KumarNSJ11
2199,paper,Shared Views on Mobile Knowledge - A Concept of a Graphical User Interface.,https://dblp.org/rec/conf/pakm/SlawikEHBBFKMMNNOPPY04
2200,paper,A JXTA-Based Framework for Mobile Cooperation in Distributed Knowledge Spaces.,https://dblp.org/rec/conf/pakm/EssmannHSBBFKMMNNOPPY04
2201,paper,Do I Get What I Expect? An Experimental Investigation of Different Data Breach Recovery Actions.,https://dblp.org/rec/conf/ecis/MasuchGCW020
2202,paper,Overcoming Silos: a Review of Business Model Modeling Languages for Business Ecosystems.,https://dblp.org/rec/conf/ecis/VorbohleK22
2203,paper,Why Electrify? - A Qualitative-Empirical Study on Electrification of Fleet Transportation Systems.,https://dblp.org/rec/conf/ecis/MasuchHG020
2204,paper,Multi-objective Analysis of Approaches to Dynamic Routing of a Vehicle.,https://dblp.org/rec/conf/ecis/GrimmeMTRW15
2205,paper,Achieving More by Paying Less? How Retailers can Benefit by Bidding Less Aggressively in Paid Search Auctions.,https://dblp.org/rec/conf/ecis/SchlangenottoK17
2206,paper,Incorporating Willingness-to-Pay Data into Online Recommendations for Value-Added Services.,https://dblp.org/rec/conf/ecis/BackhausBBFMW10
2207,paper,Emotional Contagion Through Online Newspapers.,https://dblp.org/rec/conf/ecis/BoschMS18
2208,paper,Algorithmic Advice-Taking Beyond MAE: The Role of Negative Prediction Outliers and Statistical Literacy in Algorithmic Advice-Taking.,https://dblp.org/rec/conf/ecis/Leffrang024
2209,paper,Chasing Cyber Security Unicorns: A Taxonomy-based Analysis of Cyber Security Start-ups' Business Models.,https://dblp.org/rec/conf/ecis/SchutzSRN023
2210,paper,"Reflection, Abstraction And Theorizing In Design And Development Research.",https://dblp.org/rec/conf/ecis/GregorMS13
2211,paper,Will the Ransom Be Paid? - Examining Influencing Factors of the Ransomware-Payment Decision.,https://dblp.org/rec/conf/ecis/HovelVS024
2212,paper,Can the Crowd Substitute Experts in Evaluating Creative jobs? The Case of Business Models.,https://dblp.org/rec/conf/ecis/GorzenK16
2213,paper,Toward Understanding the Complexity of Business Models - a Taxonomy of Business Model Dependencies.,https://dblp.org/rec/conf/ecis/VorbohleSK21
2214,paper,An Ontology-Based Service Discovery Approach for the Provisioning of Product- Service Bundles.,https://dblp.org/rec/conf/ecis/KnackstedtKMP08
2215,paper,,https://dblp.org/rec/conf/ecis/KutznerSSKK21
2216,paper,IT-Enabled Sophistication Banking.,https://dblp.org/rec/conf/ecis/BuhlKLS00
2217,paper,Because Your Taxonomy is Worth IT: towards a Framework for Taxonomy Evaluation.,https://dblp.org/rec/conf/ecis/SzopinskiSK19
2218,paper,Towards Design Principles for Data-Driven Decision Making - An Action Design Research Project in the Maritime Industry.,https://dblp.org/rec/conf/ecis/ThiessM18
2219,paper,A Taxonomy of Machine Learning-based Fraud Detection Systems.,https://dblp.org/rec/conf/ecis/Matschak0P22
2220,paper,The Role of Technology Pivots in Software Startups: Antecedents and Consequences.,https://dblp.org/rec/conf/ecis/BohnK18
2221,paper,Quantifying the Impact of Location Data for Real Estate Appraisal - a GIS-based Deep Learning Approach.,https://dblp.org/rec/conf/ecis/KucklickMB021
2222,paper,Conceptualizing the Impact of Workarounds - an Organizational Routines' Perspective.,https://dblp.org/rec/conf/ecis/WolfB19
2223,paper,Competition at Last? An Economic Analysis of Current Mobile Data Roaming Regulations in Europe.,https://dblp.org/rec/conf/ecis/HerrmannKNZ14
2224,paper,Do Investors Surf the Darknet? Exploring the Impact of Darknet Announcements on Market Reactions.,https://dblp.org/rec/conf/ecis/BrinkmeierH024
2225,paper,Identifying the Role of Information Systems in Achieving Energy-Related Environmental Sustainability using Text Mining.,https://dblp.org/rec/conf/ecis/ReuterVBDM14
2226,paper,Organizing their Thoughts - How Online Review Templates Affect the Review Text.,https://dblp.org/rec/conf/ecis/PoniatowskiNGK19
2227,paper,Bridging the Gap between Data-Driven and Theory-Driven modelling - Leveraging Causal Machine Learning for integrative modelling of dynamical Systems.,https://dblp.org/rec/conf/ecis/GonzalezMM25
2228,paper,A design research study on enhancing creativity - The case of developing product-service bundles.,https://dblp.org/rec/conf/ecis/Muller-WienbergenSMKB09
2229,paper,Openness Always Pays off - Investigation of Diverse Actions in response Strategies to Data Breaches.,https://dblp.org/rec/conf/ecis/MasuchDGMNTK21
2230,paper,Synthesizing and Integrating Research on IT-based Value Co-Creation: a Meta-Analysis.,https://dblp.org/rec/conf/ecis/MandrellaTK16
2231,paper,Designing Business Reputation Ecosystems - a method for Issuing and Trading monetary Ratings on a Blockchain.,https://dblp.org/rec/conf/ecis/HemmrichBBB23
2232,paper,The Role Of Motivational Factors In Distributed Software Development Teams: An Empirical Investigation.,https://dblp.org/rec/conf/ecis/KhatibTR13
2233,paper,An Ontology-Based Natural Language Service Discovery Engine - Design and Experimental Evaluation.,https://dblp.org/rec/conf/ecis/BeckerMW10
2234,paper,Augmented Reality for Teaching and Learning - a literature Review on Theoretical and Empirical Foundations.,https://dblp.org/rec/conf/ecis/SommerauerM18
2235,paper,"The Lower the Risk, the Lower the Premium? Conceptualizing an Artifact for Usage-Based Pricing of Personal Cyber Insurance Policies.",https://dblp.org/rec/conf/ecis/SchutzLH024
2236,paper,Identifying and quantifying Cultural Factors that Matter to the IT workforce: an Approach based on Automated Content Analysis.,https://dblp.org/rec/conf/ecis/SchmiedelMDB16
2237,paper,Antecedents and Outcomes of Operational Alignment in the Context of Academic Institutions.,https://dblp.org/rec/conf/ecis/GehrkeSMT18
2238,paper,Towards a Lean Approach to Gamifying Education.,https://dblp.org/rec/conf/ecis/JohnFHKKL17
2239,paper,Detecting Workarounds in Business Processes - a Deep Learning method for Analyzing Event Logs.,https://dblp.org/rec/conf/ecis/WeinzierlWPBM20
2240,paper,Read this Paper! A field Experiment on the Role of a Call-to-Action in Paid Search.,https://dblp.org/rec/conf/ecis/SchlangenottoK16
2241,paper,Behavioral Mechanisms Prompted by Virtual Rewards: The Small-area Hypothesis.,https://dblp.org/rec/conf/ecis/MutterK15
2242,paper,Identifying and Characterizing Topics in Enterprise Content Management: a Latent Semantic Analysis of Vendor Case studies.,https://dblp.org/rec/conf/ecis/HerbstSBMDV14
2243,paper,A new perspective on resource interactions in IT/IS project portfolio selection.,https://dblp.org/rec/conf/ecis/KundischM11
2244,paper,A Gender Perspective on Business Process Management Competences Offered on Professional Online Social Networks.,https://dblp.org/rec/conf/ecis/GorbachevaSSM15
2245,paper,The Danger of Replacing Human Interaction in IS-driven Collaborative Consumption Services.,https://dblp.org/rec/conf/ecis/TrangBSFM15
2246,paper,"May I have Your Attention, please? - the Interaction between Attention Screening and Reputation on Crowdworking Platforms.",https://dblp.org/rec/conf/ecis/LauxPK23
2247,paper,Structuring Software Cities A Multidimensional Approach.,https://dblp.org/rec/conf/edoc/HessHVE07
2248,paper,Service-Oriented Enterprise Architectures: Evolution of Concepts and Methods.,https://dblp.org/rec/conf/edoc/EngelsA08
2249,paper,Adapt Cases 4 BPM - A Modeling Framework for Process Flexibility in IIoT.,https://dblp.org/rec/conf/edoc/EngelsST18
2250,paper,Ensuring Consistency among Business Goals and Business Process Models.,https://dblp.org/rec/conf/edoc/NagelGEP13
2251,paper,String Partition for Building Long Burrows-Wheeler Transforms.,https://dblp.org/rec/conf/stringology/AdlerBH25
2252,paper,Accelerating Online Model Checking.,https://dblp.org/rec/conf/ladc/QanadiloSZ13
2253,paper,A Review Corpus for Argumentation Analysis.,https://dblp.org/rec/conf/cicling/WachsmuthTSEP14
2254,paper,SIGNUM: A Graph Algorithm for Terminology Extraction.,https://dblp.org/rec/conf/cicling/Ngomo08
2255,paper,Automatic Pipeline Construction for Real-Time Annotation.,https://dblp.org/rec/conf/cicling/WachsmuthRE13
2256,paper,BorderFlow: A Local Graph Clustering Algorithm for Natural Language Processing.,https://dblp.org/rec/conf/cicling/NgomoS09
2257,paper,Reasoning and Explanation in EL and in Expressive Description Logics.,https://dblp.org/rec/conf/rweb/Turhan10
2258,paper,Introduction to Linked Data and Its Lifecycle on the Web.,https://dblp.org/rec/conf/rweb/NgomoALZ14
2259,paper,Introductions to Description Logics - A Guided Tour.,https://dblp.org/rec/conf/rweb/Turhan13
2260,paper,Introduction to Linked Data and Its Lifecycle on the Web.,https://dblp.org/rec/conf/rweb/AuerLN11
2261,paper,Introduction to Linked Data and Its Lifecycle on the Web.,https://dblp.org/rec/conf/rweb/AuerLNZ13
2262,paper,The Reconfigurable UML Machine Project Group.,https://dblp.org/rec/conf/ifip10-5/RettbergSR0R05
2263,paper,Which ostensive stimuli can be used for a robot to detect and maintain tutoring situations?,https://dblp.org/rec/conf/acii/LohanVFRW09
2264,paper,Anticipatory power cycling of mobile network equipment for high demand multimedia traffic.,https://dblp.org/rec/conf/onlinegreencomm/DraxlerDK14
2265,paper,Trade-Offs in Dynamic Resource Allocation in Network Function Virtualization.,https://dblp.org/rec/conf/globecom/SchneiderDK18
2266,paper,Joint Optimization of Server and Network Resource Utilization in Cloud Data Centers.,https://dblp.org/rec/conf/globecom/ZhouWWZL17
2267,paper,Introducing Infocards in NGN to Enable User-Centric Identity Management.,https://dblp.org/rec/conf/globecom/ProserpioSCGMSL10
2268,paper,A Microservice Store for Efficient Edge Offloading.,https://dblp.org/rec/conf/globecom/GedeonWHWM19
2269,paper,NOMA-Based Improper Signaling for MIMO STAR-RIS-Assisted Broadcast Channels with Hardware Impairments.,https://dblp.org/rec/conf/globecom/SoleymaniSJ23
2270,paper,A New Paradigm of Optimisation by Using Artificial Immune Reactions.,https://dblp.org/rec/conf/kes/KosterGKC03
2271,paper,On automated design in chemical engineering.,https://dblp.org/rec/conf/kes/SchulzSK00
2272,paper,CauseNet: Towards a Causality Graph Extracted from the Web.,https://dblp.org/rec/conf/cikm/HeindorfSWNP20
2273,paper,ExPrompt: Augmenting Prompts Using Examples as Modern Baseline for Stance Classification.,https://dblp.org/rec/conf/cikm/QudusRVN24
2274,paper,Constructing efficient information extraction pipelines.,https://dblp.org/rec/conf/cikm/WachsmuthSE11
2275,paper,Pulling Conjunctive Query Equivalence out of the Bag.,https://dblp.org/rec/conf/cikm/BottcherLZ14
2276,paper,Information extraction as a filtering task.,https://dblp.org/rec/conf/cikm/WachsmuthSE13
2277,paper,Vandalism Detection in Wikidata.,https://dblp.org/rec/conf/cikm/HeindorfPSE16
2278,paper,Embedding Knowledge Graphs in Function Spaces.,https://dblp.org/rec/conf/cikm/TeyouDN24
2279,paper,FactCheck: Validating RDF Triples Using Textual Evidence.,https://dblp.org/rec/conf/cikm/SyedRN18
2280,paper,A Generalized Wiener Attack on RSA.,https://dblp.org/rec/conf/pkc/BlomerM04
2281,paper,Encryption Schemes Secure under Related-Key and Key-Dependent Message Attacks.,https://dblp.org/rec/conf/pkc/BohlDH14
2282,paper,The randomized z-buffer algorithm: interactive rendering of highly complex scenes.,https://dblp.org/rec/conf/siggraph/WandFPHS01
2283,paper,Digital watermarking: what will it do for me? And what it won't!,https://dblp.org/rec/conf/siggraph/ZhaoKOY99
2284,paper,Who is on my team: building strong teams in interdisciplinary visualization courses.,https://dblp.org/rec/conf/siggraph/Domik09
2285,paper,"Directional field synthesis, design, and processing.",https://dblp.org/rec/conf/siggraph/VaxmanCDBHBP17
2286,paper,A graduate level course on real-time medical graphics.,https://dblp.org/rec/conf/siggraph/Domik07
2287,paper,Usefulness of style transfer functions in medical diagnosis.,https://dblp.org/rec/conf/siggraph/DomikSAS11
2288,paper,Visual shaditor: a seamless way to compose high-level shader programs.,https://dblp.org/rec/conf/siggraph/GoetzD06
2289,paper,"Directional field synthesis, design, and processing.",https://dblp.org/rec/conf/siggraph/VaxmanCDBHBP16
2290,paper,OBSM: a Notation to Integrate Different Levels of User Interface Design.,https://dblp.org/rec/conf/ACMdis/KneerS95
2291,paper,Towards Enhanced Guiding Mechanisms in VR Training Through Process Mining.,https://dblp.org/rec/conf/hucapp/YigitbasKGE23
2292,paper,A Theoretical Analysis of the Fuzzy K-Means Problem.,https://dblp.org/rec/conf/icdm/BlomerBB16
2293,paper,Prototype-Based Learning for Healthcare: A Demonstration of Interpretable AI.,https://dblp.org/rec/conf/icdm/RanaSSSYKWFK25
2294,paper,Uncertainty Propagation in Node Classification.,https://dblp.org/rec/conf/icdm/0001LSS22
2295,paper,A Novel Dialog Model for the Design of Multimodal User Interfaces.,https://dblp.org/rec/conf/ehci/SchaeferBM04
2296,paper,Reconciling task assignment and scheduling in mobile edge clouds.,https://dblp.org/rec/conf/icnp/WangJKB16
2297,paper,Sub-threshold charge recovery circuits.,https://dblp.org/rec/conf/iccd/KhatirME10
2298,paper,Convolutional Hypercomplex Embeddings for Link Prediction.,https://dblp.org/rec/conf/acml/DemirMHN21
2299,paper,Including Quantification in Defeasible Reasoning for the Description Logic EL⊥.,https://dblp.org/rec/conf/lpnmr/PenselT17
2300,paper,Making Quantification Relevant Again - the Case of Defeasible EL_\\bot.,https://dblp.org/rec/conf/lpnmr/PenselT17a
2301,paper,Coresets for Fuzzy K-Means with Applications.,https://dblp.org/rec/conf/isaac/BlomerBB18
2302,paper,A Self-stabilizing and Local Delaunay Graph Construction.,https://dblp.org/rec/conf/isaac/JacobRSS09
2303,paper,Energy-Efficient Broadcast Scheduling for Speed-Controlled Transmission Channels.,https://dblp.org/rec/conf/isaac/BriestG06
2304,paper,Dynamic network reconfiguration in wireless DenseNets with the CROWD SDN architecture.,https://dblp.org/rec/conf/eucnc/AurouxDMM15
2305,paper,5GTANGO: An Approach for Testing NFV Deployments.,https://dblp.org/rec/conf/eucnc/TwamleyMBXSKPSS18
2306,paper,Putting 5G into Production: Realizing a Smart Manufacturing Vertical Scenario.,https://dblp.org/rec/conf/eucnc/SchneiderPBMBK19
2307,paper,Using k-means for clustering in complex automotive production systems to support a Q-learning-system.,https://dblp.org/rec/conf/IEEEicci/DoringDD07
2308,paper,Multi Target Partitioning of Sets Based on Local Information.,https://dblp.org/rec/conf/wstst/GoebelsBPW05
2309,paper,Augmented Reality applications for Warehouse Logistics.,https://dblp.org/rec/conf/wstst/MueckHFD05
2310,paper,Ein Plädoyer für die Berücksichtigung von Semantik beim Stammdaten-Alignment - Vorgehensmodell und prototypische Anwendung im Einzelhandel.,https://dblp.org/rec/conf/dw/WinkelmannMMB08
2311,paper,Verification of Business Process Quality Constraints Based on Visual Process Patterns.,https://dblp.org/rec/conf/tase/ForsterESS07
2312,paper,Online Resource Allocation for Arbitrary User Mobility in Distributed Edge Clouds.,https://dblp.org/rec/conf/icdcs/WangJLM17
2313,paper,Competitive and Fair Medium Access Despite Reactive Jamming.,https://dblp.org/rec/conf/icdcs/RichaSSZ11
2314,paper,Energy-Efficient Flow Scheduling and Routing with Hard Deadlines in Data Center Networks.,https://dblp.org/rec/conf/icdcs/WangZZVRL14
2315,paper,Lazy Ctrl: Scalable Network Control for Cloud Data Centers.,https://dblp.org/rec/conf/icdcs/WangZYSZU15
2316,paper,Dynamic and Redundant Data Placement.,https://dblp.org/rec/conf/icdcs/BrinkmannEH07
2317,paper,Distributed Online Service Coordination Using Deep Reinforcement Learning.,https://dblp.org/rec/conf/icdcs/SchneiderQK21
2318,paper,Incentivizing Microservices for Online Resource Sharing in Edge Clouds.,https://dblp.org/rec/conf/icdcs/SamantaJMW19
2319,paper,An Optimal Algorithm for Online Prize-Collecting Node-Weighted Steiner Forest.,https://dblp.org/rec/conf/iwoca/Markarian18
2320,paper,Reducing classification accuracy degradation of pattern recognition based myoelectric control caused by electrode shift using a high density electrode array.,https://dblp.org/rec/conf/embc/BoschmannP12
2321,paper,Improving transient state myoelectric signal recognition in hand movement classification using gyroscopes.,https://dblp.org/rec/conf/embc/BoschmannNP13
2322,paper,Towards robust HD EMG pattern recognition: Reducing electrode displacement effect using structural similarity.,https://dblp.org/rec/conf/embc/BoschmannP14
2323,paper,Comparing the Usability of Cryptographic APIs.,https://dblp.org/rec/conf/sp/Acar0FGKMS17
2324,paper,They Would do Better if They Worked Together: The Case of Interaction Problems Between Password Managers and Websites.,https://dblp.org/rec/conf/sp/HuamanAOAF21
2325,paper,The Rise of the Citizen Developer: Assessing the Security Impact of Online App Generators.,https://dblp.org/rec/conf/sp/OltroggeDSAFRPB18
2326,paper,27 Years and 81 Million Opportunities Later: Investigating the Use of Email Encryption for an Entire University.,https://dblp.org/rec/conf/sp/StranskyW0AF22
2327,paper,,https://dblp.org/rec/conf/sp/MunyendoAA23
2328,paper,,https://dblp.org/rec/conf/sp/WermkeKWSRAF23
2329,paper,Stack Overflow Considered Harmful? The Impact of Copy&Paste on Android Application Security.,https://dblp.org/rec/conf/sp/FischerBXSA0F17
2330,paper,It's like flossing your teeth: On the Importance and Challenges of Reproducible Builds for Software Supply Chain Security.,https://dblp.org/rec/conf/sp/FourneWEFA23
2331,paper,SoK: Lessons Learned from Android Security Research for Appified Software Platforms.,https://dblp.org/rec/conf/sp/Acar0BFM016
2332,paper,How Does Usable Security (Not) End Up in Software Products? Results From a Qualitative Interview Study.,https://dblp.org/rec/conf/sp/GutfleischKBASF22
2333,paper,,https://dblp.org/rec/conf/sp/JancarFBSSBFA22
2334,paper,Hardening Java's Access Control by Abolishing Implicit Privilege Elevation.,https://dblp.org/rec/conf/sp/HolzingerHLBM17
2335,paper,,https://dblp.org/rec/conf/sp/RotthalerRSFA25
2336,paper,"Security, Privacy, and Data-sharing Trade-offs When Moving to the United States: Insights from a Qualitative Study.",https://dblp.org/rec/conf/sp/TranMRRSSSA24
2337,paper,Committed to Trust: A Qualitative Study on Security & Trust in Open Source Software Projects.,https://dblp.org/rec/conf/sp/WermkeWKFAF22
2338,paper,,https://dblp.org/rec/conf/sp/KekulluogluA23
2339,paper,You Get Where You're Looking for: The Impact of Information Sources on Code Security.,https://dblp.org/rec/conf/sp/AcarBFKMS16
2340,paper,Digital Security - A Question of Perspective A Large-Scale Telephone Survey with Four At-Risk User Groups.,https://dblp.org/rec/conf/sp/HerbertBBKHADZS24
2341,paper,,https://dblp.org/rec/conf/sp/MunyendoAA22
2342,paper,Optimal Algorithms for Disemination of Information in Generalized Communication Modes.,https://dblp.org/rec/conf/parle/FeldmannHMMM92
2343,paper,From Open API to Semantic Specifications and Code Adapters.,https://dblp.org/rec/conf/icws/SchwichtenbergG17
2344,paper,Service Matching under Consideration of Explicitly Specified Service Variants.,https://dblp.org/rec/conf/icws/PlateniusDSGE13
2345,paper,Linking Services to Websites by Leveraging Semantic Data.,https://dblp.org/rec/conf/icws/WoltersHKE17
2346,paper,A Reinforcement Learning Approach for Learning Coordination Rules in Production Networks.,https://dblp.org/rec/conf/cimca/DangelmaierRDK06
2347,paper,Risk Averse Shortest Path Planning in Uncertain Domains.,https://dblp.org/rec/conf/cimca/DangelmaierKWD06
2348,paper,The Emergence of Large Language Models in Static Analysis: A First Look through Micro-Benchmarks.,https://dblp.org/rec/conf/forge/VenkateshSMRB24
2349,paper,Extensions of Non-standard Inferences to Descriptions Logics with Transitive Roles.,https://dblp.org/rec/conf/lpar/BrandtTK03
2350,paper,On Caching for Local Graph Clustering Algorithms.,https://dblp.org/rec/conf/ausai/SpeckN13
2351,paper,Efficiency of On-Path and Off-Path Caching Strategies in Information Centric Networks.,https://dblp.org/rec/conf/greencom/DraxlerK12
2352,paper,Time-Slot Energy-Efficient Scheduling Algorithm for Capacity Limited Networks.,https://dblp.org/rec/conf/greencom/HouZWL11
2353,paper,Towards jamming-resistant and competitive medium access in the SINR model.,https://dblp.org/rec/conf/mobicom/RichaSSZ11
2354,paper,The design of PaMaNet the Paderborn mobile ad-hoc network.,https://dblp.org/rec/conf/mobicom/SchindelhauerBR04
2355,paper,Uirapuru: Timely Video Analytics for High-Resolution Steerable Cameras on Edge Devices.,https://dblp.org/rec/conf/mobicom/ApostoloBNB025
2356,paper,A Practical Second-Order Fault Attack against a Real-World Pairing Implementation.,https://dblp.org/rec/conf/fdtc/BlomerSGKS14
2357,paper,Tampering Attacks in Pairing-Based Cryptography.,https://dblp.org/rec/conf/fdtc/BlomerGL14
2358,paper,Sign Change Fault Attacks on Elliptic Curve Cryptosystems.,https://dblp.org/rec/conf/fdtc/BlomerOS06
2359,paper,Wagner's Attack on a Secure CRT-RSA Algorithm Reconsidered.,https://dblp.org/rec/conf/fdtc/BlomerO06
2360,paper,Singular Curve Point Decompression Attack.,https://dblp.org/rec/conf/fdtc/BlomerG15
2361,paper,Fault Based Collision Attacks on AES.,https://dblp.org/rec/conf/fdtc/BlomerK06
2362,paper,Educatiaon in Scientific Visualization.,https://dblp.org/rec/conf/ifip3-2/Domik93
2363,paper,Fast process variation analysis in nano-scaled technologies using column-wise sparse parameter selection.,https://dblp.org/rec/conf/nanoarch/MohammadiGYM14
2364,paper,Reliability Assessment in Approximate Accelerator Synthesis.,https://dblp.org/rec/conf/ddecs/KohanAAPHJW26
2365,paper,DP-MCTS: Deep Playout-Driven MCTS for Approximate Accelerator Design.,https://dblp.org/rec/conf/ddecs/AwaisMJP26
2366,paper,A Two-Stage Approximation Methodology for Efficient DNN Hardware Implementation.,https://dblp.org/rec/conf/ddecs/HadipourJAP25
2367,paper,Enabling Privacy in Cross-Organisational Information Mediation - An Application in Health Care.,https://dblp.org/rec/conf/step/ObryJOS03
2368,paper,Möglichkeiten und Chancen der Technologie Augmented Reality (AR) im Mobile Business.,https://dblp.org/rec/conf/ebusiness/GausemeierGFM03
2369,paper,E-Business-Chance oder Beliebigkeit?,https://dblp.org/rec/conf/ebusiness/Dangelmaier02
2370,paper,Produktiorientierte Dienstleistungsentwicklung.,https://dblp.org/rec/conf/ebusiness/DangelmaierE03
2371,paper,Optimierung und Nachhaltigkeit in veränderlichen Produktions- und Logistiksystemen.,https://dblp.org/rec/conf/ebusiness/DangelmaierADG09
2372,paper,Graphische Spezifikation und Echtzeitverifikation von Produktautomatisierungssystemen (GRASP).,https://dblp.org/rec/conf/ebusiness/DangelmaierDFMP02
2373,paper,E-Business: Trends und Best-Practices - Eine Wertung.,https://dblp.org/rec/conf/ebusiness/Dangelmaier03
2374,paper,Developing Effective Navigation Techniques in Virtual 3D Environments.,https://dblp.org/rec/conf/egve/VolbrachtD00
2375,paper,Real-Time Representation of Complex Lighting Data in a Nightdrive Simulation.,https://dblp.org/rec/conf/egve/BerssenbruggeGG03
2376,paper,Layout Planning of Manufacturing Systems with VR-based Construction Sets.,https://dblp.org/rec/conf/egve/GausemeierGW98
2377,paper,AR-Planning Tool - Designing Flexible Manufacturing Systems with Augmented Reality.,https://dblp.org/rec/conf/egve/GausemeierFM02
2378,paper,Vergleich und Entwicklungsrichtungen von Werkzeugen zur diskreten Simulation von Fertigungssystemen.,https://dblp.org/rec/conf/simulationstechnik/DangelmaierB87
2379,paper,Simulation dynamischer Systeme mit dem Programmsystem PILAR.,https://dblp.org/rec/conf/simulationstechnik/Trachtler90
2380,paper,Analog fault simulation automation at schematic level with random sampling techniques.,https://dblp.org/rec/conf/dtis/WuHA0SE18
2381,paper,Quantum 2-SAT on Low Dimensional Systems Is QMAsubscript{1}-Complete: Direct Embeddings and Black-Box Simulation.,https://dblp.org/rec/conf/innovations/RudolphGN25
2382,paper,On Polynomially Many Queries to NP or QMA Oracles.,https://dblp.org/rec/conf/innovations/GharibianR22
2383,paper,"Quantum Space, Ground Space Traversal, and How to Embed Multi-Prover Interactive Proofs into Unentanglement.",https://dblp.org/rec/conf/innovations/GharibianR23
2384,paper,Distributed and Parallel Low-Diameter Decompositions for Arbitrary and Restricted Graphs.,https://dblp.org/rec/conf/innovations/DouGHSW25
2385,paper,"An Unholy Trinity: TFNP, Polynomial Systems, and the Quantum Satisfiability Problem.",https://dblp.org/rec/conf/innovations/AldiGR26
2386,paper,Safe Gap based (SG) reactive navigation for mobile robots.,https://dblp.org/rec/conf/ecmr/MujahadFM13
2387,paper,Entwurf von autonomen Systemen mit High Level Petrinetzen.,https://dblp.org/rec/conf/ams/KleinjohannRT00
2388,paper,Efficient String-Based XML Stream Prefiltering.,https://dblp.org/rec/conf/adc/BottcherHW12
2389,paper,CSC: Supporting Queries on Compressed Cached XML.,https://dblp.org/rec/conf/adc/BottcherH09
2390,paper,Optimized XPath evaluation for Schema-compressed XML data.,https://dblp.org/rec/conf/adc/BottcherHH12
2391,paper,Building Bridges - HCI and Visualization.,https://dblp.org/rec/conf/interact/EbertDGV11
2392,paper,Supporting Construction and Architectural Visualization Through BIM and AR/VR: A Systematic Literature Review.,https://dblp.org/rec/conf/interact/YigitbasNE23
2393,paper,Solving arbitrary expressions of graphical constraints.,https://dblp.org/rec/conf/interact/Szwillus95
2394,paper,Simplifying Robot Programming Using Augmented Reality and End-User Development.,https://dblp.org/rec/conf/interact/YigitbasJE21
2395,paper,Workshop Report for IFIP WG 13.2's HCSE@INTERACT 2021 - International Workshop on Human-Centered Software Engineering for Changing Contexts of Use.,https://dblp.org/rec/conf/interact/BernhauptSA21
2396,paper,"Human-Centered Software Engineering: Balancing Interaction, Artificial Intelligence, and Human Value - IFIP WG 13.2 Workshop at INTERACT 2025.",https://dblp.org/rec/conf/interact/SauerAB25
2397,paper,On the Development of Context-Aware Augmented Reality Applications.,https://dblp.org/rec/conf/interact/YigitbasJ0E19
2398,paper,Workshop Report for IFIP WG 13.2's HCSE@INTERACT 2023 - International Workshop on Human-Centered Software Engineering: Rethinking the Interplay of Human-Computer Interaction and Software Engineering in the Age of Digital Transformation.,https://dblp.org/rec/conf/interact/ArditoBS23a
2399,paper,Digitizing Processes in Manufacturing Companies via Low-Code Software.,https://dblp.org/rec/conf/interact/WeidmannKS23
2400,paper,"Handling Security, Usability, User Experience and Reliability in User-Centered Development Processes - IFIP WG 13.2 and WG 13.5 Workshop at INTERACT 2019.",https://dblp.org/rec/conf/interact/ArditoBP019
2401,paper,On-the-Fly Usability Evaluation of Mobile Adaptive UIs Through Instant User Feedback.,https://dblp.org/rec/conf/interact/YigitbasJJ0E19
2402,paper,Interactively supporting the software process.,https://dblp.org/rec/conf/interact/KaplanFKRS90
2403,paper,Human-Centered Software Engineering for Changing Contexts of Use - IFIP WG 13.2 Workshop at INTERACT 2021.,https://dblp.org/rec/conf/interact/SauerBA21
2404,paper,A Novel Approach for Controlling Drone Swarms: Integrating LLMs and Augmented Reality.,https://dblp.org/rec/conf/interact/HustermeierY25
2405,paper,IFIP WG 13.2 Workshop on User Experience and User-Centered Development Processes.,https://dblp.org/rec/conf/interact/WincklerBF015
2406,paper,Combining Design and Engineering of Interactive Systems through Models and Tools (ComDeisMoto).,https://dblp.org/rec/conf/interact/SauerBHMPB11
2407,paper,Constraint-based definition of application-specific graphics.,https://dblp.org/rec/conf/interact/PoeppingS95
2408,paper,Human-Centered Software Engineering: Rethinking the Interplay of Human-Computer Interaction and Software Engineering in the Age of Digital Transformation.,https://dblp.org/rec/conf/interact/ArditoBS23
2409,paper,Ensuring User Interface Adaptation Consistency Through Triple Graph Grammars.,https://dblp.org/rec/conf/interact/BiermeierYWE21
2410,paper,Fine-tuned BERT Model for Multi-Label Tweets Classification.,https://dblp.org/rec/conf/trec/ZaheraEJS19
2411,paper,A Framework for the Design Space Exploration of Software-Defined Radio Applications.,https://dblp.org/rec/conf/mobilight/JungeblutDPTRK10
2412,paper,Robust Distributed Name Service.,https://dblp.org/rec/conf/iptps/AwerbuchS04
2413,paper,Towards Scalable and Robust Overlay Networks.,https://dblp.org/rec/conf/iptps/AwerbuchS07
2414,paper,Dynamic Load Balancing in Distributed Hash Tables.,https://dblp.org/rec/conf/iptps/BienkowskiKH05
2415,paper,Security Management for Flexibility in Virtual Knowledge Spaces.,https://dblp.org/rec/conf/ncm/KeilSD09
2416,paper,Architectural Knowledge for Technology Decisions in Developer Communities: An Exploratory Study with StackOverflow.,https://dblp.org/rec/conf/wicsa/SolimanGSR16
2417,paper,Enriching Architecture Knowledge with Technology Design Decisions.,https://dblp.org/rec/conf/wicsa/SolimanRZ15
2418,paper,Hardening Soft Information: A Transformer-Based Approach to Forecasting Stock Return Volatility.,https://dblp.org/rec/conf/bigdataconf/CaronM20
2419,paper,Aves: A Decision Engine for Energy-efficient Stream Analytics across Low-power Devices.,https://dblp.org/rec/conf/bigdataconf/DasMUWB19
2420,paper,RECUT: RE-Compressing partially Unordered Trees.,https://dblp.org/rec/conf/bigdataconf/BottcherH18
2421,paper,Holistic and scalable ranking of RDF data.,https://dblp.org/rec/conf/bigdataconf/NgomoHUJ17
2422,paper,Implementing scalable structured machine learning for big data in the SAKE project.,https://dblp.org/rec/conf/bigdataconf/BinWLN17
2423,paper,Operator as a Service: Stateful Serverless Complex Event Processing.,https://dblp.org/rec/conf/bigdataconf/LuthraHRWK20
2424,paper,A Programming Framework for Heterogeneous Stream Analytics.,https://dblp.org/rec/conf/bigdataconf/DasMUWB19a
2425,paper,Cache Consistency in Mobile XML Databases.,https://dblp.org/rec/conf/waim/Bottcher06
2426,paper,Designing a web-based application to support Peer Instruction for very large Groups.,https://dblp.org/rec/conf/icis/KundischSZHWBFM12
2427,paper,Promoting Sustainable Mobility Beliefs with Persuasive and Anthropomorphic Design: Insights from an Experiment with a Conversational Agent.,https://dblp.org/rec/conf/icis/DiederichLB019
2428,paper,Toss a Coin to your Host - How Guests End up Paying for the Cost of Regulatory Policies.,https://dblp.org/rec/conf/icis/MullerNGK20
2429,paper,Achieving More by Paying Less? How Bricks-and-Mortar Retailers Can Benefit by Bidding Less Aggressively in Paid Search.,https://dblp.org/rec/conf/icis/SchlangenottoKG17
2430,paper,Trust Me If You Can! Examining the Role of Ransomware Darknet Platforms in Building Trust Between Hackers and Victims.,https://dblp.org/rec/conf/icis/HovelB025
2431,paper,Tackling Crises Together? - An Econometric Analysis of Charitable Crowdfunding During the COVID-19 Pandemic.,https://dblp.org/rec/conf/icis/AlthausPK22
2432,paper,When Does Deterrence Work? A Moderation Meta-analysis of Employees' Information Security Policy Behavior.,https://dblp.org/rec/conf/icis/Trang18
2433,paper,All Things Considered? - Technology Design Decision-making Characteristics in Digital Startups.,https://dblp.org/rec/conf/icis/BohnK19
2434,paper,Moment or Movement - An Empirical Analysis of the Heterogeneous Impact of Media Attention on Charitable Crowdfunding Campaigns.,https://dblp.org/rec/conf/icis/Muller0SK21
2435,paper,A Nice and Friendly Chat with a Bot: User Perceptions of AI-Based Service Agents.,https://dblp.org/rec/conf/icis/WuenderlichP17
2436,paper,Visual Languages for Modeling Business Models: A Critical Review and Future Research Directions.,https://dblp.org/rec/conf/icis/JohnKS17
2437,paper,Money Talks (Even) in the Sharing Economy: Empirical Evidence for Price Effects in Online Ratings as Quality Signals.,https://dblp.org/rec/conf/icis/GuttK16
2438,paper,An Extended Perspective of Technology Pivots in Software Startups: Towards a Theoretical Model.,https://dblp.org/rec/conf/icis/BohnK18
2439,paper,The Effects of Judge's AI Literacy and Bias Blind Spot on the Utilization of Biased Algorithmic Advice.,https://dblp.org/rec/conf/icis/HeimbachRM25
2440,paper,IT Sourcing Portfolio Management for IT Services Providers - A Risk/Cost Perspective.,https://dblp.org/rec/conf/icis/ZimmermannKK08
2441,paper,The App Updating Conundrum: Implications of Platform's Rating Resetting on Developers' Behavior.,https://dblp.org/rec/conf/icis/GuttNJK19
2442,paper,E-Business Adoption at the Firm Level: Comparing the Predictive Power of Competing IS Adoption Models.,https://dblp.org/rec/conf/icis/TrangZK14
2443,paper,,https://dblp.org/rec/conf/icis/PoniatowskiSK21
2444,paper,Does it Pay Off to Bid Aggressively? An Empirical Study.,https://dblp.org/rec/conf/icis/HerrmannKR12
2445,paper,Please be Silent? Examining the Impact of Data Breach Response Strategies on the Stock Value.,https://dblp.org/rec/conf/icis/MasuchG020
2446,paper,Enriching iTunes App Store Categories via Topic Modeling.,https://dblp.org/rec/conf/icis/VakulenkoMB14
2447,paper,The Traveling Reviewer Problem - Exploring the Relationship Between Offline Locations and Online Rating Behavior.,https://dblp.org/rec/conf/icis/NeumannGK17
2448,paper,A Double-Edged Sword of Involvement: On the Tension Between Customers' Group Value and Self-Interest in Data Breach Response Processes.,https://dblp.org/rec/conf/icis/DiesterhoftMG022
2449,paper,When in Doubt Follow the Crowd: How Idea Quality Moderates the Effect of an Anchor on Idea Evaluation.,https://dblp.org/rec/conf/icis/GorzenK17
2450,paper,Triad or Error? Introducing Three Basic Dimensions of Competence as a Driving Force for Information Security Performance.,https://dblp.org/rec/conf/icis/RampoldMW023
2451,paper,To the Moon! Analyzing the Community of,https://dblp.org/rec/conf/icis/CaronGM21
2452,paper,Overcoming Digital Challenges: A Cross-Cultural Experimental Investigation of Recovering from Data Breaches.,https://dblp.org/rec/conf/icis/GreveMH020
2453,paper,A Sequential Model for Global Spam-Classifying Processes.,https://dblp.org/rec/conf/icis/BurkartEKK10
2454,paper,Why Fit Leads to Surprise: An Extension of Cognitive Fit Theory to Creative Problems.,https://dblp.org/rec/conf/icis/JohnK15
2455,paper,Innovative Technologies in Branded-Service Encounters: How Robot Characteristics Affect Brand Trust and Experience.,https://dblp.org/rec/conf/icis/BlutWB18
2456,paper,AI Washing: The Framing Effect of Labels on Algorithmic Advice Utilization.,https://dblp.org/rec/conf/icis/Leffrang023
2457,paper,How do Different Sources of the Variance of Consumer Ratings Matter?,https://dblp.org/rec/conf/icis/HerrmannKZN15
2458,paper,Behavioral Mechanisms Prompted by Badges: The Goal-Gradient Hypothesis.,https://dblp.org/rec/conf/icis/MutterK14
2459,paper,On the Power of Global Reward Signals in Reinforcement Learning.,https://dblp.org/rec/conf/mates/KemmerichB11
2460,paper,Issuer-Hiding Attribute-Based Credentials.,https://dblp.org/rec/conf/cans/BobolzEKRS21
2461,paper,Enhanced Security of Attribute-Based Signatures.,https://dblp.org/rec/conf/cans/BlomerEJ18
2462,paper,Towards a Comprehensive Model of Isolation for Mitigating Illicit Channels.,https://dblp.org/rec/conf/post/FalzonB16
2463,paper,Automatically Identifying Relations Between Self-Admitted Technical Debt Across Different Sources.,https://dblp.org/rec/conf/techdebt/LiSA23
2464,paper,Green Named Data Networking Using Renewable Energy.,https://dblp.org/rec/conf/eenergy/JoWKM18
2465,paper,Self-Sustainable Cyber-Physical Systems with Collaborative Intermittent Computing.,https://dblp.org/rec/conf/eenergy/LiuW21
2466,paper,Towards a Methodical Approach for an Empirically Proofed Competency Model.,https://dblp.org/rec/conf/issep/MagenheimNRS10
2467,paper,Evaluation of Learning Informatics in Primary Education - Views of Teachers and Students.,https://dblp.org/rec/conf/issep/MagenheimMSBHHM18
2468,paper,"Assessing AI Literacy: A Systematic Review of Questionnaires with Emphasis on Affective, Behavioral, Cognitive, and Ethical Aspects.",https://dblp.org/rec/conf/issep/LenkeKBS25
2469,paper,Duality Reconstruction - Teaching Digital Artifacts from a Socio-technical Perspective.,https://dblp.org/rec/conf/issep/Schulte08
2470,paper,Measuring Student Competences in German Upper Secondary Computer Science Education.,https://dblp.org/rec/conf/issep/NeugebauerHMOSS14
2471,paper,Defining Proficiency Levels of High School Students in Computer Science by an Empirical Task Analysis Results of the MoKoM Project.,https://dblp.org/rec/conf/issep/NeugebauerMOSS15
2472,paper,Competence Measurement and Informatics Standards in Secondary Education.,https://dblp.org/rec/conf/issep/MagenheimNSOLSNS13
2473,paper,NeuralREG: An end-to-end approach to referring expression generation.,https://dblp.org/rec/conf/acl/KrahmerFWKM18
2474,paper,MILIE: Modular & Iterative Multilingual Open Information Extraction.,https://dblp.org/rec/conf/acl/KotnisGRSRTNL22
2475,paper,REDFM: a Filtered and Multilingual Relation Extraction Dataset.,https://dblp.org/rec/conf/acl/CabotTNN23
2476,paper,Modeling Appropriate Language in Argumentation.,https://dblp.org/rec/conf/acl/ZiegenbeinSLPW23
2477,paper,On the structure of structure-oriented editors for different applications.,https://dblp.org/rec/conf/sde/EngelsNS86
2478,paper,Workflow Management in Telematics: A New Approach to Increase Productivity by the Use of a Flexible Time Management of Teleworkers.,https://dblp.org/rec/conf/euromedia/DangelmaierKW96
2479,paper,Do Shy Children Keep more Distance from a Social Robot? Exploring Shy Children's Proxemics with a Social Robot or a Human.,https://dblp.org/rec/conf/acmidc/TolksdorfVCR21
2480,paper,Virtual Machine Migration as a Fault Tolerance Technique for Embedded Real-Time Systems.,https://dblp.org/rec/conf/ssiri/Groesbrink14
2481,paper,A Simpler Exponential-Time Approximation Algorithm for MAX-k-SAT.,https://dblp.org/rec/conf/sosa/BuhrmanGLGST26
2482,paper,Nobody's perfect: interactive synthesis from parametrized real-time scenarios.,https://dblp.org/rec/conf/scesm/GieseHHK06
2483,paper,Combining Service-Oriented Computing with Embedded Systems - A Robotics Case Study.,https://dblp.org/rec/conf/iess/JungmannJK15
2484,paper,State Machine Based Method for Consolidating Vehicle Data.,https://dblp.org/rec/conf/iess/DittmannGFD09
2485,paper,Temporal Graph Placement on Mesh-Based Coarse Grain Reconfigurable Systems Using the Spectral Method.,https://dblp.org/rec/conf/iess/DittmannB05
2486,paper,A Synchronization Method for Register Traces of Pipelined Processors.,https://dblp.org/rec/conf/iess/DreesenJTPKR09
2487,paper,On the Homogeneous Multiprocessor Virtual Machine Partitioning Problem.,https://dblp.org/rec/conf/iess/Groesbrink13
2488,paper,Software-Hardware Complexes: Towards Flexible Borders.,https://dblp.org/rec/conf/iess/Rammig07
2489,paper,Configurable Hybridkernel for Embedded Real-Time Systems.,https://dblp.org/rec/conf/iess/KerstanO07
2490,paper,Fault-Tolerant Deployment of Real-Time Software in AUTOSAR ECU Networks.,https://dblp.org/rec/conf/iess/KlobedanzJRM13
2491,paper,Systematic Model-in-the-Loop Test of Embedded Control Systems.,https://dblp.org/rec/conf/iess/Krupp009
2492,paper,Development of Automotive Communication Based Real-Time Systems - A Steer-by-Wire Case Study.,https://dblp.org/rec/conf/iess/KlobedanzKEM09
2493,paper,Component Case Study of a Self-Optimizing RCOS/RTOS System.,https://dblp.org/rec/conf/iess/GrieseOP05
2494,paper,Proteus Hypervisor: Full Virtualization and Paravirtualization for Multi-core Embedded Systems.,https://dblp.org/rec/conf/iess/GillesGBK13
2495,paper,Approach for a Formal Verification of a Bit-serial Pipelined Architecture.,https://dblp.org/rec/conf/iess/ZabelRK07
2496,paper,In-Hand Manipulation with Synergistic Actuated Robotic Hands: An MPC-Based Approach.,https://dblp.org/rec/conf/humanoids/RohrmullerBGMP23
2497,paper,On the simulation of time bounded machines.,https://dblp.org/rec/conf/automata/Monien73
2498,paper,About the deterministic simulation of nondeterministic (log n)-tape bounded Turing machines.,https://dblp.org/rec/conf/automata/Monien75
2499,paper,Efficient Detection and Extraction of Color Objects from Complex Scenes.,https://dblp.org/rec/conf/icpr/ChengDHT00
2500,paper,A Theoretical and Experimental Comparison of the EM and SEM Algorithm.,https://dblp.org/rec/conf/icpr/BlomerBK14
2501,paper,CoFE: Consistency-Driven Feature Elimination for eXplainable AI.,https://dblp.org/rec/conf/icpr/BoraTVRR24
2502,paper,Verification of Sitter Identity Across Historical Portrait Paintings by Confidence-aware Face Recognition.,https://dblp.org/rec/conf/icpr/HuberTLKD22
2503,paper,Multi-Class Linear Feature Extraction by Nonlinear PCA.,https://dblp.org/rec/conf/icpr/DuinLH00
2504,paper,From Pixels to Words: Leveraging Explainability in Face Recognition Through Interactive Natural Language Processing.,https://dblp.org/rec/conf/icpr/DeAndresTameFTAVT24
2505,paper,An OCR Pipeline and Semantic Text Analysis for Comics.,https://dblp.org/rec/conf/icpr/HartelD20
2506,paper,Towards a Dedicated Object-Oriented Software Process Modeling Language.,https://dblp.org/rec/conf/ecoopw/ReimerSS97
2507,paper,An Examination of Pre-school Children's Usage Behavior of Augmented Reality: Traditional vs. AR-Assisted LEGO® Building.,https://dblp.org/rec/conf/chira/YigitbasD24
2508,paper,Expertenfindung in komplexen Informationssystemen - Ein Metrik-basierter Ansatz.,https://dblp.org/rec/conf/geneme/0001BKM09
2509,paper,Ergebnisse einer empirischen Studie zu Informationsqualitätskriterien in Corporate Wikis.,https://dblp.org/rec/conf/geneme/Friberg009
2510,paper,Konfigurierbare Softwarekomponenten zur Unterstützung dynamischer Lern- und Arbeitsumgebungen für virtuelle Gemeinschaften.,https://dblp.org/rec/conf/geneme/RothH05
2511,paper,Unterstützung selbst verwalteter Gruppenprozesse in virtuellen Gemeinschaften durch skalierbare Architekturkonzepte am Beispiel der Sifa-Community.,https://dblp.org/rec/conf/geneme/HampelRKK05
2512,paper,Knowledge Management als Dienstleistung in einem Virtuellen Netzwerk aus dezentral organisierter Technologietransferstellen und Wirtschaftsunternehmen.,https://dblp.org/rec/conf/geneme/DangelmaierEHTD05
2513,paper,InterPROM - Interoperables kollaboratives Prozessmanagement in Kooperationen zwischen KMU und Großunternehmen.,https://dblp.org/rec/conf/geneme/HuthHRV06
2514,paper,LSVS: Link Specification Verbalization and Summarization.,https://dblp.org/rec/conf/nldb/AhmedSN19
2515,paper,IndEL: Indonesian Entity Linking Benchmark Dataset for General and Specific Domains.,https://dblp.org/rec/conf/nldb/GusmitaAMN24
2516,paper,IndQNER: Named Entity Recognition Benchmark Dataset from the Indonesian Translation of the Quran.,https://dblp.org/rec/conf/nldb/GusmitaFMN23
2517,paper,Enhancing Relation Extraction Through Augmented Data: Large Language Models Unleashed.,https://dblp.org/rec/conf/nldb/AliNSMN24
2518,paper,Explainable Integration of Knowledge Graphs Using Large Language Models.,https://dblp.org/rec/conf/nldb/AhmedFSMN23
2519,paper,Toward an Android Static Analysis Approach for Data Protection.,https://dblp.org/rec/conf/mobilesoft/KhedkarB24
2520,paper,Modular-Width: An Auxiliary Parameter for Parameterized Parallel Complexity.,https://dblp.org/rec/conf/faw/Abu-KhzamLMHP17
2521,paper,Read-Once Resolutions in Horn Formulas.,https://dblp.org/rec/conf/faw/BuningWS19
2522,paper,Routing for Intermittently-Powered Sensing Systems.,https://dblp.org/rec/conf/ipccc/LiuW23
2523,paper,Detecting Security-Relevant Methods using Multi-label Machine Learning.,https://dblp.org/rec/conf/ide/JohnsonPKB24
2524,paper,Automatic Enhancement of Correspondence Detection in an Object Tracking System.,https://dblp.org/rec/conf/esann/SchulzeWR11
2525,paper,RNN-based Learning of Compact Maps for Efficient Robot Localization.,https://dblp.org/rec/conf/esann/ForsterGS07
2526,paper,A Possible Human-Centered Embedding Space Search in Degenerate Clifford Algebras.,https://dblp.org/rec/conf/esann/RobertsTSKNH26
2527,paper,Tracking load-time configuration options.,https://dblp.org/rec/conf/kbse/LillackKB14
2528,paper,Visualizing and Understanding the Internals of Fuzzing.,https://dblp.org/rec/conf/kbse/KummitaZBW24
2529,paper,Semi-automated Test Planning for e-ID Systems by Using Requirements Clustering.,https://dblp.org/rec/conf/kbse/GuldaliFJSE09
2530,paper,Model-driven Monitoring: Generating Assertions from Visual Contracts.,https://dblp.org/rec/conf/kbse/LohmannES06
2531,paper,"SWAN_ASSIST: Semi-Automated Detection of Code-Specific, Security-Relevant Methods.",https://dblp.org/rec/conf/kbse/PiskachevDJB19
2532,paper,Model-Driven Allocation Engineering (T).,https://dblp.org/rec/conf/kbse/PohlmannH15
2533,paper,Advancing Android Privacy Assessments with Automation.,https://dblp.org/rec/conf/kbse/KhedkarSB24
2534,paper,CogniCrypt: supporting developers in using cryptography.,https://dblp.org/rec/conf/kbse/KrugerNRAMBGGWD17
2535,paper,A Qualitative Analysis of Android Taint-Analysis Results.,https://dblp.org/rec/conf/kbse/LuoBS19
2536,paper,Global Decision Making Over Deep Variability in Feedback-Driven Software Development.,https://dblp.org/rec/conf/kbse/KienzleCMABBEGJ22
2537,paper,Modeling and Simulation of Context-Aware Mobile Systems.,https://dblp.org/rec/conf/kbse/GuoH04
2538,paper,Explaining Static Analysis - A Perspective.,https://dblp.org/rec/conf/kbse/NachtigallDB19
2539,paper,SeSAME: modeling and analyzing high-quality service compositions.,https://dblp.org/rec/conf/kbse/ArifulinaWBP14
2540,paper,ClassSheets: automatic generation of spreadsheet applications from object-oriented specifications.,https://dblp.org/rec/conf/kbse/EngelsE05
2541,paper,Toward Static Analysis of Immersive Attacks.,https://dblp.org/rec/conf/kbse/KarakayaKY25
2542,paper,Do Android App Developers Accurately Report Collection of Privacy-Related Data?,https://dblp.org/rec/conf/kbse/KhedkarMB24
2543,paper,Access-Path Abstraction: Scaling Field-Sensitive Data-Flow Analysis with Unbounded Access Paths (T).,https://dblp.org/rec/conf/kbse/LerchSBM15
2544,paper,Explaining Software Vulnerabilities with Large Language Models.,https://dblp.org/rec/conf/kbse/JohnsonFKCSB25
2545,paper,SeedUI: Understanding Initial Seeds in Fuzzing.,https://dblp.org/rec/conf/kbse/KummitaBMW25
2546,paper,Consistent Runtime Adaptation of User Interfaces.,https://dblp.org/rec/conf/bx/AnjorinYK19
2547,paper,An Approach for Achieving Self-Optimization in Mechatronic Systems Supported by Active Patterns.,https://dblp.org/rec/conf/isda/GausemeierZOP08
2548,paper,The Shortest Path Problem in Uncertain Domains - an Agent based Approach with Bayesian Networks.,https://dblp.org/rec/conf/isda/DangelmaierKWT06
2549,paper,"Approaching the Cloud: Using Palladio for Scalability, Elasticity, and Efficiency Analyses.",https://dblp.org/rec/conf/kpdays/LehrigB14
2550,paper,A Framework for Adding Packages to Graph Transformation Approaches.,https://dblp.org/rec/conf/tagt/BusattoEMW98
2551,paper,Pragmatic and Semantic Aspects of a Module Concept for Graph Transformation Systems.,https://dblp.org/rec/conf/tagt/EhrigE94
2552,paper,Structural and Behavioural Views on OMT-Classes.,https://dblp.org/rec/conf/isooms/EbertE94
2553,paper,"Static, dynamic and active interaction structures in the web: providing semantic annotations in the virtual knowledge space.",https://dblp.org/rec/conf/metainformatics/GeisslerH05
2554,paper,A Computationally-Friendly Data-Driven Safety Filter for Control-Affine Discrete-Time Systems Subject to Unknown Process Noise.,https://dblp.org/rec/conf/amcc/FarokhiLSZ23
2555,paper,Energy efficient control for mechanical systems based on inherent dynamical structures.,https://dblp.org/rec/conf/amcc/FlaskampO12
2556,paper,On the use of a relay for Kalman filtering over packet dropping links.,https://dblp.org/rec/conf/amcc/LeongQ13
2557,paper,Finite Time Encryption Schedule in the Presence of an Eavesdropper with Operation Cost.,https://dblp.org/rec/conf/amcc/HuangLQS19
2558,paper,Discrete objective-based control for self-optimizing systems.,https://dblp.org/rec/conf/amcc/KrugerRKT13
2559,paper,Closed-loop control with optimal tire-force distribution for the horizontal dynamics of an electric vehicle with single-wheel chassis actuators.,https://dblp.org/rec/conf/amcc/ReinoldT13
2560,paper,User Modeling for Adaptive Visualization Systems.,https://dblp.org/rec/conf/visualization/DomikG94
2561,paper,Time Complexity of Distributed Topological Self-stabilization: The Case of Graph Linearization.,https://dblp.org/rec/conf/latin/GallJRSST10
2562,paper,Communication-Efficient Parallel Multiway and Approximate Minimum Cut Computation.,https://dblp.org/rec/conf/latin/HeideM98
2563,paper,De Dictionariis Dynamicis Pauco Spatio Utentibus (lat. On Dynamic Dictionaries Using Little Space).,https://dblp.org/rec/conf/latin/DemaineHPP06
2564,paper,BLSTM supported GEV beamformer front-end for the 3RD CHiME challenge.,https://dblp.org/rec/conf/asru/HeymannDCH15
2565,paper,Unsupervised word segmentation from noisy input.,https://dblp.org/rec/conf/asru/HeymannWHR13
2566,paper,An Investigation into the Effectiveness of Enhancement in ASR Training and Test for Chime-5 Dinner Party Transcription.,https://dblp.org/rec/conf/asru/ZorilaBDH19
2567,paper,A hierarchical system for word discovery exploiting DTW-based initialization.,https://dblp.org/rec/conf/asru/WalterKHGR13
2568,paper,Exploring digital security and privacy in relative poverty in Germany through qualitative interviews.,https://dblp.org/rec/conf/uss/KostanOSA24
2569,paper,Why Eve and Mallory Still Love Android: Revisiting TLS (In)Security in Android Applications.,https://dblp.org/rec/conf/uss/OltroggeHAA0F21
2570,paper,Security and Privacy Software Creators' Perspectives on Unintended Consequences.,https://dblp.org/rec/conf/uss/RamuluSWA24
2571,paper,Pushed by Accident: A Mixed-Methods Study on Strategies of Handling Secret Information in Source Code Repositories.,https://dblp.org/rec/conf/uss/KrauseKHWAF23
2572,paper,Ethical Frameworks and Computer Security Trolley Problems: Foundations for Conversations.,https://dblp.org/rec/conf/uss/KohnoAL23
2573,paper,,https://dblp.org/rec/conf/uss/MinkKSFA23
2574,paper,Security and Privacy Advice for UPI Users in India.,https://dblp.org/rec/conf/uss/MungaraRA25
2575,paper,To Pin or Not to Pin-Helping App Developers Bullet Proof Their TLS Connections.,https://dblp.org/rec/conf/uss/OltroggeAD0F15
2576,paper,,https://dblp.org/rec/conf/uss/HuamanSKFATAF24
2577,paper,,https://dblp.org/rec/conf/uss/FourneBJSSBFA24
2578,paper,,https://dblp.org/rec/conf/uss/HaneyAF21
2579,paper,A Large-Scale Interview Study on Information Security in and Attacks against Small and Medium-sized Enterprises.,https://dblp.org/rec/conf/uss/HuamanSSWADF21
2580,paper,"Lessons Learned from Using an Online Platform to Conduct Large-Scale, Online Controlled Security Experiments with Software Developers.",https://dblp.org/rec/conf/uss/StranskyANWKR0G17
2581,paper,An Empirical Study of Textual Key-Fingerprint Representations.,https://dblp.org/rec/conf/uss/DechandSBAF016
2582,paper,Effective Inter-Component Communication Mapping in Android: An Essential Step Towards Holistic Security Analysis.,https://dblp.org/rec/conf/uss/OcteauMJBBKT13
2583,paper,The Challenges of Bringing Cryptography from Research Papers to Products: Results from an Interview Study with Experts.,https://dblp.org/rec/conf/uss/FischerTGAFS24
2584,paper,PrivaCI in VR: Exploring Perceptions and Acceptability of Data Sharing in Virtual Reality Through Contextual Integrity.,https://dblp.org/rec/conf/uss/KabloKC25
2585,paper,Where to Recruit for Security Development Studies: Comparing Six Software Developer Samples.,https://dblp.org/rec/conf/uss/KaurAVAF22
2586,paper,,https://dblp.org/rec/conf/uss/HoltervennhoffK23
2587,paper,Inexpensive Brainwave Authentication: New Techniques and Insights on User Acceptance.,https://dblp.org/rec/conf/uss/CabarcosHB0S21
2588,paper,,https://dblp.org/rec/conf/uss/PanahiRABKS24
2589,paper,A Mixed-Methods Study on User Experiences and Challenges of Recovery Codes for an End-to-End Encrypted Service.,https://dblp.org/rec/conf/uss/HoltervennhoffW24
2590,paper,Analysis of UML Activities Using Dynamic Meta Modeling.,https://dblp.org/rec/conf/fmoods/EngelsSW07
2591,paper,Speeding Up Model-based Diagnosis by a Heuristic Approach to Solving SAT.,https://dblp.org/rec/conf/aia/SteinNL06
2592,paper,How Current Android Malware Seeks to Evade Automated Code Analysis.,https://dblp.org/rec/conf/wistp/RasthoferAHB15
2593,paper,NetCL: A Unified Programming Framework for In-Network Computing.,https://dblp.org/rec/conf/sc/KarlosB024
2594,paper,Evaluating FPGA Accelerator Performance with a Parameterized OpenCL Adaptation of Selected Benchmarks of the HPCChallenge Benchmark Suite.,https://dblp.org/rec/conf/sc/MeyerKP20
2595,paper,A submatrix-based method for approximate matrix function evaluation in the quantum chemistry code CP2K.,https://dblp.org/rec/conf/sc/LassSKP20
2596,paper,PROTOS-L: Towards a Knowledge Base Programming Language.,https://dblp.org/rec/conf/wi/BeierleB89
2597,paper,Over-Paid Search: When Bricks-and-Mortar Retailers Should Not Use Paid Search.,https://dblp.org/rec/conf/wi/SchlangenottoK17
2598,paper,Development and Evaluation of a Collaborative Stock Trading Environment in Virtual Reality.,https://dblp.org/rec/conf/wi/YigitbasGNE22
2599,paper,Recombinant Service System Engineering.,https://dblp.org/rec/conf/wi/BeverungenLW17
2600,paper,"Let us work Together' - Insights from an Experiment with Conversational Agents on the Relation of Anthropomorphic Design, Dialog Support, and Performance.",https://dblp.org/rec/conf/wi/LichtenbergBB0D21
2601,paper,Anwendungen intelligenter Übersetzergeneratoren.,https://dblp.org/rec/conf/wi/Kastens85
2602,paper,You can't buy my rating! On the pivotal effect of an unconditional gift on rating behavior.,https://dblp.org/rec/conf/wi/GuttSK17
2603,paper,Situational Business Model Developer: A Tool-support for Situation-specific Business Model Development.,https://dblp.org/rec/conf/wi/GottschalkYNE22
2604,paper,Extreme Nash Equilibria.,https://dblp.org/rec/conf/ictcs/GairingLMMS03
2605,paper,Incremental Inductive Verification of Parameterized Timed Systems.,https://dblp.org/rec/conf/acsd/Isenberg15
2606,paper,Optimization of Run-Time Reconfigurable Embedded Systems.,https://dblp.org/rec/conf/fpl/EisenringP00
2607,paper,A Many-core Implementation based on the Reconfigurable Mesh Model.,https://dblp.org/rec/conf/fpl/GiefersP07
2608,paper,A portable abstraction layer for hardware threads.,https://dblp.org/rec/conf/fpl/LubbersP08
2609,paper,Fine grain reconfigurable architectures.,https://dblp.org/rec/conf/fpl/AngermeierMTBSGHBLPCSHRM08
2610,paper,Virtualizing Hardware with Multi-context Reconfigurable Arrays.,https://dblp.org/rec/conf/fpl/EnzlerPP03
2611,paper,"A Triple Hybrid Interconnect for Many-Cores: Reconfigurable Mesh, NoC and Barrier.",https://dblp.org/rec/conf/fpl/GiefersP10
2612,paper,Seamless design flow for reconfigurable systems.,https://dblp.org/rec/conf/fpl/SchallenbergRNR08
2613,paper,Heuristics for Onine Scheduling Real-Time Tasks to Partially Reconfigurable Devices.,https://dblp.org/rec/conf/fpl/SteigerWP03
2614,paper,Cooperative multithreading in dynamically reconfigurable systems.,https://dblp.org/rec/conf/fpl/LubbersP09
2615,paper,Memory Virtualization for Multithreaded Reconfigurable Hardware.,https://dblp.org/rec/conf/fpl/AgnePL11
2616,paper,Significant papers from the first 25 years of the FPL conference.,https://dblp.org/rec/conf/fpl/LeongAABCDGHLLL15
2617,paper,A hardware/software infrastructure for performance monitoring on LEON3 multicore platforms.,https://dblp.org/rec/conf/fpl/HoKP14
2618,paper,Communication Synthesis for Reconfigurable Embedded Systems.,https://dblp.org/rec/conf/fpl/EisenringPT99
2619,paper,A Runtime Environment for Reconfigurable Hardware Operating Systems.,https://dblp.org/rec/conf/fpl/WalderP04
2620,paper,A Heuristic Approach to Schedule Periodic Real-Time Tasks on Reconfigurable Hardware.,https://dblp.org/rec/conf/fpl/DanneP05
2621,paper,Exploration of ring oscillator design space for temperature measurements on FPGAs.,https://dblp.org/rec/conf/fpl/RuethingAHP12
2622,paper,ReconOS: An RTOS supporting Hard- and Software Threads.,https://dblp.org/rec/conf/fpl/LubbersP07
2623,paper,SERI: High-Throughput Streaming Acceleration of Electron Repulsion Integral Computation in Quantum Chemistry using HBM-based FPGAs.,https://dblp.org/rec/conf/fpl/StachuraLWPF24
2624,paper,An accelerator for K-TH nearest neighbor thinning based on the IMORC infrastructure.,https://dblp.org/rec/conf/fpl/SchumacherPP09
2625,paper,A Slow Motion Engine for the Analysis of FPGA-Based Prototypes.,https://dblp.org/rec/conf/fpl/JanzenR96
2626,paper,Flexible FPGA design for FDTD using OpenCL.,https://dblp.org/rec/conf/fpl/KenterFP17
2627,paper,Acceleration of Satisfiability Algorithms by Reconfigurable Hardware.,https://dblp.org/rec/conf/fpl/PlatznerM98
2628,paper,Efficient Execution on Reconfigurable Devices Using Concepts of Pipelining.,https://dblp.org/rec/conf/fpl/Dittmann05
2629,paper,Program-driven fine-grained power management for the reconfigurable mesh.,https://dblp.org/rec/conf/fpl/GiefersP09
2630,paper,Convey vector personalities - FPGA acceleration with an openmp-like programming effort?,https://dblp.org/rec/conf/fpl/MeyerSPF12
2631,paper,Efficient Ab-Initio Molecular Dynamic Simulations by Offloading Fast Fourier Transformations to FPGAs.,https://dblp.org/rec/conf/fpl/RamaswamiKKP20
2632,paper,A hardware compilation flow for instance-specific VLIW cores.,https://dblp.org/rec/conf/fpl/KoesterLB08
2633,paper,Partially Reconfigurable Cores for Xilinx Virtex.,https://dblp.org/rec/conf/fpl/DyerPP02
2634,paper,Fault Tolerances Analysis of Distributed Reconfigurable Systems Using SAT-Based Techniques.,https://dblp.org/rec/conf/fpl/FeldmannHMT03
2635,paper,Efficient Building of Word Recongnizer in FPGAs for Term-Document Matrices Construction.,https://dblp.org/rec/conf/fpl/BobdaL00
2636,paper,Caching in Real-time Reconfiguration Port Scheduling.,https://dblp.org/rec/conf/fpl/DittmannF07
2637,paper,A Design Methodology for Communication Infrastructures on Partially Reconfigurable FPGAs.,https://dblp.org/rec/conf/fpl/HagemeyerKKP07
2638,paper,StencilStream: A SYCL-based Stencil Simulation Framework Targeting FPGAs.,https://dblp.org/rec/conf/fpl/OpdenhovelAPK24
2639,paper,Executing Hardware Tasks on Dynamically Reconfigurable Devices Under Real-Time Conditions.,https://dblp.org/rec/conf/fpl/DanneMP06
2640,paper,An Approach for Ex-Post-Facto Analysis of Knowledge Graph-Driven Chatbots - The DBpedia Chatbot.,https://dblp.org/rec/conf/conversations/JalotaTMNU19
2641,paper,Accelerating the Cube Cut Problem with an FPGA-Augmented Compute Cluster.,https://dblp.org/rec/conf/parco/SchumacherLKP07
2642,paper,Using OMNeT++ for energy optimization simulations in mobile core networks.,https://dblp.org/rec/conf/simutools/DraxlerBKAK12
2643,paper,A modelica coordination pattern library for cyber-physical systems.,https://dblp.org/rec/conf/simutools/PohlmannDMTT14
2644,paper,Short Group Signatures with Distributed Traceability.,https://dblp.org/rec/conf/macis/BlomerJL15
2645,paper,Subtleties in Security Definitions for Predicate Encryption with Public Index.,https://dblp.org/rec/conf/macis/BlomerL17
2646,paper,Implementing Cryptographic Pairings on Accumulator Based Smart Card Architectures.,https://dblp.org/rec/conf/macis/GuntherK15
2647,paper,Classes of First Order Formulas Under Various Satisfiability Definitions.,https://dblp.org/rec/conf/cade/BuningL86
2648,paper,Exploiting Pseudo Models for TBox and ABox Reasoning in Expressive Description Logics.,https://dblp.org/rec/conf/cade/HaarslevMT01
2649,paper,Towards Approximative Most Specific Concepts by Completion for EL with Subjective Probabilities.,https://dblp.org/rec/conf/cade/PenalozaT10
2650,paper,Sonic - Non-standard Inferences Go OilEd.,https://dblp.org/rec/conf/cade/TurhanK04
2651,paper,IBB: Fast Burrows-Wheeler Transform Construction for Length-Diverse DNA Data.,https://dblp.org/rec/conf/wea/AdlerBHS25
2652,paper,Continuous Local Strategies for Robotic Formation Problems.,https://dblp.org/rec/conf/wea/KempkesH12
2653,paper,Scheduling Unrelated Parallel Machines Computational Results.,https://dblp.org/rec/conf/wea/MonienW06
2654,paper,An Improved Branch-and-Bound Algorithm for the Test Cover Problem.,https://dblp.org/rec/conf/wea/FahleT05
2655,paper,Innovative measurement system for saber curvature observation in straightening processes.,https://dblp.org/rec/conf/ism2/BatheltDHT24
2656,paper,Decomposition-Guided Reductions for Argumentation and Treewidth.,https://dblp.org/rec/conf/ijcai/FichteH0M21
2657,paper,Reliable Multi-class Classification based on Pairwise Epistemic and Aleatoric Uncertainty.,https://dblp.org/rec/conf/ijcai/NguyenDMH18
2658,paper,ROCES: Robust Class Expression Synthesis in Description Logics via Iterative Sampling.,https://dblp.org/rec/conf/ijcai/KouagouHDN24
2659,paper,Quantitative Claim-Centric Reasoning in Logic-Based Argumentation.,https://dblp.org/rec/conf/ijcai/Hecher0M024
2660,paper,LIMES - A Time-Efficient Approach for Large-Scale Link Discovery on the Web of Data.,https://dblp.org/rec/conf/ijcai/NgomoA11
2661,paper,"Measuring the Discrepancy between Conditional Distributions: Methods, Properties and Applications.",https://dblp.org/rec/conf/ijcai/YuSAP20
2662,paper,Quantitative Reasoning and Structural Complexity for Claim-Centric Argumentation.,https://dblp.org/rec/conf/ijcai/FichteH0M23
2663,paper,Neuro-Symbolic Class Expression Learning.,https://dblp.org/rec/conf/ijcai/DemirN23
2664,paper,Most Specific Generalizations w.r.t. General EL-TBoxes.,https://dblp.org/rec/conf/ijcai/ZarriessT13
2665,paper,Facets in Argumentation: A Formal Approach to Argument Significance.,https://dblp.org/rec/conf/ijcai/Fichte0HL0MP25
2666,paper,Mixed-Signal Receiver Baseband Slice for High-Data-Rate Communication Using 130 nm SiGe BiCMOS Technology.,https://dblp.org/rec/conf/mwscas/JavedS21
2667,paper,Neural Class Expression Synthesis.,https://dblp.org/rec/conf/nesy/KouagouHDN23
2668,paper,Reconfigurable Hardware in Wearable Computing Nodes.,https://dblp.org/rec/conf/iswc/PlesslEWBPT02
2669,paper,Joint Structural and Temporal Property Specification Using Timed Story Scenario Diagrams.,https://dblp.org/rec/conf/fase/KleinG07
2670,paper,Strengthening UML Collaboration Diagrams by State Transformations.,https://dblp.org/rec/conf/fase/HeckelS01
2671,paper,On-the-Fly Synthesis of Scarcely Synchronizing Distributed Controllers from Scenario-Based Specifications.,https://dblp.org/rec/conf/fase/BrennerGS15
2672,paper,An Implementation Framework for Run-time Reconfigurable Systems.,https://dblp.org/rec/conf/pdpta/EisenringP00
2673,paper,Distributed Path Selection for Storage Networks.,https://dblp.org/rec/conf/pdpta/BerenbrinkBS00
2674,paper,Augmented Reality-Based Product Validation to Support Collaborative Engineering of Complex Technical Systems.,https://dblp.org/rec/conf/rev/EckertzAD21
2675,paper,Work-in-Progress: Enhancing Collaboration Using Augmented Reality Design Reviews for Product Validation on the Example of Additive Manufacturing.,https://dblp.org/rec/conf/rev/EckertzBAD19
2676,paper,CogniCryptGEN: generating code for the secure usage of crypto APIs.,https://dblp.org/rec/conf/cgo/KrugerAB20
2677,paper,Model-Theoretic Characterization of Boolean and Arithmetic Circuit Classes of Small Depth.,https://dblp.org/rec/conf/lics/0001HV18
2678,paper,An Integrated Commit Protocol for Mobile Network Databases.,https://dblp.org/rec/conf/ideas/BoseBGOSS05
2679,paper,XPath Selectivity Estimation for a Mobile Auction Application.,https://dblp.org/rec/conf/ideas/ObermeierBW07
2680,paper,Testing Intersection of XPath Expressions under DTDs.,https://dblp.org/rec/conf/ideas/Bottcher04
2681,paper,Avoiding Infinite Blocking of Mobile Transactions.,https://dblp.org/rec/conf/ideas/ObermeierB07
2682,paper,Embedding Robust Labels into Images for Copyright Protection.,https://dblp.org/rec/conf/knowright/ZhaoK95
2683,paper,Grounding Social Interactions in the Environment.,https://dblp.org/rec/conf/e4mas/KleinG05
2684,paper,Towards an Expert System for the Manufacturing System Planning of Products with Graded Properties.,https://dblp.org/rec/conf/ic3k/Reyes-PerezBG09
2685,paper,Motive-based Search.,https://dblp.org/rec/conf/ic3k/AvdiyenkoNLWNB15
2686,paper,Applying Attribute-Based Encryption on Publish Subscribe Messaging Patterns for the Internet of Things.,https://dblp.org/rec/conf/dsdis/ThatmannZFK15
2687,paper,Keyword-Driven Resource Disambiguation over RDF Knowledge Bases.,https://dblp.org/rec/conf/aswc/ShekarpourNA12
2688,paper,Active Learning of Domain-Specific Distances for Link Discovery.,https://dblp.org/rec/conf/aswc/SoruN12
2689,paper,ALSI - eine höhere Programmiersprache zur Transformation von ALGOL 68 - Verbunden in SIMULA - Klassen.,https://dblp.org/rec/conf/programmier/Kastens74
2690,paper,Ein Übersetzerbau-Praktikum.,https://dblp.org/rec/conf/programmier/Kastens78
2691,paper,Systematische Analyse semantischer Abhängigkeiten.,https://dblp.org/rec/conf/programmier/Kastens76
2692,paper,Eigenschaften von Programmiersprachen - definiert durch attributierte Grammatiken.,https://dblp.org/rec/conf/programmier/Kastens80
2693,paper,"Individuell, Arbeitsteilig und Kooperativ - Ein integrierter Ansatz zur Erstellung, Pflege und Nutzung multimedialer Lehrmaterialien.",https://dblp.org/rec/conf/d-cscl/BrenneckeS00
2694,paper,Parallel Interactive Media Server Systems.,https://dblp.org/rec/conf/sofsem/LulingGS98
2695,paper,Collisionless Gathering of Robots with an Extent.,https://dblp.org/rec/conf/sofsem/Cord-LandwehrDFHKKKKMHa11
2696,paper,Selfish Routing in Networks.,https://dblp.org/rec/conf/sofsem/Monien06
2697,paper,"Computer Visualization - Concepts, Trends and Current Research.",https://dblp.org/rec/conf/sofsem/Domik96
2698,paper,Reuse Methods for Construction of Parallel Software.,https://dblp.org/rec/conf/sofsem/EilinghoffK98
2699,paper,Communication in Parallel Systems.,https://dblp.org/rec/conf/sofsem/HeideS96
2700,paper,Computer Chess: Algorithms and Heuristics for a Deep Look into the Future.,https://dblp.org/rec/conf/sofsem/Feldmann97
2701,paper,Approximating Weighted Completion Time for Order Scheduling with Setup Times.,https://dblp.org/rec/conf/sofsem/MackerHP20
2702,paper,A New Approach of a Self-Timed Bit-Serial Synchronous Pipeline Architecture.,https://dblp.org/rec/conf/rsp/RettbergZLB03
2703,paper,FLYSIG: Dataflow Oriented Delay-Insensitive Processor for Rapid Prototyping of Signal Processing.,https://dblp.org/rec/conf/rsp/HardtK98
2704,paper,The FLYSIG Prototyping Approach.,https://dblp.org/rec/conf/rsp/HardtKR00
2705,paper,ESF and software process modeling.,https://dblp.org/rec/conf/ispw/SchaferBHS89
2706,paper,A discipline-spanning development process for self-adaptive mechatronic systems.,https://dblp.org/rec/conf/ispw/HeinzemannSST13
2707,paper,A consistency model for team cooperation.,https://dblp.org/rec/conf/ispw/PeuschelSW91
2708,paper,Cooperation patterns in PSEEs.,https://dblp.org/rec/conf/ispw/SchaferW94
2709,paper,Product-line development requires sophisticated software configuration management.,https://dblp.org/rec/conf/ispw/Schafer96
2710,paper,A flexible environment architecture as a basis for distributed software development.,https://dblp.org/rec/conf/ispw/PeuschelSW90
2711,paper,Integrated systems engineering and software requirements engineering for technical systems.,https://dblp.org/rec/conf/ispw/HoltmannBMST15
2712,paper,"Modular, Visual Specifications of Software Processes.",https://dblp.org/rec/conf/ispw/EngelsG93
2713,paper,A Rigorous Software Process for the Development of Embedded Systems.,https://dblp.org/rec/conf/ispw/Schafer05
2714,paper,Towards ensuring security by design in cyber-physical systems engineering processes.,https://dblp.org/rec/conf/ispw/GeismannGB18
2715,paper,Process programming: a structured multi-paradigm approach could be achieved.,https://dblp.org/rec/conf/ispw/DeitersGS89
2716,paper,Reuse of software process fragments is reuse of software too.,https://dblp.org/rec/conf/ispw/GroenewegenE96
2717,paper,Incremental Workflow Mining Based on Document Versioning Information.,https://dblp.org/rec/conf/ispw/KindlerRS05
2718,paper,Process Mining Framework for Software Processes.,https://dblp.org/rec/conf/ispw/RubinGAKDS07
2719,paper,Achieving hardware security for reconfigurable systems on chip by a proof-carrying code approach.,https://dblp.org/rec/conf/recosoc/DrzevitzkyP11
2720,paper,Dynamic Relocation of Hybrid Tasks: A Complete Design Flow.,https://dblp.org/rec/conf/recosoc/GotzXD07
2721,paper,Programming models for reconfigurable manycore systems.,https://dblp.org/rec/conf/recosoc/AndrewsP16
2722,paper,Data Transfer Protocols for a Two Slot Based Reconfigurable Platform.,https://dblp.org/rec/conf/recosoc/WarkentinD06
2723,paper,Computational self-awareness as design approach for visual sensor nodes.,https://dblp.org/rec/conf/recosoc/GuettatfiHPR17
2724,paper,Verifying worst-case completion times for reconfigurable hardware modules using proof-carrying hardware.,https://dblp.org/rec/conf/recosoc/WiersemaP16
2725,paper,Towards Automated Event Studies Using High Frequency News and Trading Data.,https://dblp.org/rec/conf/financecom/BohnRKYM12
2726,paper,Transferring Portfolio Selection Theory to Customer Portfolio Management - The Case of an e-Tailer.,https://dblp.org/rec/conf/financecom/KundischSR07
2727,paper,Privacy Evaluation Protocols for the Evaluation of Soft-Biometric Privacy-Enhancing Technologies.,https://dblp.org/rec/conf/biosig/TerhorstHDRKSK20
2728,paper,The playground of Wireless Dense networks of the future.,https://dblp.org/rec/conf/fnms/CicconettiMDKMSGOSSR13
2729,paper,Einsatz elektronischer Lehr- und Lernumgebungen in der Software-Ergonomie-Ausbildung.,https://dblp.org/rec/conf/softerg/BrenneckeK97
2730,paper,Alltagspraxis der Hypermediagestaltung - Erfahrungen beim Einsatz des World Wide Web und Mosaic in der Lehre.,https://dblp.org/rec/conf/softerg/BrenneckeK95
2731,paper,Objektorientierte Dialogspezifikation mitODSN.,https://dblp.org/rec/conf/softerg/Szwillus97
2732,paper,Aufgabenbasierte Gestaltung der Benutzungsschnittstellen: Vom Aufgaben-zum Dialogmodell.,https://dblp.org/rec/conf/softerg/BomsdorfS97
2733,paper,Designorientierung und Designpraxis - Entwicklung und Einsatz von konstruktiven Gestaltungskriterien.,https://dblp.org/rec/conf/softerg/BrenneckeKR99
2734,paper,Hyper-Skript - Entwicklung und Nutzung von verteilten Multimediaskripten.,https://dblp.org/rec/conf/softerg/BrenneckeHKMS99
2735,paper,Integrierte Erstellung von Aufgabenmodell und Dialogspezifikation interaktiver Benutzungsschnittstellen.,https://dblp.org/rec/conf/softerg/ShahrbabakiS95
2736,paper,OBJECTION: Entwicklung anwendungsspezifischer interaktiver Graphik.,https://dblp.org/rec/conf/softerg/UhrGPS97
2737,paper,Modellbasiertes Prototyping zur Unterstützung einer aufgabenorientierten Schnittstellengestaltung.,https://dblp.org/rec/conf/softerg/BomsdorfS97a
2738,paper,Systemgestaltung mit Aufgabennetzen.,https://dblp.org/rec/conf/softerg/Keil-Slawik89
2739,paper,OBSM: Objektorientierte Modellierung von Benutzungsschnittstellen.,https://dblp.org/rec/conf/softerg/KneerS95
2740,paper,Exact Counting and Sampling of Optima for the Knapsack Problem.,https://dblp.org/rec/conf/lion/BossekNN21
2741,paper,confStream: Automated Algorithm Selection and Configuration of Stream Clustering Algorithms.,https://dblp.org/rec/conf/lion/CarneinTBP20
2742,paper,An Aspiration Set EMOA Based on Averaged Hausdorff Distances.,https://dblp.org/rec/conf/lion/RudolphSGT14
2743,paper,On the Distribution of EMOA Hypervolumes.,https://dblp.org/rec/conf/lion/MersmannTNW10
2744,paper,MO-ParamILS: A Multi-objective Automatic Algorithm Configuration Framework.,https://dblp.org/rec/conf/lion/BlotHJKT16
2745,paper,Local Search and the Traveling Salesman Problem: A Feature-Based Characterization of Problem Hardness.,https://dblp.org/rec/conf/lion/MersmannBBT0N12
2746,paper,Multi-objective Performance Measurement: Alternatives to PAR10 and Expected Running Time.,https://dblp.org/rec/conf/lion/BossekT18
2747,paper,Solving Scalarized Subproblems within Evolutionary Algorithms for Multi-criteria Shortest Path Problems.,https://dblp.org/rec/conf/lion/BossekG18
2748,paper,R2-EMOA: Focused Multiobjective Search Using R2-Indicator-Based Selection.,https://dblp.org/rec/conf/lion/TrautmannWB13
2749,paper,Improving the State of the Art in Inexact TSP Solving Using Per-Instance Algorithm Selection.,https://dblp.org/rec/conf/lion/KotthoffKHT15
2750,paper,Evolving Instances for Maximizing Performance Differences of State-of-the-Art Inexact TSP Solvers.,https://dblp.org/rec/conf/lion/BossekT16
2751,paper,Synergies of Deep and Classical Exploratory Landscape Features for Automated Algorithm Selection.,https://dblp.org/rec/conf/lion/SeilerSDT24
2752,paper,mobile-env: An Open Platform for Reinforcement Learning in Wireless Mobile Networks.,https://dblp.org/rec/conf/noms/SchneiderWKHK22
2753,paper,Use What You Know: Network and Service Coordination Beyond Certainty.,https://dblp.org/rec/conf/noms/WernerSK22
2754,paper,Virtual Markets: Q -Learning Sellers with Simple State Representation.,https://dblp.org/rec/conf/aisadm/AkchurinaB07
2755,paper,Stability of the consensus in the network of multiple Autonomous Intesections Management.,https://dblp.org/rec/conf/iconac/WuthishuwongT14
2756,paper,Anonymous and Publicly Linkable Reputation Systems.,https://dblp.org/rec/conf/fc/BlomerJK15
2757,paper,"Foundations of Anonymous Signatures: Formal Definitions, Simplified Requirements, and a Construction Based on General Assumptions.",https://dblp.org/rec/conf/fc/BobolzDK24
2758,paper,Fault Based Cryptanalysis of the Advanced Encryption Standard (AES).,https://dblp.org/rec/conf/fc/BlomerS03
2759,paper,Attribute-Based Encryption as a Service for Access Control in Large-Scale Organizations.,https://dblp.org/rec/conf/fps/BlomerGKL17
2760,paper,Dynamic Searchable Encryption with Access Control.,https://dblp.org/rec/conf/fps/BlomerL19
2761,paper,LIdioms: A Multilingual Linked Idioms Data Set.,https://dblp.org/rec/conf/lrec/MoussallemSEZN18
2762,paper,A tool suite for creating question answering benchmarks.,https://dblp.org/rec/conf/lrec/NgomoHSM14
2763,paper,NIF4OGGD - NLP Interchange Format for Open German Governmental Data.,https://dblp.org/rec/conf/lrec/SherifCUHLBB14
2764,paper,RDF2PT: Generating Brazilian Portuguese Texts from RDF Data.,https://dblp.org/rec/conf/lrec/MoussallemFZCXN18
2765,paper,Using just-in-time code generation for transparent resource management in heterogeneous systems.,https://dblp.org/rec/conf/rtsi/RieblerVPTDSSB16
2766,paper,Ein selbstoptimierendes Echtzeitbetriebssystem für verteilte selbstoptimierende Systeme.,https://dblp.org/rec/conf/pearl/OberthurBR05
2767,paper,RTC: A Real-Time Communication Middleware on Top of RTAI-Linux .,https://dblp.org/rec/conf/isorc/HeimfarthGRW03
2768,paper,Organic real-time programming - Vision and approaches towards self-evolving and adaptive real-time software.,https://dblp.org/rec/conf/isorc/RammigKMSZ13
2769,paper,Autonomic Distributed Real-Time Systems: Challenges and Solutions.,https://dblp.org/rec/conf/isorc/Rammig04
2770,paper,OCL Goes Real-Time (position paper).,https://dblp.org/rec/conf/isorc/Rammig02
2771,paper,Customizing the Configuration Process of an Operating System Using Hierarchy and Clustering.,https://dblp.org/rec/conf/isorc/ChivukulaBR02
2772,paper,Online Model Checking for Dependable Real-Time Systems.,https://dblp.org/rec/conf/isorc/ZhaoR12
2773,paper,Model-Based Design of Embedded Systems.,https://dblp.org/rec/conf/isorc/SchattkowskyM04
2774,paper,"Fault-Tolerant Hard-Real-Time Communication of Dynamically Reconfigurable, Distributed Embedded Systems.",https://dblp.org/rec/conf/isorc/FranciscoR05
2775,paper,GenERTiCA: A Tool for Code Generation and Aspects Weaving.,https://dblp.org/rec/conf/isorc/WehrmeisterFPR08
2776,paper,Self-Organized Cooperation in Swarm Robotics.,https://dblp.org/rec/conf/isorc/KhalufMR11
2777,paper,Efficient Integration of Online Model Checking into a Small-Footprint Real-Time Operating System.,https://dblp.org/rec/conf/isorc/SudhakarZR14
2778,paper,From timed automata to timed failure propagation graphs.,https://dblp.org/rec/conf/isorc/PriesterjahnHS13
2779,paper,Agent-Based Modeling and Simulation of Artificial Immune Systems.,https://dblp.org/rec/conf/isorc/MontealegreR12
2780,paper,OCL Goes Real-Time (Panel).,https://dblp.org/rec/conf/isorc/Tsai02
2781,paper,VisiTrack - Video Based Incremental Tracking in Real Time.,https://dblp.org/rec/conf/isorc/EsauKKS03
2782,paper,Real-time Operating Systems for Self-coordinating Embedded Systems.,https://dblp.org/rec/conf/isorc/RammigGHJO06
2783,paper,Engineering Self-Coordinating Real-Time Systems.,https://dblp.org/rec/conf/isorc/Rammig07
2784,paper,Model-Driven Runtime Resource Predictions for Advanced Mechatronic Systems with Dynamic Data Structures.,https://dblp.org/rec/conf/isorc/HenklerOGS10
2785,paper,On-The-Fly Computing: A novel paradigm for individualized IT services.,https://dblp.org/rec/conf/isorc/HappeHKPP13
2786,paper,Flexible Resource Management for Self-X Systems: An Evaluation.,https://dblp.org/rec/conf/isorc/OberthurZL10
2787,paper,HeroeS: Virtual platform driven integration of heterogeneous software components for multi-core real-time architectures.,https://dblp.org/rec/conf/isorc/BeckerK013
2788,paper,Online Energy-Efficient Hard Real-Time Scheduling for Component Oriented Systems.,https://dblp.org/rec/conf/isorc/HeM12
2789,paper,An Approach for Self-Reconfiguring and Fault-Tolerant Distributed Real-Time Systems.,https://dblp.org/rec/conf/isorc/KlobedanzMR12
2790,paper,Self-Reconfiguration for Fault-Tolerant FlexRay Networks.,https://dblp.org/rec/conf/isorc/KlobedanzK0R11
2791,paper,A framework for enhancing dependability in self-x systems by Artificial Immune Systems.,https://dblp.org/rec/conf/isorc/RammigSV13
2792,paper,Distributed Real-time Computing in Autonomous Robots using Time-Triggered and Message-Triggered Objects (TMOs).,https://dblp.org/rec/conf/isorc/BiermeyerSK06
2793,paper,Online Behavior Classification for Anomaly Detection in Self-X Real-Time Systems.,https://dblp.org/rec/conf/isorc/RammigS14
2794,paper,A Holistic Software Engineering Method for Service-Oriented Application Landscape Development.,https://dblp.org/rec/conf/pret/BaumannEHSW09
2795,paper,Location-based risk assessment for mobile authentication.,https://dblp.org/rec/conf/huc/HintzeKSM16
2796,paper,Cormorant: towards continuous risk-aware multi-modal cross-device authentication.,https://dblp.org/rec/conf/huc/HintzeFMKM15
2797,paper,A DTD Graph Based XPath Query Subsumption Test.,https://dblp.org/rec/conf/xsym/BottcherS03
2798,paper,Searchable Compression of Office Documents by XML Schema Subtraction.,https://dblp.org/rec/conf/xsym/BottcherHM10
2799,paper,From Cell Towers to Smart Street Lamps: Placing Cloudlets on Existing Urban Infrastructures.,https://dblp.org/rec/conf/edge/GedeonSKFKMWM18
2800,paper,Efficient Execution of Process Networks on a Reconfigurable Hardware Virtual Machine.,https://dblp.org/rec/conf/fccm/DyerPT04
2801,paper,Custom Computing Machines for the Set Covering Problem.,https://dblp.org/rec/conf/fccm/PlesslP02
2802,paper,HiHiSpMV: Sparse Matrix Vector Multiplication with Hierarchical Row Reductions on FPGAs with High Bandwidth Memory.,https://dblp.org/rec/conf/fccm/TareenMPK24
2803,paper,Efficient and Distributed Computation of Electron Repulsion Integrals on AMD AI Engines.,https://dblp.org/rec/conf/fccm/MenzelP25
2804,paper,"IMORC: Application Mapping, Monitoring and Optimization for High-Performance Reconfigurable Computing.",https://dblp.org/rec/conf/fccm/SchumacherPP09
2805,paper,Computing and Compressing Electron Repulsion Integrals on FPGAs.,https://dblp.org/rec/conf/fccm/WuKSKP23
2806,paper,OpenCL-Based FPGA Design to Accelerate the Nodal Discontinuous Galerkin Method for Unstructured Meshes.,https://dblp.org/rec/conf/fccm/KenterMAG0AHFP18
2807,paper,Automatic HDL-Based Generation of Homogeneous Hard Macros for FPGAs.,https://dblp.org/rec/conf/fccm/KorfCKHPRS11
2808,paper,Reconstructing AES Key Schedules from Decayed Memory with FPGAs.,https://dblp.org/rec/conf/fccm/RieblerKPS14
2809,paper,Cloudy with a Chance of Misconceptions: Exploring Users' Perceptions and Expectations of Security and Privacy in Cloud Office Suites.,https://dblp.org/rec/conf/soups/WermkeHSBAF20
2810,paper,Security Developer Studies with GitHub Users: Exploring a Convenience Sample.,https://dblp.org/rec/conf/soups/AcarSWMF17
2811,paper,"Developers Deserve Security Warnings, Too: On the Effect of Integrated Security Advice on Cryptographic API Misuse.",https://dblp.org/rec/conf/soups/GorskiIWSMAF18
2812,paper,,https://dblp.org/rec/conf/soups/HaneyTAP18
2813,paper,Never ever or no matter what: Investigating Adoption Intentions and Misconceptions about the Corona-Warn-App in Germany.,https://dblp.org/rec/conf/soups/HaringGT0WFA21
2814,paper,Investigating Web Service Account Remediation Advice.,https://dblp.org/rec/conf/soups/NeilBLAR21
2815,paper,If You Can't Get Them to the Lab: Evaluating a Virtual Study Environment with Security Information Workers.,https://dblp.org/rec/conf/soups/HuamanKWKSAF22
2816,paper,Who Comes Up with this Stuff? Interviewing Authors to Understand How They Produce Security Advice.,https://dblp.org/rec/conf/soups/NeilRAR23
2817,paper,On the Limited Impact of Visualizing Encryption: Perceptions of E2E Messaging Security.,https://dblp.org/rec/conf/soups/StranskyWSHAFWU21
2818,paper,On the ecological validity of a password study.,https://dblp.org/rec/conf/soups/FahlHAS13
2819,paper,"The more accounts I use, the less I have to think': A Longitudinal Study on the Usability of Password Managers for Novice Users.",https://dblp.org/rec/conf/soups/Cabarcos025
2820,paper,On the Design of Distributed Adaptive Authentication Systems.,https://dblp.org/rec/conf/soups/CabarcosK17
2821,paper,More than Usability: Differential Access to Digital Security and Privacy.,https://dblp.org/rec/conf/soups/BuckmannNAZ25
2822,paper,,https://dblp.org/rec/conf/soups/AmftHHAF23
2823,paper,Optimal Cluster Sizes for Wireless Sensor Networks: An Experimental Analysis.,https://dblp.org/rec/conf/adhocnets/ForsterFM09
2824,paper,Building reliable systems based on self-organizing multi-agent systems.,https://dblp.org/rec/conf/selmas/0001T06
2825,paper,Analysis and Design of Physical and Social Contexts in Multi-agent Systems.,https://dblp.org/rec/conf/selmas/KleinG05
2826,paper,Analysis and design of physical and social contexts in multi-agent systems using UML.,https://dblp.org/rec/conf/selmas/0001G05
2827,paper,Separation of Concerns for Mechatronic Multi-agent Systems Through Dynamic Communities.,https://dblp.org/rec/conf/selmas/KleinG04
2828,paper,"Process-Oriented, Consistent Integration of Software Components.",https://dblp.org/rec/conf/compsac/DepkeETLL02
2829,paper,TestML - A Test Exchange Language for Model-Based Testing of Embedded Software.,https://dblp.org/rec/conf/aswsd/GrossmannFKCWM06
2830,paper,Energy Efficient Ethernet in der Praxis.,https://dblp.org/rec/conf/dfn/OevelP16
2831,paper,Vom Studiolo zur virtuellen Forschungsumgebung.,https://dblp.org/rec/conf/dfn/BrenneckeOS11
2832,paper,Energieeffizienz im WLAN.,https://dblp.org/rec/conf/dfn/OevelPB14
2833,paper,Data Store Architectures: Balancing Functionality and Performance.,https://dblp.org/rec/conf/icit2/IllianZS24
2834,paper,Online Algorithms for Leasing Vertex Cover and Leasing Non-metric Facility Location.,https://dblp.org/rec/conf/icores/MarkarianH19
2835,paper,An Economic Production Quantity Model with Imperfect Quality Raw Material and Backorders.,https://dblp.org/rec/conf/icores/YassineME20
2836,paper,Online Deterministic Algorithms for Connected Dominating Set & Set Cover Leasing Problems.,https://dblp.org/rec/conf/icores/MarkarianK20
2837,paper,"Approaching Set Cover Leasing, Connected Dominating Set and Related Problems with Online Deterministic Algorithms.",https://dblp.org/rec/conf/icores/MarkarianK21
2838,paper,An Algorithmic Approach to Online Multi-Facility Location Problems.,https://dblp.org/rec/conf/icores/MarkarianKY21
2839,paper,XML fragment caching for large-scale mobile commerce applications.,https://dblp.org/rec/conf/ACMicec/ObermeierB08
2840,paper,Integrating sporadic imitation in Reinforcement Learning robots.,https://dblp.org/rec/conf/adprl/RichertSKKS09
2841,paper,The system verification methodology for advanced TLM verification.,https://dblp.org/rec/conf/codes/OliveiraKLGH0DEE12
2842,paper,Testbenches for advanced TLM verification.,https://dblp.org/rec/conf/codes/MullerE12
2843,paper,Design and architectures for dependable embedded systems.,https://dblp.org/rec/conf/codes/HenkelBBBBCEEHHHKLMPRSSTTWW11
2844,paper,On-the-fly computing: self-aware heterogeneous multi-cores.,https://dblp.org/rec/conf/codes/Platzner16
2845,paper,AmoebotSim 2.0: A Visual Simulation Environment for the Amoebot Model with Reconfigurable Circuits and Joint Movements (Media Exposition).,https://dblp.org/rec/conf/compgeom/ArtmannMP0S25
2846,paper,Approximate Matching of Polygonal Shapes (Extended Abstract).,https://dblp.org/rec/conf/compgeom/AltBB91
2847,paper,Sponge: Inference Serving with Dynamic SLOs Using In-Place Vertical Scaling.,https://dblp.org/rec/conf/euromlsys/RazaviGMJW24
2848,paper,Before the First Token: Benchmarking Data Preprocessing in Vision-Language Models.,https://dblp.org/rec/conf/euromlsys/ZohdiW26
2849,paper,"Optimization techniques for a reconfigurable, self-timed, and bit-serial architecture.",https://dblp.org/rec/conf/sbcci/DittmannRW07
2850,paper,Exploiting the model-driven engineering approach to improve design space exploration of embedded systems.,https://dblp.org/rec/conf/sbcci/OliveiraFNRW09
2851,paper,A Fast Asynchronous Re-Configurable Architecture for Multimedia Applications.,https://dblp.org/rec/conf/sbcci/RettbergK01
2852,paper,Towards a High-Level Synthesis of Reconfigurable Bit-Serial Architectures.,https://dblp.org/rec/conf/sbcci/RettbergDZL03
2853,paper,RABBIT - A Modular Rapid Prototyping Platform for Distributed Mechatronic Systems.,https://dblp.org/rec/conf/sbcci/ZanellaRFH0G01
2854,paper,Placement of intermodule connections on partially reconfigurable devices.,https://dblp.org/rec/conf/sbcci/DittmannH05
2855,paper,Control Development for Mechatronic Systems with a Fully Reconfigurable Pipeline Architecture.,https://dblp.org/rec/conf/sbcci/RettbergZLDR03
2856,paper,Speaker and Style Disentanglement of Speech Based on Contrastive Predictive Coding Supported Factorized Variational Autoencoder.,https://dblp.org/rec/conf/eusipco/XieKRTH24
2857,paper,P-Score: Performance Aligned Normalization and an Evaluation in Score-Level Multi-Biometric Fusion.,https://dblp.org/rec/conf/eusipco/DamerBT0K18
2858,paper,Open Range Pitch Tracking for Carrier Frequency Difference Estimation from HF Transmitted Speech.,https://dblp.org/rec/conf/eusipco/Schmalenstroeer21
2859,paper,A hidden Markov model for indoor user tracking based on WiFi fingerprinting and step detection.,https://dblp.org/rec/conf/eusipco/HoangSDVH13
2860,paper,Energy-Efficient Improper Signaling for K-User Interference Channels.,https://dblp.org/rec/conf/eusipco/0002LSS19
2861,paper,Investigations into Bluetooth low energy localization precision limits.,https://dblp.org/rec/conf/eusipco/Schmalenstroeer16
2862,paper,Target-Specific Dataset Pruning for Compression of Audio Tagging Models.,https://dblp.org/rec/conf/eusipco/WerningH24
2863,paper,Efficient Sampling Rate Offset Compensation - an Overlap-Save Based Approach.,https://dblp.org/rec/conf/eusipco/Schmalenstroeer18
2864,paper,On the Integration of Sampling Rate Synchronization and Acoustic Beamforming.,https://dblp.org/rec/conf/eusipco/GburrekSH23
2865,paper,Realtime digital signal processing in coherent optical PDM-QPSK and PDM-16-QAM transmission.,https://dblp.org/rec/conf/eusipco/NoePWS14
2866,paper,Rate Region of the K-user MIMO Interference Channel with Imperfect Transmitters.,https://dblp.org/rec/conf/eusipco/SoleymaniSMS20
2867,paper,Neural Network Based Carrier Frequency Offset Estimation From Speech Transmitted Over High Frequency Channels.,https://dblp.org/rec/conf/eusipco/HeitkaemperSH22
2868,paper,Adapting Sound Recognition to A New Environment Via Self-Training.,https://dblp.org/rec/conf/eusipco/EbbersKH21
2869,paper,Blind speech separation exploiting temporal and spectral correlations using 2D-HMMs.,https://dblp.org/rec/conf/eusipco/VuH13
2870,paper,DOA-estimation based on a complex Watson kernel method.,https://dblp.org/rec/conf/eusipco/DrudeJH15
2871,paper,On acoustic channel identification in multi-microphone systems via adaptive blind signal enhancement techniques.,https://dblp.org/rec/conf/eusipco/EnznerSH13
2872,paper,Energy-Efficient Rate Splitting for MIMO STAR-RIS-Assisted Broadcast Channels with I/Q Imbalance.,https://dblp.org/rec/conf/eusipco/0002SJ23
2873,paper,Deep Neural Network based Distance Estimation for Geometry Calibration in Acoustic Sensor Networks.,https://dblp.org/rec/conf/eusipco/GburrekSBKH20
2874,paper,Optimal transmission policies for variance based event triggered estimation with an energy harvesting sensor.,https://dblp.org/rec/conf/eusipco/LeongDQ16
2875,paper,Sampling rate synchronisation in acoustic sensor networks with a pre-trained clock skew error model.,https://dblp.org/rec/conf/eusipco/SchmalenstroeerH13
2876,paper,Executable Specifications for Language Implementation.,https://dblp.org/rec/conf/plilp/Kastens93
2877,paper,Multiple Granularity Online Control of Cloudlet Networks for Edge Computing.,https://dblp.org/rec/conf/secon/JiaoPWLL18
2878,paper,Textual One-Pass Stream Clustering with Automated Distance Threshold Adaption.,https://dblp.org/rec/conf/aciids/AssenmacherT22
2879,paper,60 GHz SiGe-BiCMOS Radio for OFDM Transmission.,https://dblp.org/rec/conf/iscas/GrassHPSSGKTEWSK07
2880,paper,Automated placement of reconfigurable regions for relocatable modules.,https://dblp.org/rec/conf/iscas/BeckerKL10
2881,paper,Analog envelop constrained filter with input uncertainty.,https://dblp.org/rec/conf/iscas/VoLI04
2882,paper,Low-Power Low-Data-rate Wireless PPM Receiver Based on 13-Bits Barker Coded SAW Correlator with Scalable Data-rate and Sensitivity.,https://dblp.org/rec/conf/iscas/AbughannamS22
2883,paper,A fully digital polar modulator for switch mode RF power amplifier.,https://dblp.org/rec/conf/iscas/OstrovskyySLPJ12
2884,paper,Above 60 GHz Bandwidth 10 GS/s Sampling Rate Track-and-Hold Amplifier in 130 nm SiGe BiCMOS Technology.,https://dblp.org/rec/conf/iscas/WuWS20
2885,paper,Fully integrated 9 GHz CMOS VCO with very low phase noise.,https://dblp.org/rec/conf/iscas/HuHS10
2886,paper,Online Set Cover With Rated Subsets.,https://dblp.org/rec/conf/iceis/Markarian22
2887,paper,XML index compression by DTD subtraction.,https://dblp.org/rec/conf/iceis/BottcherSK07
2888,paper,Online Non-metric Facility Location with Service Installation Costs.,https://dblp.org/rec/conf/iceis/Markarian21
2889,paper,OPTIC: A Deep Neural Network Approach for Entity Linking using Word and Knowledge Embeddings.,https://dblp.org/rec/conf/iceis/OliveiraMGF20
2890,paper,Dynamic commit tree management for service oriented architectures.,https://dblp.org/rec/conf/iceis/BottcherO07
2891,paper,"Web 2.0 Mashups for Contextualization, Flexibility, Pragmatism, and Robustness.",https://dblp.org/rec/conf/iceis/HampelPS08
2892,paper,"KOI School - Towards the Next Level of Communication, Organization and Integration in Education.",https://dblp.org/rec/conf/iceis/SchulteKKS11
2893,paper,OOPUS - a production planning information system to assure high delivery reliability under short-term demand changes and production disturbances.,https://dblp.org/rec/conf/iceis/DangelmaierRHBKDT07
2894,paper,Laboratory 2.0 - Towards an Integrated Research Environment for Engineering Mechanics.,https://dblp.org/rec/conf/iceis/SchulteKRF11
2895,paper,CluX - Clustering XML Sub-trees.,https://dblp.org/rec/conf/iceis/BottcherHK10
2896,paper,A Prototype for Translating XSLT into XQuery.,https://dblp.org/rec/conf/iceis/BettentruppGGBG06
2897,paper,Using XML Schema Subtraction to Compress Electronic Payment Messages.,https://dblp.org/rec/conf/iceis/BottcherHM10a
2898,paper,Towards the Next Generation of Service-Oriented Flexible Collaborative Systems - A Basic Framework Applied to Medical Research.,https://dblp.org/rec/conf/iceis/SchulteHSES08
2899,paper,WasabiBeans - Web Application Services and Business Integration.,https://dblp.org/rec/conf/iceis/Schulte11
2900,paper,Algorithmic View of Online Prize-collecting Optimization Problems.,https://dblp.org/rec/conf/iceis/MarkarianE21
2901,paper,A Method for Engineering a True Service-Oriented Architecture.,https://dblp.org/rec/conf/iceis/EngelsHHJLRVW08
2902,paper,In Need of Change: The Scientific Practice of Representing Business Models - Position Paper.,https://dblp.org/rec/conf/iceis/JohnK12
2903,paper,An Online Deterministic Algorithm for Non-Metric Facility Leasing.,https://dblp.org/rec/conf/iceis/MarkarianF23
2904,paper,Constraint Checking for Non-blocking Transaction Processing in Mobile Ad-hoc Networks.,https://dblp.org/rec/conf/iceis/ObermeierB10
2905,paper,Online Non-metric Facility Location with Service-Quality Costs.,https://dblp.org/rec/conf/iceis/Markarian22a
2906,paper,A Service-Oriented Framework for Distributed Collaborative Knowledge Work.,https://dblp.org/rec/conf/iceis/Schulte11a
2907,paper,Efficient Querying of Transformed XML Documents.,https://dblp.org/rec/conf/iceis/GroppeBB04
2908,paper,Automated Data Mapping for Cross Enterprise Data Integration.,https://dblp.org/rec/conf/iceis/BottcherG03
2909,paper,Queryable SEPA Message Compression by XML Schema Subtraction.,https://dblp.org/rec/conf/iceis/BottcherHM10
2910,paper,Online Algorithms for Prize-Collecting Optimization Problems.,https://dblp.org/rec/conf/iceis/MarkarianE21a
2911,paper,Enabling CSCW systems to automatically bind external knowledge bases.,https://dblp.org/rec/conf/iceis/BoppSH07
2912,paper,OOPUS-Designer - User-friendly Master Data Maintenance through Intuitive and Interactive Visualization.,https://dblp.org/rec/conf/iceis/DangelmaierKKBR07
2913,paper,MetaXsA: Modulares Framework zur Metadatenextraktion durch semantische Dokumentanalyse auf unstrukturierten Textdokumenten.,https://dblp.org/rec/conf/informatiktage/SchmidtRM08
2914,paper,PeerGame: Ein Peer-to-Peer-basiertes Multiplayer-Echtzeit-Strategiespiel.,https://dblp.org/rec/conf/informatiktage/DiekwischMWSJMM11
2915,paper,Self-Optimizing Binary Search Trees - A Game Theoretic Approach.,https://dblp.org/rec/conf/informatiktage/Strothmann13
2916,paper,Finden von Experten in Projekten durch Profiling und Verhaltensbewertung.,https://dblp.org/rec/conf/informatiktage/Reinhardt09
2917,paper,Integration eines externen Formelsatzprogrammes in CSCW-Umgebung.,https://dblp.org/rec/conf/informatiktage/Reinhardt06
2918,paper,Vom Informations- zum Wissensmanagement: Der Knowledge Bus als flexibler Lösungsansatz.,https://dblp.org/rec/conf/informatiktage/MlynarskiNR07
2919,paper,Pair Programming: Implikationen der industrialisierten Softwareentwicklung auf die universitäre Informatikausbildung.,https://dblp.org/rec/conf/informatiktage/Reinhardt07
2920,paper,Web-Service-Sicherheit.,https://dblp.org/rec/conf/informatiktage/Reinhardt06a
2921,paper,PIRANHA - Hunter of Idle Resources.,https://dblp.org/rec/conf/informatiktage/BirkenheuerHHJK05
2922,paper,A Framework for Geometry Processing based on Hybrid Surface Representations.,https://dblp.org/rec/conf/informatiktage/Campen09
2923,paper,Generierung von dynamischen Web-Anwendungen aus visuellen Spezifikationen.,https://dblp.org/rec/conf/informatiktage/Winter05
2924,paper,Better be reactive at the beginning. Implications of the first seconds of an encounter for the tutoring style in human-robot-interaction.,https://dblp.org/rec/conf/ro-man/PitschLRSNW12
2925,paper,Parents' Views on Using Social Robots for Language Learning.,https://dblp.org/rec/conf/ro-man/TolksdorfR20
2926,paper,A friendly gesture: Investigating the effect of multimodal robot behavior in human-robot interaction.,https://dblp.org/rec/conf/ro-man/SalemRKJ11
2927,paper,Classes of Applications for Social Robots: A User Study.,https://dblp.org/rec/conf/ro-man/HegelLSWRW07
2928,paper,Fuzzy emotion recognition in natural speech dialogue.,https://dblp.org/rec/conf/ro-man/AustermannEKK05
2929,paper,Einsatz von Java Applikationen für ds Organisationsdesign virtueller Unternehmen.,https://dblp.org/rec/conf/iweb/OttH98
2930,paper,Deployment of Simple User-Centered Collaborative Technologies in Educational Institutions - Experiences and Requirements.,https://dblp.org/rec/conf/wetice/HampelSV05
2931,paper,Collaborative Organization Design: A Synergy of Groupware and Web-based Infrastructures and Technology.,https://dblp.org/rec/conf/wetice/OttH98
2932,paper,Customer-Oriented Systems Design through Virtual Prototypes.,https://dblp.org/rec/conf/wetice/FlakeGMPRR01
2933,paper,XPath query transformation based on XSLT stylesheets.,https://dblp.org/rec/conf/widm/GroppeB03
2934,paper,Semantics of State-Oriented Expressions in the Object Constraint Language.,https://dblp.org/rec/conf/seke/FlakeM03
2935,paper,Cooperation Patterns for process-centred Software Development Environments.,https://dblp.org/rec/conf/seke/SchaferW95
2936,paper,Development and Programming of Deductive Databases with PROTOS-L.,https://dblp.org/rec/conf/seke/Bottcher90
2937,paper,Aspect enhanced functional coverage driven verification in the SystemC HDVL.,https://dblp.org/rec/conf/isocc/Kuznik011
2938,paper,An introduction to program comprehension for computer science educators.,https://dblp.org/rec/conf/iticse/SchulteCTBP10
2939,paper,Fostering Program Comprehension in Novice Programmers - Learning Activities and Learning Trajectories.,https://dblp.org/rec/conf/iticse/IzuSACDGHKLMW19a
2940,paper,A Global Snapshot of Computer Science Education in K-12 Schools.,https://dblp.org/rec/conf/iticse/HubwieserGBBDMP15
2941,paper,Students' Motivation and Intention to Engage with Data-Driven Technologies from a CS Perspective in Everyday Life.,https://dblp.org/rec/conf/iticse/Hoper0M24
2942,paper,Hypermedia teaching of mechanics - MechANIma.,https://dblp.org/rec/conf/iticse/HampelFKM98
2943,paper,What are information technology's key qualifications?,https://dblp.org/rec/conf/iticse/DorgeS08
2944,paper,Program Comprehension: Identifying Learning Trajectories for Novice Programmers.,https://dblp.org/rec/conf/iticse/IzuSACDGHKLMW19
2945,paper,Values and Beliefs Underpinning K-12 Computing Education.,https://dblp.org/rec/conf/iticse/0001SSAYLRSSTTV24
2946,paper,Comparison of OOP first and OOP later: first results regarding the role of comfort level.,https://dblp.org/rec/conf/iticse/EhlertS10
2947,paper,Computer science/informatics in secondary education.,https://dblp.org/rec/conf/iticse/HubwieserABDDGK11
2948,paper,Developing a competency model for teaching computer science in schools.,https://dblp.org/rec/conf/iticse/BergesHMBBMNSSO13
2949,paper,What We Talk About When We Talk About K-12 Computing Education.,https://dblp.org/rec/conf/iticse/0001SSAYLRSSTTV24a
2950,paper,Under Co-construction: Toward the Social Design of Explainable AI Systems.,https://dblp.org/rec/conf/iticse/Rohlfing21
2951,paper,Bridging ICT and CS: educational standards for computer science in lower secondary education.,https://dblp.org/rec/conf/iticse/BrindaPS09
2952,paper,Kaos4SOA - Extending KAOS Models with Temporal and Logical Dependencies.,https://dblp.org/rec/conf/caise/NagelGPE13
2953,paper,Situation-Specific Business Model Development Methods for Mobile App Developers.,https://dblp.org/rec/conf/caise/GottschalkYNE21
2954,paper,Detection and Resolution of Data-Flow Differences in Business Process Models.,https://dblp.org/rec/conf/caise/JovanovikjYG0E19
2955,paper,"GATiB-CSCW, Medical Research Supported by a Service-Oriented Collaborative System.",https://dblp.org/rec/conf/caise/StarkSHSZE08
2956,paper,An Integrated Quality Assurance Framework for Specifying Business Information Systems.,https://dblp.org/rec/conf/caise/Salger0E09
2957,paper,Model-Driven Test Case Migration: The Test Case Reengineering Horseshoe Model.,https://dblp.org/rec/conf/caise/JovanovikjEA018
2958,paper,Modeling and Analyzing Architectural Diversity of Open Platforms.,https://dblp.org/rec/conf/caise/JazayeriSKZE20
2959,paper,Pattern-Based Modeling and Formalizing of Business Process Quality Constraints.,https://dblp.org/rec/conf/caise/KhalufGE11
2960,paper,A Tool for Process Merging in Business-Driven Development.,https://dblp.org/rec/conf/caise/KusterGFE08
2961,paper,Incremental Workflow Mining for Process Flexibility.,https://dblp.org/rec/conf/caise/KindlerRS06
2962,paper,Linguistic Consistency of Goal Models.,https://dblp.org/rec/conf/caise/PittkeNEM14
2963,paper,A UML-based Rich Service Description Language for Automatic Service Discovery of Heterogeneous Service Partners.,https://dblp.org/rec/conf/caise/HumaGEJ12
2964,paper,Modeling Cross-Device Systems with Use Case Diagrams.,https://dblp.org/rec/conf/caise/WoltersGE16
2965,paper,Model-Driven Architecture for Hard Real-Time Systems: From Platform Independent Models to Code.,https://dblp.org/rec/conf/ecmdafa/BurmesterGS05
2966,paper,Bidirectional Method Patterns for Language Editor Migration.,https://dblp.org/rec/conf/ecmdafa/YigitbasALG18
2967,paper,Self-adaptive UIs: Integrated Model-Driven Development of UIs and Their Adaptations.,https://dblp.org/rec/conf/ecmdafa/YigitbasS0E17
2968,paper,Dynamic Computation of Change Operations in Version Management of Business Process Models.,https://dblp.org/rec/conf/ecmdafa/KusterGE10
2969,paper,From UML Activities to TAAL - Towards Behaviour-Preserving Model Transformations.,https://dblp.org/rec/conf/ecmdafa/EngelsKRSSW08
2970,paper,Dependent and Conflicting Change Operations of Process Models.,https://dblp.org/rec/conf/ecmdafa/KusterGE09
2971,paper,Normalizing Heterogeneous Service Description Models with Generated QVT Transformations.,https://dblp.org/rec/conf/ecmdafa/SchwichtenbergGHE14
2972,paper,Building Advanced Mechatronic Systems.,https://dblp.org/rec/conf/ecmdafa/Schafer11
2973,paper,Do your Resources Sound Similar?: On the Impact of Using Phonetic Similarity in Link Discovery.,https://dblp.org/rec/conf/kcap/AhmedSN19
2974,paper,Neural Reasoning for Robust Instance Retrieval in SHOIQ.,https://dblp.org/rec/conf/kcap/TeyouFKD0HN25
2975,paper,Parameter Averaging in Link Prediction.,https://dblp.org/rec/conf/kcap/SapkotaDSN25
2976,paper,NL2LS: LLM-based Automatic Linking of Knowledge Graphs.,https://dblp.org/rec/conf/kcap/IhtassineFSANS25
2977,paper,ASSET: A Semi-supervised Approach for Entity Typing in Knowledge Graphs.,https://dblp.org/rec/conf/kcap/ZaheraHN21
2978,paper,Lingua Franca - Entity-Aware Machine Translation Approach for Question Answering over Knowledge Graphs.,https://dblp.org/rec/conf/kcap/SrivastavaPKMN023
2979,paper,Efficient RDF Knowledge Graph Partitioning Using Querying Workload.,https://dblp.org/rec/conf/kcap/Akhter0BN21
2980,paper,Ensemble Learning of Named Entity Recognition Algorithms using Multilayer Perceptron for the Multilingual Web of Data.,https://dblp.org/rec/conf/kcap/SpeckN17
2981,paper,GATES: Using Graph Attention Networks for Entity Summarization.,https://dblp.org/rec/conf/kcap/FirmansyahMN21
2982,paper,Evaluation of Entity and Relation Linking for Question Answering over Knowledge Graphs.,https://dblp.org/rec/conf/kcap/VollmersSZN25
2983,paper,SQCFramework: SPARQL Query Containment Benchmark Generation Framework.,https://dblp.org/rec/conf/kcap/SaleemSMLN17
2984,paper,Jointly Learning from Social Media and Environmental Data for Typhoon Intensity Prediction.,https://dblp.org/rec/conf/kcap/ZaheraSN19
2985,paper,Explainable Benchmarking through the Lense of Concept Learning.,https://dblp.org/rec/conf/kcap/ZhangRSKN25
2986,paper,"MAG: A Multilingual, Knowledge-base Agnostic and Deterministic Entity Linking Approach.",https://dblp.org/rec/conf/kcap/MoussallemURN17
2987,paper,Utilizing Knowledge Graphs for Neural Machine Translation Augmentation.,https://dblp.org/rec/conf/kcap/MoussallemNBA19
2988,paper,Congenial Benchmarking of RDF Storage Solutions.,https://dblp.org/rec/conf/kcap/NgomoCPT19
2989,paper,Fuzzy Linguistic Summaries for Explaining Online Semi-Supervised Learning.,https://dblp.org/rec/conf/is/KaczmarekMajerCCLH22
2990,paper,A brief tour of join point interfaces.,https://dblp.org/rec/conf/aosd/BoddenTI13
2991,paper,Relational aspects as tracematches.,https://dblp.org/rec/conf/aosd/BoddenSH08
2992,paper,Closure joinpoints: block joinpoints without surprises.,https://dblp.org/rec/conf/aosd/Bodden11
2993,paper,Dependent advice: a general approach to optimizing history-based aspects.,https://dblp.org/rec/conf/aosd/BoddenCR09
2994,paper,Visual Specification of Complex Database Actions.,https://dblp.org/rec/conf/ewdw/EngelL94
2995,paper,Multi-resource energy-efficient routing in cloud data centers with network-as-a-service.,https://dblp.org/rec/conf/iscc/WangAZWL15
2996,paper,NetNN: Neural Intrusion Detection System in Programmable Networks.,https://dblp.org/rec/conf/iscc/RazaviFKNMW24
2997,paper,Event Recommendations through the Lens of Vision and Language Foundation Models.,https://dblp.org/rec/conf/rectour/HalimehF023
2998,paper,Experimental Supplements to the Theoretical Analysis of EAs on Problems from Combinatorial Optimization.,https://dblp.org/rec/conf/ppsn/BriestBDEGHJLPRSSTW04
2999,paper,HPO ˟ ELA: Investigating Hyperparameter Optimization Landscapes by Means of Exploratory Landscape Analysis.,https://dblp.org/rec/conf/ppsn/SchneiderSPBTK22
3000,paper,Automated Algorithm Selection in Single-Objective Continuous Optimization: A Comparative Study of Deep Learning and Landscape Analysis Methods.,https://dblp.org/rec/conf/ppsn/PragerSTK22
3001,paper,BBE: Basin-Based Evaluation of Multimodal Multi-objective Optimization Problems.,https://dblp.org/rec/conf/ppsn/HeinsRSKBT22
3002,paper,Optimising Tours for the Weighted Traveling Salesperson Problem and the Traveling Thief Problem: A Structural Comparison of Solutions.,https://dblp.org/rec/conf/ppsn/BossekNN20
3003,paper,Preference-Based Multi-Objective Particle Swarm Optimization Using Desirabilities.,https://dblp.org/rec/conf/ppsn/MostaghimTM10
3004,paper,A Convergence Criterion for Multiobjective Evolutionary Algorithms Based on Systematic Statistical Testing.,https://dblp.org/rec/conf/ppsn/TrautmannLMP08
3005,paper,Benchmarking Evolutionary Algorithms: Towards Exploratory Landscape Analysis.,https://dblp.org/rec/conf/ppsn/MersmannPT10
3006,paper,Towards Analyzing Multimodality of Continuous Multiobjective Landscapes.,https://dblp.org/rec/conf/ppsn/KerschkeWPGDTE16
3007,paper,Learned Features vs. Classical ELA on Affine BBOB Functions.,https://dblp.org/rec/conf/ppsn/SeilerSCDT24
3008,paper,Hybridizing Target- and SHAP-Encoded Features for Algorithm Selection in Mixed-Variable Black-Box Optimization.,https://dblp.org/rec/conf/ppsn/DietrichPDT24
3009,paper,Co-evolutionary Diversity Optimisation for the Traveling Thief Problem.,https://dblp.org/rec/conf/ppsn/NikfarjamNBN22
3010,paper,Stopping Criteria for Multimodal Optimization.,https://dblp.org/rec/conf/ppsn/WessingPT14
3011,paper,The Ising Model: Simple Evolutionary Algorithms as Adaptation Schemes.,https://dblp.org/rec/conf/ppsn/BriestBDEGHJLPRSSTW04a
3012,paper,Deep Learning as a Competitive Feature-Free Approach for Automated Algorithm Selection on the Traveling Salesperson Problem.,https://dblp.org/rec/conf/ppsn/SeilerPBKT20
3013,paper,New Uncertainty Handling Strategies in Multi-objective Evolutionary Optimization.,https://dblp.org/rec/conf/ppsn/VossTI10
3014,paper,Evolving Sampling Strategies for One-Shot Optimization Tasks.,https://dblp.org/rec/conf/ppsn/BossekDKNN20
3015,paper,LDAX: A Learning-based Fast Design Space Exploration Framework for Approximate Circuit Synthesis.,https://dblp.org/rec/conf/glvlsi/00090P21
3016,paper,A Hybrid Synthesis Methodology for Approximate Circuits.,https://dblp.org/rec/conf/glvlsi/AwaisMP20
3017,paper,Jump Search: A Fast Technique for the Synthesis of Approximate Circuits.,https://dblp.org/rec/conf/glvlsi/WitschenMAP19
3018,paper,V: Drive - Costs and Benefits of an Out-of-Band Storage Virtualization System.,https://dblp.org/rec/conf/mss/BrinkmannHHRSV04
3019,paper,Answering Instance Queries Relaxed by Concept Similarity.,https://dblp.org/rec/conf/kr/EckePT14
3020,paper,Approximation and Difference in Description Logics.,https://dblp.org/rec/conf/kr/BrandtKT02
3021,paper,Query Answering for Rough EL Ontologies.,https://dblp.org/rec/conf/kr/PenalozaTT18
3022,paper,Telework business process co-ordination - The supporting tool engineering life cycle.,https://dblp.org/rec/conf/ifip5-3/FerreiraMDKG98
3023,paper,Efficient Event Handling In Supply Networks Using Q-Learning And K-Means Clustering.,https://dblp.org/rec/conf/ifip5-3/DoringDL08
3024,paper,Situation- and Domain-Specific Composition and Enactment of Business Model Development Methods.,https://dblp.org/rec/conf/profes/GottschalkYNE21
3025,paper,Designing Platforms for Crowd-Based Software Prototype Validation: A Design Science Study.,https://dblp.org/rec/conf/profes/GottschalkPYE22
3026,paper,Virtual Reality Collaboration Platform for Agile Software Development.,https://dblp.org/rec/conf/profes/YigitbasWGE23
3027,paper,Breathing Life into Situational Software Engineering Methods.,https://dblp.org/rec/conf/profes/Fazal-BaqaieGE14
3028,paper,Tickets Without Fine - Artifact-Based Synchronization of Globally Distributed Software Development in Practice.,https://dblp.org/rec/conf/profes/Fazal-BaqaieG015
3029,paper,Towards Situational Process Management for Professional Education Programmes.,https://dblp.org/rec/conf/profes/WoltersE22
3030,paper,Supporting the Development of Oracle APEX Low-Code Applications with Large Language Models.,https://dblp.org/rec/conf/profes/GorissenSB24
3031,paper,Cloud Computing Reduces Uncertainties in Quality-of-Service Matching!,https://dblp.org/rec/conf/esocc/BeckerPB14
3032,paper,Matching of Incomplete Service Specifications Exemplified by Privacy Policy Matching.,https://dblp.org/rec/conf/esocc/PlateniusAPS14
3033,paper,Analysing the API learning process through the use of eye tracking.,https://dblp.org/rec/conf/etra/SparmannS23
3034,paper,Identifying K-12 Students' Approaches to Using Worked Examples for Epistemic Programming.,https://dblp.org/rec/conf/etra/HusingS0B24
3035,paper,What influences dwell time during source code reading?: analysis of element type and frequency as factors.,https://dblp.org/rec/conf/etra/BusjahnBS14
3036,paper,Designing Causal Inference Systems for Value-Based Spare Parts Pricing - An ADR Study at MAN Energy Solutions.,https://dblp.org/rec/conf/bir/ThiessM20
3037,paper,Optimization of Application-Specific L1 Cache Translation Functions of the LEON3 Processor.,https://dblp.org/rec/conf/socpar/HoKP19
3038,paper,SPIN as a Linearizability Checker under Weak Memory Models.,https://dblp.org/rec/conf/hvc/TravkinMW13
3039,paper,TSO to SC via Symbolic Execution.,https://dblp.org/rec/conf/hvc/WehrheimT15
3040,paper,Handling TSO in Mechanized Linearizability Proofs.,https://dblp.org/rec/conf/hvc/TravkinW14
3041,paper,UML - A Universal Modeling Language?,https://dblp.org/rec/conf/apn/EngelsHS00
3042,paper,The SEA Language for System Engineering and Animation.,https://dblp.org/rec/conf/apn/KleinjohannKT96
3043,paper,Component Tools: Integrating Petri Nets with Other Formal Methods.,https://dblp.org/rec/conf/apn/KindlerRW06
3044,paper,A 5.8 GHz CMOS Analog Front-End Targeting RF Energy Harvesting for Microwave RFIDs with MIMO Reader.,https://dblp.org/rec/conf/rfidta/HaddadianS19
3045,paper,Comprehensive Architecture Evaluation and Management in Large Software-Systems.,https://dblp.org/rec/conf/qosa/SalgerBEL08
3046,paper,Model-driven performance engineering of self-adaptive systems: a survey.,https://dblp.org/rec/conf/qosa/BeckerLB12
3047,paper,Performance analysis of self-adaptive systems for requirements validation at design-time.,https://dblp.org/rec/conf/qosa/BeckerLB13
3048,paper,On the Potential of Multi-objective Automated Algorithm Configuration on Multi-modal Multi-objective Optimisation Problems.,https://dblp.org/rec/conf/evostar/PreussRT24
3049,paper,Task Allocation Strategy for Time-Constrained Tasks in Robot Swarms.,https://dblp.org/rec/conf/ecal/KhalufR13
3050,paper,BioASQ: A Challenge on Large-Scale Biomedical Semantic Indexing and Question Answering.,https://dblp.org/rec/conf/aaaifs/TsatsaronisSPAAGGAAZN12
3051,paper,Secure Computation of Common Data among Malicious Partners.,https://dblp.org/rec/conf/secrypt/ObermeierB07
3052,paper,Traffic Estimation and MPC-Based Traffic Light System Control in Realistic Real-Time Traffic Environments.,https://dblp.org/rec/conf/smartgreens/MalenaLBGT21
3053,paper,Scaling Interprocedural Static Data-Flow Analysis to Large C/C++ Applications: An Experience Report.,https://dblp.org/rec/conf/ecoop/SchiebelSSAB24
3054,paper,MagpieBridge: A General Approach to Integrating Static Analyses into IDEs and Editors (Tool Insights Paper).,https://dblp.org/rec/conf/ecoop/LuoDB19
3055,paper,Java Bytecode Normalization for Code Similarity Analysis.,https://dblp.org/rec/conf/ecoop/SchottPFKB24
3056,paper,Dealing with Variability in API Misuse Specification.,https://dblp.org/rec/conf/ecoop/BonifacioKNBM21
3057,paper,A Staged Static Program Analysis to Improve the Performance of Runtime Monitoring.,https://dblp.org/rec/conf/ecoop/BoddenHL07
3058,paper,CrySL: An Extensible Approach to Validating the Correct Usage of Cryptographic APIs.,https://dblp.org/rec/conf/ecoop/KrugerS0BM18
3059,paper,"Lossless, Persisted Summarization of Static Callgraph, Points-To and Data-Flow Analysis.",https://dblp.org/rec/conf/ecoop/SchubertHB21
3060,paper,Boomerang: Demand-Driven Flow- and Context-Sensitive Pointer Analysis for Java.,https://dblp.org/rec/conf/ecoop/SpathDAB16
3061,paper,Bepreisungsansätze für verstopfte UMTS-Mobilfunknetzwerke.,https://dblp.org/rec/conf/wmc/KundischS03
3062,paper,A Network Based Approach for Realtime Walkthrough of Massive Models.,https://dblp.org/rec/conf/wae/FischerLZ98
3063,paper,Reliable Intersection Computation within Malicious Environments.,https://dblp.org/rec/conf/icete/BottcherO07
3064,paper,Interprom - A Collaborative Framework Driven by Business Needs - Service Oriented Inter-Organisational Support for Business Processes in Collaborative Environments.,https://dblp.org/rec/conf/icete/HuthVHR06
3065,paper,Performance analysis of optical OFDM systems.,https://dblp.org/rec/conf/icumt/HussinPN11
3066,paper,The impact of the contingency of robot feedback on HRI.,https://dblp.org/rec/conf/cts/FischerLSNWR13
3067,paper,Security Notions for Cloud Storage and Deduplication.,https://dblp.org/rec/conf/provsec/BoydDGRT18
3068,paper,Delta-Oriented Monitor Specification.,https://dblp.org/rec/conf/isola/BoddenFPS12
3069,paper,Challenges in Defining a Programming Language for Provably Correct Dynamic Analyses.,https://dblp.org/rec/conf/isola/BoddenFR12
3070,paper,Information Flow Analysis for Go.,https://dblp.org/rec/conf/isola/BoddenPSSW16
3071,paper,A Formal Behavioral Semantics for TestML.,https://dblp.org/rec/conf/isola/GrossmannM06
3072,paper,A Modelling Approach for Dynamic and Complex Capacities in Production Control Systems.,https://dblp.org/rec/conf/bis/DangelmaierKTB07
3073,paper,Learning a Representation for Optimizable Formulas.,https://dblp.org/rec/conf/alt/BuningL96
3074,paper,Neural Networks as Black-Box Benchmark Functions Optimized for Exploratory Landscape Features.,https://dblp.org/rec/conf/foga/PragerDSSBKTM23
3075,paper,On the potential of normalized TSP features for automated algorithm selection.,https://dblp.org/rec/conf/foga/HeinsBPSTK21
3076,paper,Time complexity analysis of RLS and (1 + 1) EA for the edge coloring problem.,https://dblp.org/rec/conf/foga/BossekS19
3077,paper,Computing diverse sets of high quality TSP tours by EAX-based evolutionary diversity optimisation.,https://dblp.org/rec/conf/foga/NikfarjamB0N21
3078,paper,Evolving diverse TSP instances by means of novel and creative mutation operators.,https://dblp.org/rec/conf/foga/BossekKN00T19
3079,paper,Do additional optima speed up evolutionary algorithms?,https://dblp.org/rec/conf/foga/BossekS21
3080,paper,Efficient Online Automated Algorithm Selection in the Face of Data-Drift in Optimisation Problem Instances.,https://dblp.org/rec/conf/foga/RookRTH25
3081,paper,A feature-based comparison of local search and the christofides algorithm for the travelling salesperson problem.,https://dblp.org/rec/conf/foga/Nallaperuma0NBMT13
3082,paper,An inference engine for function free logic programs.,https://dblp.org/rec/conf/ictai/Bottcher90
3083,paper,Model-Based Anomaly Detection for Discrete Event Systems.,https://dblp.org/rec/conf/ictai/KlerxABP14
3084,paper,Game-theoretic pricing and selection with fading channels.,https://dblp.org/rec/conf/ascc/NiLQS17
3085,paper,A joined architecture/compiler design environment for ASIPs.,https://dblp.org/rec/conf/cases/TeichWFT00
3086,paper,Efficient architecture/compiler co-exploration for ASIPs.,https://dblp.org/rec/conf/cases/FischerTTW02
3087,paper,Design space characterization for architecture/compiler co-exploration.,https://dblp.org/rec/conf/cases/FischerTWKT01
3088,paper,Neural Class Expression Synthesis.,https://dblp.org/rec/conf/esws/KouagouHDN23
3089,paper,LauNuts: A Knowledge Graph to Identify and Compare Geographic Regions in the European Union.,https://dblp.org/rec/conf/esws/WilkeN23
3090,paper,SAIM - One Step Closer to Zero-Configuration Link Discovery.,https://dblp.org/rec/conf/esws/LykoHSNL13
3091,paper,Where is My URI?,https://dblp.org/rec/conf/esws/ValdestilhasSNM18
3092,paper,Developing a Sustainable Platform for Entity Annotation Benchmarks.,https://dblp.org/rec/conf/esws/RoderUN15
3093,paper,Wombat - A Generalization Approach for Automatic Link Discovery.,https://dblp.org/rec/conf/esws/SherifNL17
3094,paper,Entity Linking in 40 Languages Using MAG.,https://dblp.org/rec/conf/esws/MoussallemURN18
3095,paper,conTEXT - Lightweight Text Analytics Using Linked Data.,https://dblp.org/rec/conf/esws/KhaliliAN14
3096,paper,Towards a Semantic Message-driven Microservice Platform for Geospatial and Sensor Data.,https://dblp.org/rec/conf/esws/WauerSN18
3097,paper,The Scalable Question Answering Over Linked Data (SQA) Challenge 2018.,https://dblp.org/rec/conf/esws/NapolitanoUN18
3098,paper,DBtrends: Publishing and Benchmarking RDF Ranking Functions.,https://dblp.org/rec/conf/esws/MarxZMRLNC16
3099,paper,MOCHA2017: The Mighty Storage Challenge at ESWC 2017.,https://dblp.org/rec/conf/esws/GeorgalaSJPRN17
3100,paper,Evaluating Entity Annotators Using GERBIL.,https://dblp.org/rec/conf/esws/UsbeckRN15
3101,paper,ESLM: Improving Entity Summarization by Leveraging Language Models.,https://dblp.org/rec/conf/esws/FirmansyahMN24
3102,paper,conTEXT - A Mashup Platform for Lightweight Text Analytics.,https://dblp.org/rec/conf/esws/KhaliliAN14a
3103,paper,Applying Grammar-Based Compression to RDF.,https://dblp.org/rec/conf/esws/RoderFCN21
3104,paper,COALA - Correlation-Aware Active Learning of Link Specifications.,https://dblp.org/rec/conf/esws/NgomoLC13
3105,paper,MOCHA2018: The Mighty Storage Challenge at ESWC 2018.,https://dblp.org/rec/conf/esws/GeorgalaSJPSRN18
3106,paper,Developing a Sustainable Platform for Entity Annotation Benchmarks.,https://dblp.org/rec/conf/esws/RoderUN15a
3107,paper,RELD: A Knowledge Graph of Relation Extraction Datasets.,https://dblp.org/rec/conf/esws/AliSMSN23
3108,paper,6th Open Challenge on Question Answering over Linked Data (QALD-6).,https://dblp.org/rec/conf/esws/UngerNC16
3109,paper,Open Knowledge Extraction Challenge 2017.,https://dblp.org/rec/conf/esws/SpeckROAN17
3110,paper,ANTS: Abstractive Entity Summarization in Knowledge Graphs.,https://dblp.org/rec/conf/esws/FirmansyahZSMN25
3111,paper,UPSP: Unique Predicate-based Source Selection for SPARQL Endpoint Federation.,https://dblp.org/rec/conf/esws/OzkanSDN16
3112,paper,Dynamic Planning for Link Discovery.,https://dblp.org/rec/conf/esws/GeorgalaON18
3113,paper,Open Knowledge Extraction Challenge 2018.,https://dblp.org/rec/conf/esws/SpeckRCRRSSASMN18
3114,paper,Convolutional Complex Knowledge Graph Embeddings.,https://dblp.org/rec/conf/esws/DemirN21
3115,paper,When to Reach for the Cloud: Using Parallel Hardware for Link Discovery.,https://dblp.org/rec/conf/esws/NgomoKHHAR13
3116,paper,The Lazy Traveling Salesman - Memory Management for Large-Scale Link Discovery.,https://dblp.org/rec/conf/esws/NgomoH16
3117,paper,Semantics-Aware Caching for Concept Learning.,https://dblp.org/rec/conf/esws/TeyouDN26
3118,paper,Unsupervised Link Discovery through Knowledge Base Repair.,https://dblp.org/rec/conf/esws/NgomoSL14
3119,paper,EAGLE: Efficient Active Learning of Link Specifications Using Genetic Programming.,https://dblp.org/rec/conf/esws/NgomoL12
3120,paper,CETUS - A Baseline Approach to Type Extraction.,https://dblp.org/rec/conf/esws/RoderUSN15
3121,paper,CLASS MATE: Cross-Lingual Semantic Search for Material Science Driven by Knowledge Graphs.,https://dblp.org/rec/conf/esws/PerevalovCKSLDBN24
3122,paper,A Practical Approach for Computing Generalization Inferences in EL\\mathcal{EL}.,https://dblp.org/rec/conf/esws/PenalozaT11
3123,paper,Eaglet - a Named Entity Recognition and Entity Linking Gold Standard Checking Tool.,https://dblp.org/rec/conf/esws/JhaRN17a
3124,paper,Efficient Evaluation of Conjunctive Regular Path Queries Using Multi-way Joins.,https://dblp.org/rec/conf/esws/KaralisBHSN24
3125,paper,HAWK - Hybrid Question Answering Using Linked Data.,https://dblp.org/rec/conf/esws/UsbeckNBU15
3126,paper,HiBISCuS: Hypergraph-Based Source Selection for SPARQL Endpoint Federation.,https://dblp.org/rec/conf/esws/SaleemN14
3127,paper,No Need to Be a Know-It-All: Fact Checking with Shallow Knowledge.,https://dblp.org/rec/conf/esws/QudusPRN26
3128,paper,Evaluating Approximate Nearest Neighbour Search Systems on Knowledge Graph Embeddings.,https://dblp.org/rec/conf/esws/PanditRN25
3129,paper,Unsupervised Relation Extraction Using Sentence Encoding.,https://dblp.org/rec/conf/esws/AliSN21
3130,paper,Federated Query Processing: Challenges and Opportunities.,https://dblp.org/rec/conf/esws/NgomoS16
3131,paper,Robustness Evaluation of Knowledge Graph Embedding Models Under Non-targeted Attacks.,https://dblp.org/rec/conf/esws/KapoorSRDN25
3132,paper,7th Open Challenge on Question Answering over Linked Data (QALD-7).,https://dblp.org/rec/conf/esws/UsbeckNHKRN17
3133,paper,All that Glitters Is Not Gold - Rule-Based Curation of Reference Datasets for Named Entity Recognition and Entity Linking.,https://dblp.org/rec/conf/esws/JhaRN17
3134,paper,Conel: Contrastive Neural Link Discovery Leveraging Literal Similarities.,https://dblp.org/rec/conf/esws/BeckerNS26
3135,paper,Learning Concept Lengths Accelerates Concept Learning in ALC.,https://dblp.org/rec/conf/esws/KouagouHDN22
3136,paper,Tab2Onto: Unsupervised Semantification with Knowledge Graph Embeddings.,https://dblp.org/rec/conf/esws/ZaheraHBHVWWN22
3137,paper,Detecting Similar Linked Datasets Using Topic Modelling.,https://dblp.org/rec/conf/esws/RoderNEB16
3138,paper,Automating RDF Dataset Transformation and Enrichment.,https://dblp.org/rec/conf/esws/SherifNL15
3139,paper,Hybrid Acquisition of Temporal Scopes for RDF Data.,https://dblp.org/rec/conf/esws/RulaPNGLB14
3140,paper,LinkLion: A Link Repository for the Web of Data.,https://dblp.org/rec/conf/esws/NentwigSNR14
3141,paper,TIM: Tiered Iterative Knowledge Graph Matching.,https://dblp.org/rec/conf/esws/BeckerNS26a
3142,paper,Document-Level Relation Extraction Using Reinforcement Learning with Knowledge Graph Feedback.,https://dblp.org/rec/conf/esws/AliZSMKSN26
3143,paper,Constructing Explainability.,https://dblp.org/rec/conf/re/RohlfingC22
3144,paper,Requirements Engineering Decisions in the Context of an Existing Architecture: A Case Study of a Prototypical Project.,https://dblp.org/rec/conf/re/FerrariMSHGS10
3145,paper,From User Demand to Software Service: Using Machine Learning to Automate the Requirements Specification Process.,https://dblp.org/rec/conf/re/RooijenBPGHE17
3146,paper,Requirements Specification-by-Example Using a Multi-objective Evolutionary Algorithm.,https://dblp.org/rec/conf/re/RooijenH16
3147,paper,Systematic Requirements-Driven Evaluation and Synthesis of Alternative Principle Solutions for Advanced Mechatronic Systems.,https://dblp.org/rec/conf/re/AxenathGKF06
3148,paper,Holistic Requirements for Interdisciplinary Development Processes.,https://dblp.org/rec/conf/re/LankeitMHT18
3149,paper,Results of the BioASQ Track of the Question Answering Lab at CLEF 2014.,https://dblp.org/rec/conf/clef/BalikasPNKP14
3150,paper,Overview of CLEF Question Answering Track 2014.,https://dblp.org/rec/conf/clef/PenasUN14
3151,paper,Multilingual Question Answering over Linked Data (QALD-3): Lab Overview.,https://dblp.org/rec/conf/clef/CimianoLUCNW13
3152,paper,Question Answering over Linked Data (QALD-4).,https://dblp.org/rec/conf/clef/UngerFLNCCW14
3153,paper,Results of the First BioASQ Workshop.,https://dblp.org/rec/conf/clef/PartalasGN13
3154,paper,HAWK@QALD5 - Trying to Answer Hybrid Questions with Various Simple Ranking Techniques.,https://dblp.org/rec/conf/clef/UsbeckN15
3155,paper,Question Answering over Linked Data (QALD-5).,https://dblp.org/rec/conf/clef/UngerFLNCCW15
3156,paper,QALD-3: Multilingual Question Answering over Linked Data.,https://dblp.org/rec/conf/clef/CabrioCLNUW13
3157,paper,Wi-Fi Direct: Lessons learned.,https://dblp.org/rec/conf/medhocnet/LopezMCS16
3158,paper,Implementation of Visit-Oriented Attribute Evaluators.,https://dblp.org/rec/conf/saga/Kastens91a
3159,paper,Attributed Grammars as a Specification Method.,https://dblp.org/rec/conf/saga/Kastens91
3160,paper,Attribute Grammars in a Compiler Construction Environment.,https://dblp.org/rec/conf/saga/Kastens91b
3161,paper,Characterizing mention mismatching problems for improving recognition results.,https://dblp.org/rec/conf/iiwas/AbreuFNRWS17
3162,paper,Semi-Automated Software Composition Through Generated Components.,https://dblp.org/rec/conf/iiwas/MohrB13
3163,paper,SecCityVR: Visualization and Collaborative Exploration of Software Vulnerabilities in Virtual Reality.,https://dblp.org/rec/conf/ease/WuppelmannY25
3164,paper,Re-Envisioning Industrial Control Systems Security by Considering Human Factors as a Core Element of Defense-in-Depth.,https://dblp.org/rec/conf/eurosp/PottebaumRSAFCBG23
3165,paper,Key Revocation with Interval Cover Families.,https://dblp.org/rec/conf/sacrypt/BlomerM01
3166,paper,sfPERKS: Persistent and Distributed Key Acquisition for Secure Storage from Passwords.,https://dblp.org/rec/conf/sacrypt/DaviesP22
3167,paper,Provably Secure Masking of AES.,https://dblp.org/rec/conf/sacrypt/BlomerGK04
3168,paper,Analysis of Countermeasures Against Access Driven Cache Attacks on AES.,https://dblp.org/rec/conf/sacrypt/BlomerK07
3169,paper,Inferring Secret Information in Relational Databases.,https://dblp.org/rec/conf/sis/Bottcher07
3170,paper,Knowledge Based Tools for Testability Checking.,https://dblp.org/rec/conf/icftcs/Bidjan-IraniGR87
3171,paper,Distributed Graph-based Topology Adaptation using Motif Signatures.,https://dblp.org/rec/conf/alenex/SteinWWKKSWM17
3172,paper,Linearization: Locally Self-Stabilizing Sorting in Graphs.,https://dblp.org/rec/conf/alenex/OnusRS07
3173,paper,Clock Frequency Variation of Partially Reconfigurable Systems.,https://dblp.org/rec/conf/arcs/DittmannH06
3174,paper,"Entwurf, Beschreibung und Implementierung von Systemen mit Hilfe der nebenläufigen Programmiersprache CAP.",https://dblp.org/rec/conf/arcs/Ramming80
3175,paper,Learning Action Sequences Through Imitation in Behavior Based Architectures.,https://dblp.org/rec/conf/arcs/RichertKK05
3176,paper,Toward Self-adaptive Embedded Systems: Multi-objective Hardware Evolution.,https://dblp.org/rec/conf/arcs/KaufmannP07
3177,paper,Systematischer Entwurf eines 32-Bit Mikroprozessors als Ausbildungsaufgabe.,https://dblp.org/rec/conf/arcs/Rammig86
3178,paper,A Y-Chart Based Tool for Reconfigurable System Design.,https://dblp.org/rec/conf/arcs/DittmannRS05
3179,paper,Ampehre: An Open Source Measurement Framework for Heterogeneous Compute Nodes.,https://dblp.org/rec/conf/arcs/LoschWP18
3180,paper,"Total Cost of Service Life: The Need for Decision Support in Selecting, Comparing and Orchestrating Services.",https://dblp.org/rec/conf/icexss/BeckerBMM10
3181,paper,The Complexity of Finding Read-Once NAE-Resolution Refutations.,https://dblp.org/rec/conf/icla/BuningWS17
3182,paper,Expressing Property Specification Patterns with OCL.,https://dblp.org/rec/conf/serp/FlakeM03
3183,paper,Turning control flow graphs into function calls: Code generation for heterogeneous architectures.,https://dblp.org/rec/conf/ieeehpcs/BarrioCSKP12
3184,paper,Efficient trace monitoring.,https://dblp.org/rec/conf/oopsla/AvgustinovTBHLMOS06
3185,paper,The design and implementation of formal monitoring techniques.,https://dblp.org/rec/conf/oopsla/Bodden07
3186,paper,A lightweight LTL runtime verification tool for java.,https://dblp.org/rec/conf/oopsla/Bodden04
3187,paper,A high-level view of Java applications.,https://dblp.org/rec/conf/oopsla/Bodden03
3188,paper,Towards secure integration of cryptographic software.,https://dblp.org/rec/conf/oopsla/ArztNABEM15
3189,paper,Variational Data Structures: Exploring Tradeoffs in Computing with Variability.,https://dblp.org/rec/conf/oopsla/WalkingshawKEAB14
3190,paper,Do Android taint analysis tools keep their promises?,https://dblp.org/rec/conf/sigsoft/PauckBW18
3191,paper,Join point interfaces for modular reasoning in aspect-oriented programs.,https://dblp.org/rec/conf/sigsoft/InostrozaTB11
3192,paper,A methodology for specifying and analyzing consistency of object-oriented behavioral models.,https://dblp.org/rec/conf/sigsoft/EngelsKHG01
3193,paper,Incrementally synthesizing controllers from scenario-based product line specifications.,https://dblp.org/rec/conf/sigsoft/GreenyerBCHG13
3194,paper,Modular design and verification of component-based mechatronic systems with online-reconfiguration.,https://dblp.org/rec/conf/sigsoft/GieseBSO04
3195,paper,Gamifying static analysis.,https://dblp.org/rec/conf/sigsoft/DoB18
3196,paper,A tool suite for the model-driven software engineering of cyber-physical systems.,https://dblp.org/rec/conf/sigsoft/DziwokGBTHP14
3197,paper,Stateful breakpoints: a practical approach to defining parameterized runtime monitors.,https://dblp.org/rec/conf/sigsoft/Bodden11
3198,paper,Engineering self-coordinating software intensive systems.,https://dblp.org/rec/conf/sigsoft/SchaferBBDEOPRRT10
3199,paper,IDE support for cloud-based static analyses.,https://dblp.org/rec/conf/sigsoft/LuoSSB21
3200,paper,FlowTwist: efficient context-sensitive inside-out taint analysis for large codebases.,https://dblp.org/rec/conf/sigsoft/LerchHBM14
3201,paper,Finding programming errors earlier by evaluating runtime monitors ahead-of-time.,https://dblp.org/rec/conf/sigsoft/BoddenLH08
3202,paper,Model-driven test case design for model-to-model semantics preservation.,https://dblp.org/rec/conf/sigsoft/GerkingLS15
3203,paper,IDE 2.0: collective intelligence in software development.,https://dblp.org/rec/conf/sigsoft/BruchBMM10
3204,paper,Building advanced mechatronic systems.,https://dblp.org/rec/conf/sigsoft/Schafer11
3205,paper,Sensitive permittivity detector for dielectric samples at 120 GHz.,https://dblp.org/rec/conf/rws/WesselSSK18
3206,paper,The GAG-System - A Tool for Compiler Construction.,https://dblp.org/rec/conf/ac/Kastens83
3207,paper,Resemblance and Symmetries of Geometric Patterns.,https://dblp.org/rec/conf/dfg/AltB92
3208,paper,Model Based Formal Verification of Distributed Production Control Systems.,https://dblp.org/rec/conf/dfg/KardosR04
3209,paper,Specification and Formal Verification of Temporal Properties of Production Automation Systems.,https://dblp.org/rec/conf/dfg/FlakeMPR04
3210,paper,Distributed Game Tree Search on a Massively Parallel System.,https://dblp.org/rec/conf/dfg/FeldmannMM92
3211,paper,"High Performance Universal Hashing, with Applications to Shared Memory Simulations.",https://dblp.org/rec/conf/dfg/DietzfelbingerH92
3212,paper,From State-of-the-Art Static Fleet Assignment to Flexible Stochastic Planning of the Future.,https://dblp.org/rec/conf/dfg/GrothklagsLM09
3213,paper,An Engineer's Workstation to Support Integrated Development of Flexible Production Control Systems.,https://dblp.org/rec/conf/dfg/SchaferWGE04
3214,paper,Graph Partitioning with the Party Library: Helpful-Sets in Practice.,https://dblp.org/rec/conf/sbac-pad/MonienS04
3215,paper,Teaching object-oriented concepts with Eclipse.,https://dblp.org/rec/conf/eclipse/MeyerW04
3216,paper,Cross-layer scheduling for multi-quality video streaming in cellular wireless networks.,https://dblp.org/rec/conf/iwcmc/DraxlerK13
3217,paper,A Semantics for the Integration of Database Modifications and Transaction Brackets into a Logic Programming Language.,https://dblp.org/rec/conf/iski/Bottcher90
3218,paper,Bounded Model Checking of Graph Transformation Systems via SMT Solving.,https://dblp.org/rec/conf/forte/IsenbergSW13
3219,paper,Epistemic Uncertainty Sampling.,https://dblp.org/rec/conf/dis/NguyenDH19
3220,paper,Preference-Based Reinforcement Learning Using Dyad Ranking.,https://dblp.org/rec/conf/dis/SchaferH18
3221,paper,On Aggregation in Ensembles of Multilabel Classifiers.,https://dblp.org/rec/conf/dis/NguyenHRMF20
3222,paper,Hypothesis-driven Adaptation of Business Models based on Product Line Engineering.,https://dblp.org/rec/conf/wecwis/GottschalkRE20
3223,paper,A Recommender System Based on Omni-Channel Customer Data.,https://dblp.org/rec/conf/wecwis/CarneinHTV19
3224,paper,A Comparison of Evolvable Hardware Architectures for Classification Tasks.,https://dblp.org/rec/conf/ices/GletteTKP08
3225,paper,Towards self-adaptive caches: A run-time reconfigurable multi-core infrastructure.,https://dblp.org/rec/conf/ices/HoKP14
3226,paper,Coping with Resource Fluctuations: The Run-time Reconfigurable Functional Unit Row Classifier Architecture.,https://dblp.org/rec/conf/ices/KnieperKGPT10
3227,paper,System Level Design: The New Challenge.,https://dblp.org/rec/conf/ifip/Rammig92
3228,paper,How to Protect Multimedia Applications.,https://dblp.org/rec/conf/ifip/Koch96
3229,paper,Object-oriented specification of coordinated collaboration.,https://dblp.org/rec/conf/ifip/EngelsGK96
3230,paper,Yet Another Simple Internet Electronic Payment System.,https://dblp.org/rec/conf/ifip/ZhaoDK96
3231,paper,Object-Oriented System Development: Will the New Approach Solve Old Problems?,https://dblp.org/rec/conf/ifip/EngelsK94
3232,paper,Assessment of Production System Alternatives During Early Development Phase.,https://dblp.org/rec/conf/cser/RudtschGR14
3233,paper,Asynchronous optimization techniques for distributed computing applications.,https://dblp.org/rec/conf/springsim/ReischWLS15
3234,paper,KoProV: a learning approach for coordinated learning of modeling and simulation based on knowledge modules.,https://dblp.org/rec/conf/springsim/LaroqueS11
3235,paper,Variational Tangent Plane Intersection for Planar Polygonal Meshing.,https://dblp.org/rec/conf/aag/ZimmerCHK12
3236,paper,Error Handling in Algebraic Specifications.,https://dblp.org/rec/conf/adt/EngelsG82
3237,paper,Using behavior models for anomaly detection in hybrid systems.,https://dblp.org/rec/conf/icatech/VodencarevicBNM11
3238,paper,A Methodical Approach to Hybrid Modelling for Contextual Anomaly Detection on Time-Series Data.,https://dblp.org/rec/conf/indin/LenzHT23
3239,paper,Learning the Automated Setup of Profile Wrapping Lines for New Products from Few Past Setups.,https://dblp.org/rec/conf/indin/KoppertBHT23
3240,paper,Parallel scheduling for evolving manufacturing systems.,https://dblp.org/rec/conf/indin/KlopperPD12
3241,paper,Hierarchical optimization of coupled self-optimizing systems.,https://dblp.org/rec/conf/indin/HolscherZKKT12
3242,paper,5G as Key Technology for Networked Factories: Application of Vertical-specific Network Services for Enabling Flexible Smart Manufacturing.,https://dblp.org/rec/conf/indin/MullerBBPSK19
3243,paper,Towards hierarchical self-optimization in autonomous groups of mobile robots.,https://dblp.org/rec/conf/indin/SchierbaumJR12
3244,paper,Runtime safety analysis for safe reconfiguration.,https://dblp.org/rec/conf/indin/PriesterjahnHST12
3245,paper,Native Binary Mutation Analysis for Embedded Software and Virtual Prototypes in SystemC.,https://dblp.org/rec/conf/prdc/KuznikM11
3246,paper,PSHAPE: Automatically Combining Gadgets for Arbitrary Method Execution.,https://dblp.org/rec/conf/stm/FollnerBPCIPB16
3247,paper,Personal Cross-Platform Reputation.,https://dblp.org/rec/conf/stm/BlomerL19
3248,paper,Feature-Agnostic Low-Cost Place Recognition for Appearance-Based Mapping.,https://dblp.org/rec/conf/icvs/KazmiMM19
3249,paper,Reliable Evidence of Data Integrity from an Untrusted Storage Service.,https://dblp.org/rec/conf/icns/SternAKA08
3250,paper,A shallow neural model for relation prediction.,https://dblp.org/rec/conf/semco/DemirMN21
3251,paper,Twitter Network Mimicking for Data Storage Benchmarking.,https://dblp.org/rec/conf/semco/SpeckMN21
3252,paper,A Decentralized Architecture for SPARQL Query Processing and RDF Sharing: A Position Paper.,https://dblp.org/rec/conf/semco/Marx0LN18
3253,paper,Enhancing the Accessibility of Knowledge Graph Question Answering Systems through Multilingualization.,https://dblp.org/rec/conf/semco/PerevalovNB22
3254,paper,Large-Scale RDF Dataset Slicing.,https://dblp.org/rec/conf/semco/MarxSAN13
3255,paper,ORCA - a Benchmark for Data Web Crawlers.,https://dblp.org/rec/conf/semco/RoderSKDN21
3256,paper,Torpedo: Improving the State-of-the-Art RDF Dataset Slicing.,https://dblp.org/rec/conf/semco/MarxSSBSBWLNA17
3257,paper,Template-based Question Answering using Recursive Neural Networks.,https://dblp.org/rec/conf/semco/AthreyaBNU21
3258,paper,SYNTHG: Mimicking RDF Graphs Using Tensor Factorization.,https://dblp.org/rec/conf/semco/DesoukiCRN21
3259,paper,LAUREN - Knowledge Graph Summarization for Question Answering.,https://dblp.org/rec/conf/semco/JalotaVMN21
3260,paper,Towards Transfer Learning of Link Specifications.,https://dblp.org/rec/conf/semco/NgomoLH13
3261,paper,Relicensing Combined Datasets.,https://dblp.org/rec/conf/semco/WilkeBN21
3262,paper,Lemming - Example-based Mimicking of Knowledge Graphs.,https://dblp.org/rec/conf/semco/RoderNCSN21
3263,paper,Unsupervised Relation Extraction with Sentence level Distributional Semantics.,https://dblp.org/rec/conf/semco/AliSN23
3264,paper,Minimum Linear Arrangement of Series-Parallel Graphs.,https://dblp.org/rec/conf/waoa/EikelSS14
3265,paper,A 5/4-Approximation Algorithm for Scheduling Identical Malleable Tasks.,https://dblp.org/rec/conf/waoa/DeckerLM03
3266,paper,Non-clairvoyant Scheduling to Minimize Max Flow Time on a Machine with Setup Times.,https://dblp.org/rec/conf/waoa/MackerMHR17
3267,paper,Server Cloud Scheduling.,https://dblp.org/rec/conf/waoa/MaackHP21
3268,paper,The Power of Uncertainty: Bundle-Pricing for Unit-Demand Customers.,https://dblp.org/rec/conf/waoa/BriestR10
3269,paper,Managing Multiple Mobile Resources.,https://dblp.org/rec/conf/waoa/FeldkordKMH19
3270,paper,A Communication-Efficient Distributed Data Structure for Top-k and k-Select Queries.,https://dblp.org/rec/conf/waoa/BiermeierFMH17
3271,paper,Scenario-Based Verification of Automotive Software Systems.,https://dblp.org/rec/conf/mbees/GehrkeNNSH06
3272,paper,Reverse Engineering vernetzter automotiver Softwaresysteme.,https://dblp.org/rec/conf/mbees/HenklerMSN10
3273,paper,Typisierung und Verifikation zeitlicher Anforderungen automotiver Software Systeme.,https://dblp.org/rec/conf/mbees/GehrkeHSNSN07
3274,paper,Automatische Analyse und Generierung von AUTOSAR-Konfigurationsdaten.,https://dblp.org/rec/conf/mbees/MeyerS09
3275,paper,Real-time Operating Systems for Self-coordinating Embedded Systems.,https://dblp.org/rec/conf/mbees/RammigGHJO06
3276,paper,Developers' Approaches to Software Supply Chain Security: An Interview Study.,https://dblp.org/rec/conf/scored/SammakRRWA24
3277,paper,Increasing the reliability of wireless sensor networks with a distributed testing framework.,https://dblp.org/rec/conf/emnets/WoehrlePBT07
3278,paper,Another dark side of gamification? How and when gamified service use triggers information disclosure.,https://dblp.org/rec/conf/gamifin/TrangW19
3279,paper,Variational formulation and optimal control of hybrid lagrangian systems.,https://dblp.org/rec/conf/hybrid/FlasskampO11
3280,paper,SLICE: Stabilized LIME for Consistent Explanations for Image Classification.,https://dblp.org/rec/conf/cvpr/BoraTVRR24
3281,paper,PIC-Score: Probabilistic Interpretable Comparison Score for Optimal Matching Confidence in Single- and Multi-Biometric Face Recognition.,https://dblp.org/rec/conf/cvpr/NetoSCT23
3282,paper,Efficient Computation of Shortest Path-Concavity for 3D Meshes.,https://dblp.org/rec/conf/cvpr/ZimmerCK13
3283,paper,SER-FIQ: Unsupervised Estimation of Face Image Quality Based on Stochastic Embedding Robustness.,https://dblp.org/rec/conf/cvpr/TerhorstKDKK20
3284,paper,A Case Study to Evaluate Pros/Cons of Aspect- and Object-Oriented Paradigms to Model Distributed Embedded Real-Time Systems.,https://dblp.org/rec/conf/mompes/WehrmeisterFOPR08
3285,paper,Design space abstraction and metamodeling for embedded systems design space exploration.,https://dblp.org/rec/conf/mompes/OliveiraN0W10
3286,paper,Search and Modification in Compressed Texts.,https://dblp.org/rec/conf/dcc/BottcherBH11
3287,paper,OnlineRePair: A Recompressor for XML Structures.,https://dblp.org/rec/conf/dcc/BottcherHJM15
3288,paper,String Partition for Building Long BWTs.,https://dblp.org/rec/conf/dcc/AdlerBH25
3289,paper,Fast Insertion and Deletion in Compressed Texts.,https://dblp.org/rec/conf/dcc/BottcherBHS12
3290,paper,ITR: Grammar-based graph compression supporting fast triple queries.,https://dblp.org/rec/conf/dcc/AdlerBH24
3291,paper,Pattern Search in Grammar-Compressed Graphs.,https://dblp.org/rec/conf/dcc/BottcherHP20
3292,paper,Compressing Hypergraphs using Suffix Sorting.,https://dblp.org/rec/conf/dcc/AdlerBH26
3293,paper,Evaluation of a c-Load-Collision-Protocol for Load-Balancing in Interactive Environments.,https://dblp.org/rec/conf/nas/SussWF10
3294,paper,GERBIL: General Entity Annotator Benchmarking Framework.,https://dblp.org/rec/conf/www/UsbeckRNBBBCCCE15
3295,paper,Interlinking: Performance Assessment of User Evaluation vs. Supervised Learning Approaches.,https://dblp.org/rec/conf/www/HassanLN15
3296,paper,Question answering on interlinked data.,https://dblp.org/rec/conf/www/ShekarpourNA13
3297,paper,TISCO: Temporal Scoping of Facts.,https://dblp.org/rec/conf/www/RulaPRN0ME19
3298,paper,SPARQL2NL: verbalizing sparql queries.,https://dblp.org/rec/conf/www/NgomoBULG13a
3299,paper,λGrapher: A Resource-Efficient Serverless System for GNN Serving through Graph Sharing.,https://dblp.org/rec/conf/www/HuLPY0W24
3300,paper,sTeam - Designing an integrative infrastructure for Web-based computer-supported cooperative learning.,https://dblp.org/rec/conf/www/HampelK01
3301,paper,A Simplex Approach to Synthetic Knowledge Graph Generation.,https://dblp.org/rec/conf/www/SilvaPRN26
3302,paper,Simplified RDB2RDF Mapping.,https://dblp.org/rec/conf/www/StadlerUWSL15
3303,paper,Template-based question answering over RDF data.,https://dblp.org/rec/conf/www/UngerBLNGC12
3304,paper,ROCKER: A Refinement Operator for Key Discovery.,https://dblp.org/rec/conf/www/SoruMN15
3305,paper,Enhancing Community Interactions with Data-Driven Chatbots-The DBpedia Chatbot.,https://dblp.org/rec/conf/www/AthreyaNU18
3306,paper,Integrating learning objects into an open learning environment: evaluation of learning processes in an informatics learning lab.,https://dblp.org/rec/conf/www/MagenheimS04
3307,paper,EvoLearner: Learning Description Logics with Evolutionary Algorithms.,https://dblp.org/rec/conf/www/HeindorfBDWGDN22
3308,paper,CubeViz: Exploration and Visualization of Statistical Linked Data.,https://dblp.org/rec/conf/www/MartinASNSA15
3309,paper,Pushing the Limits of Instance Matching Systems: A Semantics-Aware Benchmark for Linked Data.,https://dblp.org/rec/conf/www/SavetaDFFHN15
3310,paper,"Sorry, i don't speak SPARQL: translating SPARQL queries into natural language.",https://dblp.org/rec/conf/www/NgomoBULG13
3311,paper,Your Secrets Are Safe: How Browsers' Explanations Impact Misconceptions About Private Browsing Mode.,https://dblp.org/rec/conf/www/WuGWAFU18
3312,paper,Can Machine Translation be a Reasonable Alternative for Multilingual Question Answering Systems over Knowledge Graphs?,https://dblp.org/rec/conf/www/PerevalovBDN22
3313,paper,Universal Knowledge Graph Embeddings.,https://dblp.org/rec/conf/www/KouagouDZWHLN24
3314,paper,Experience With Teaching and Learning in Cooperative Knowledge Areas.,https://dblp.org/rec/conf/www/HampelK03
3315,paper,How Representative Is a SPARQL Benchmark? An Analysis of RDF Triplestore Benchmarks.,https://dblp.org/rec/conf/www/0001SCBMN19
3316,paper,Debiasing Vandalism Detection Models at Wikidata.,https://dblp.org/rec/conf/www/HeindorfSEP19
3317,paper,User-Centered Modeling of Interactive Web Sites.,https://dblp.org/rec/conf/www/BomsdorfS03
3318,paper,Maschinelles Lernen im Unterricht mit Jupyter Notebook.,https://dblp.org/rec/conf/schule/SchlichtigOSBFP19
3319,paper,Zieldimensionen für frühe informatische Bildung im Kindergarten und in der Grundschule.,https://dblp.org/rec/conf/schule/BergnerKMMRSS17
3320,paper,Beiträge der Objektorientierung zu einem Kompetenzmodell des informatischen Modellierens.,https://dblp.org/rec/conf/schule/BrindaS05
3321,paper,Ein Modell zur Analyse von Vorstellungen über Roboter und ihrer Funktionsweise.,https://dblp.org/rec/conf/schule/MullerS17
3322,paper,Computerunterstützte Gruppenarbeit im Unterricht - Das Projekt Trasse.,https://dblp.org/rec/conf/schule/MagenheimO95
3323,paper,Entwicklung und Reflexion einer Unterrichtssequenz zum Maschinellen Lernen als Aspekt von Data Science in der Sekundarstufe II.,https://dblp.org/rec/conf/schule/OpelSSBFPW19
3324,paper,Erwartungen und Wahlverhalten von Schülerinnen und Schülern gegenüber dem Schulfach Informatik - Ergebnisse einer Umfrage.,https://dblp.org/rec/conf/schule/SchulteM05
3325,paper,Das RetiBNE Café.,https://dblp.org/rec/conf/schule/SchmidtS19
3326,paper,Zur Relevanz eines Prozessbereiches Interaktion und Exploration im Kontext informatischer Bildung im Primarbereich.,https://dblp.org/rec/conf/schule/MullerSM19
3327,paper,Datenbewusstsein: Aufmerksamkeit für die eigenen Daten.,https://dblp.org/rec/conf/schule/HoperS21
3328,paper,Dualitätsrekonstruktion als Hilfsmittel zur Entwicklung und Planung von Informatikunterricht.,https://dblp.org/rec/conf/schule/Schulte09
3329,paper,Lesen im Informatikunterricht.,https://dblp.org/rec/conf/schule/Schulte07
3330,paper,Zur neuen Bedeutung von Daten in Data Science und künstlicher Intelligenz.,https://dblp.org/rec/conf/schule/HoperPHSFBFM21
3331,paper,Das Sieben-Schritte-Schema zur Dekonstruktion objektorientierter Software.,https://dblp.org/rec/conf/schule/SchulteB02
3332,paper,Unterschiede im Lernerfolg von Schülerinnen und Schülern in Abhängigkeit von der zeitlichen Reihenfolge der Themen (OOP-First bzw. OOP-Later).,https://dblp.org/rec/conf/schule/EhlertS09
3333,paper,Dekonstruktion von Informatiksystemen als Unterrichtsmethode - Zugang zu objektorientierten Sichtweisen im Informatikunterricht.,https://dblp.org/rec/conf/schule/HampelMS99
3334,paper,Das Schülerlabor als Ort der Informatiklehrerbildung.,https://dblp.org/rec/conf/schule/Schulte11
3335,paper,Gestaltung von Informatikseminaren unter Einsatz von Videokonferenzen.,https://dblp.org/rec/conf/schule/SchulteT06
3336,paper,Aufgabenbereiche der Medienbildung im Informatikunterricht.,https://dblp.org/rec/conf/schule/SchulteS01
3337,paper,Data Science ab Klasse 5 - Konkrete Unterrichtsvorschläge für künstliche Intelligenz unplugged und Datenbewusstsein.,https://dblp.org/rec/conf/schule/PodwornyHFHS21
3338,paper,Informatik Lernlabor - Systemorientierte Didaktik in der Praxis.,https://dblp.org/rec/conf/schule/Magenheim03
3339,paper,Informatik begreifen - Zur Nutzung von Veranschaulichungen im Informatikunterricht.,https://dblp.org/rec/conf/schule/KalbitzVS11
3340,paper,Informatik im Kontext (IniK) - Ein integratives Unterrichtskonzept für den Informatikunterricht.,https://dblp.org/rec/conf/schule/KoubekSSW09
3341,paper,Einsatz von Jupyter Notebooks am Beispiel eines fiktiven Kriminalfalls.,https://dblp.org/rec/conf/schule/KappS19
3342,paper,Digitale Artefakte und Schlüsselkompetenzen im Informatikunterricht der Sekundarstufe I.,https://dblp.org/rec/conf/schule/SchulteD08
3343,paper,Das informatische Weltbild von Studierenden.,https://dblp.org/rec/conf/schule/SchulteK07
3344,paper,Kreativer Einstieg in die Programmierung - Alice im Informatik-Anfangsunterricht.,https://dblp.org/rec/conf/schule/DohmenME09
3345,paper,Erfahrungsbericht zur Lehrevaluation der Informatik in Paderborn.,https://dblp.org/rec/conf/schule/Kastens98
3346,paper,Difference Computation for Grammar-Compressed XML Data.,https://dblp.org/rec/conf/awc/BottcherHT14
3347,paper,Keyword Search on DAG-Compressed XML Data.,https://dblp.org/rec/conf/awc/BottcherBH14
3348,paper,Autonomous learning of robust visual object detection and identification on a humanoid.,https://dblp.org/rec/conf/icdl-epirob/LeitnerCHFSFTS12
3349,paper,A competitive mechanism for self-organized learning of sensorimotor mappings.,https://dblp.org/rec/conf/icdl-epirob/HemionJR11
3350,paper,Preschoolers' engagement in social interaction with an autonomous robotic system.,https://dblp.org/rec/conf/icdl-epirob/LuckingRWS16
3351,paper,Do beliefs about a robot's capabilities influence alignment to its actions?,https://dblp.org/rec/conf/icdl-epirob/VollmerWRC13
3352,paper,Bottom-up learning of feedback in a categorization task.,https://dblp.org/rec/conf/icdl-epirob/GriffithsNMSKRW12
3353,paper,Is talking to a simulated robot like talking to a child?,https://dblp.org/rec/conf/icdl-epirob/FischerFRW11
3354,paper,Studying the co-construction of interaction protocols in collaborative tasks with humans.,https://dblp.org/rec/conf/icdl-epirob/VollmerGLRO14
3355,paper,Contingency scaffolds language learning.,https://dblp.org/rec/conf/icdl-epirob/LohanRSNW12
3356,paper,Vocal interactions at the dawn of communication: The emergence of mutuality and complementarity in mother-infant interaction.,https://dblp.org/rec/conf/icdl-epirob/LeonardiNRR16
3357,paper,Contingency allows the robot to spot the tutor and to learn from interaction.,https://dblp.org/rec/conf/icdl-epirob/LohanPRFSLNW11
3358,paper,Utilizing Pragmatic Frames as an analytical tool for children's performance during word learning.,https://dblp.org/rec/conf/icdl-epirob/RohlfingG19
3359,paper,Image Segmentation for Object Detection on a Deeply Embedded Miniature Robot.,https://dblp.org/rec/conf/visapp/JungmannSK12
3360,paper,Evaluation of Color Spaces for Robust Image Segmentation.,https://dblp.org/rec/conf/visapp/JungmannJK14
3361,paper,"An Integrated, Modular Framework for Computer Vision and Cognitive Robotics Research (icVision).",https://dblp.org/rec/conf/bica/LeitnerHFFS12
3362,paper,An MCTS-based Framework for Synthesis of Approximate Circuits.,https://dblp.org/rec/conf/vlsi/AwaisMP18
3363,paper,Fast dynamic fault injection for virtual microcontroller platforms.,https://dblp.org/rec/conf/vlsi/AdeltKMBKS16
3364,paper,Swift Synthesis of Approximate Hardware Accelerators Using Generative Adversarial Networks.,https://dblp.org/rec/conf/vlsi/AwaisMP25
3365,paper,Automated Framework for Fast Synthesis of Approximate Hardware Accelerators.,https://dblp.org/rec/conf/vlsi/AwaisP22
3366,paper,Defragmentation Algorithms for Partially Reconfigurable Hardware.,https://dblp.org/rec/conf/vlsi/KoesterKPR05
3367,paper,Are there competences every computer scientist should have?,https://dblp.org/rec/conf/educon/BrokerM14
3368,paper,"Undergraduate teaching assistants in computer science: Teaching-related beliefs, tasks, and competences.",https://dblp.org/rec/conf/educon/DanielsiekVHKMO17
3369,paper,The design and exploration cycle as research and development framework in computing education.,https://dblp.org/rec/conf/educon/SchulteMMB17
3370,paper,Competence model for informatics modelling and system comprehension.,https://dblp.org/rec/conf/educon/LinckOSSMNNS13
3371,paper,Gamification- and Virtual Reality-Based Learning Environment for UML Class Diagram Modeling.,https://dblp.org/rec/conf/educon/YigitbasSBBE24
3372,paper,Pedagogical content knowledge a comparative study between CS pre-service teachers and experienced teachers.,https://dblp.org/rec/conf/educon/MargaritisM15
3373,paper,Requirements analysis for the design of workplace-integrated learning scenarios with mobile devices: Mapping the territory for learning in industry 4.0.,https://dblp.org/rec/conf/educon/WilkeM17
3374,paper,Development of a competency model for computer science teachers at secondary school level.,https://dblp.org/rec/conf/educon/MargaritisMHBOS15
3375,paper,Critical Incidents for Technology Enhanced Learning in Vocational Education and Training.,https://dblp.org/rec/conf/educon/WilkeM19
3376,paper,Enhancing AI Interaction through Co-Construction: A Multi-Faceted Workshop Framework.,https://dblp.org/rec/conf/educon/Lenke025
3377,paper,Clownfish: Edge and Cloud Symbiosis for Video Stream Analytics.,https://dblp.org/rec/conf/ieeesec/NigadeWB20
3378,paper,Viewpoints and Views in Hardware Platform Modeling for Safe Deployment.,https://dblp.org/rec/conf/staf/PohlmannMDB14
3379,paper,Profile Processing and Evolution for Smart Environments.,https://dblp.org/rec/conf/uic/SchaeferMG06
3380,paper,Search Tree Patterns for Mobile and Distributed XML Processing.,https://dblp.org/rec/conf/dbisp2p/TurlingB04
3381,paper,Finding the Leak: A Privacy Audit System for Sensitive XML Databases.,https://dblp.org/rec/conf/icde/BottcherS06
3382,paper,Attribute Inheritance Implemented on Top of a Relational Database System.,https://dblp.org/rec/conf/icde/Bottcher90
3383,paper,XPath Query Simplification with regard to the Elimination of Intersect and Except Operators.,https://dblp.org/rec/conf/icde/GroppeBG06
3384,paper,Adjourn State Concurrency Control Avoiding Time-Out Problems in Atomic Commit Protocols.,https://dblp.org/rec/conf/icde/ObermeierBHCS08
3385,paper,Incremental updates on compressed XML.,https://dblp.org/rec/conf/icde/BottcherHJM16
3386,paper,Private cloud and media privacy in social networks.,https://dblp.org/rec/conf/icce-berlin/LopezSMCSS12
3387,paper,A H.264 SVC distributed content protection system with flexible key stream generation.,https://dblp.org/rec/conf/icce-berlin/SanchezSLAA12
3388,paper,Random Access Machines and Straight-Line Programs.,https://dblp.org/rec/conf/fct/HeideR81
3389,paper,On the LBA Problem.,https://dblp.org/rec/conf/fct/Monien81
3390,paper,The complexity of embedding graphs into binary trees.,https://dblp.org/rec/conf/fct/Monien85
3391,paper,A Note on Decidable Separability by Piecewise Testable Languages.,https://dblp.org/rec/conf/fct/CzerwinskiMRZ15
3392,paper,Classes of Functions over Binary Trees.,https://dblp.org/rec/conf/fct/Buning81
3393,paper,Generalized vector addition systems with finite exception sets.,https://dblp.org/rec/conf/fct/Buning79
3394,paper,Life Cycle Assessment and Design Optimisation of an Automotive Headlamp Control Unit.,https://dblp.org/rec/conf/ifip5-1/PeitzmeierEHTS25
3395,paper,Practical Query Rewriting for DL-Lite with Numerical Predicates.,https://dblp.org/rec/conf/gcai/AlrabbaaKT19
3396,paper,Aspects and Data Refinement.,https://dblp.org/rec/conf/mpc/AvgustinovBHMOSST06
3397,paper,Pick Your Call Graphs Well: On Scaling IFDS-Based Data-Flow Analyses.,https://dblp.org/rec/conf/soap-ws/KarakayaMB25
3398,paper,A Parallel Continous Media Server for Internet Environmets.,https://dblp.org/rec/conf/hpcn/GomezL98
3399,paper,The BigDataEurope Platform - Supporting the Variety Dimension of Big Data.,https://dblp.org/rec/conf/icwe/AuerSVPCKLJESIA17
3400,paper,Efficiently Pinpointing SPARQL Query Containments.,https://dblp.org/rec/conf/icwe/Stadler0NL18
3401,paper,Using Caching for Local Link Discovery on Large Data Sets.,https://dblp.org/rec/conf/icwe/HassanSN15
3402,paper,Multi-device UI Development for Task-Continuous Cross-Channel Web Applications.,https://dblp.org/rec/conf/icwe/YigitbasKU016
3403,paper,Dragon: Decision Tree Learning for Link Discovery.,https://dblp.org/rec/conf/icwe/ObraczkaN19
3404,paper,Customer Segmentation Based on Transactional Data Using Stream Clustering.,https://dblp.org/rec/conf/pakdd/CarneinT19
3405,paper,Adaptive Seeding for Gaussian Mixture Models.,https://dblp.org/rec/conf/pakdd/BlomerB16
3406,paper,Reverse Engineering Android Apps With CodeInspect (invited paper).,https://dblp.org/rec/conf/essos/RasthoferAMB16
3407,paper,Model Checking the Information Flow Security of Real-Time Systems.,https://dblp.org/rec/conf/essos/GerkingSB18
3408,paper,Analyzing the Gadgets - Towards a Metric to Measure Gadget Quality.,https://dblp.org/rec/conf/essos/FollnerBB16
3409,paper,ML-Based Prediction Framework for Varying Traffic Signal Control Strategies and Its GLOSA-Application.,https://dblp.org/rec/conf/itsc/MalenaLGT25
3410,paper,Implementation and Results of a Multi-Stage Model Predictive Traffic Light Control System.,https://dblp.org/rec/conf/itsc/MalenaLGT24
3411,paper,Virtual test driver for critically stable driving maneuvers.,https://dblp.org/rec/conf/itsc/KhatabT13
3412,paper,Macroscopic Traffic Flow Control using Consensus Algorithms.,https://dblp.org/rec/conf/itsc/HenningMLGT20
3413,paper,Improper Signaling for OFDM Underlay Cognitive Radio Systems.,https://dblp.org/rec/conf/ssp/SoleymaniLSS18
3414,paper,Peer-To-Peer Technology for Interconnecting Web Services in Heterogeneous Networks.,https://dblp.org/rec/conf/aina/SchattkowskyLM04
3415,paper,Emergent Topology Control Based on Division of Labour in Ants.,https://dblp.org/rec/conf/aina/JanacikHR06
3416,paper,Router-Based Brokering for Surrogate Discovery in Edge Computing.,https://dblp.org/rec/conf/icdcsw/GedeonMBSWM17
3417,paper,A Peer-to-Peer Based Cloud Storage Supporting Orthogonal Range Queries of Arbitrary Dimension.,https://dblp.org/rec/conf/algocloud/BenterKHSS18
3418,paper,Delegatable Attribute-Based Anonymous Credentials from Dynamically Malleable Signatures.,https://dblp.org/rec/conf/acns/BlomerB18
3419,paper,Price Fluctuation in Online Leasing.,https://dblp.org/rec/conf/cocoa/FeldkordMH17
3420,paper,Randomized Online Algorithms for Set Cover Leasing Problems.,https://dblp.org/rec/conf/cocoa/AbshoffMH14
3421,paper,Cost-Efficient Scheduling on Machines from the Cloud.,https://dblp.org/rec/conf/cocoa/MackerMHR16
3422,paper,Scheduling with Interjob Communication on Parallel Processors.,https://dblp.org/rec/conf/cocoa/KonigMHR16
3423,paper,On the Parameterized Parallel Complexity and the Vertex Cover Problem.,https://dblp.org/rec/conf/cocoa/Abu-KhzamLMHP16
3424,paper,Learning Discrete Lagrangians for Variational PDEs from Data and Detection of Travelling Waves.,https://dblp.org/rec/conf/gsi/OffenO23
3425,paper,Local Truncation Error of Low-Order Fractional Variational Integrators.,https://dblp.org/rec/conf/gsi/JimenezO19
3426,paper,Jellyfish: Timely Inference Serving for Dynamic Edge Networks.,https://dblp.org/rec/conf/rtss/NigadeBB022
3427,paper,Online Scheduling and Placement of Real-time Tasks to Partially Reconfigurable Devices.,https://dblp.org/rec/conf/rtss/SteigerWPT03
3428,paper,Content-Based Information Retrieval Using an Embedded Neural Associative Memory.,https://dblp.org/rec/conf/pdp/SchmidtR01
3429,paper,Implementation of an annotation service on the WWW-Virtual Notes.,https://dblp.org/rec/conf/pdp/KochS00
3430,paper,A distributed computer architecture for qualitative simulation based on a multi-DSP and FPGAs.,https://dblp.org/rec/conf/pdp/PlatznerRW95
3431,paper,Process support for cooperative work on the World Wide Web.,https://dblp.org/rec/conf/pdp/SikkelNS98
3432,paper,SIMLAB-A Simulation Environment for Storage Area Networks.,https://dblp.org/rec/conf/pdp/BerenbrinkBS01
3433,paper,Mobile AR4ALL.,https://dblp.org/rec/conf/ismar/GeigerKRS01
3434,paper,"Augmented Reality for Navigation, Team Coordination, and Real-Time Data Visualization in Firefighting Operations.",https://dblp.org/rec/conf/ismar/CharalampakisSSEGDM25
3435,paper,Marker-less Vision Based Tracking for Mobile Augmented Reality.,https://dblp.org/rec/conf/ismar/BeierBBSK03
3436,paper,Evolving Agent Societies Through Imitation Controlled by Artificial Emotions.,https://dblp.org/rec/conf/icic/RichertKK05
3437,paper,Competitive and fair throughput for co-existing networks under adversarial interference.,https://dblp.org/rec/conf/podc/RichaSSZ12
3438,paper,Peer-to-peer systems for prefix search.,https://dblp.org/rec/conf/podc/AwerbuchS03
3439,paper,Online Resource Leasing.,https://dblp.org/rec/conf/podc/MarkarianH15
3440,paper,A distributed polylogarithmic time algorithm for self-stabilizing skip graphs.,https://dblp.org/rec/conf/podc/JacobRSST09
3441,paper,A denial-of-service resistant DHT.,https://dblp.org/rec/conf/podc/AwerbuchS07
3442,paper,Brief announcement: towards robust medium access in multi-hop networks.,https://dblp.org/rec/conf/podc/RichaZSS10
3443,paper,Polylogarithmic Time Algorithms for Shortest Path Forests in Programmable Matter.,https://dblp.org/rec/conf/podc/PadalkinS24
3444,paper,Brief Announcement: Distributed Construction of Near-Optimal Compact Routing Schemes for Planar Graphs.,https://dblp.org/rec/conf/podc/DouGHSW23
3445,paper,Power-Efficient Assignment of Virtual Machines to Physical Machines.,https://dblp.org/rec/conf/podc/ArocaAMTW14
3446,paper,2022 Edsger W. Dijkstra Prize in Distributed Computing.,https://dblp.org/rec/conf/podc/AguilieraRSPSW22
3447,paper,Relays: Towards a Link Layer for Robust and Secure Fog Computing.,https://dblp.org/rec/conf/podc/Scheideler18
3448,paper,Time-Optimal Construction of Overlay Networks.,https://dblp.org/rec/conf/podc/GotteHSW21
3449,paper,A jamming-resistant MAC protocol for single-hop wireless networks.,https://dblp.org/rec/conf/podc/AwerbuchRS08
3450,paper,Brief Announcement: On the Feasibility of Leader Election and Shape Formation with Self-Organizing Programmable Matter.,https://dblp.org/rec/conf/podc/DerakhshandehGS15
3451,paper,Fault-Tolerant Shape Formation in the Amoebot Model.,https://dblp.org/rec/conf/dna/KostitsynaSW22
3452,paper,Forming Tile Shapes with Simple Robots.,https://dblp.org/rec/conf/dna/GmyrHKKRSS18
3453,paper,On the Runtime of Universal Coating for Programmable Matter.,https://dblp.org/rec/conf/dna/DerakhshandehGP16
3454,paper,The Structural Power of Reconfigurable Circuits in the Amoebot Model.,https://dblp.org/rec/conf/dna/PadalkinSW22
3455,paper,Leader Election and Shape Formation with Self-organizing Programmable Matter.,https://dblp.org/rec/conf/dna/DerakhshandehGS15
3456,paper,Efficient power Intent validation using loosely-timed simulation models.,https://dblp.org/rec/conf/patmos/MischkallaM13
3457,paper,RISC-V Extensions for Bit Manipulation Instructions.,https://dblp.org/rec/conf/patmos/KoppelmannAMS19
3458,paper,Advanced SoC virtual prototyping for system-level power planning and validation.,https://dblp.org/rec/conf/patmos/MischkallaM14
3459,paper,Concept-Based Engineering of Situation-Specific Migration Methods.,https://dblp.org/rec/conf/icsr/GriegerFEK16
3460,paper,Fuzzy Granular Neural Network for incremental modeling of nonlinear chaotic systems.,https://dblp.org/rec/conf/fuzzIEEE/LeiteSBG16
3461,paper,An Evolving Gaussian Regularized Fuzzy Classifier with Incremental Feature Selection.,https://dblp.org/rec/conf/fuzzIEEE/MenezesRSSL25
3462,paper,Evolving ensemble of fuzzy models for multivariate time series prediction.,https://dblp.org/rec/conf/fuzzIEEE/BuenoCMCL15
3463,paper,Real-Time Anomaly Detection in Data Centers for Log-based Predictive Maintenance using an Evolving Fuzzy-Rule-Based Approach.,https://dblp.org/rec/conf/fuzzIEEE/DeckerLGB20
3464,paper,EGFC: Evolving Gaussian Fuzzy Classifier from Never-Ending Semi-Supervised Data Streams - With Application to Power Quality Disturbance Detection and Classification.,https://dblp.org/rec/conf/fuzzIEEE/LeiteDSS20
3465,paper,Cloud-based evolving intelligent method for weather time series prediction.,https://dblp.org/rec/conf/fuzzIEEE/SoaresMPL17
3466,paper,Data Driven Fuzzy Modeling Using Level Sets.,https://dblp.org/rec/conf/fuzzIEEE/LeiteGY22
3467,paper,Fuzzy clustering methods applied to the evaluation of compost bedded pack barns.,https://dblp.org/rec/conf/fuzzIEEE/MotaDSL17
3468,paper,Explainable Log Parsing and Online Interval Granular Classification from Streams of Words.,https://dblp.org/rec/conf/fuzzIEEE/DeckerLB22
3469,paper,Fuzzy granular evolving modeling for time series prediction.,https://dblp.org/rec/conf/fuzzIEEE/LeiteGBC11
3470,paper,Trading-Off Interpretability and Accuracy in Medical Applications: A Study Toward Optimal Explainability of Hoeffding Trees.,https://dblp.org/rec/conf/fuzzIEEE/SharmaLDN24
3471,paper,Real-Time Facial Expression Recognition Using a Fuzzy Emotion Model.,https://dblp.org/rec/conf/fuzzIEEE/EsauWKK07
3472,paper,Interpretability Index Based on Balanced Volumes for Transparent Models and Agnostic Explainers.,https://dblp.org/rec/conf/fuzzIEEE/LeiteSDN24
3473,paper,Evolving fuzzy linear regression tree approach for forecasting sales volume of petroleum products.,https://dblp.org/rec/conf/fuzzIEEE/LemosLMBCG12
3474,paper,Incremental Gaussian Granular Fuzzy Modeling Applied to Hurricane Track Forecasting.,https://dblp.org/rec/conf/fuzzIEEE/SoaresCCL18
3475,paper,Inverse Fuzzy Learning Control of Unknown Nonlinear Dynamic Systems.,https://dblp.org/rec/conf/fuzzIEEE/LeiteSG25
3476,paper,Multiobjective Optimization of Fully Autonomous Evolving Fuzzy Granular Models.,https://dblp.org/rec/conf/fuzzIEEE/LeiteGS19
3477,paper,Nonlinear Fuzzy State-Space Modeling and LMI Fuzzy Control of Overhead Cranes.,https://dblp.org/rec/conf/fuzzIEEE/LeiteAPSS19
3478,paper,"A fully integrated 60 GHz transmitter front-end with a PLL, an image-rejection filter and a PA in SiGe.",https://dblp.org/rec/conf/esscirc/GlisicSHPGSW08
3479,paper,122 GHz low-noise-amplifier in sige technology.,https://dblp.org/rec/conf/esscirc/WinklerDHKRSST09
3480,paper,Timed Automata Verification via IC3 with Zones.,https://dblp.org/rec/conf/icfem/0002W14
3481,paper,Decomposition for Compositional Verification.,https://dblp.org/rec/conf/icfem/MetzlerWW08
3482,paper,Truly Efficient Parallel Algorithms: c-Optimal Multisearch for an Extension of the BSP Model (Extended Abstract).,https://dblp.org/rec/conf/esa/BaumkerDH95
3483,paper,Load Balancing of Indivisible Unit Size Tokens in Dynamic and Heterogeneous Networks.,https://dblp.org/rec/conf/esa/ElsasserMS04
3484,paper,Provably Good and Practical Strategies for Non-Uniform Data Management in Networks.,https://dblp.org/rec/conf/esa/HeideVW99
3485,paper,A Probabilistic Zero-Test for Expressions Involving Root of Rational Numbers.,https://dblp.org/rec/conf/esa/Blomer98
3486,paper,Coupling Variable Fixing Algorithms for the Automatic Recording Problem.,https://dblp.org/rec/conf/esa/SellmannF01
3487,paper,Geometric Searching in Walkthrough Animations with Weak Spanners in Real Time.,https://dblp.org/rec/conf/esa/FischerLZ98
3488,paper,Nearest Neighbor Load Balancing on Graphs.,https://dblp.org/rec/conf/esa/DiekmannFM98
3489,paper,Smoothed Motion Complexity.,https://dblp.org/rec/conf/esa/DamerowHRSS03
3490,paper,Shared Memory Simulations with Triple-Logarithmic Delay.,https://dblp.org/rec/conf/esa/CzumajHS95
3491,paper,Labeling Smart Dust.,https://dblp.org/rec/conf/esa/BansalHS04
3492,paper,Simple and Fast: Improving a Branch-And-Bound Algorithm for Maximum Clique.,https://dblp.org/rec/conf/esa/Fahle02
3493,paper,Denesting by Bounded Degree Radicals.,https://dblp.org/rec/conf/esa/Blomer97
3494,paper,Dynamic Data Structures for Realtime Management of Large Geormetric Scences (Extended Abstract).,https://dblp.org/rec/conf/esa/FischerHS97
3495,paper,Routing with Bounded Buffers and Hot-Potato Routing in Vertex-Symmetric Networks.,https://dblp.org/rec/conf/esa/HeideS95
3496,paper,Security-Oriented Fault-Tolerance in Systems Engineering: A Conceptual Threat Modelling Approach for Cyber-Physical Production Systems.,https://dblp.org/rec/conf/kka/GrasslerBPGR20
3497,paper,Configuration Control in Compiler Construction.,https://dblp.org/rec/conf/scm/WaiteHK88
3498,paper,Development of a real time image based object recognition method for mobile AR-devices.,https://dblp.org/rec/conf/afrigraph/GausemeierFMBB03
3499,paper,Data Driven Fuzzy and Neural Dynamic Systems Modeling.,https://dblp.org/rec/conf/icmlc/LeiteG23
3500,paper,Dynamical model of ball juggling Delta robots using reflection laws.,https://dblp.org/rec/conf/icar/ShareefJTLT13
3501,paper,Cloud-Assisted Asynchronous Key Transport with Post-Quantum Security.,https://dblp.org/rec/conf/acisp/DaviesGGJ20
3502,paper,Partitioned neighborhood spanners of minimal outdegree.,https://dblp.org/rec/conf/cccg/FischerLZ99
3503,paper,Object representatives: a uniform abstraction for pointer information.,https://dblp.org/rec/conf/bcs/BoddenLH08
3504,paper,An Initialization Scheme for Meeting Separation with Spatial Mixture Models.,https://dblp.org/rec/conf/interspeech/BoddekerCNH22
3505,paper,The philips/RWTH system for transcription of broadcast news.,https://dblp.org/rec/conf/interspeech/BeyerleinAHHKWMPS99
3506,paper,Model based feature enhancement for automatic speech recognition in reverberant environments.,https://dblp.org/rec/conf/interspeech/KruegerH09
3507,paper,Spatio-Spectral Diarization of Meetings by Combining TDOA-based Segmentation and Speaker Embedding-based Clustering.,https://dblp.org/rec/conf/interspeech/Cord-LandwehrGD25
3508,paper,"Joint speaker segmentation, localization and identification for streaming audio.",https://dblp.org/rec/conf/interspeech/SchmalenstroeerH07
3509,paper,Typicality and emotion in the voice of children with autism spectrum condition: evidence across three languages.,https://dblp.org/rec/conf/interspeech/MarchiSBGBAH15
3510,paper,Multi-Path RNN for Hierarchical Modeling of Long Sequential Data and its Application to Speaker Stream Separation.,https://dblp.org/rec/conf/interspeech/KinoshitaNDNH20
3511,paper,An analytic derivation of a phase-sensitive observation model for noise robust speech recognition.,https://dblp.org/rec/conf/interspeech/LeutnantH09
3512,paper,A Versatile Gaussian Splitting Approach to Non-Linear State Estimation and its Application to Noise-Robust ASR.,https://dblp.org/rec/conf/interspeech/LeutnantKH11
3513,paper,Using Prominence Detection to Generate Acoustic Feedback in Tutoring Scenarios.,https://dblp.org/rec/conf/interspeech/SchillingmannWMWR11
3514,paper,Utterance-by-utterance overlap-aware neural diarization with Graph-PIT.,https://dblp.org/rec/conf/interspeech/KinoshitaNDBH22
3515,paper,A study of broadcast news audio stream segmentation and segment clustering.,https://dblp.org/rec/conf/interspeech/HarrisAHB99
3516,paper,Towards Frame-level Quality Predictions of Synthetic Speech.,https://dblp.org/rec/conf/interspeech/KuhlmannSWH25
3517,paper,Robust speech recognition for wireless networks and mobile telephony.,https://dblp.org/rec/conf/interspeech/Haeb-Umbach97
3518,paper,Ungrounded independent non-negative factor analysis.,https://dblp.org/rec/conf/interspeech/RajWKH10
3519,paper,Once more Diarization: Improving meeting transcription systems through segment-level speaker reassignment.,https://dblp.org/rec/conf/interspeech/BoeddekerCH24
3520,paper,Soft features for improved distributed speech recognition over wireless networks.,https://dblp.org/rec/conf/interspeech/Haeb-UmbachI04
3521,paper,Data-driven phonetic regression class tree estimation for MLLR adaptation.,https://dblp.org/rec/conf/interspeech/Haeb-Umbach00
3522,paper,On the Appropriateness of Complex-Valued Neural Networks for Speech Enhancement.,https://dblp.org/rec/conf/interspeech/DrudeRH16
3523,paper,Acoustic front ends for speaker-independent digit recognition in car environments.,https://dblp.org/rec/conf/interspeech/LangmannFWHE97
3524,paper,Guided Source Separation Meets a Strong ASR Backend: Hitachi/Paderborn University Joint Investigation for Dinner Party ASR.,https://dblp.org/rec/conf/interspeech/KandaBHFHNH19
3525,paper,Integrating Neural Network Based Beamforming and Weighted Prediction Error Dereverberation.,https://dblp.org/rec/conf/interspeech/DrudeBHHKDN18
3526,paper,Mixture Encoder for Joint Speech Separation and Recognition.,https://dblp.org/rec/conf/interspeech/BergerVBSH23
3527,paper,A comparative study of linear feature transformation techniques for automatic speech recognition.,https://dblp.org/rec/conf/interspeech/EiseleHL96
3528,paper,Leveraging Text Data for Word Segmentation for Underresourced Languages.,https://dblp.org/rec/conf/interspeech/GlarnerBWH17
3529,paper,Unsupervised Training of Neural Mask-Based Beamforming.,https://dblp.org/rec/conf/interspeech/DrudeHH19
3530,paper,The Philips research system for large-vocabulary continuous-speech recognition.,https://dblp.org/rec/conf/interspeech/SteinbissNHIEKOMADGHB93
3531,paper,A look-ahead search technique for large vocabulary continuous speech recognition.,https://dblp.org/rec/conf/interspeech/Haeb-UmbachN91
3532,paper,Multi-Channel Block-Online Source Extraction Based on Utterance Adaptation.,https://dblp.org/rec/conf/interspeech/Martin-DonasHHG19
3533,paper,Bayesian Feature Enhancement for ASR of Noisy Reverberant Real-World Data.,https://dblp.org/rec/conf/interspeech/KruegerWLH12
3534,paper,Unsupervised Geometry Calibration of Acoustic Sensor Networks Using Source Correspondences.,https://dblp.org/rec/conf/interspeech/SchmalenstroeerJHHF11
3535,paper,Online speaker change detection by combining BIC with microphone array beamforming.,https://dblp.org/rec/conf/interspeech/SchmalenstroeerH06
3536,paper,Improved source modeling and predictive classification for channel robust speech recognition.,https://dblp.org/rec/conf/interspeech/IonH06
3537,paper,An evaluation of unsupervised acoustic model training for a dysarthric speech interface.,https://dblp.org/rec/conf/interspeech/WalterDHGOh14
3538,paper,On optimal smoothing in minimum statistics based noise tracking.,https://dblp.org/rec/conf/interspeech/ChinaevH15
3539,paper,An investigation of cepstral parameterisations for large vocabulary speech recognition.,https://dblp.org/rec/conf/interspeech/Haeb-UmbachL99
3540,paper,Speech processing in the networked home environment - a view on the amigo project.,https://dblp.org/rec/conf/interspeech/Haeb-UmbachKS05
3541,paper,Synthesizing Speech with Selected Perceptual Voice Qualities - A Case Study with Creaky Voice.,https://dblp.org/rec/conf/interspeech/RautenbergSWKWH25
3542,paper,Multi-resolution soft features for channel-robust distributed speech recognition.,https://dblp.org/rec/conf/interspeech/IonH07
3543,paper,Graph-PIT: Generalized Permutation Invariant Training for Continuous Separation of Arbitrary Numbers of Speakers.,https://dblp.org/rec/conf/interspeech/NeumannKBDH21
3544,paper,Multi-class linear dimension reduction by generalized Fisher criteria.,https://dblp.org/rec/conf/interspeech/LoogH00
3545,paper,An approach to iterative speech feature enhancement and recognition.,https://dblp.org/rec/conf/interspeech/WindmannH07
3546,paper,On Initial Seed Selection for Frequency Domain Blind Speech Separation.,https://dblp.org/rec/conf/interspeech/VuH11
3547,paper,Fusing audio and video information for online speaker diarization.,https://dblp.org/rec/conf/interspeech/SchmalenstroeerKLH09
3548,paper,A Teacher-Student Approach for Extracting Informative Speaker Embeddings From Speech Mixtures.,https://dblp.org/rec/conf/interspeech/Cord-LandwehrBZ23
3549,paper,Full Bayesian Hidden Markov Model Variational Autoencoder for Acoustic Unit Discovery.,https://dblp.org/rec/conf/interspeech/GlarnerHEH18
3550,paper,Tight Integration of Spatial and Spectral Features for BSS with Deep Clustering Embeddings.,https://dblp.org/rec/conf/interspeech/DrudeH17
3551,paper,Hidden Markov Model Variational Autoencoder for Acoustic Unit Discovery.,https://dblp.org/rec/conf/interspeech/EbbersHDGHR17
3552,paper,On the exploitation of hidden Markov models and linear dynamic models in a hybrid decoder architecture for continuous speech recognition.,https://dblp.org/rec/conf/interspeech/LeutnantH10
3553,paper,Unified probabilistic approach to error concealment for distributed speech recognition.,https://dblp.org/rec/conf/interspeech/IonH05
3554,paper,Unsupervised Learning of Acoustic Events Using Dynamic Time Warping and Hierarchical K-Means++ Clustering.,https://dblp.org/rec/conf/interspeech/SchmalenstroeerBH11
3555,paper,Human factors of a voice-controlled car stereo.,https://dblp.org/rec/conf/interspeech/Haeb-UmbachG95
3556,paper,Investigation into Target Speaking Rate Adaptation for Voice Conversion.,https://dblp.org/rec/conf/interspeech/KuhlmannSEWH22
3557,paper,Semantic analysis of spoken input using Markov logic networks.,https://dblp.org/rec/conf/interspeech/DespotovicWH15
3558,paper,FRESCO: the French telephone speech data collection - part of the european Speechdat(m) project.,https://dblp.org/rec/conf/interspeech/LangmannHBO96
3559,paper,Blind adaptive principal eigenvector beamforming for acoustical source separation.,https://dblp.org/rec/conf/interspeech/WarsitzHV07
3560,paper,A priori SNR Estimation Using a Generalized Decision Directed Approach.,https://dblp.org/rec/conf/interspeech/ChinaevH16
3561,paper,Privacy-Preserving Variational Information Feature Extraction for Domestic Activity Monitoring versus Speaker Identification.,https://dblp.org/rec/conf/interspeech/NelusEHM19
3562,paper,Statistical and Neural Network Based Speech Activity Detection in Non-Stationary Acoustic Environments.,https://dblp.org/rec/conf/interspeech/HeitkaemperSH20
3563,paper,A comparison of particle filtering variants for speech feature enhancement.,https://dblp.org/rec/conf/interspeech/Haeb-UmbachS05
3564,paper,Adaptive beamforming combined with particle filtering for acoustic source localization.,https://dblp.org/rec/conf/interspeech/Haeb-UmbachPW04
3565,paper,"Multi-Talker ASR for an Unknown Number of Sources: Joint Training of Source Counting, Separation and ASR.",https://dblp.org/rec/conf/interspeech/NeumannBDKDNH20
3566,paper,Intelligent CAC and Routing for Multi-Point Connections.,https://dblp.org/rec/conf/cic/TienRT04
3567,paper,Parameterised Complexity of Abduction in Schaefer's Framework.,https://dblp.org/rec/conf/lfcs/0002M020
3568,paper,A Parameterized View on the Complexity of Dependence Logic.,https://dblp.org/rec/conf/lfcs/KontinenMM22
3569,paper,Improving the Concurrency of Integrity Checks and Write Operations.,https://dblp.org/rec/conf/icdt/Bottcher90
3570,paper,Binary mutation testing through dynamic translation.,https://dblp.org/rec/conf/dsn/BeckerKJXM12
3571,paper,Deep&Wide: Achieving Area Efficiency in Scalable Approximate Accelerators.,https://dblp.org/rec/conf/dsn/JalilAAMJP25
3572,paper,Brief Announcement: Hashed Predecessor Patricia Trie - A Data Structure for Efficient Predecessor Queries in Peer-to-Peer Systems.,https://dblp.org/rec/conf/wdag/KniesburgesS12
3573,paper,Fast Distributed Algorithms for LP-Type Problems of Low Dimension.,https://dblp.org/rec/conf/wdag/HinnenthalSS19
3574,paper,Brief Announcement: SplayNets - Towards Self-Adjusting Distributed Data Structures.,https://dblp.org/rec/conf/wdag/SchmidASHL12
3575,paper,A Denial-of-Service Resistant DHT.,https://dblp.org/rec/conf/wdag/AwerbuchS07
3576,paper,On the Shape Containment Problem Within the Amoebot Model with Reconfigurable Circuits.,https://dblp.org/rec/conf/wdag/ArtmannPS25
3577,paper,A Jamming-Resistant MAC Protocol for Multi-Hop Wireless Networks.,https://dblp.org/rec/conf/wdag/RichaSSZ10
3578,paper,Brief Announcement: Stabilizing Consensus with the Power of Two Choices.,https://dblp.org/rec/conf/wdag/DoerrGMSS10
3579,paper,An Improved Algorithm to Detect Communication Deadlocks in Distributed Systems.,https://dblp.org/rec/conf/wdag/KrogerLMV90
3580,paper,Two Strategies for Solving the Vertex Cover Problem on a Transputer Network.,https://dblp.org/rec/conf/wdag/LulingM89
3581,paper,Routing and Scheduling with Incomplete Information.,https://dblp.org/rec/conf/wdag/MonienT07
3582,paper,The Canonical Amoebot Model: Algorithms and Concurrency Control.,https://dblp.org/rec/conf/wdag/DaymudeRS21
3583,paper,Towards a Universal Approach for Monotonic Searchability in Self-stabilizing Overlay Networks.,https://dblp.org/rec/conf/wdag/ScheidelerSS16
3584,paper,CONE-DHT: A Distributed Self-Stabilizing Algorithm for a Heterogeneous Storage System.,https://dblp.org/rec/conf/wdag/KniesburgesKS13
3585,paper,Asynchronous Parallel Reliefboard Computation for Scene Object Approximation.,https://dblp.org/rec/conf/egpgv/SussJF10
3586,paper,Chasing Shadows: Solving Deepfake Detection Benchmarks Using Irrelevant Features Only.,https://dblp.org/rec/conf/fgr/XuTPR25
3587,paper,Learning privacy-enhancing face representations through feature disentanglement.,https://dblp.org/rec/conf/fgr/BortolatoIRKTDP20
3588,paper,ASPECD: Adaptable Soft-Biometric Privacy-Enhancement Using Centroid Decoding for Face Verification.,https://dblp.org/rec/conf/fgr/RotTPS24
3589,paper,Nonlinear Model Predictive Control with Discrete Mechanics and Optimal Control.,https://dblp.org/rec/conf/aimech/XuTT17
3590,paper,Batch constrained multi-objective Bayesian optimization using the example of ultrasonic wire bonding.,https://dblp.org/rec/conf/aimech/ReilingHHGT24
3591,paper,Contextual Anomaly Detection in Hot Forming Production Line using PINN Architecture.,https://dblp.org/rec/conf/aimech/LenzBRHT24
3592,paper,Fast hybrid position / force control of a parallel kinematic load simulator for 6-DOF Hardware-in-the-Loop axle tests.,https://dblp.org/rec/conf/aimech/KohlstedtTOJT17
3593,paper,A model extended temperature and strain controller modulated with PWM for precision position control of shape memory alloy actuators.,https://dblp.org/rec/conf/aimech/PaiRT16
3594,paper,Quality of Service in Network Creation Games.,https://dblp.org/rec/conf/wine/Cord-LandwehrMH14
3595,paper,Who Should Pay for Forwarding Packets?,https://dblp.org/rec/conf/wine/AckermannBFV07
3596,paper,Improved Hardness of Approximation for Stackelberg Shortest-Path Pricing.,https://dblp.org/rec/conf/wine/BriestCKLN10
3597,paper,Multilevel Network Games.,https://dblp.org/rec/conf/wine/AbshoffCJS14
3598,paper,On the Road to -Completeness: 8 Agents in a Singleton Congestion Game.,https://dblp.org/rec/conf/wine/DumraufM08
3599,paper,Weighted Boolean Formula Games.,https://dblp.org/rec/conf/wine/MavronicolasMW07
3600,paper,Wardrop Equilibria and Price of Stability for Bottleneck Games with Splittable Traffic.,https://dblp.org/rec/conf/wine/MazalovMST06
3601,paper,Nash Equilibria for Voronoi Games on Transitive Graphs.,https://dblp.org/rec/conf/wine/FeldmannMM09
3602,paper,On Stackelberg Pricing with Computationally Bounded Consumers.,https://dblp.org/rec/conf/wine/BriestHGV09
3603,paper,A Simple Graph-Theoretic Model for Selfish Restricted Scheduling.,https://dblp.org/rec/conf/wine/ElsasserGLMM05
3604,paper,To Be or Not to Be (Served).,https://dblp.org/rec/conf/wine/BleischwitzMS07
3605,paper,LOG4MEX: a library to export machine learning experiments.,https://dblp.org/rec/conf/webi/EstevesMSNLND17
3606,paper,GENESIS: a generic RDF data access interface.,https://dblp.org/rec/conf/webi/ErmilovMUN17
3607,paper,CEDAL: time-efficient detection of erroneous links in large-scale link repositories.,https://dblp.org/rec/conf/webi/ValdestilhasSN17
3608,paper,Keyword-Driven SPARQL Query Generation Leveraging Background Knowledge.,https://dblp.org/rec/conf/webi/ShekarpourANGHS11
3609,paper,An evaluation of models for runtime approximation in link discovery.,https://dblp.org/rec/conf/webi/GeorgalaHN17
3610,paper,Ontology Based Data Access and Integration for Improving the Effectiveness of Farming in Nepal.,https://dblp.org/rec/conf/webi/PokharelSL14
3611,paper,Poster: The FAIRer Path Forward: Advancing Research Infrastructures for Unified Reproducibility and Usability.,https://dblp.org/rec/conf/conext/HauserWSC25
3612,paper,Distributed DNN serving in the network data plane.,https://dblp.org/rec/conf/conext/RazaviKNMW22
3613,paper,I-Codesign: A Codesign Methodology for Reconfigurable Embedded Systems.,https://dblp.org/rec/conf/icsoft/GhribiAKP16a
3614,paper,Domain-Specific Modelling With Atom3.,https://dblp.org/rec/conf/icsoft/VangheluweSB07
3615,paper,New Co-design Methodology for Real-time Embedded Systems.,https://dblp.org/rec/conf/icsoft/GhribiAKP16
3616,paper,On Guaranteeing Schedulability of Periodic Real-Time Hardware Tasks Under ReconOS64.,https://dblp.org/rec/conf/arc/ClausingGKLP23
3617,paper,Partitioning and Vectorizing Binary Applications for a Reconfigurable Vector Computer.,https://dblp.org/rec/conf/arc/KenterVP14
3618,paper,Ultra-Low Latency and Extreme-Throughput Echo State Neural Networks on FPGA.,https://dblp.org/rec/conf/arc/JafariP25
3619,paper,Evaluating the Design Space for Offloading 3D FFT Calculations to an FPGA for High-Performance Computing.,https://dblp.org/rec/conf/arc/RamaswamiKKP21
3620,paper,A Multithreaded Framework for Sequential Monte Carlo Methods on CPU/FPGA Platforms.,https://dblp.org/rec/conf/arc/HappeLP09
3621,paper,Scheduling Reconfiguration Activities of Run-Time Reconfigurable RTOS Using an Aperiodic Task Server.,https://dblp.org/rec/conf/arc/GotzD06
3622,paper,Optimal and Greedy Heuristic Approaches for Scheduling and Mapping of Hardware Tasks to Reconfigurable Computing Devices.,https://dblp.org/rec/conf/arc/GuettatfiKP20
3623,paper,Proof-Carrying Hardware Versus the Stealthy Malicious LUT Hardware Trojan.,https://dblp.org/rec/conf/arc/AhmedWP19
3624,paper,On-The-Fly Verification of Reconfigurable Image Processing Modules Based on a Proof-Carrying Hardware Approach.,https://dblp.org/rec/conf/arc/WiersemaWP15
3625,paper,SAVE: Towards Efficient Resource Management in Heterogeneous System Architectures.,https://dblp.org/rec/conf/arc/DurelliCDKMPPPSB14
3626,paper,Thread Shadowing: Using Dynamic Redundancy on Hybrid Multi-cores for Error Detection.,https://dblp.org/rec/conf/arc/MeisnerP14
3627,paper,Timing Optimization for Virtual FPGA Configurations.,https://dblp.org/rec/conf/arc/WitschenWNBP21
3628,paper,An FPGA/HMC-Based Accelerator for Resolution Proof Checking.,https://dblp.org/rec/conf/arc/HansmeierPA18
3629,paper,Sharing and Caring of Data at the Edge.,https://dblp.org/rec/conf/hotedge/TrivediWBI20
3630,paper,Supply Chain Management: A Multi-Agent System for Collaborative Production Planning.,https://dblp.org/rec/conf/eee/DangelmaierHP05
3631,paper,LLM Driven Design of Continuous Optimization Problems with Controllable High-Level Properties.,https://dblp.org/rec/conf/evoapps/SkvorcSSGBT26
3632,paper,Nullifying the Inherent Bias of Non-invariant Exploratory Landscape Analysis Features.,https://dblp.org/rec/conf/evoapps/PragerT13
3633,paper,An Agent Based Modelling Approach for Stochastic Planning Parameters.,https://dblp.org/rec/conf/holomas/DangelmaierKB07
3634,paper,Brief Announcement: Fault-Tolerant Shape Formation in the Amoebot Model.,https://dblp.org/rec/conf/sand/KostitsynaSW22
3635,paper,Efficient Shape Formation by 3D Hybrid Programmable Matter: An Algorithm for Low Diameter Intermediate Structures.,https://dblp.org/rec/conf/sand/HinnenthalLS24
3636,paper,"Local Mutual Exclusion for Dynamic, Anonymous, Bounded Memory Message Passing Systems.",https://dblp.org/rec/conf/sand/DaymudeRS22
3637,paper,Reconfiguration and Locomotion with Joint Movements in the Amoebot Model.,https://dblp.org/rec/conf/sand/Padalkin0S24
3638,paper,Enabling SAML for Dynamic Identity Federation Management.,https://dblp.org/rec/conf/mwcn/CabarcosMLD09
3639,paper,A model for dimensioning a secure event-driven health care system.,https://dblp.org/rec/conf/mwcn/GuerreroMSAM12
3640,paper,A distributed transcoding system for mobile video delivery.,https://dblp.org/rec/conf/mwcn/SanchezM12
3641,paper,Anticipatory Download Scheduling in Wireless Video Streaming with Uncertain Data Rate Prediction.,https://dblp.org/rec/conf/mwcn/DraxlerBK15
3642,paper,Introducing identity management in WiMAX to enable secure and personalized services.,https://dblp.org/rec/conf/mwcn/GuerreroSMAPM11
3643,paper,A privacy aware media gateway for connecting private multimedia clouds to limited devices.,https://dblp.org/rec/conf/mwcn/SanchezMMCGS11
3644,paper,The Impact of Developer Experience in Using Java Cryptography.,https://dblp.org/rec/conf/esem/HazhirpasandGKB19
3645,paper,Decision making in adaptive manufacturing systems: Multi-objective scheduling and user interface.,https://dblp.org/rec/conf/cica/KlopperHPD11
3646,paper,Divide & conquer in planning for self-optimizing mechatronic systems - A first application example.,https://dblp.org/rec/conf/cica/KlopperHD11
3647,paper,Towards Quantum One-Time Memories from Stateless Hardware.,https://dblp.org/rec/conf/tqc/BroadbentGZ20
3648,paper,The Complexity of Simulating Local Measurements on Quantum Systems.,https://dblp.org/rec/conf/tqc/GharibianY17
3649,paper,A formal model for coupling computer based system and physical systems.,https://dblp.org/rec/conf/eurodac/BrielmannK93
3650,paper,Using VHDL for simulation of SDL specifications.,https://dblp.org/rec/conf/eurodac/LutterGR92
3651,paper,Modelling aspects of system level design.,https://dblp.org/rec/conf/eurodac/Rammig93
3652,paper,The semantics of behavioral VHDL '93 descriptions.,https://dblp.org/rec/conf/eurodac/MullerBG94
3653,paper,Tool communication in an integrated synthesis environment.,https://dblp.org/rec/conf/eurodac/KleinjohannK91
3654,paper,A system for compiling and debugging structured data processing controllers.,https://dblp.org/rec/conf/eurodac/SeawrightBHMPV96
3655,paper,"Beyond VHDL: textual formalisms, visual techniques, or both?",https://dblp.org/rec/conf/eurodac/Rammig96
3656,paper,Robust Collision Avoidance for Autonomous Mobile Robots in Unknown Environments.,https://dblp.org/rec/conf/robocup/MujahedFM16
3657,paper,External Coordination Media in Capacity-Constrained Multiagent Systems.,https://dblp.org/rec/conf/iat/KemmerichB10
3658,paper,Coordination in Large Multiagent Reinforcement Learning Problems.,https://dblp.org/rec/conf/iat/KemmerichB11
3659,paper,Load Balancing in Dynamic Networks.,https://dblp.org/rec/conf/ispan/ElsasserMS04
3660,paper,"Transparent Data Structures, or How to Make Search Trees Robust in a Distributed Environmen.",https://dblp.org/rec/conf/ispan/KorzeniowskiS05
3661,paper,Supervised Peer-to-Peer Systems.,https://dblp.org/rec/conf/ispan/KothapalliS05
3662,paper,Efficient Broadcasting and Gathering in Wireless Ad-Hoc Networks.,https://dblp.org/rec/conf/ispan/OnusRKS05
3663,paper,Efficient TBox Reasoning with Value Restrictions - Introducing the ℱ}_o \\textitwer Reasoner.,https://dblp.org/rec/conf/ruleml/MichelTZ19
3664,paper,Rule-Based Multi-label Classification: Challenges and Opportunities.,https://dblp.org/rec/conf/ruleml/HullermeierFMNR20
3665,paper,Towards SPARQL-Based Induction for Large-Scale RDF Data Sets.,https://dblp.org/rec/conf/ecai/BinBLN16
3666,paper,An Efficient Approach for the Generation of Allen Relations.,https://dblp.org/rec/conf/ecai/GeorgalaSN16
3667,paper,Description Logics Reasoning w.r.t. General TBoxes Is Decidable for Concrete Domains with the EHD-Property.,https://dblp.org/rec/conf/ecai/CarapelleT16
3668,paper,Rejection in Abstract Argumentation: Harder Than Acceptance?,https://dblp.org/rec/conf/ecai/FichteH0M24
3669,paper,On the Usage of Behavior Models to Detect ATM Fraud.,https://dblp.org/rec/conf/ecai/KlerxAB14
3670,paper,AGDISTIS - Agnostic Disambiguation of Named Entities Using Linked Open Data.,https://dblp.org/rec/conf/ecai/UsbeckNRGCAB14
3671,paper,Optimal Alignment of Temporal Knowledge Bases.,https://dblp.org/rec/conf/ecai/GilPPT23
3672,paper,Embedding Knowledge Graphs in Degenerate Clifford Algebras.,https://dblp.org/rec/conf/ecai/TeyouDN24
3673,paper,Parallel Qualitative Simulation.,https://dblp.org/rec/conf/eurosim/PlatznerRW95
3674,paper,<tt>RP-Mod</tt>&<tt>RP-Crowd: </tt> Moderator- and Crowd-Annotated German News Comment Datasets.,https://dblp.org/rec/conf/nips/AssenmacherNMSR21
3675,paper,Detecting Data Incompatibilities in Process-Driven Decision Support Systems.,https://dblp.org/rec/conf/bmsd/KirchhoffGE22
3676,paper,Business Models of Store-Oriented Software Ecosystems: A Variability Modeling Approach.,https://dblp.org/rec/conf/bmsd/GottschalkRE19
3677,paper,Model-Based Hypothesis Engineering for Supporting Adaptation to Uncertain Customer Needs.,https://dblp.org/rec/conf/bmsd/GottschalkYE20
3678,paper,A Reference Architecture for Enhanced Design of Software Ecosystems.,https://dblp.org/rec/conf/bmsd/GuptaSE21
3679,paper,Design Options of Store-Oriented Software Ecosystems: An Investigation of Business Decisions.,https://dblp.org/rec/conf/bmsd/JazayeriZEKKS18
3680,paper,Business Model Dependencies: Towards Conceptualizing Dependencies for Extending Modeling Languages for Business Models.,https://dblp.org/rec/conf/bmsd/VorbohleSK20
3681,paper,Extending Business Model Development Tools with Consolidated Expert Knowledge.,https://dblp.org/rec/conf/bmsd/GottschalkKE21
3682,paper,AutoCL: AutoML for Concept Learning.,https://dblp.org/rec/conf/xai/LiSHMSN24
3683,paper,Adding Why to What? Analyses of an Everyday Explanation.,https://dblp.org/rec/conf/xai/TerflothSBS23
3684,paper,Perception and Consideration of the Explainees' Needs for Satisfying Explanations.,https://dblp.org/rec/conf/xai/SchafferT0B24
3685,paper,Trial and error: a new approach to space-bounded learning.,https://dblp.org/rec/conf/eurocolt/AmeurFHH93
3686,paper,Attack Trees vs. Fault Trees: Two Sides of the Same Coin from Different Currencies.,https://dblp.org/rec/conf/qest/BuddeKS21
3687,paper,Towards Efficient and Informative Omni-Channel Customer Relationship Management.,https://dblp.org/rec/conf/er/CarneinHHTVBK17
3688,paper,Formal Semantics of an Entity-Relationship-Based Query Language.,https://dblp.org/rec/conf/er/HohensteinE90
3689,paper,"Conceptualization, Design, and Implementation of EconBPC - A Software Artifact for the Economic Analysis of Business Process Compliance.",https://dblp.org/rec/conf/er/KuhnelTL19
3690,paper,"Process-Oriented, Flexible Composition of Web Services with UML.",https://dblp.org/rec/conf/er/ThoneDE02
3691,paper,Stream Clustering of Chat Messages with Applications to Twitch Streams.,https://dblp.org/rec/conf/er/CarneinAT17
3692,paper,Frame-Online DNN-WPE Dereverberation.,https://dblp.org/rec/conf/iwaenc/HeymannDHKN18
3693,paper,Towards online source counting in speech mixtures applying a variational EM for complex Watson mixture models.,https://dblp.org/rec/conf/iwaenc/DrudeCVH14
3694,paper,Monaural Source Separation: From Anechoic To Reverberant Environments.,https://dblp.org/rec/conf/iwaenc/Cord-LandwehrBN22
3695,paper,Diminishing Domain Mismatch for DNN-Based Acoustic Distance Estimation via Stochastic Room Reverberation Models.,https://dblp.org/rec/conf/iwaenc/GburrekMSH24
3696,paper,MMS-MSG: A Multi-Purpose Multi-Speaker Mixture Signal Generator.,https://dblp.org/rec/conf/iwaenc/Cord-LandwehrNB22
3697,paper,Exploiting Temporal Correlations in Joint Multichannel Speech Separation and Noise Suppression Using Hidden Markov Models.,https://dblp.org/rec/conf/iwaenc/VuH12
3698,paper,Informed vs. Blind beamforming in AD-HOC Acoustic Sensor Networks for Meeting Transcription.,https://dblp.org/rec/conf/iwaenc/GburrekSHH22
3699,paper,Microphone Array Position Self-Calibration from Reverberant Speech Input.,https://dblp.org/rec/conf/iwaenc/JacobSH12
3700,paper,Autotarget*: A Distributed Robot Operating System Framework for Autonomous Aerial Swarms.,https://dblp.org/rec/conf/urai/AdoniFLGK24
3701,paper,Improved Bounds for Acyclic Job Shop Scheduling (Extended Abstract).,https://dblp.org/rec/conf/stoc/FeigeS98
3702,paper,On the Complexity of Computing Short Linearly Independent Vectors and Short Bases in a Lattice.,https://dblp.org/rec/conf/stoc/BlomerS99
3703,paper,Computing Nash equilibria for scheduling on restricted parallel links.,https://dblp.org/rec/conf/stoc/GairingLMM04
3704,paper,Not All Keys Can Be Hashed in Constant Time (Preliminary Version),https://dblp.org/rec/conf/stoc/GilHW90
3705,paper,Bandwidth Constrained NP-Complete Problems,https://dblp.org/rec/conf/stoc/MonienS81
3706,paper,How to spread adversarial nodes?: rotate!,https://dblp.org/rec/conf/stoc/Scheideler05
3707,paper,Efficient PRAM Simulation on a Distributed Memory Machine,https://dblp.org/rec/conf/stoc/KarpLH92
3708,paper,Universal Algorithms for Store-and-Forward and Wormhole Routing.,https://dblp.org/rec/conf/stoc/CypherHSV96
3709,paper,Dequantizing the Quantum singular value transformation: hardness and applications to Quantum chemistry and the Quantum PCP conjecture.,https://dblp.org/rec/conf/stoc/GharibianG22
3710,paper,A Lower Bound for Randomized Algebraic Decision Trees.,https://dblp.org/rec/conf/stoc/GrigorievKHS96
3711,paper,How to Distribute a Dictionary in a Complete Network,https://dblp.org/rec/conf/stoc/DietzfelbingerH90
3712,paper,"One, Two, Three \\dots Infinity: Lower Bounds for Parallel Computation",https://dblp.org/rec/conf/stoc/FichHRW85
3713,paper,Fast Algorithms for N-Dimensional Restrictions of Hard Problems,https://dblp.org/rec/conf/stoc/Heide85
3714,paper,A Polynomial Linear Search Algorithm for the N-Dimensional Knapsack Problem,https://dblp.org/rec/conf/stoc/Heide83
3715,paper,A new algorithm approach to the general Lovász local lemma with applications to scheduling and satisfiability problems (extended abstract).,https://dblp.org/rec/conf/stoc/CzumajS00
3716,paper,Approximation techniques for utilitarian mechanism design.,https://dblp.org/rec/conf/stoc/BriestKV05
3717,paper,From Static to Dynamic Routing: Efficient Transformations of Store-and-Forward Protocols.,https://dblp.org/rec/conf/stoc/ScheidelerV99
3718,paper,Randomized Protocols for Low Congestion Circuit Routing in Multistage Interconnection Networks.,https://dblp.org/rec/conf/stoc/ColeMHMRSSV98
3719,paper,Reliable multipath communication approach for internet-based cyber-physical systems.,https://dblp.org/rec/conf/isie/ElattarCWJT17
3720,paper,Don't You Worry 'Bout a Packet: Unified Programming for In-Network Computing.,https://dblp.org/rec/conf/hotnets/KarlosBW21
3721,paper,Boosting Low Data PINN Robustness with Transfer Learning.,https://dblp.org/rec/conf/icarm/LenzBHT24
3722,paper,K-Nearest Neighbour Classification for Interval-Valued Data.,https://dblp.org/rec/conf/sum/NguyenDM17
3723,paper,Accelerate K-Mode Algorithms Using The Triangle Inequality.,https://dblp.org/rec/conf/sum/NguyenMH24
3724,paper,Discrete Minimax Binary Relevance Classifier for Imbalanced Multi-label Classification.,https://dblp.org/rec/conf/sum/MadrigalNGD24
3725,paper,Online Set Cover with Happiness Costs.,https://dblp.org/rec/conf/in4pl/Markarian21
3726,paper,An Online Variant of Set Cover Inspired by Happy Clients.,https://dblp.org/rec/conf/in4pl/Markarian21a
3727,paper,Online Facility Location Problems Inspired by the COVID-19 Pandemic.,https://dblp.org/rec/conf/in4pl/MarkarianK21a
3728,paper,Online Metric Facility Service Leasing with Duration-Specific Dormant Fees.,https://dblp.org/rec/conf/in4pl/MarkarianK21
3729,paper,When Machines Fail: Online Scheduling Under Bounded Failures.,https://dblp.org/rec/conf/in4pl/MarkarianP25
3730,paper,3D graph based stairway detection and localization for mobile robots.,https://dblp.org/rec/conf/iros/WestfechtelOMNK16
3731,paper,FPGADDS: An Intra-FPGA Data Distribution Service for ROS 2 Robotics Applications.,https://dblp.org/rec/conf/iros/LienenMP23
3732,paper,Task-relevant roadmaps: A framework for humanoid motion planning.,https://dblp.org/rec/conf/iros/StollengaPFLFS13
3733,paper,Cell control by intelligent objects-a new dimension of production control systems.,https://dblp.org/rec/conf/iros/GausemeierGGL94
3734,paper,Closest Gap based (CG) reactive obstacle avoidance Navigation for highly cluttered environments.,https://dblp.org/rec/conf/iros/MujahadFMJ10
3735,paper,Simultaneous place learning and recognition for real-time appearance-based mapping.,https://dblp.org/rec/conf/iros/KazmiM16
3736,paper,Transferring spatial perception between robots operating in a shared workspace.,https://dblp.org/rec/conf/iros/LeitnerHFFS12
3737,paper,Integration of emotional reactions on human facial expressions into the robot head MEXI.,https://dblp.org/rec/conf/iros/EsauKK07
3738,paper,Prosody based emotion recognition for MEXI.,https://dblp.org/rec/conf/iros/AustermannEKK05
3739,paper,Adapt-UI: an IDE supporting model-driven development of self-adaptive UIs.,https://dblp.org/rec/conf/eics/Yigitbas0E17
3740,paper,Component-based development of adaptive user interfaces.,https://dblp.org/rec/conf/eics/YigitbasJJKAE19
3741,paper,Design and Evaluation of AR-Assisted End-User Robot Path Planning Strategies.,https://dblp.org/rec/conf/eics/KringsYBE22
3742,paper,Using Augmented Reality for Enhancing Planning and Measurements in the Scaffolding Business.,https://dblp.org/rec/conf/eics/Yigitbas0E21
3743,paper,Model-driven UI Development Integrating HCI Patterns.,https://dblp.org/rec/conf/eics/YigitbasM015
3744,paper,Development framework for context-aware augmented reality applications.,https://dblp.org/rec/conf/eics/KringsYJ0E20
3745,paper,Towards A Wearable Passive Lower-Limb Exoskeleton Based on the Compact Gear-Spring Mechanism.,https://dblp.org/rec/conf/robio/PhamNVLNN24
3746,paper,Smooth reactive collision avoidance in difficult environments.,https://dblp.org/rec/conf/robio/MujahedFM15
3747,paper,Survivable Monitoring in Dynamic Networks.,https://dblp.org/rec/conf/iwia/AtenieseRS04
3748,paper,Taxonomy of IT support for training emergency response & management.,https://dblp.org/rec/conf/iscram/PottebaumMS14
3749,paper,Designing with Users: Co-Design for Innovation in Emergency Technologies.,https://dblp.org/rec/conf/iscram/PetersenBKSP15
3750,paper,Zippy - A coarse-grained reconfigurable array with support for hardware virtualization.,https://dblp.org/rec/conf/asap/PlesslP05
3751,paper,Using shared library interposing for transparent application acceleration in systems with heterogeneous hardware accelerators.,https://dblp.org/rec/conf/asap/BeiselNP10
3752,paper,A Highly Accurate Energy Model for Task Execution on Heterogeneous Compute Nodes.,https://dblp.org/rec/conf/asap/LoschP18
3753,paper,reMinMin: A novel static energy-centric list scheduling approach based on real measurements.,https://dblp.org/rec/conf/asap/LoschP17
3754,paper,Cooperative multitasking for heterogeneous accelerators in the Linux Completely Fair Scheduler.,https://dblp.org/rec/conf/asap/BeiselWPB11
3755,paper,Volume Driven Data Distribution for NUMA-Machines.,https://dblp.org/rec/conf/europar/HeineS00
3756,paper,Supervised Distributed Computing.,https://dblp.org/rec/conf/europar/AugustineSW25
3757,paper,Routing on Networks of Optical Crossbars (Extended Abstract).,https://dblp.org/rec/conf/europar/HeideSS96
3758,paper,Realistic Parallel Algorithms: Priority Queue Operations and Selection for the BSP Model.,https://dblp.org/rec/conf/europar/BamkerDHR96
3759,paper,Complexity Theory and Algorithms.,https://dblp.org/rec/conf/europar/HeideKR00
3760,paper,Static and Dynamic Data Management in Networks.,https://dblp.org/rec/conf/europar/HeideV97
3761,paper,A Special-purpose Coprocessor for Qualitative Simulation.,https://dblp.org/rec/conf/europar/FriedlPR95
3762,paper,Optimal and Alternating-Direction Load Balancing Schemes.,https://dblp.org/rec/conf/europar/ElsasserFMP99
3763,paper,Parallel Monte-Carlo Tree Search for HPC Systems.,https://dblp.org/rec/conf/europar/GrafLPS11
3764,paper,Topic 06: Complexity Theory and Algorithms.,https://dblp.org/rec/conf/europar/BilardiFHM01
3765,paper,Optimizing Communication for Latency Sensitive HPC Applications on up to 48 FPGAs Using ACCL.,https://dblp.org/rec/conf/europar/MeyerKPOBP24
3766,paper,Discrete Optimization.,https://dblp.org/rec/conf/europar/FeldmannR02
3767,paper,Selfish Distributed Optimization.,https://dblp.org/rec/conf/europar/MonienS12
3768,paper,"Mobile Computing, Mobile Networks.",https://dblp.org/rec/conf/europar/HeideKNS02
3769,paper,Routing on Asyncronous Processor Networks.,https://dblp.org/rec/conf/europar/KaraivazoglouH97
3770,paper,HighPerMeshes - A Domain-Specific Language for Numerical Algorithms on Unstructured Grids.,https://dblp.org/rec/conf/europar/AlhaddadFGGGHKP20
3771,paper,Towards Optimal Load Balancing Topologies.,https://dblp.org/rec/conf/europar/DeckerMP00
3772,paper,A Framework for Computing Education: Hybrid Interaction System: The need for a bigger picture in computing education.,https://dblp.org/rec/conf/kolicalling/SchulteB18
3773,paper,ProspectiveTeachers@Research: CS teacher education revised.,https://dblp.org/rec/conf/kolicalling/HornungS11
3774,paper,Eye-movement Modeling Examples in Source Code Comprehension: A Classroom Study.,https://dblp.org/rec/conf/kolicalling/BednarikSBHV18
3775,paper,Assessing students' understanding of object structures.,https://dblp.org/rec/conf/kolicalling/MuhlingSBBG19
3776,paper,The use of code reading in teaching programming.,https://dblp.org/rec/conf/kolicalling/BusjahnS13
3777,paper,Drafting a Data Science Curriculum for Secondary Schools.,https://dblp.org/rec/conf/kolicalling/HeinemannOBSFBP18
3778,paper,Analysis of code reading to gain more insight in program comprehension.,https://dblp.org/rec/conf/kolicalling/BusjahnSB11
3779,paper,New Perspectives on the Future of Computing Education: Teaching and Learning Explanatory Models.,https://dblp.org/rec/conf/kolicalling/Hoper024
3780,paper,Reconstructing the Digital - An Architectural Perspective for Non-Engineers (Discussion Paper).,https://dblp.org/rec/conf/kolicalling/WinkelnkemperS23
3781,paper,Surfacing Educational Traditions in European K-12 Computing Curricula: A Large-Scale NLP-Based Comparison.,https://dblp.org/rec/conf/kolicalling/SparmannAM025
3782,paper,Using data cards for teaching data based decision trees in middle school.,https://dblp.org/rec/conf/kolicalling/PodwornyFHBFHS21
3783,paper,Combining Ideas and Artifacts: an Interaction-Focused View on Computing Education Using a Cybersecurity Example.,https://dblp.org/rec/conf/kolicalling/TerflothBS20
3784,paper,JuGaze: A Cell-based Eye Tracking and Logging Tool for Jupyter Notebooks.,https://dblp.org/rec/conf/kolicalling/SparmannHS23
3785,paper,Computer science at school/CS teacher education: Koli working-group report on CS at school.,https://dblp.org/rec/conf/kolicalling/SchulteHSDJTEP12
3786,paper,Graph Grammar Engineering: A Method Used for the Development of an Integrated Programming Support Environment.,https://dblp.org/rec/conf/tapsoft/EngelsS85
3787,paper,Secure Storage for Physically Exposed Web- and Application Servers.,https://dblp.org/rec/conf/icn/SchattkowskyFL06
3788,paper,Discovery and Routing in the HEN Heterogeneous Peer-to-Peer Network.,https://dblp.org/rec/conf/icn/Schattkowsky05
3789,paper,Fairness Considerations in Replication and Placement Strategies for large Documents in heterogeneous Content Delivery Networks.,https://dblp.org/rec/conf/icn/LoeserSSS06
3790,paper,A Competence Model for Object-Interaction in Introductory Programming.,https://dblp.org/rec/conf/ppig/BennedsenS06
3791,paper,Developing Coding Schemes for Program Comprehension using Eye Movements.,https://dblp.org/rec/conf/ppig/BusjahnSK14
3792,paper,Evolving Fuzzy Pattern Trees for Binary Classification on Data Streams.,https://dblp.org/rec/conf/lwa/ShakerSH11
3793,paper,Plackett-Luce Networks for Dyad Ranking.,https://dblp.org/rec/conf/lwa/SchaferH16
3794,paper,Dyad Ranking Using a Bilinear Plackett-Luce Model.,https://dblp.org/rec/conf/lwa/SchaferH14
3795,paper,"Modeling, obtaining and storing data from social media tools with Artefact-Actor-Networks.",https://dblp.org/rec/conf/lwa/0001VMW10
3796,paper,A Latent-Feature Plackett-Luce Model for Dyad Ranking Completion.,https://dblp.org/rec/conf/lwa/Schafer17
3797,paper,Live video analytics as a service.,https://dblp.org/rec/conf/eurosys/ApostoloBNBW22
3798,paper,A Learning-based Framework for Optimizing Service Migration in Mobile Edge Clouds.,https://dblp.org/rec/conf/eurosys/BrandhermWM19
3799,paper,Verification of Concurrent Programs on Weak Memory Models.,https://dblp.org/rec/conf/ictac/TravkinW16
3800,paper,A High-Level Semantics for Program Execution under Total Store Order Memory.,https://dblp.org/rec/conf/ictac/DongolTDW13
3801,paper,Visual Scripting in Unity: A Comparative Analysis of Existing Frameworks.,https://dblp.org/rec/conf/icse-gas/StrodickS24
3802,paper,Per-Instance Configuration of the Modularized CMA-ES by Means of Classifier Chains and Exploratory Landscape Analysis.,https://dblp.org/rec/conf/ssci/PragerTWBK20
3803,paper,Using Reinforcement Learning for Per-Instance Algorithm Configuration on the TSP.,https://dblp.org/rec/conf/ssci/SeilerRHPBT23
3804,paper,Multiobjectivization of Local Search: Single-Objective Optimization Benefits From Multi-Objective Gradient Descent.,https://dblp.org/rec/conf/ssci/SteinhoffKATG20
3805,paper,Towards Feature-Free Automated Algorithm Selection for Single-Objective Continuous Black-Box Optimization.,https://dblp.org/rec/conf/ssci/PragerSTK21
3806,paper,An extended mutation-based priority-rule integration concept for multi-objective machine scheduling.,https://dblp.org/rec/conf/ssci/BossekG17a
3807,paper,A pareto-beneficial sub-tree mutation for the multi-criteria minimum spanning tree problem.,https://dblp.org/rec/conf/ssci/BossekG17
3808,paper,Understanding Architecture Erosion: The Practitioners' Perceptive.,https://dblp.org/rec/conf/iwpc/Li0SA21
3809,paper,Eye movements in code reading: relaxing the linear order.,https://dblp.org/rec/conf/iwpc/BusjahnBBCPSST15
3810,paper,Manners Matter: Action History Guides Attention and Repair Choices During Interaction.,https://dblp.org/rec/conf/icdl/SinghWRGR25
3811,paper,Developing feedback: How children of different age contribute to a tutoring interaction with adults.,https://dblp.org/rec/conf/icdl/VollmerPLFRW10
3812,paper,Modeling the Quality of Dialogical Explanations.,https://dblp.org/rec/conf/coling/AlshomaryLBSCW24
3813,paper,CausalQA: A Benchmark for Causal Question Answering.,https://dblp.org/rec/conf/coling/0001WHBN0BHP22
3814,paper,Mining Crowdsourcing Problems from Discussion Forums of Workers.,https://dblp.org/rec/conf/coling/NouriWE20
3815,paper,Modeling Review Argumentation for Robust Sentiment Analysis.,https://dblp.org/rec/conf/coling/WachsmuthTSE14
3816,paper,LOLA - An Open-Source Massively Multilingual Large Language Model.,https://dblp.org/rec/conf/coling/SrivastavaKNSRZ25
3817,paper,Contextual Augmentation for Entity Linking using Large Language Models.,https://dblp.org/rec/conf/coling/VollmersZMN25
3818,paper,Entwicklung von µ-Prozessor Software und µ-Prozessor orientierter Hardware mit Hilfe des CAP-CAD-Systems.,https://dblp.org/rec/conf/microcomputing/RammigAC79
3819,paper,Scaling Machine Learning on Knowledge Graphs.,https://dblp.org/rec/conf/f-egc/Ngonga23
3820,paper,Switches for HIRE: resource scheduling for data center in-network computing.,https://dblp.org/rec/conf/asplos/BlocherWES21
3821,paper,Adaptive Predicate Managers in Database Systems.,https://dblp.org/rec/conf/vldb/BottcherJS86
3822,paper,Beyond the core: Enabling software-defined control at the network edge.,https://dblp.org/rec/conf/kivs/HeuschkelSWM17
3823,paper,SmarterPhones: Anticipatory download scheduling for wireless video streaming.,https://dblp.org/rec/conf/kivs/DraxlerBDVK15
3824,paper,Graph Based Histogram Intersection for Efficient Location of Color Objects.,https://dblp.org/rec/conf/dagm/ChengDH00
3825,paper,Detecting Face Morphing Attacks by Analyzing the Directed Distances of Facial Landmarks Shifts.,https://dblp.org/rec/conf/dagm/DamerBWBTBK18
3826,paper,Learning Efficient Information Extraction on Heterogeneous Texts.,https://dblp.org/rec/conf/ijcnlp/WachsmuthSE13
3827,paper,Back to the Roots of Genres: Text Classification by Language Function.,https://dblp.org/rec/conf/ijcnlp/WachsmuthB11
3828,paper,FPGA-accelerated key search for cold-boot attacks against AES.,https://dblp.org/rec/conf/fpt/RieblerKSP13
3829,paper,FINN-T: Compiling Custom Dataflow Accelerators for Quantized Transformers.,https://dblp.org/rec/conf/fpt/BerganskiJPKG24
3830,paper,Optimal temporal partitioning based on slowdown and retiming.,https://dblp.org/rec/conf/fpt/PlesslPT06
3831,paper,Memory security in reconfigurable computers: Combining formal verification with monitoring.,https://dblp.org/rec/conf/fpt/WiersemaDP14
3832,paper,Evolvable caches: Optimization of reconfigurable cache mappings for a LEON3/Linux-based multi-core processor.,https://dblp.org/rec/conf/fpt/HoKP17
3833,paper,Task Placement for Heterogeneous Reconfigurable Architectures.,https://dblp.org/rec/conf/fpt/KoesterPK05
3834,paper,Comparison of thread signatures for error detection in hybrid multi-cores.,https://dblp.org/rec/conf/fpt/MeisnerP15
3835,paper,TKDM - a reconfigurable co-processor in a PC's memory slot.,https://dblp.org/rec/conf/fpt/PlesslP03
3836,paper,Past- and Future-Oriented Time-Bounded Temporal Properties with OCL.,https://dblp.org/rec/conf/sefm/FlakeM04
3837,paper,FastLane Is Opaque - a Case Study in Mechanized Proofs of Opacity.,https://dblp.org/rec/conf/sefm/SchellhornWTKW18
3838,paper,Intuitive Representations for Temporal Logic Formulas.,https://dblp.org/rec/conf/fdl/Zhao03
3839,paper,The Formal Simulation Semantics of SystemVerilog.,https://dblp.org/rec/conf/fdl/ZambaldiEKM04
3840,paper,Combining Formal Refinement and Model Checking for Real-Time Systems Verification.,https://dblp.org/rec/conf/fdl/KruppM03
3841,paper,A Quantitative Guide to Navigate Speed/Accuracy Tradeoffs in System Level Design of RISC-V Processor Grids.,https://dblp.org/rec/conf/fdl/LuchterhandtGWSMD25
3842,paper,Detection of Semantically Equivalent Fragments for Business Process Model Change Management.,https://dblp.org/rec/conf/IEEEscc/GerthLKE10
3843,paper,Learning Recommendation System for Automated Service Composition.,https://dblp.org/rec/conf/IEEEscc/JungmannK13
3844,paper,Towards the Application of Reinforcement Learning Techniques for Quality-Based Service Selection in Automated Service Composition.,https://dblp.org/rec/conf/IEEEscc/JungmannK12
3845,paper,Automated Online Service Composition.,https://dblp.org/rec/conf/IEEEscc/MohrJB15
3846,paper,Automatic Composition of Service-Based Image Processing Applications.,https://dblp.org/rec/conf/IEEEscc/JungmannK16
3847,paper,Precise Mappings between Business Process Models in Versioning Scenarios.,https://dblp.org/rec/conf/IEEEscc/GerthLKE11
3848,paper,A fast TCAD-based methodology for Variation analysis of emerging nano-devices.,https://dblp.org/rec/conf/dft/MohammadiGYM13
3849,paper,Analytic reliability evaluation for fault-tolerant circuit structures on FPGAs.,https://dblp.org/rec/conf/dft/AnwerP14
3850,paper,Feedback driven instruction-set extension.,https://dblp.org/rec/conf/lctrts/KastensLST04
3851,paper,An EDF schedulability test for periodic tasks on reconfigurable hardware devices.,https://dblp.org/rec/conf/lctrts/DanneP06
3852,paper,Towards Specification Patterns for Global Software Development Projects - Experiences from the Industry.,https://dblp.org/rec/conf/quatic/SalgerEE10
3853,paper,Rupeas: Ruby powered event analysis DSL.,https://dblp.org/rec/conf/inss/WoehrlePT10
3854,paper,A UML Profile for Real-Time Constraints with the OCL.,https://dblp.org/rec/conf/uml/FlakeM02
3855,paper,ProGUM-Web: Tool Support for Model-Based Development of Web Applications.,https://dblp.org/rec/conf/uml/LohmannSS03
3856,paper,Rule-Based Specification of Behavioral Consistency Based on the UML Meta-model.,https://dblp.org/rec/conf/uml/EngelsHK01
3857,paper,UML Collaboration Diagrams and their Transformation to Java.,https://dblp.org/rec/conf/uml/EngelsHSW99
3858,paper,Rapid Development of Modular Dynamic Web Sites Using UML.,https://dblp.org/rec/conf/uml/SchattkowskyL02
3859,paper,Identifying Semantic Dimensions of (UML) Sequence Diagrams.,https://dblp.org/rec/conf/uml/HausmannKS01
3860,paper,Towards Employing UML Model Mappings for Platform Indepedent User Interface Design.,https://dblp.org/rec/conf/uml/SchattkowskyL05
3861,paper,UML Model Mappings for Platform Independent User Interface Design.,https://dblp.org/rec/conf/uml/SchattkowskyL05a
3862,paper,Consistency-Preserving Model Evolution through Transformations.,https://dblp.org/rec/conf/uml/EngelsHKG02
3863,paper,Dynamic Meta Modeling: A Graphical Approach to the Operational Semantics of Behavioral Diagrams in UML.,https://dblp.org/rec/conf/uml/EngelsHHS00
3864,paper,Teaching UML Is Teaching Software Engineering Is Teaching Abstraction.,https://dblp.org/rec/conf/uml/EngelsHLS05
3865,paper,An ASM Definition of the Dynamic OCL 2.0 Semantics.,https://dblp.org/rec/conf/uml/FlakeM04
3866,paper,Workshop Report: Model Driven Development of Advanced User Interfaces (MDDAUI).,https://dblp.org/rec/conf/uml/PleussBSH05
3867,paper,Activity Diagram Patterns for Modeling Quality Constraints in Business Processes.,https://dblp.org/rec/conf/uml/ForsterES05
3868,paper,The Consistency Workbench: A Tool for Consistency Management in UML-Based Development.,https://dblp.org/rec/conf/uml/EngelsHK03
3869,paper,PACE Solver Description: Exact (GUTHMI) and Heuristic (GUTHM).,https://dblp.org/rec/conf/iwpec/LeonhardtDHKM0P23
3870,paper,Ultra high speed wireless communication with low complexity transceiver.,https://dblp.org/rec/conf/issse2/WolfKS12
3871,paper,Drift Detection in Text Data with Document Embeddings.,https://dblp.org/rec/conf/ideal/FeldhansWHSHNH21
3872,paper,OWL 2 Reasoning To Detect Energy-Efficient Software Variants From Context.,https://dblp.org/rec/conf/owled/GoetzMTT13
3873,paper,DIG 2.0 -- Towards a Flexible Interface for Description Logic Reasoners.,https://dblp.org/rec/conf/owled/BechhoferLLNPSTW06
3874,paper,Optimizations for the Role-Depth Bounded Least Common Subsumer in EL+.,https://dblp.org/rec/conf/owled/EckeT12
3875,paper,Harvesting Runtime Values in Android Applications That Feature Anti-Analysis Techniques.,https://dblp.org/rec/conf/ndss/RasthoferAMB16
3876,paper,A Machine-learning Approach for Classifying and Categorizing Android Sources and Sinks.,https://dblp.org/rec/conf/ndss/RasthoferAB14
3877,paper,System Thinking: Crafting Scenarios for Prescriptive Analytics.,https://dblp.org/rec/conf/konvens/WeberCLSGJ14
3878,paper,Reliable Age and Gender Estimation from Face Images: Stating the Confidence of Model Predictions.,https://dblp.org/rec/conf/btas/TerhorstHKZDKK19
3879,paper,CrazyFaces: Unassisted Circumvention of Watchlist Face Identification.,https://dblp.org/rec/conf/btas/DamerWBBT0K18
3880,paper,Capturing Ambiguity in Artifacts to Support Requirements Engineering for Self-Adaptive Systems.,https://dblp.org/rec/conf/refsq/Munoz-Fernandez17
3881,paper,Towards a Task Driven Approach Enabling Continuous User Requirements Engineering.,https://dblp.org/rec/conf/refsq/FischerRYF16
3882,paper,Requirements and Systems Architecture Interaction in a Prototypical Project: Emerging Results.,https://dblp.org/rec/conf/refsq/FerrariSHGSM10
3883,paper,Gestural Interfaces for Diagram Editors.,https://dblp.org/rec/conf/avi/Zhao92
3884,paper,122 GHz patch antenna designs by using BCB above SiGe BiCMOS wafer process for system-on-chip applications.,https://dblp.org/rec/conf/pimrc/WangSKBGBS13
3885,paper,Sensitivity Analysis of a Low-Power Wake-Up Receiver Using an RF Barker Code SAW Correlator and a Baseband Narrowband Correlator.,https://dblp.org/rec/conf/pimrc/AbughannamS20
3886,paper,60GHz OFDM hardware demonstrators in SiGe BiCMOS: State-of-the-art and future development.,https://dblp.org/rec/conf/pimrc/ChoiGHPSSGKTEWKS08
3887,paper,60-GHz adaptive beamforming receiver arrays for interference mitigation.,https://dblp.org/rec/conf/pimrc/ChoiEGS10
3888,paper,A Game-Theoretic Approach to Covert Communications.,https://dblp.org/rec/conf/pimrc/LeongQD20
3889,paper,Asymmetric dual-band UWB / 60 GHz demonstrator.,https://dblp.org/rec/conf/pimrc/GrassSGESLHUPKS08
3890,paper,Rate Analysis of SC-FDE and OFDM Systems with Low Resolution ADCs.,https://dblp.org/rec/conf/pimrc/0003M19
3891,paper,Cooperating base station set selection and network reconfiguration in limited backhaul networks.,https://dblp.org/rec/conf/pimrc/DraxlerBKK12
3892,paper,Optimized Query Delivery in Distributed Electronic Markets.,https://dblp.org/rec/conf/ecweb/BottcherD04
3893,paper,Transforming Timeline Specifications into Automata for Runtime Monitoring.,https://dblp.org/rec/conf/agtive/BoddenV07
3894,paper,Formal Integration of Software Engineering Aspects Using Graph Rewrite Systems - A Typical Experience?!,https://dblp.org/rec/conf/agtive/ZamperoniE99
3895,paper,Assuring Consistency of Business Process Models and Web Services Using Visual Contracts.,https://dblp.org/rec/conf/agtive/EngelsGSW07
3896,paper,Rational Defeasible Subsumption in DLs with Nested Quantifiers: the Case of ELI⊥.,https://dblp.org/rec/conf/nmr/CamaraT22
3897,paper,"A High-Fidelity Flow Solver for Unstructured Meshes on Field-Programmable Gate Arrays: Design, Evaluation, and Future Challenges.",https://dblp.org/rec/conf/hpcasia/KarpPKJPSM22
3898,paper,When Are Software Verification Results Valid for Approximate Hardware?,https://dblp.org/rec/conf/tap/0002JPW19
3899,paper,On the development of consistent user interfaces (extended abstract).,https://dblp.org/rec/conf/programming/AnjorinYKP18
3900,paper,Confidence and Risk Estimation Plugins for Multi-Modal Authentication on Mobile Devices using CORMORANT.,https://dblp.org/rec/conf/momm/HintzeMFSKM15
3901,paper,60-Ghz OFDM Systems for Multi-Gigabit Wireless LAN Applications.,https://dblp.org/rec/conf/ccnc/ChoiGPEMKS10
3902,paper,Local Strategies for Connecting Stations by Small Robotic Networks.,https://dblp.org/rec/conf/ifip10/HeideS08
3903,paper,Immuno-repairing of FPGA designs.,https://dblp.org/rec/conf/ifip10/MontealegreR08
3904,paper,On Robust Evolution of Digital Hardware.,https://dblp.org/rec/conf/ifip10/KnieperDKP08
3905,paper,Trading off Impact and Mutation of Knowledge by Cooperatively Learning Robots.,https://dblp.org/rec/conf/ifip10/RichertKK06
3906,paper,Acute Stress Response for Self-optimizing Mechatronic Systems.,https://dblp.org/rec/conf/ifip10/GieseMMOS06
3907,paper,Maintaining Communication Between an Explorer and a Base Station.,https://dblp.org/rec/conf/ifip10/DyniaKLH06
3908,paper,Integrating Emotional Competence into Man-Machine Collaboration.,https://dblp.org/rec/conf/ifip10/EsauKK08
3909,paper,Measurement of Robot Similarity to Determine the Best Demonstrator for Imitation in a Group of Heterogeneous Robots.,https://dblp.org/rec/conf/ifip10/GolombekRKA08
3910,paper,Stating Comparison Score Uncertainty and Verification Decision Confidence Towards Transparent Face Recognition.,https://dblp.org/rec/conf/bmvc/HuberTKDK22
3911,paper,Visualization of Geographic Data using VRML - An Internet Client for a Geographic Information System (GIS).,https://dblp.org/rec/conf/cgi/StuweLD98
3912,paper,Visualization of Meteorological Data using an Interactive Flight.,https://dblp.org/rec/conf/cgi/KonigLD98
3913,paper,Machine Learning for Dynamic Resource Allocation in Network Function Virtualization.,https://dblp.org/rec/conf/netsoft/SchneiderSPK20
3914,paper,Prototyping and Demonstrating 5G Verticals: The Smart Manufacturing Case.,https://dblp.org/rec/conf/netsoft/PeusterSBMBK19
3915,paper,Scaling and Placing Bidirectional Services with Stateful Virtual and Physical Network Functions.,https://dblp.org/rec/conf/netsoft/DraxlerSK18
3916,paper,Benchmarking and Profiling 5G Verticals' Applications: An Industrial IoT Use Case.,https://dblp.org/rec/conf/netsoft/ZafeiropoulosFP20
3917,paper,Cloud-Native Threat Detection and Containment for Smart Manufacturing.,https://dblp.org/rec/conf/netsoft/MullerBBSPK20
3918,paper,Execution of UMLState Machines Using Modelica.,https://dblp.org/rec/conf/eoolt/SchamaiPFPHS10
3919,paper,Modelica code generation from ModelicaML state machines extended by asynchronous communication.,https://dblp.org/rec/conf/eoolt/PohlmannT11
3920,paper,Some Further Approximation Algorithms for the Vertex Cover Problem.,https://dblp.org/rec/conf/caap/MonienS83
3921,paper,"Enabling Performance Portability for Shallow Water Equations on CPUs, GPUs, and FPGAs with SYCL.",https://dblp.org/rec/conf/pasc/ButtnerAKKPA24
3922,paper,A Massively Parallel Algorithm for the Approximate Calculation of Inverse p-th Roots of Large Sparse Matrices.,https://dblp.org/rec/conf/pasc/LassMWKP18
3923,paper,Scalable Multi-FPGA Design of a Discontinuous Galerkin Shallow-Water Model on Unstructured Meshes.,https://dblp.org/rec/conf/pasc/FajKFPA23
3924,paper,HSkip+: A self-stabilizing overlay network for nodes with heterogeneous bandwidths.,https://dblp.org/rec/conf/p2p/FeldottoSG14
3925,paper,WiP abstract: Fault effect modeling in a heterogeneous SystemC virtual platform framework for cyber-physical systems.,https://dblp.org/rec/conf/iccps/BeckerKM14
3926,paper,Concept-based Co-migration of Test Cases.,https://dblp.org/rec/conf/modelsward/JovanovikjY0E20
3927,paper,Model-Driven Collaborative Design of Professional Education Programmes with Extended Online Whiteboards.,https://dblp.org/rec/conf/modelsward/WoltersE23
3928,paper,Modular Construction of Context-Specific Test Case Migration Methods.,https://dblp.org/rec/conf/modelsward/JovanovikjYG0E19
3929,paper,Integrating Security Protocols in Scenario-based Requirements Specifications.,https://dblp.org/rec/conf/modelsward/KochTDB22
3930,paper,Towards an Automated Synthesis of a Real-time Scheduling for Cyber-physical Multi-core Systems.,https://dblp.org/rec/conf/modelsward/GeismannPS17
3931,paper,A Modeling Workbench for the Development of Situation-specific Test Co-migration Methods.,https://dblp.org/rec/conf/modelsward/JovanovikjTVY0E21
3932,paper,Using Attack and Failure Propagation Analysis for Context-Aware Security Control Suggestions.,https://dblp.org/rec/conf/modelsward/TrentinagliaKB26
3933,paper,Context-specific Quality Evaluation of Test Cases.,https://dblp.org/rec/conf/modelsward/JovanovikjNE018
3934,paper,Automated Synthesis of a Real-Time Scheduling for Cyber-Physical Multi-core Systems.,https://dblp.org/rec/conf/modelsward/GeismannHKPS17
3935,paper,CMOS Bridges and Resistive Transistor Faults: IDDQ versus Delay Effects.,https://dblp.org/rec/conf/itc/VierhausMG93
3936,paper,Exploiting Locality for Data Management in Systems of Limited Bandwidth.,https://dblp.org/rec/conf/focs/MaggsHVW97
3937,paper,Dynamic Perfect Hashing: Upper and Lower Bounds,https://dblp.org/rec/conf/focs/DietzfelbingerKMHRT88
3938,paper,Priority Encoding Transmission,https://dblp.org/rec/conf/focs/AlbaneseBELS94
3939,paper,Deterministic Routing with Bounded Buffers: Turning Offline into Online Protocols.,https://dblp.org/rec/conf/focs/HeideS96
3940,paper,On the Limits to Speed Up Parallel Machines by Large Hardware and Unbounded Communication,https://dblp.org/rec/conf/focs/HeideR84
3941,paper,Nondeterministic versus Probabilistic Linear Search Algorithms,https://dblp.org/rec/conf/focs/Heide85
3942,paper,How to Denest Ramanujan's Nested Radicals,https://dblp.org/rec/conf/focs/Blomer92
3943,paper,Computing Sums of Radicals in Polynomial Time,https://dblp.org/rec/conf/focs/Blomer91
3944,paper,Simple Routing Strategies for Adversarial Systems.,https://dblp.org/rec/conf/focs/AwerbuchBBS01
3945,paper,The Complexity of Parallel Sorting,https://dblp.org/rec/conf/focs/HeideW85
3946,paper,Graph Transformation as Meta Language for Dynamic Modeling and Model Evolution.,https://dblp.org/rec/conf/csmr/HeckelE01
3947,paper,Hierarchically Distributing Embedded Systems for Improved Autonomy.,https://dblp.org/rec/conf/ifip10-3/SternARK08
3948,paper,Multilanguage Design.,https://dblp.org/rec/conf/ifip10-3/Kleinjohann98
3949,paper,An Infrastructure for Flexible Runtime Reconfigurable Multi-microcontroller Systems.,https://dblp.org/rec/conf/ifip10-3/SternASKK10
3950,paper,Generation of Executable Testbenches from Natural Language Requirement Specifications for Embedded Real-Time Systems.,https://dblp.org/rec/conf/ifip10-3/0003BKL10
3951,paper,Efficient Mutation-Analysis Coverage for Constrained Random Verification.,https://dblp.org/rec/conf/ifip10-3/XieML10
3952,paper,The Specification Language SpecC within the PARADISE Design Environment.,https://dblp.org/rec/conf/ifip10-3/RettbergRGGHK00
3953,paper,LTL's Intuitive Representations and its Automaton Translation.,https://dblp.org/rec/conf/ifip10-3/Zhao04
3954,paper,Integration of Low Power Analysis into High-Level Scheduling in Distributed Real-Time Computing Systems.,https://dblp.org/rec/conf/ifip10-3/RettbergKR02
3955,paper,The Paderkicker Team: Autonomy in Realtime Environments.,https://dblp.org/rec/conf/ifip10-3/RichertKKBRA06
3956,paper,Deterministic and High-Performance Communication System for the Distributed Control of Mechatronic Systems Using the IEEE1394a.,https://dblp.org/rec/conf/ifip10-3/ZanellaLHP02
3957,paper,A Petri Net Based Approach for the Design of Dynamically Modifiable Embedded Systems.,https://dblp.org/rec/conf/ifip10-3/RustR04a
3958,paper,"Paradise: Design Environment for Parallel & Distributed, Embedded Real-Time Systems.",https://dblp.org/rec/conf/ifip10-3/HardtABCDEGKLRRSST98
3959,paper,Task Migration for Fault-Tolerant FlexRay Networks.,https://dblp.org/rec/conf/ifip10-3/KlobedanzDZ0Z10
3960,paper,Preface.,https://dblp.org/rec/conf/ifip10-3/LindsayRHT10
3961,paper,Integrate Online Model Checking into Distributed Reconfigurable System on Chip with Adaptable OS Services.,https://dblp.org/rec/conf/ifip10-3/SamaraZR10
3962,paper,An Efficient Time Annotation Technique in Abstract RTOS Simulations for Multiprocessor Task Migration.,https://dblp.org/rec/conf/ifip10-3/ZabelM08
3963,paper,Flexible Resource Management - A Framework for Self-Optimizing Real-Time Systems.,https://dblp.org/rec/conf/ifip10-3/BoekeO04
3964,paper,Low Latency Color Segmentation on Embedded Real-Time Systems.,https://dblp.org/rec/conf/ifip10-3/SticklingK02
3965,paper,Integration of Energy Reduction into High-Level Synthesis by Partitioning.,https://dblp.org/rec/conf/ifip10-3/RettbergR06
3966,paper,Preface.,https://dblp.org/rec/conf/ifip10-3/WolfKK10
3967,paper,A Mixed Level Simulation Environment for Stepwise RTOS Software Refinement.,https://dblp.org/rec/conf/ifip10-3/BeckerZ010
3968,paper,Verification Framework for UML-Based Design of Embedded Systems.,https://dblp.org/rec/conf/ifip10-3/KardosZ04
3969,paper,A Self-Controlled and Dynamically Reconfigurable Architecture.,https://dblp.org/rec/conf/ifip10-3/DittmanR04
3970,paper,Decision Support Ecosystems: Definition and Platform Architecture.,https://dblp.org/rec/conf/ewgdss/KirchhoffWE22
3971,paper,Tracechecks: Defining Semantic Interfaces with Temporal Logic.,https://dblp.org/rec/conf/soco/BoddenS06
3972,paper,Challenges for Refinement and Composition of Instrumentations: Position Paper.,https://dblp.org/rec/conf/soco/AnsaloniBBBHMQSSTZ12
3973,paper,Realizing reconfigurable mesh algorithms on softcore arrays.,https://dblp.org/rec/conf/samos/GiefersP08
3974,paper,Architectural low-power design using transaction-based system modeling and simulation.,https://dblp.org/rec/conf/samos/MischkallaM14
3975,paper,Granular Approach for Evolving System Modeling.,https://dblp.org/rec/conf/ipmu/LeiteCG10
3976,paper,A Physical Embedding Model for Knowledge Graphs.,https://dblp.org/rec/conf/jist/DemirN19
3977,paper,Energy-Efficiency of OWL Reasoners - Frequency Matters.,https://dblp.org/rec/conf/jist/KoopmannHT17
3978,paper,μ-Bench: Real-world Micro Benchmarking for SPARQL Query Processing over Knowledge Graphs.,https://dblp.org/rec/conf/jist/0002AVN22
3979,paper,Employing DL\\text -Lite_R -Reasoners for Fuzzy Query Answering.,https://dblp.org/rec/conf/jist/MailisT14
3980,paper,Towards Practical Runtime Verification and Validation of Self-Adaptive Software Systems.,https://dblp.org/rec/conf/dagstuhl/TamuraVMSBKMPSTW10
3981,paper,Secure Multi-Party Data Management.,https://dblp.org/rec/conf/dagstuhl/Bottcher06
3982,paper,Software Engineering for Self-Adaptive Systems: A Second Research Roadmap.,https://dblp.org/rec/conf/dagstuhl/LemosGMSALSTVVWBBBBCDDEGGGGIKKLMMMMMNPPSSSSTWW10
3983,paper,Dagstuhl-Manifest zur Strategischen Bedeutung des Software Engineering in Deutschland.,https://dblp.org/rec/conf/dagstuhl/BroyJNRCEGGGGGH05
3984,paper,07381 Executive Summary - Cryptography.,https://dblp.org/rec/conf/dagstuhl/BlomerBCM07
3985,paper,07081 Abstracts Collection - End-User Software Engineering.,https://dblp.org/rec/conf/dagstuhl/BurnettEMR07a
3986,paper,Mensch-Maschine-Schnittstelle.,https://dblp.org/rec/conf/dagstuhl/Keil-Slawik93
3987,paper,Syntax and Semantics of Hybrid Database Languages.,https://dblp.org/rec/conf/dagstuhl/AndriesE93
3988,paper,Stabilizing Consensus with the Power of Two Choices.,https://dblp.org/rec/conf/dagstuhl/DoerrGMSS09
3989,paper,04441 Working Group - Research Issues in Mobile Transactions.,https://dblp.org/rec/conf/dagstuhl/BoseBGPRSST04
3990,paper,06431 Working Group Report on Managing and Integrating Data in P2P Databases.,https://dblp.org/rec/conf/dagstuhl/BonczBIJKLMMORSSSST06
3991,paper,07381 Abstracts Collection -- Cryptography.,https://dblp.org/rec/conf/dagstuhl/BlomerBCM07a
3992,paper,Empirical Studies as a tool to Improve Teaching Concepts.,https://dblp.org/rec/conf/dagstuhl/Schulte04
3993,paper,Biologically Inspired Methods for Organizing Distributed Services on Sensor Networks.,https://dblp.org/rec/conf/dagstuhl/RammigHJ08
3994,paper,08261 Executive Summary - Structure-Based Compression of Complex Massive Data.,https://dblp.org/rec/conf/dagstuhl/BottcherLMR08a
3995,paper,Parallel Universes: Multi-Criteria Optimization.,https://dblp.org/rec/conf/dagstuhl/WeihsT07
3996,paper,"06431 Working Group Summary: P2P, Ad Hoc and Sensor Networks - All the Different or All the Same?.",https://dblp.org/rec/conf/dagstuhl/BonczBBBCGIJKMMOOS06
3997,paper,Selfish Routing of Splittable Flow with Respect to Maximum Congestion.,https://dblp.org/rec/conf/dagstuhl/Feldmann05
3998,paper,05361 Abstracts Collection - Algorithmic Aspects of Large and Complex Networks.,https://dblp.org/rec/conf/dagstuhl/LeonardiHW05
3999,paper,Production planning and control with discrete lotsizing and a rolling horizon.,https://dblp.org/rec/conf/dagstuhl/DangelmaierD09
4000,paper,MATE - A Model Analysis and Transformation Environment for MATLAB Simulink.,https://dblp.org/rec/conf/dagstuhl/LegrosSSS07
4001,paper,Pattern Synthesis from Multiple Scenarios for Parameterized Real-Time UML Models.,https://dblp.org/rec/conf/dagstuhl/GieseKB03
4002,paper,"04441 Working Group - Some Open Aspects of Mobile Ad-hoc NETwork, Peer-to-Peer, and Self-organizing Systems.",https://dblp.org/rec/conf/dagstuhl/BoseBGMOPRSS04
4003,paper,The Price of Anarchy for Polynomial Social Cost.,https://dblp.org/rec/conf/dagstuhl/GairingLMM05
4004,paper,Autonomous Shuttle System Case Study.,https://dblp.org/rec/conf/dagstuhl/GieseK03
4005,paper,08261 Abstracts Collection - Structure-Based Compression of Complex Massive Data.,https://dblp.org/rec/conf/dagstuhl/BottcherLMR08
4006,paper,07081 Executive Summary - End-User Software Engineering.,https://dblp.org/rec/conf/dagstuhl/BurnettEMR07
4007,paper,Reconfiguration Time Aware Processing on FPGAs.,https://dblp.org/rec/conf/dagstuhl/Dittmann06
4008,paper,Optimized XML Data Management for Mobile Transactions.,https://dblp.org/rec/conf/dagstuhl/Bottcher04
4009,paper,"Model-Driven Development for End-Users, too!?.",https://dblp.org/rec/conf/dagstuhl/Engels07
4010,paper,06431 Working Group Summary: Atomicity in Mobile Networks.,https://dblp.org/rec/conf/dagstuhl/ObermeierBBCDGMOSV06
4011,paper,Fujaba4Eclipse Real-Time Tool Suite.,https://dblp.org/rec/conf/dagstuhl/PriesterjahnTHHS07
4012,paper,06431 Summary -- Scalable Data Management in Evolving Networks,https://dblp.org/rec/conf/dagstuhl/BottcherGMP06
4013,paper,06431 Abstracts Collection -- Scalable Data Management in Evolving Networks.,https://dblp.org/rec/conf/dagstuhl/BottcherGMP06a
4014,paper,Software Engineering for Self-Adaptive Systems: A second Research Roadmap.,https://dblp.org/rec/conf/dagstuhl/LemosGMSABBBBCD10
4015,paper,STAR-RIS-Aided RSMA for the URLLC Multi-User MIMO Downlink.,https://dblp.org/rec/conf/wsa/SoleymaniSJSH25
4016,paper,Towards Context-Sensitive Service Composition for Service-Oriented Image Processing.,https://dblp.org/rec/conf/cloudcom/JungmannK14
4017,paper,Patterns for Constructing Mutation Operators: Limiting the Search Space in a Software Engineering Application.,https://dblp.org/rec/conf/eurogp/KuhneHAE16
4018,paper,System design of a mixed signal PSSS transceiver using a linear ultra-broadband analog correlator for the receiver baseband designed in 130 nm SiGe BiCMOS technology.,https://dblp.org/rec/conf/eurocon/JavedSKK17
4019,paper,Big POI data integration with Linked Data technologies.,https://dblp.org/rec/conf/edbt/AthanasiouGGK0N19
4020,paper,A Packet Routing Protocol for Arbitrary Networks.,https://dblp.org/rec/conf/stacs/HeideV95
4021,paper,Parameterised Counting in Logspace.,https://dblp.org/rec/conf/stacs/HaakM0R21
4022,paper,Fault-Tolerant Shared Memory Simulations.,https://dblp.org/rec/conf/stacs/BerenbrinkHS96
4023,paper,On the Complexity of Deadlock Recovery.,https://dblp.org/rec/conf/stacs/LeungM85
4024,paper,Capabilities and Complexity of Computations with Integer Division.,https://dblp.org/rec/conf/stacs/Lurwer-BruggemeierH93
4025,paper,A Time-Space Tradeoff for Element Distinctness.,https://dblp.org/rec/conf/stacs/BorodinFHUW86
4026,paper,Scalable Sparse Topologies with Small Spectrum.,https://dblp.org/rec/conf/stacs/ElsasserKM01
4027,paper,Efficient Simulations among Several Models of Parallel Computers.,https://dblp.org/rec/conf/stacs/Heide84
4028,paper,Broadcasting in Butterfly and DeBruijn Networks.,https://dblp.org/rec/conf/stacs/KlasingMPS92
4029,paper,Models and Techniques for Communication in Dynamic Networks.,https://dblp.org/rec/conf/stacs/Scheideler02
4030,paper,"The Secret of Selective Game Tree Search, When Using Random-Error Evaluations.",https://dblp.org/rec/conf/stacs/LorenzM02
4031,paper,On Genuinely Time Bounded Compuations.,https://dblp.org/rec/conf/stacs/Heide89
4032,paper,Speeding up Random Access Machines by Few Processors.,https://dblp.org/rec/conf/stacs/Heide86
4033,paper,Stackelberg Network Pricing Games.,https://dblp.org/rec/conf/stacs/BriestHK08
4034,paper,Caterpillars and Context-Free Languages.,https://dblp.org/rec/conf/stacs/ChytilM90
4035,paper,Oracle Complexity Classes and Local Measurements on Physical Hamiltonians.,https://dblp.org/rec/conf/stacs/GharibianPY20
4036,paper,Time-Optimal Simulations of Networks by Universal Parallel Computers.,https://dblp.org/rec/conf/stacs/HeideW89
4037,paper,The Complexity of Translationally Invariant Problems Beyond Ground State Energies.,https://dblp.org/rec/conf/stacs/WatsonBG23
4038,paper,Exact Price of Anarchy for Polynomial Congestion Games.,https://dblp.org/rec/conf/stacs/AlandDGMS06
4039,paper,On Computations with Integer Division.,https://dblp.org/rec/conf/stacs/JustHW88
4040,paper,Parallel Architectures: Design and Efficient Use.,https://dblp.org/rec/conf/stacs/MonienFKL93
4041,paper,Exploiting Storage Redundancy to Speed Up Randomized Shared Memory Simulations.,https://dblp.org/rec/conf/stacs/HeideSS95
4042,paper,Towards Duality of Multicommodity Multiroute Cuts and Flows: Multilevel Ball-Growing.,https://dblp.org/rec/conf/stacs/KolmanS11
4043,paper,Computing Minimum Spanning Forests on 1- and 2-Dimensional Processor Arrays.,https://dblp.org/rec/conf/stacs/Heide89a
4044,paper,A Better Upper Bound on the Bisection Width of de Bruijn Networks (Extended Abstract).,https://dblp.org/rec/conf/stacs/FeldmannMMT97
4045,paper,Analysis of Agglomerative Clustering.,https://dblp.org/rec/conf/stacs/AckermannBKS11
4046,paper,On the Performance of Networks with Multiple Busses.,https://dblp.org/rec/conf/stacs/HeideP92
4047,paper,A New Model for Selfish Routing.,https://dblp.org/rec/conf/stacs/LuckingMMR04
4048,paper,Testing Containment of XPath Expressions in Order to Reduce the Data Transfer to Mobile Clients.,https://dblp.org/rec/conf/adbis/BottcherS03
4049,paper,Schema-based Query Optimization for XQuery Queries.,https://dblp.org/rec/conf/adbis/GroppeB05
4050,paper,A Prototype for Translating XQuery Expressions into XSLT Stylesheets.,https://dblp.org/rec/conf/adbis/KleinGBG05
4051,paper,Mixing Bottom-Up and Top-Down XPath Query Evaluation.,https://dblp.org/rec/conf/adbis/BenterBH11
4052,paper,Using XSLT Stylesheets to Transform XPath Queries.,https://dblp.org/rec/conf/adbis/GroppeBHB04
4053,paper,DEViL3D - A Generator Framework for Three-Dimensional Visual Languages.,https://dblp.org/rec/conf/dms/Wolter12
4054,paper,Avoiding Infinite Recursion with Stratified Aspects.,https://dblp.org/rec/conf/gsem/BoddenFS06
4055,paper,Enhanced security management for flexible and dynamic cooperative environments.,https://dblp.org/rec/conf/colcom/SchulteDKSE09
4056,paper,Artefact-Actor-Networks as tie between social networks and artefact networks.,https://dblp.org/rec/conf/colcom/ReinhardtMV09
4057,paper,LTM-SOLA - a service-oriented application to integrate high-tech laboratories and virtual knowledge spaces.,https://dblp.org/rec/conf/colcom/SommerkampSKRF09
4058,paper,Combined time and frequency domain OFDM channel estimation.,https://dblp.org/rec/conf/mcss/BevermeierH07
4059,paper,Channel estimation by exploiting sublayer information in OFDM systems.,https://dblp.org/rec/conf/mcss/BevermeierEH07
4060,paper,Power allocation for estimation outage minimization with secrecy outage constraints.,https://dblp.org/rec/conf/ausctw/GuoLD16
4061,paper,Approximation Algorithms for QMA-Complete Problems.,https://dblp.org/rec/conf/coco/GharibianK11
4062,paper,The Optimal Depth of Variational Quantum Algorithms Is QCMA-Hard to Approximate.,https://dblp.org/rec/conf/coco/BittelGK23
4063,paper,A Linear Time Algorithm for Quantum 2-SAT.,https://dblp.org/rec/conf/coco/BeaudrapG16
4064,paper,Effects of Gesture on the Perception of Psychological Anthropomorphism: A Case Study with a Humanoid Robot.,https://dblp.org/rec/conf/socrob/SalemERKJ11
4065,paper,Recovery Analysis for Adaptive Learning from Non-stationary Data Streams.,https://dblp.org/rec/conf/cores/ShakerH13
4066,paper,An Algorithm for Online Facility Leasing.,https://dblp.org/rec/conf/sirocco/KlingHP12
4067,paper,Continuous Aggregation in Dynamic Ad-Hoc Networks.,https://dblp.org/rec/conf/sirocco/AbshoffH14
4068,paper,Algorithmic Aspects of Resource Management in the Cloud.,https://dblp.org/rec/conf/sirocco/KniesburgesMHS14
4069,paper,Local Gathering of Mobile Robots in Three Dimensions.,https://dblp.org/rec/conf/sirocco/BraunCH20
4070,paper,Monitoring of Domain-Related Problems in Distributed Data Streams.,https://dblp.org/rec/conf/sirocco/BemmannBBKKKKMM17
4071,paper,Routing Schemes for Hybrid Communication Networks.,https://dblp.org/rec/conf/sirocco/CoyCSSW23
4072,paper,Energy-Efficient Strategies for Building Short Chains of Mobile Robots Locally.,https://dblp.org/rec/conf/sirocco/BrandesDKH11
4073,paper,Universal Coating by 3D Hybrid Programmable Matter.,https://dblp.org/rec/conf/sirocco/KostitsynaLS24
4074,paper,"A Continuous, Local Strategy for Constructing a Short Chain of Mobile Robots.",https://dblp.org/rec/conf/sirocco/DegenerKKH10
4075,paper,Optimal broadcast on parallel locality models.,https://dblp.org/rec/conf/sirocco/JuurlinkKHR00
4076,paper,Faster Construction of Overlay Networks.,https://dblp.org/rec/conf/sirocco/GotteHS19
4077,paper,A Deterministic Worst-Case Message Complexity Optimal Solution for Resource Discovery.,https://dblp.org/rec/conf/sirocco/KniesburgesKS13
4078,paper,A Bounding Box Overlay for Competitive Routing in Hybrid Communication Networks.,https://dblp.org/rec/conf/sirocco/CastenowKS19
4079,paper,Verifying Opacity of a Transactional Mutex Lock.,https://dblp.org/rec/conf/fm/DerrickDSTW15
4080,paper,Quiescent Consistency: Defining and Verifying Relaxed Linearizability.,https://dblp.org/rec/conf/fm/DerrickDSTTW14
4081,paper,AuthCheck: Program-State Analysis for Access-Control Vulnerabilities.,https://dblp.org/rec/conf/fm/PiskachevPSB19
4082,paper,Integrating Fleet Deployment into the Liner Shipping Cargo Allocation Problem.,https://dblp.org/rec/conf/iccl2/MullerGT17
4083,paper,Mapping tree-structured combinatorial optimization problems onto parallel computers.,https://dblp.org/rec/conf/scoop/LulingMRT96
4084,paper,MuSoft: Multimedia in der Softwaretechnik.,https://dblp.org/rec/conf/seuh/AlfertDELMS03
4085,paper,Real-Time 3D Rendering of Heterogeneous Scenes.,https://dblp.org/rec/conf/isvc/PetringEJFH13
4086,paper,Evaluation of Rendering Algorithms Using Position-Dependent Scene Properties.,https://dblp.org/rec/conf/isvc/JahnEFPH13
4087,paper,Asynchronous Occlusion Culling on Heterogeneous PC Clusters for Distributed 3D Scenes.,https://dblp.org/rec/conf/isvc/SussKJFH12
4088,paper,Preprocessed Global Visibility for Real-Time Rendering on Low-End Hardware.,https://dblp.org/rec/conf/isvc/EikelJF10
4089,paper,"Was fehlt (bisher) um Apps sicher zu entwickeln? - Prozesse, Werkzeuge und Schulungen für sichere Apps by Design.",https://dblp.org/rec/conf/vorgehensmodelle/AltemeierBDKM19
4090,paper,Agile Entwicklung mit On- und Offshore-Partnern - Methodenverbesserung in der Praxis.,https://dblp.org/rec/conf/vorgehensmodelle/Fazal-Baqaie0H14
4091,paper,Wasabi Framework An Open Service Infrastructure for Collaborative Work.,https://dblp.org/rec/conf/skg/SchulteHBH07
4092,paper,Large-Scale Knowledge Management for Collaborative Work.,https://dblp.org/rec/conf/skg/SchulteHV08
4093,paper,Gist+RatSLAM: An Incremental Bio-inspired Place Recognition Front-End for RatSLAM.,https://dblp.org/rec/conf/bionetics/KazmiM15
4094,paper,New Results on Cutting Plane Proofs for Horn Constraint Systems.,https://dblp.org/rec/conf/fsttcs/BuningWS19
4095,paper,Separating Regular Languages by Locally Testable and Locally Threshold Testable Languages.,https://dblp.org/rec/conf/fsttcs/PlaceRZ13
4096,paper,Better Never Than Late: Timely Edge Video Analytics Over the Air.,https://dblp.org/rec/conf/sensys/NigadeWBW21
4097,paper,Upper and Lower Bounds for the Dictionary Problem (Abstract).,https://dblp.org/rec/conf/swat/DietzfelbingerMHR88
4098,paper,Bregman Clustering for Separable Instances.,https://dblp.org/rec/conf/swat/AckermannB10
4099,paper,Digital Knowledge Base for Industrial Augmented Reality Systems Based on Semantic Technologies.,https://dblp.org/rec/conf/icict2/EckertzMAD21
4100,paper,Knowledge-based Interactive Configuration Tool for Industrial Augmented Reality Systems.,https://dblp.org/rec/conf/icict2/EckertzAD22
4101,paper,Sim2HW: Modeling Latency Offset Between Network Simulations and Hardware Measurements.,https://dblp.org/rec/conf/gnnet/SpathHJC24
4102,paper,Low Secret Exponent RSA Revisited.,https://dblp.org/rec/conf/calc/BlomerM01
4103,paper,Towards Harnessing Large Language Models as Autonomous Agents for Semantic Triple Extraction from Unstructured Text.,https://dblp.org/rec/conf/text2kg/Ananya24
4104,paper,"You are Not Your Developer, Either: A Research Agenda for Usable Security and Privacy Research Beyond End Users.",https://dblp.org/rec/conf/secdev/AcarFM16
4105,paper,How far are German companies in improving security through static program analysis tools?,https://dblp.org/rec/conf/secdev/PiskachevDKMB22
4106,paper,Securing Your Crypto-API Usage Through Tool Support - A Usability Study.,https://dblp.org/rec/conf/secdev/KrugerRWNABAMF23
4107,paper,"Developers Need Support, Too: A Survey of Security Advice for Software Developers.",https://dblp.org/rec/conf/secdev/AcarSWWMF17
4108,paper,Simulating Self-Adaptive Component-Based Systems Using MATLAB/Simulink.,https://dblp.org/rec/conf/saso/HeinzemannRS13
4109,paper,Multi-Staged Quality Assurance for Self-Adaptive Systems.,https://dblp.org/rec/conf/saso/LuckeyTGE12
4110,paper,Analysis of Differential Algebraic Equation Systems for Connecting Energy Storages of Generally Valid Functional Mock-up Units.,https://dblp.org/rec/conf/simultech/EhlertHT22
4111,paper,Epidemics and Their Implications in Urban Environments: A Case Study on a National Scope.,https://dblp.org/rec/conf/simultech/ElsasserO013
4112,paper,Agent based Simulations of Epidemics on a Large Scale - Toward the Right Choice of Parameters.,https://dblp.org/rec/conf/simultech/ElsasserOM13
4113,paper,Improving Flow-Based Modeling of Enterprise Systems and Modeling of Custom Warehouse Systems in d3fact.,https://dblp.org/rec/conf/simultech/RenkenD13
4114,paper,Automated code acceleration targeting heterogeneous openCL devices.,https://dblp.org/rec/conf/ppopp/RieblerVKP18
4115,paper,Studying the Generalization Behavior of Surrogate Models for Punch-Bending by Generating Plausible Counterfactuals.,https://dblp.org/rec/conf/icann/MazurPAKHTH25
4116,paper,Enhancing Adversarial Robustness Through Multi-objective Representation Learning.,https://dblp.org/rec/conf/icann/HotegniP25
4117,paper,Solving Deep Memory POMDPs with Recurrent Policy Gradients.,https://dblp.org/rec/conf/icann/WierstraFPS07
4118,paper,Placement-Oriented Modeling of Partially Reconfigurable Architectures.,https://dblp.org/rec/conf/ipps/KoesterPR05
4119,paper,Locally Self-Adjusting Tree Networks.,https://dblp.org/rec/conf/ipps/AvinHLSS13
4120,paper,Algorithmic skeletons for the design of partially reconfigurable systems.,https://dblp.org/rec/conf/ipps/DittmannFO08
4121,paper,"A local, distributed constant-factor approximation algorithm for the dynamic facility location problem.",https://dblp.org/rec/conf/ipps/DegenerKP10
4122,paper,MigHEFT: DAG-based Scheduling of Migratable Tasks on Heterogeneous Compute Nodes.,https://dblp.org/rec/conf/ipps/LoschP20
4123,paper,The Re-Configurable Delay-Intensitive FLYSIG Architecture.,https://dblp.org/rec/conf/ipps/HardtRK99
4124,paper,"Optimal Wormhole Routing in the (n, d)-Torus.",https://dblp.org/rec/conf/ipps/BockHS97
4125,paper,A Distributed Hash Table for Computational Grids.,https://dblp.org/rec/conf/ipps/RileyS04
4126,paper,Applying single processor algorithms to schedule tasks on reconfigurable devices respecting reconfiguration times.,https://dblp.org/rec/conf/ipps/DittmannG06
4127,paper,A Reconfigurable Message Oriented Middleware Architectur.,https://dblp.org/rec/conf/ipps/BottcherD03
4128,paper,It Takes Two to Tango: Serverless Workflow Serving via Bilaterally Engaged Resource Adaptation.,https://dblp.org/rec/conf/ipps/WuWD0ZYL25
4129,paper,Load Balancing for Distributed Branch and Bound Algorithms.,https://dblp.org/rec/conf/ipps/LulingM92
4130,paper,Online Top-k-Position Monitoring of Distributed Data Streams.,https://dblp.org/rec/conf/ipps/MackerMH15
4131,paper,Self-organizing Particle Systems.,https://dblp.org/rec/conf/ipps/DreesHKS12
4132,paper,On Competitive Algorithms for Approximations of Top-k-Position Monitoring of Distributed Streams.,https://dblp.org/rec/conf/ipps/MackerMH16
4133,paper,Partitioned scheduling of periodic real-time tasks onto reconfigurable hardware.,https://dblp.org/rec/conf/ipps/DanneP06
4134,paper,An analytical comparison of nearest neighbor algorithms for load balancing in parallel computers.,https://dblp.org/rec/conf/ipps/XuMLL95
4135,paper,Partial Dynamic Reconfiguration in a Multi-FPGA Clustered Architecture Based on Linux.,https://dblp.org/rec/conf/ipps/RanaSSKKPR07
4136,paper,Self-Stabilizing Supervised Publish-Subscribe Systems.,https://dblp.org/rec/conf/ipps/FeldmannKSS18
4137,paper,Just-in-Time Instruction Set Extension - Feasibility and Limitations for an FPGA-Based Reconfigurable ASIP Architecture.,https://dblp.org/rec/conf/ipps/GradP11
4138,paper,Fast Online Task Placement on FPGAs: Free Space Partitioning and 2D-Hashing.,https://dblp.org/rec/conf/ipps/WalderSP03
4139,paper,Skueue: A Scalable and Sequentially Consistent Distributed Queue.,https://dblp.org/rec/conf/ipps/FeldmannSS18
4140,paper,A new diffusion-based multilevel algorithm for computing graph partitions of very high quality.,https://dblp.org/rec/conf/ipps/MeyerhenkeMS08
4141,paper,An Approach for Mapping Periodic Real-Time Tasks to Reconfigurable Hardware.,https://dblp.org/rec/conf/ipps/GuettatfiPKK19
4142,paper,Parallel Macro Pipelining on the Intel SCC Many-Core Computer.,https://dblp.org/rec/conf/ipps/SussSMP13
4143,paper,ARMLang: A language and compiler for programming reconfigurable mesh many-cores.,https://dblp.org/rec/conf/ipps/GiefersP09
4144,paper,"High-Performance Spectral Element Methods on Field-Programmable Gate Arrays : Implementation, Evaluation, and Future Projection.",https://dblp.org/rec/conf/ipps/KarpPJKPSM21
4145,paper,Toward Optimal Diffusion Matrices.,https://dblp.org/rec/conf/ipps/ElsaesserMRS02
4146,paper,FPGA Redundancy Configurations: An Automated Design Space Exploration.,https://dblp.org/rec/conf/ipps/AnwerPM14
4147,paper,Model and Methodology for the Synthesis of Heterogeneous and Partially Reconfigurable Systems.,https://dblp.org/rec/conf/ipps/DittmannGR07
4148,paper,Solving the traveling salesman problem with a distributed branch-and-bound algorithm on a 1024 processor network.,https://dblp.org/rec/conf/ipps/TschokeLM95
4149,paper,Accelerating shape optimizing load balancing for parallel FEM simulations by algebraic multigrid.,https://dblp.org/rec/conf/ipps/MeyerhenkeMS06
4150,paper,A Self-Stabilization Process for Small-World Networks.,https://dblp.org/rec/conf/ipps/KniesburgesKS12
4151,paper,Distributed coloring in O~(⎷(log n)) bit rounds.,https://dblp.org/rec/conf/ipps/KothapalliSOS06
4152,paper,Always be Two Steps Ahead of Your Enemy.,https://dblp.org/rec/conf/ipps/GotteVS19
4153,paper,Gathering a Closed Chain of Robots on a Grid.,https://dblp.org/rec/conf/ipps/AbshoffC0JH16
4154,paper,ReconOS64: A Hardware Operating System for Modern Platform FPGAs with 64-Bit Support.,https://dblp.org/rec/conf/ipps/ClausingP22
4155,paper,MULTISKIPGRAPH: A Self-Stabilizing Overlay Network that Maintains Monotonic Searchability.,https://dblp.org/rec/conf/ipps/LuoSS19
4156,paper,High-Voltage (5-Vpp) Driver Monolithically Integrated with Thermally Tunable Optical Ring Resonators in a Silicon Photonics Technology.,https://dblp.org/rec/conf/icecsys/WeizelGZMSWS25
4157,paper,A 70 GHz Small-signal Bandwidth 40 GS/s Track-and-Hold Amplifier in 130 nm SiGe BiCMOS Technology.,https://dblp.org/rec/conf/icecsys/WuWS19
4158,paper,GroupProzess Web: Graphische interaktive Management von Ad-hoc-Geschäftsprozessen im Web.,https://dblp.org/rec/conf/wm/HuthTEN03
4159,paper,Automatic ATM Fraud Detection as a Sequence-based Anomaly Detection Problem.,https://dblp.org/rec/conf/icpram/AnderkaKPB14
4160,paper,Batch Constrained Bayesian Optimization for Ultrasonic Wire Bonding Feed-forward Control Design.,https://dblp.org/rec/conf/icpram/HesseHTT22
4161,paper,Simulating Binary Trees on Hypercubes.,https://dblp.org/rec/conf/awoc/MonienS88
4162,paper,Developing Consistent and Modular Software Models with Ontologies.,https://dblp.org/rec/conf/somet/HoehndorfNH09
4163,paper,Tangential Closest Gap based (TCG) reactive obstacle avoidance navigation for cluttered environments.,https://dblp.org/rec/conf/ssrr/MujahedJFM13
4164,paper,Real-time Graph-Based 3D Reconstruction of Sparse Feature Environments for Mobile Robot Applications.,https://dblp.org/rec/conf/ssrr/GaspersKNNMM18
4165,paper,Self-explaining Neural Network for Multi-criteria Sentiment Analysis.,https://dblp.org/rec/conf/iukm/HoangNKH25
4166,paper,Inference Problem in Probabilistic Multi-label Classification.,https://dblp.org/rec/conf/iukm/NguyenHH23
4167,paper,Partial Data Querying Through Racing Algorithms.,https://dblp.org/rec/conf/iukm/NguyenDM16
4168,paper,Robust Classification in Bayesian Neural Networks.,https://dblp.org/rec/conf/iukm/TranHNDH25
4169,paper,LoSA: A Local Structural Approach to Adversarial Attack on the Knowledge Graph-based Question Answering System.,https://dblp.org/rec/conf/wikidata/PokharelSMRN25
4170,paper,Seamless Integration of Multimodal Shader Compositing into a Flexible Ray Casting Pipeline.,https://dblp.org/rec/conf/vmv/ArensBD11
4171,paper,Visualizing Dissections of the Heart in a Dataflow-based Shader Framework for Volume Rendering.,https://dblp.org/rec/conf/vmv/ArensBD13
4172,paper,Path Concepts for a Reconfigurable Bit-Serial Synchronous Architecture.,https://dblp.org/rec/conf/euc/DittmannRW05
4173,paper,Towards Self-coordinating Ubiquitous Computing Environments.,https://dblp.org/rec/conf/euc/Rammig06
4174,paper,Measuring and Predicting Temperature Distributions on FPGAs at Run-Time.,https://dblp.org/rec/conf/reconfig/HappeAP11
4175,paper,Pruning the Design Space for Just-in-Time Processor Customization.,https://dblp.org/rec/conf/reconfig/GradP10
4176,paper,Communication Performance Characterization for Reconfigurable Accelerator Design on the XD1000.,https://dblp.org/rec/conf/reconfig/SchumacherSPP09
4177,paper,Embedding FPGA overlays into configurable Systems-on-Chip: ReconOS meets ZUMA.,https://dblp.org/rec/conf/reconfig/WiersemaBP14
4178,paper,Towards the Implementation of Path Concepts for a Reconfigurable Bit-Serial Synchronous Architecture.,https://dblp.org/rec/conf/reconfig/DittmannRW06
4179,paper,Pragma based parallelization - Trading hardware efficiency for ease of use?,https://dblp.org/rec/conf/reconfig/KenterSP12
4180,paper,Eight ways to put your FPGA on fire - A systematic study of heat generators.,https://dblp.org/rec/conf/reconfig/HappeHAP12
4181,paper,Thread shadowing: On the effectiveness of error detection at the hardware thread level.,https://dblp.org/rec/conf/reconfig/MeisnerP16
4182,paper,Reconfigurable Microkernel-based RTOS: Mechanisms and Methods for Run-Time Reconfiguration.,https://dblp.org/rec/conf/reconfig/GotzD06
4183,paper,FPGA-based acceleration of high density myoelectric signal processing.,https://dblp.org/rec/conf/reconfig/BoschmannAWTKP15
4184,paper,Kernel-centric acceleration of high accuracy stereo-matching.,https://dblp.org/rec/conf/reconfig/KenterSP14
4185,paper,Proof-Carrying Hardware: Towards Runtime Verification of Reconfigurable Modules.,https://dblp.org/rec/conf/reconfig/DrzevitzkyKP09
4186,paper,Dynamic reliability management: Reconfiguring reliability-levels of hardware designs at runtime.,https://dblp.org/rec/conf/reconfig/AnwerMP13
4187,paper,Deferring accelerator offloading decisions to application runtime.,https://dblp.org/rec/conf/reconfig/VazRKP14
4188,paper,Part-E - A Tool for Reconfigurable System Design.,https://dblp.org/rec/conf/reconfig/WeberDM08
4189,paper,Encapsulating Interaction Techniques of 3D Language Editors in Visual Patterns.,https://dblp.org/rec/conf/vinci/WolterK14
4190,paper,Tailoring Model-Based Systems Engineering concepts for industrial application.,https://dblp.org/rec/conf/syscon/TschirnerDBG15
4191,paper,"Development of digital business models for holistic energy management on device, home and grid level.",https://dblp.org/rec/conf/syscon/StierenLKHT24
4192,paper,A holistic approach for virtual commissioning of intelligent systems: Model-based systems engineering for the development of a turn-milling center.,https://dblp.org/rec/conf/syscon/HenkeMLT17
4193,paper,"Virtual Commissioning of the Trajectory Tracking Control of a Sensor-Guided, Kinematically Redundant Robotic Welding System on a PLC.",https://dblp.org/rec/conf/syscon/SchutzSHT22
4194,paper,"Consistency analysis for requirements, functions, and system elements: Requirements for the entire development process.",https://dblp.org/rec/conf/syscon/LankeitJT16
4195,paper,Decentralized Energy Management for Smart Home System of Systems.,https://dblp.org/rec/conf/syscon/MichaelHT19
4196,paper,Mining Apps for Abnormal Usage of Sensitive Data.,https://dblp.org/rec/conf/icse/AvdiienkoKGZARB15
4197,paper,"Round-Trip Engineering with Design Patterns, UML, Java and C++.",https://dblp.org/rec/conf/icse/SchaferZ99
4198,paper,State of the systems security.,https://dblp.org/rec/conf/icse/Bodden18a
4199,paper,Adapt cases: extending use cases for adaptive systems.,https://dblp.org/rec/conf/icse/LuckeyNGE11
4200,paper,Concepts and Implementation of a Rule-Based Process Engine.,https://dblp.org/rec/conf/icse/PeuschelS92
4201,paper,Safety of component-based systems: analysis and improvement using Fujaba4Eclipse.,https://dblp.org/rec/conf/icse/TichyHMD08
4202,paper,Reference framework for digital twins within cyber-physical systems.,https://dblp.org/rec/conf/icse/JosifovskaYE19
4203,paper,Lightweight vs. heavyweight processes: is this even the right question?,https://dblp.org/rec/conf/icse/OsterweilKFS02
4204,paper,Object-oriented modeling: a roadmap.,https://dblp.org/rec/conf/icse/EngelsG00
4205,paper,Taming reflection: Aiding static analysis in the presence of reflection and custom class loaders.,https://dblp.org/rec/conf/icse/BoddenSSOM11
4206,paper,The Soot-Based Toolchain for Analyzing Android Apps.,https://dblp.org/rec/conf/icse/ArztRB17
4207,paper,Cheetah: just-in-time taint analysis for Android apps.,https://dblp.org/rec/conf/icse/DoALBSM17
4208,paper,Heaps'n leaks: how heap snapshots improve Android taint analysis.,https://dblp.org/rec/conf/icse/BenzKLBBZ20
4209,paper,Validating Test Case Migration via Mutation Analysis.,https://dblp.org/rec/conf/icse/JovanovikjYNA0E20
4210,paper,Software Reuse: is it delivering?,https://dblp.org/rec/conf/icse/FrakesBPMS91
4211,paper,Adaptivity at every layer: a modular approach for evolving societies of learning autonomous systems.,https://dblp.org/rec/conf/icse/RichertK08
4212,paper,Assessments in global software development: a tailorable framework for industrial projects.,https://dblp.org/rec/conf/icse/SalgerEH10
4213,paper,Jumping through hoops: why do Java developers struggle with cryptography APIs?,https://dblp.org/rec/conf/icse/NadiKMB16
4214,paper,High-quality specification of self-adaptive software systems.,https://dblp.org/rec/conf/icse/LuckeyE13
4215,paper,StubDroid: automatic inference of precise data-flow summaries for the android framework.,https://dblp.org/rec/conf/icse/ArztB16
4216,paper,TypeEvalPy: A Micro-benchmarking Framework for Python Type Inference Tools.,https://dblp.org/rec/conf/icse/VenkateshS0M0B24
4217,paper,Inspection effectiveness for different quality attributes of software requirement specifications: An industrial case study.,https://dblp.org/rec/conf/icse/SalgerEH09
4218,paper,Formalizing correctness criteria of dynamic updates derived from specification changes.,https://dblp.org/rec/conf/icse/MannaGGB13
4219,paper,UPCY: Safely Updating Outdated Dependencies.,https://dblp.org/rec/conf/icse/DannHB23
4220,paper,Symbolic invariant verification for systems with dynamic structural adaptation.,https://dblp.org/rec/conf/icse/BeckerBGKS06
4221,paper,Prism = Methodology + Process-oriented Environment.,https://dblp.org/rec/conf/icse/MadhavjiGDS90
4222,paper,Decomposing and Measuring Trust in Open-Source Software Supply Chains.,https://dblp.org/rec/conf/icse/BoughtonMAWK24
4223,paper,Automatized derivation of comprehensive specifications for black-box services.,https://dblp.org/rec/conf/icse/SchwichtenbergE25
4224,paper,Knowledge transfer in global software development: leveraging acceptance test case specifications.,https://dblp.org/rec/conf/icse/SalgerE10
4225,paper,On the Pitfalls of UML 2 Activity Modeling.,https://dblp.org/rec/conf/icse/SchattkowskyF07
4226,paper,Symbol-Specific Sparsification of Interprocedural Distributive Environment Problems.,https://dblp.org/rec/conf/icse/KarakayaB24
4227,paper,Reverse engineering with the reclipse tool suite.,https://dblp.org/rec/conf/icse/DettenMT10
4228,paper,Software and Business Process Technology (Tutorial).,https://dblp.org/rec/conf/icse/GruhnS97
4229,paper,Synthesis of timed behavior from scenarios in the Fujaba Real-Time Tool Suite.,https://dblp.org/rec/conf/icse/HenklerGHSAEHLSG09
4230,paper,Legacy component integration by the Fujaba real-time tool suite.,https://dblp.org/rec/conf/icse/HenklerMSDN10
4231,paper,The MechatronicUML method: model-driven software engineering of self-adaptive mechatronic systems.,https://dblp.org/rec/conf/icse/BeckerDGHSMP14
4232,paper,Formal scenario-based requirements specification and test case generation in healthcare applications.,https://dblp.org/rec/conf/icse/LofflerMG10
4233,paper,4th SEMAT Workshop on General Theory of Software Engineering (GTSE 2015).,https://dblp.org/rec/conf/icse/RalphEJG15
4234,paper,Efficient hybrid typestate analysis by determining continuation-equivalent states.,https://dblp.org/rec/conf/icse/Bodden10
4235,paper,Self-adaptive static analysis.,https://dblp.org/rec/conf/icse/Bodden18
4236,paper,Pattern-based generation of test plans for open distributed processing systems.,https://dblp.org/rec/conf/icse/GuldaliSWFJ10
4237,paper,IccTA: Detecting Inter-Component Privacy Leaks in Android Apps.,https://dblp.org/rec/conf/icse/0029BBKTARBOM15
4238,paper,Reviser: efficiently updating IDE-/IFDS-based data-flow analyses in response to incremental program changes.,https://dblp.org/rec/conf/icse/ArztB14
4239,paper,CrossEcore: an extendible framework to use ecore and OCL across platforms.,https://dblp.org/rec/conf/icse/SchwichtenbergJ18
4240,paper,Towards pattern-based design recovery.,https://dblp.org/rec/conf/icse/NiereSWWW02
4241,paper,VISUFLOW: a debugging environment for static analyses.,https://dblp.org/rec/conf/icse/DoKH0B18
4242,paper,The Challenges of Building Advanced Mechatronic Systems.,https://dblp.org/rec/conf/icse/SchaferW07
4243,paper,Towards systematic spreadsheet construction processes.,https://dblp.org/rec/conf/icse/MendesCDES017
4244,paper,Error Analysis of Multilingual Language Models in Machine Translation: A Case Study of English-Amharic Translation.,https://dblp.org/rec/conf/emnlp/AlemayehuZN24
4245,paper,Mapping and Optimizing Communication in ROS 2-based Applications on Configurable System-on-Chip Platforms.,https://dblp.org/rec/conf/icrai/LienenNP23
4246,paper,On multi-sensor linear state estimation under high rate quantization.,https://dblp.org/rec/conf/isccsp/LeongDN12
4247,paper,Learning and Enjoyment in Serious Gaming - Contradiction or Complement?,https://dblp.org/rec/conf/digra/Wechselberger13
4248,paper,Finding Evenly Spaced Pareto Fronts for Three-Objective Optimization Problems.,https://dblp.org/rec/conf/evolve/TrautmannRDS12
4249,paper,PSA Based Multi Objective Evolutionary Algorithms.,https://dblp.org/rec/conf/evolve/SalomonDAFGST12
4250,paper,Databases for Software Engineering Environments - The Goal has not yet been attained.,https://dblp.org/rec/conf/esec/EmmerichSW93
4251,paper,A Hybrid Interpreter in a Software Development Environment.,https://dblp.org/rec/conf/esec/EngelsS87
4252,paper,Generic Fuzzy Reasoning Nets as a Basis for Reverse Engineering Relational Database Applications.,https://dblp.org/rec/conf/esec/JahnkeSZ98
4253,paper,A View-Oriented Approach to System Modelling Based on Graph Transformation.,https://dblp.org/rec/conf/esec/EngelsHTE98
4254,paper,Systematic Development of Formal Software Process Models.,https://dblp.org/rec/conf/esec/DeitersGS89
4255,paper,Using Data Flow Specifications and Interactive Editing in the Operating System User Interface.,https://dblp.org/rec/conf/esec/Szwillus87
4256,paper,A Visual Simulation Environment based on Extended Predicate/Transition Nets.,https://dblp.org/rec/conf/esm/KleinjohannKT96
4257,paper,Zero-overhead Pr/T-Net execution.,https://dblp.org/rec/conf/esm/BokeHRR00
4258,paper,Combined Layout and Material Flow Planning of a Production System Using Simulation.,https://dblp.org/rec/conf/esm/SchmidtmannD98
4259,paper,Specification and Analysis of Concurrent Systems in a Complete Visual Environment.,https://dblp.org/rec/conf/esm/DuckerL0T96
4260,paper,An Approach to Model-Based Construction of Management Information Systems in Manufacturing Environments.,https://dblp.org/rec/conf/esm/DangelmaierLW96
4261,paper,Nachhaltigkeit beim E-Learning: Zwischen Innovation und Alltagstauglichkeit.,https://dblp.org/rec/conf/eles/Keil18
4262,paper,Einsatz mobiler Endgeräte zur Verbesserung der Lehrqualität in universitären Großveranstaltungen.,https://dblp.org/rec/conf/eles/MagenheimRKHWBZ12
4263,paper,Hin zu einer Visuellen Stilometrie: Automatische Genre- und Autorunterscheidung in graphischen Narrativen.,https://dblp.org/rec/conf/dhd/DunstH18
4264,paper,SMuFL-Browser und oXygen GlyphPicker Plugin. Werkzeuge zur Integration musikalischer Symbole in TEI.,https://dblp.org/rec/conf/dhd/ErhardS15
4265,paper,Multimodale Anreicherung von Noteneditionen: Edirom und Datenbank.,https://dblp.org/rec/conf/dhd/OverAHNS19
4266,paper,Nachhaltige Softwareentwicklung - Von der Inhouse-Lösung zur Open Source-Community am Beispiel von MerMEId.,https://dblp.org/rec/conf/dhd/Henny-KrahmerS22
4267,paper,TEI-Editionswerkstatt Urkunden@UPB.,https://dblp.org/rec/conf/dhd/SchwengelbeckWF18
4268,paper,Multimodale Stilometrie: Herausforderungen und Potenzial kombinatorischer Bild- und Textanalysen am Beispiel Comics.,https://dblp.org/rec/conf/dhd/DunstH19
4269,paper,,https://dblp.org/rec/conf/dhd/StadlerKCO18
4270,paper,Digitale Analyse Graphischer Literatur.,https://dblp.org/rec/conf/dhd/DunstHHL15
4271,paper,"Mobile Anwendungen als multimodale Medien zur Vermittlung vormoderner Artefakte. Die , Historisches Paderborn'-App - ein interdisziplinäres Forschungs- und Lehrprojekt.",https://dblp.org/rec/conf/dhd/GreulichOKSWSS16
4272,paper,Das DALIA Interchange Format - eine Metadaten-Spezifikation für die OER-Plattform DALIA.,https://dblp.org/rec/conf/dhd/GeigerDLSH25a
4273,paper,"Musikhistorische Daten, Netzwerkanalyse und Migration.",https://dblp.org/rec/conf/dhd/StadlerV24
4274,paper,Einführung in TEI-ODD.,https://dblp.org/rec/conf/dhd/StadlerBV20
4275,paper,correspSearch. Ein zentraler Service zum Vernetzen von Briefeditionen und -repositorien.,https://dblp.org/rec/conf/dhd/DumontISS15
4276,paper,Multimedia Markup Editor (M3): Semi-Automatische Annotationssoftware für statische Bild-Text Medien.,https://dblp.org/rec/conf/dhd/MoisichH19
4277,paper,"Komponisten-Datenbanken / -Portale: Entwicklungsmöglich-keiten, Austauschformate und Vernetzungspotential.",https://dblp.org/rec/conf/dhd/BlankenRSDSMCSS16
4278,paper,Die Corpusanalyse multimodaler Erzählungen am Beispiel graphischer Romane.,https://dblp.org/rec/conf/dhd/DunstH16
4279,paper,Making Industrial Analytics work for Factory Automation Applications.,https://dblp.org/rec/conf/ml4cps/Koester18
4280,paper,Implementation and Comparison of Cluster-Based PSO Extensions in Hybrid Settings with Efficient Approximation.,https://dblp.org/rec/conf/ml4cps/Muess0RJ15
4281,paper,Adaptable Realization of Industrial Analytics Functions on Edge-Devices using Reconfigurable Architectures.,https://dblp.org/rec/conf/ml4cps/GaticaP17
4282,paper,Anti-pattern Detection in Process-Driven Decision Support Systems.,https://dblp.org/rec/conf/icsob/KirchhoffE22
4283,paper,Intertwined Development of Business Model and Product Functions for Mobile Applications: A Twin Peak Feature Modeling Approach.,https://dblp.org/rec/conf/icsob/GottschalkRE19
4284,paper,What Characterizes Data Spaces in Industry 4.0? Towards a Better Understanding.,https://dblp.org/rec/conf/icsob/WerthKUZ25
4285,paper,Design Principles for a Crowd-Based Prototype Validation Platform.,https://dblp.org/rec/conf/icsob/GottschalkAYE21
4286,paper,Don't Start from Scratch: A Modularized Architecture for Business Model Development Tools.,https://dblp.org/rec/conf/icsob/GottschalkYNE22
4287,paper,Model-driven Design and Management of Professional Education Programmes.,https://dblp.org/rec/conf/icsob/WoltersE22
4288,paper,A VR End-User Development Toolbox for Media Study Students - An Initial Experience Report.,https://dblp.org/rec/conf/iseud/KroisSYO25
4289,paper,Virtual Network Embedding: Reducing the Search Space by Model Transformation Techniques.,https://dblp.org/rec/conf/icmt/TomaszekLWS18
4290,paper,Can you teach me?: Children teaching new words to a robot in a book reading scenario.,https://dblp.org/rec/conf/wocci/GrimmingerR17
4291,paper,Towards Online Partitioning of Agent Sets based on Local Information.,https://dblp.org/rec/conf/pdcn/GoebelsBPW05
4292,paper,An Algorithmic Framework for Shape Formation Problems in Self-Organizing Particle Systems.,https://dblp.org/rec/conf/nanocom/DerakhshandehGR15
4293,paper,Logarithmic Time MIMO Based Self-Stabilizing Clock Synchronization.,https://dblp.org/rec/conf/nanocom/DolevNSS21
4294,paper,Broadband Multimedia Information Service for European Parliaments.,https://dblp.org/rec/conf/icmcs/MorisseCL99
4295,paper,"Comments on F. De Cindio, G. De Michelis, L. Pomello and C. Simone.",https://dblp.org/rec/conf/moreal/FloydK82a
4296,paper,The Problem of Model Adequacy Exemplified using General Nets to Describe a Citizen's Services Department.,https://dblp.org/rec/conf/moreal/FloydK82
4297,paper,Comments on B. Krämer and H. W. Schmidt.,https://dblp.org/rec/conf/moreal/FloydK82b
4298,paper,Ground State Connectivity of Local Hamiltonians.,https://dblp.org/rec/conf/icalp/GharibianS15
4299,paper,A Comparison Between Two Variations of a Pebble Game on Graphs.,https://dblp.org/rec/conf/icalp/Heide79
4300,paper,Hardness of Approximation for Quantum Problems.,https://dblp.org/rec/conf/icalp/GharibianK12
4301,paper,Relationship between Pushdown Automata and Tape-Bounded Turing Machines.,https://dblp.org/rec/conf/icalp/Monien72
4302,paper,Group Spreading: A Protocol for Provably Secure Distributed Name Service.,https://dblp.org/rec/conf/icalp/AwerbuchS04
4303,paper,Uniform Budgets and the Envy-Free Pricing Problem.,https://dblp.org/rec/conf/icalp/Briest08
4304,paper,Approximation of Convex Polygons.,https://dblp.org/rec/conf/icalp/AltBW90
4305,paper,A New Approach for Analyzing Convergence Algorithms for Mobile Robots.,https://dblp.org/rec/conf/icalp/Cord-LandwehrDFHKKKKMHRSWWW11
4306,paper,"Local Search: Simple, Successful, But Sometimes Sluggish.",https://dblp.org/rec/conf/icalp/MonienDT10
4307,paper,Nash Equilibria in Discrete Routing Games with Convex Latency Functions.,https://dblp.org/rec/conf/icalp/GairingLMMR04
4308,paper,A Tradeoff Between Search and Update Time for the Implicit Dictionary Problem.,https://dblp.org/rec/conf/icalp/BorodinFHUW86
4309,paper,Characterizations of Time-Bounded Computations by Limited Primitive Recursion.,https://dblp.org/rec/conf/icalp/Monien74
4310,paper,"Closest Vectors, Successive Minima, and Dual HKZ-Bases of Lattices.",https://dblp.org/rec/conf/icalp/Blomer00
4311,paper,Min Cut is NP-Complete for Edge Weigthed Trees.,https://dblp.org/rec/conf/icalp/MonienS86
4312,paper,"Sampling Methods for Shortest Vectors, Closest Vectors and Successive Minima.",https://dblp.org/rec/conf/icalp/BlomerN07
4313,paper,Graph Transformation as a Conceptual and Formal Framework for System Modeling and Model Evolution.,https://dblp.org/rec/conf/icalp/EngelsH00
4314,paper,Improved Hardness Results for the Guided Local Hamiltonian Problem.,https://dblp.org/rec/conf/icalp/CadeFGHGMW23
4315,paper,Anycasting in Adversarial Systems: Routing and Admission Control.,https://dblp.org/rec/conf/icalp/AwerbuchBS03
4316,paper,On the Complexity of Local Graph Transformations.,https://dblp.org/rec/conf/icalp/ScheidelerS19
4317,paper,"Nash Equilibria, the Price of Anarchy and the Fully Mixed Nash Equilibrium Conjecture.",https://dblp.org/rec/conf/icalp/GairingLMT05
4318,paper,"BQP, Meet NP: Search-To-Decision Reductions and Approximate Counting.",https://dblp.org/rec/conf/icalp/GharibianK24
4319,paper,Nashification and the Coordination Ratio for a Selfish Routing Game.,https://dblp.org/rec/conf/icalp/FeldmannGLMR03
4320,paper,From Trees to Graphs: Defining the Semantics of Diagram Languages with Graph Transformation.,https://dblp.org/rec/conf/icalp/EngelsH00a
4321,paper,Strongly Adaptive Token Distribution.,https://dblp.org/rec/conf/icalp/HeideOW93
4322,paper,A Distributed and Oblivious Heap.,https://dblp.org/rec/conf/icalp/ScheidelerS09
4323,paper,A New Universal Class of Hash Functions and Dynamic Hashing in Real Time.,https://dblp.org/rec/conf/icalp/DietzfelbingerH90
4324,paper,A Faster Combinatorial Approximation Algorithm for Scheduling Unrelated Parallel Machines.,https://dblp.org/rec/conf/icalp/GairingMW05
4325,paper,Distributed Monitoring of Network Properties: The Power of Hybrid Networks.,https://dblp.org/rec/conf/icalp/GmyrHSS17
4326,paper,About the Derivation Languages of Grammars and Machines.,https://dblp.org/rec/conf/icalp/Monien77
4327,paper,On Eliminating Nondeterminism From Turing Machines Which Use Less Than Logarithmic Worktape Space.,https://dblp.org/rec/conf/icalp/MonienS79
4328,paper,Routing (Un-) Splittable Flow in Games with Player-Specific Linear Latency Functions.,https://dblp.org/rec/conf/icalp/GairingMT06
4329,paper,Entwicklung und Evaluierung einer Domänenspezifischen Sprache für SPS-Schrittketten.,https://dblp.org/rec/conf/dsml/CramerKK08
4330,paper,Designing Self-Adaptive Embedded Real-Time Software - Towards System Engineering of Self-Adaptation.,https://dblp.org/rec/conf/sbesc/RammigGS014
4331,paper,A KPI-based Condition Monitoring System for the Beer Brewing Process.,https://dblp.org/rec/conf/etfa/PasicWDBH19
4332,paper,Application of an intelligent network architecture on a cooperative cyber-physical system: An experience report.,https://dblp.org/rec/conf/etfa/PohlmannTDDO14
4333,paper,DeepWind: An Accurate Wind Turbine Condition Monitoring Framework via Deep Learning on Embedded Platforms.,https://dblp.org/rec/conf/etfa/MohammadiARMKJP20
4334,paper,A criticality-aware mapping of real-time virtual machines to multi-core processors.,https://dblp.org/rec/conf/etfa/GroesbrinkA14
4335,paper,Anomaly Detection in Hot Forming Processes using Hybrid Modeling - Part II.,https://dblp.org/rec/conf/etfa/LenzHHT22
4336,paper,Cyber security in production networks - An empirical study about the current status.,https://dblp.org/rec/conf/etfa/NuserKTSM17
4337,paper,Domain-specific Language for Condition Monitoring Software Development.,https://dblp.org/rec/conf/etfa/PasicB22
4338,paper,Identifying behavior models for process plants.,https://dblp.org/rec/conf/etfa/VodencarevicBNM11
4339,paper,Decentralized controller reconfiguration strategies for hybrid system dynamics based on product-intelligence.,https://dblp.org/rec/conf/etfa/BertelsmeierT15
4340,paper,CP3L: A Cyber-Physical Production Planning Language.,https://dblp.org/rec/conf/etfa/AnisSPN15
4341,paper,Anomaly detection in hot forming processes using hybrid modeling.,https://dblp.org/rec/conf/etfa/LenzHT21
4342,paper,A comparison of modeling approaches for planning in Cyber Physical Production Systems.,https://dblp.org/rec/conf/etfa/AnisSN14
4343,paper,An industrial analytics approach to predictive maintenance for machinery applications.,https://dblp.org/rec/conf/etfa/GaticaKGBM16
4344,paper,Towards a KPI-based Ontology for Condition Monitoring of Automation Systems.,https://dblp.org/rec/conf/etfa/PasicWB19
4345,paper,A holistic and adaptive approach for automated prototyping of image processing functionality.,https://dblp.org/rec/conf/etfa/JungmannK16
4346,paper,"Checking XPath Expressions for Synchronization, Access Control and Reuse of Query Results on Mobile Clients.",https://dblp.org/rec/conf/m-dbis/BottcherT03
4347,paper,Towards consistency-preserving model evolution.,https://dblp.org/rec/conf/iwpse/EngelsKHG02
4348,paper,Exploring the Channels of Multiple Color Spaces for Age and Gender Estimation from Face Images.,https://dblp.org/rec/conf/fusion/BoutrosDTKK19
4349,paper,Deep and Multi-Algorithmic Gender Classification of Single Fingerprint Minutiae.,https://dblp.org/rec/conf/fusion/TerhorstD0K18
4350,paper,Multi-algorithmic Fusion for Reliable Age and Gender Estimation from Face Images.,https://dblp.org/rec/conf/fusion/TerhorstHKDKK19
4351,paper,Fingerprint and Iris Multi-Biometric Data Indexing and Retrieval.,https://dblp.org/rec/conf/fusion/DamerT0K18
4352,paper,Using Automated Event Handling for a Simulation-Based Process Coverage in Supply Networks.,https://dblp.org/rec/conf/uksim/DangelmaierDLT08
4353,paper,Stochastic Generation of Discrete-Event Simulation Models.,https://dblp.org/rec/conf/uksim/HuberELD08
4354,paper,Source Code Annotated Memory Leak Detection for Soft Real Time Embedded Systems with Resource Constraints.,https://dblp.org/rec/conf/dasc/Joy0R14
4355,paper,Preference Articulation by Means of the R2 Indicator.,https://dblp.org/rec/conf/emo/WagnerTB13
4356,paper,On the Behavior of Stochastic Local Search Within Parameter Dependent MOPs.,https://dblp.org/rec/conf/emo/Sosa-HernandezS15
4357,paper,MO-IOHinspector: Anytime Benchmarking of Multi-objective Algorithms Using IOHprofiler.,https://dblp.org/rec/conf/emo/VermettenRPNDLTB25
4358,paper,Multi3: Optimizing Multimodal Single-Objective Continuous Problems in the Multi-objective Space by Means of Multiobjectivization.,https://dblp.org/rec/conf/emo/AsparKSTG21
4359,paper,A Taxonomy of Online Stopping Criteria for Multi-Objective Evolutionary Algorithms.,https://dblp.org/rec/conf/emo/WagnerTM11
4360,paper,Multi-objective Optimization for Liner Shipping Fleet Repositioning.,https://dblp.org/rec/conf/emo/TierneyHGT17
4361,paper,Bi-objective Orienteering: Towards a Dynamic Multi-objective Evolutionary Algorithm.,https://dblp.org/rec/conf/emo/BossekGMRT19
4362,paper,Peak-A-Boo! Generating Multi-objective Multiple Peaks Benchmark Problems with Precise Pareto Sets.,https://dblp.org/rec/conf/emo/SchapermeierKGT23
4363,paper,OCD: Online Convergence Detection for Evolutionary Multi-Objective Algorithms Based on Statistical Testing.,https://dblp.org/rec/conf/emo/WagnerTN09
4364,paper,Multimodality in Multi-objective Optimization - More Boon than Bane?,https://dblp.org/rec/conf/emo/GrimmeKT19
4365,paper,Evenly Spaced Pareto Front Approximations for Tricriteria Problems Based on Triangulation.,https://dblp.org/rec/conf/emo/RudolphTSS13
4366,paper,Building and Using an Ontology of Preference-Based Multiobjective Evolutionary Algorithms.,https://dblp.org/rec/conf/emo/LiYFTJE17
4367,paper,A Generic Construction of an Anonymous Reputation System and Instantiations from Lattices.,https://dblp.org/rec/conf/asiacrypt/BlomerBP23
4368,paper,Symmetric Key Exchange with Full Forward Security and Robust Synchronization.,https://dblp.org/rec/conf/asiacrypt/BoydDKGJM21
4369,paper,Applying Reinforcement Learning for Resolving Ambiguity in Service Composition.,https://dblp.org/rec/conf/soca/JungmannMK14
4370,paper,Reducing Nondeterminism in Automated Service Composition.,https://dblp.org/rec/conf/soca/MohrLB13
4371,paper,Adaptive Gaussian Fuzzy Classifier for Real-Time Emotion Recognition in Computer Games.,https://dblp.org/rec/conf/lacci/LeiteFM21
4372,paper,"Adaptive XML Access Control Based on Query Nesting, Modification and Simplification.",https://dblp.org/rec/conf/btw/BottcherS05
4373,paper,Customer Service in Social Media: An Empirical Study of the Airline Industry.,https://dblp.org/rec/conf/btw/CarneinHTVK17
4374,paper,"Latency Optimization for a Reconfigurable, Self-Timed, and Bit-Serial Architecture.",https://dblp.org/rec/conf/ersa/DittmannRW07
4375,paper,Communication and Synchronization in Multithreaded Reconfigurable Computing Systems.,https://dblp.org/rec/conf/ersa/LubbersP08
4376,paper,Co-Simulation of a Hybrid Multi-Context Architecture.,https://dblp.org/rec/conf/ersa/EnzlerPP03
4377,paper,A Self-Reconfigurable Lightweight Interconnect for Scalable Processor Fabrics.,https://dblp.org/rec/conf/ersa/GiefersP10
4378,paper,Relocation and Defragmentation for Heterogeneous Reconfigurable Systems.,https://dblp.org/rec/conf/ersa/KoesterKP06
4379,paper,Virtualization of Hardware - Introduction and Survey.,https://dblp.org/rec/conf/ersa/PlesslP04
4380,paper,An Open Source Circuit Library with Benchmarking Facilities.,https://dblp.org/rec/conf/ersa/GradP10
4381,paper,Configurable Processor Architectures: History and Trends.,https://dblp.org/rec/conf/ersa/AndrewsP10
4382,paper,XF-Board: A Prototyping Platform for Reconfigurable Hardware Operating Systems.,https://dblp.org/rec/conf/ersa/WalderNP04
4383,paper,Towards Adaptive Networking for Embedded Devices based on Reconfigurable Hardware.,https://dblp.org/rec/conf/ersa/LubbersPPKP10
4384,paper,The GOmputer: Accelerating GO with FPGAs.,https://dblp.org/rec/conf/ersa/PlatznerDHKLSSW08
4385,paper,Optimizing Interface Implementation Costs Using Runtime Reconfigurable Systems.,https://dblp.org/rec/conf/ersa/IhmorD05
4386,paper,A Comparative Study on System Approaches for Partially Reconfigurable Architectures.,https://dblp.org/rec/conf/ersa/KalteKKPR04
4387,paper,Reconfigurable Hardware Operating Systems: From Design Concepts to Realizations.,https://dblp.org/rec/conf/ersa/WalderP03
4388,paper,Design of Homogeneous Communication Infrastructures for Partially Reconfigurable FPGAs.,https://dblp.org/rec/conf/ersa/HagemeyerKKP07
4389,paper,Woolcano: An Architecture And Tool Flow For Dynamic Instruction Set Extension On Xilinx Virtex-4 FX.,https://dblp.org/rec/conf/ersa/GradP09
4390,paper,A Hardware Accelerator for k-th Nearest Neighbor Thinning.,https://dblp.org/rec/conf/ersa/SchumacherMKLPP08
4391,paper,Optimal averaged Hausdorff archives for bi-objective problems: theoretical and numerical results.,https://dblp.org/rec/journals/coap/RudolphSGDT16
4392,paper,A Meta-Analysis of Deterrence Theory in Information Security Policy Compliance Research.,https://dblp.org/rec/journals/isf/TrangB19
4393,paper,"Encapsulated hierarchical graphs, graph types, and meta types.",https://dblp.org/rec/journals/entcs/EngelsS95
4394,paper,Model-based Runtime Verification Framework for Self-optimizing Systems.,https://dblp.org/rec/journals/entcs/ZhaoOKR06
4395,paper,Memory Requirements of Java Bytecode Verification on Limited Devices.,https://dblp.org/rec/journals/entcs/KlohsK05
4396,paper,Visual Patterns Associated to Abstract Trees.,https://dblp.org/rec/journals/entcs/KastensS06
4397,paper,Temporal Assertions using AspectJ.,https://dblp.org/rec/journals/entcs/StolzB06
4398,paper,Schedulability Criteria and Analysis for Dynamic and Flexible Resource Management.,https://dblp.org/rec/journals/entcs/LichteO08
4399,paper,Extending a Component Specification Language with Time.,https://dblp.org/rec/journals/entcs/MetzlerW07
4400,paper,An Extension of the Classification-Tree Method for Embedded Systems for the Description of Events.,https://dblp.org/rec/journals/entcs/ConradK06
4401,paper,Dynamic Meta Modeling with Time: Specifying the Semantics of Multimedia Sequence Diagrams.,https://dblp.org/rec/journals/entcs/HausmannHS03
4402,paper,VL-Eli: A Generator for Visual Languages - System Demonstration.,https://dblp.org/rec/journals/entcs/KastensS02
4403,paper,Towards a Formal Framework for Inter-Enterprise Application Integration.,https://dblp.org/rec/journals/entcs/HeckelE01
4404,paper,Model-based Runtime Verification Framework.,https://dblp.org/rec/journals/entcs/ZhaoR09
4405,paper,Model-Based Verification and Validation of Properties.,https://dblp.org/rec/journals/entcs/EngelsKHL03
4406,paper,Formal Semantics of OCL Messages.,https://dblp.org/rec/journals/entcs/FlakeM04
4407,paper,Don't take away my status! - Evidence from the restructuring of a virtual reward system.,https://dblp.org/rec/journals/cn/MutterK14
4408,paper,A generic neural acoustic beamforming architecture for robust multi-channel speech processing.,https://dblp.org/rec/journals/csl/HeymannDH17
4409,paper,Optimizing Slicing of Formal Specifications by Deductive Verification.,https://dblp.org/rec/journals/njc/BrucknerMW06
4410,paper,Algorithmic Foundations of Programmable Matter Dagstuhl Seminar 16271.,https://dblp.org/rec/journals/sigact/FeketeRRS17
4411,paper,Guest Column: The 7 faces of quantum NP.,https://dblp.org/rec/journals/sigact/Gharibian23
4412,paper,evoStream - Evolutionary Stream Clustering Utilizing Idle Times.,https://dblp.org/rec/journals/bdr/CarneinT18
4413,paper,Bayesian Feature Enhancement for Reverberation and Noise Robust Speech Recognition.,https://dblp.org/rec/journals/taslp/LeutnantKH13
4414,paper,Approaches to Iterative Speech Feature Enhancement and Recognition.,https://dblp.org/rec/journals/taslp/WindmannH09
4415,paper,Segment-Less Continuous Speech Separation of Meetings: Training and Evaluation Criteria.,https://dblp.org/rec/journals/taslp/NeumannKBDH23
4416,paper,"Jointly Optimal Denoising, Dereverberation, and Source Separation.",https://dblp.org/rec/journals/taslp/NakataniBKIDH20
4417,paper,An Overview of Noise-Robust Automatic Speech Recognition.,https://dblp.org/rec/journals/taslp/LiDGH14
4418,paper,Model-Based Feature Enhancement for Reverberant Speech Recognition.,https://dblp.org/rec/journals/taslp/KruegerH10
4419,paper,Speech Enhancement With a GSC-Like Structure Employing Eigenvector-Based Transfer Function Ratios Estimation.,https://dblp.org/rec/journals/taslp/KruegerWH11
4420,paper,Parameter Estimation of a State-Space Model of Noise for Robust Speech Recognition.,https://dblp.org/rec/journals/taslp/WindmannH09a
4421,paper,Automatic generation of phonetic regression class trees for MLLR adaptation.,https://dblp.org/rec/journals/taslp/Haeb-Umbach01
4422,paper,A New Observation Model in the Logarithmic Mel Power Spectral Domain for the Automatic Recognition of Noisy Reverberant Speech.,https://dblp.org/rec/journals/taslp/LeutnantKH14
4423,paper,Improvements in beam search for 10000-word continuous-speech recognition.,https://dblp.org/rec/journals/taslp/Haeb-UmbachN94
4424,paper,Blind Acoustic Beamforming Based on Generalized Eigenvalue Decomposition.,https://dblp.org/rec/journals/taslp/WarsitzH07
4425,paper,TS-SEP: Joint Diarization and Separation Conditioned on Estimated Speaker Embeddings.,https://dblp.org/rec/journals/taslp/BoddekerSWHR24
4426,paper,A Novel Uncertainty Decoding Rule With Applications to Transmission Error Robust Speech Recognition.,https://dblp.org/rec/journals/taslp/IonH08
4427,paper,A variational approach to define robustness for parametric multiobjective optimization problems.,https://dblp.org/rec/journals/jgo/WittingOD13
4428,paper,Scheduling shared continuous resources on many-cores.,https://dblp.org/rec/journals/scheduling/AlthausBKHNRSS18
4429,paper,A summary of the REVERB challenge: state-of-the-art and remaining challenges in reverberant speech processing research.,https://dblp.org/rec/journals/ejasp/KinoshitaDGHHKL16
4430,paper,Building Semantic Webs for e-government with Wiki technology.,https://dblp.org/rec/journals/eg/WagnerCIB06
4431,paper,Special issue WGP:,https://dblp.org/rec/journals/peng/DenkenaGS13
4432,paper,Planning and optimisation of manufacturing process chains for functionally graded components - part 2: case study on self-reinforced thermoplastic composites.,https://dblp.org/rec/journals/peng/BiermannGHHPRW15
4433,paper,Basics of virtual machine migration on heterogeneous architectures for self-optimizing mechatronic systems.,https://dblp.org/rec/journals/peng/Groesbrink13
4434,paper,Planning and optimisation of manufacturing process chains for functionally graded components - part 1: methodological foundations.,https://dblp.org/rec/journals/peng/BiermannGHPW13
4435,paper,A methodology for the improvement of dependability of self-optimizing systems.,https://dblp.org/rec/journals/peng/DorociakGGIV13
4436,paper,Design framework for the integration of cognitive functions into intelligent technical systems.,https://dblp.org/rec/journals/peng/DumitrescuAG13
4437,paper,TSK-Streams: learning TSK fuzzy systems for regression on data streams.,https://dblp.org/rec/journals/datamine/ShakerH21
4438,paper,Introduction to the special issue of the ECML PKDD 2021 journal track.,https://dblp.org/rec/journals/datamine/AppiceEGT21
4439,paper,Data on the Go: Seamless Data Routing for Intermittently-Powered Battery-Free Sensing.,https://dblp.org/rec/journals/tmc/LiuW24
4440,paper,MOERA: Mobility-Agnostic Online Resource Allocation for Edge Computing.,https://dblp.org/rec/journals/tmc/WangJLGM19
4441,paper,Survivable Monitoring in Dynamic Networks.,https://dblp.org/rec/journals/tmc/AtenieseRS06
4442,paper,FreeBeacon: Efficient Communication and Data Aggregation in Battery-Free IoT.,https://dblp.org/rec/journals/tmc/LiuYW26
4443,paper,Time for Addressing Software Security Issues: Prediction Models and Impacting Factors.,https://dblp.org/rec/journals/dase/OthmaneCBTB17
4444,paper,Peeking beyond peaks: Challenges and research potentials of continuous multimodal multi-objective optimization.,https://dblp.org/rec/journals/cor/GrimmeKATPDWE21
4445,paper,A hybrid setup for a hybrid scenario: combining heuristics for the home health care problem.,https://dblp.org/rec/journals/cor/BertelsF06
4446,paper,A Note on the Parallel Runtime of Self-Stabilizing Graph Linearization.,https://dblp.org/rec/journals/mst/GallJRSST14
4447,paper,The Effect of Faults on Network Expansion.,https://dblp.org/rec/journals/mst/BagchiBCES06
4448,paper,"Congestion, Dilation, and Energy in Radio Networks.",https://dblp.org/rec/journals/mst/HeideSVG04
4449,paper,On Spectral Bounds for the k-Partitioning of Graphs.,https://dblp.org/rec/journals/mst/ElsasserLM03
4450,paper,"Simple, Efficient Routing Schemes for All-Optical Networks.",https://dblp.org/rec/journals/mst/FlamminiS99
4451,paper,Approximation and Heuristic Algorithms for Computing Backbones in Asymmetric Ad-hoc Networks.,https://dblp.org/rec/journals/mst/Abu-KhzamMHS18
4452,paper,Towards a Scalable and Robust DHT.,https://dblp.org/rec/journals/mst/AwerbuchS09
4453,paper,Minimizing Expectation Plus Variance.,https://dblp.org/rec/journals/mst/MavronicolasM15
4454,paper,Managing Multiple Mobile Resources.,https://dblp.org/rec/journals/mst/FeldkordKMH21
4455,paper,Towards Duality of Multicommodity Multiroute Cuts and Flows: Multilevel Ball-Growing.,https://dblp.org/rec/journals/mst/KolmanS13
4456,paper,Re-Chord: A Self-stabilizing Chord Overlay Network.,https://dblp.org/rec/journals/mst/KniesburgesKS14
4457,paper,Selfish Routing with Incomplete Information.,https://dblp.org/rec/journals/mst/GairingMT08
4458,paper,Facets of the Fully Mixed Nash Equilibrium Conjecture.,https://dblp.org/rec/journals/mst/FeldmannMP10
4459,paper,Foreword.,https://dblp.org/rec/journals/mst/GavoillePS10
4460,paper,The Shuffle Exchange Network has a Hamiltonian Path.,https://dblp.org/rec/journals/mst/FeldmannM96
4461,paper,Efficient Communication Strategies for Ad Hoc Wireless Networks.,https://dblp.org/rec/journals/mst/AdlerS00
4462,paper,Foreword.,https://dblp.org/rec/journals/mst/KleinbergS09
4463,paper,"(In)Existence of Equilibria for 2-Player, 2-Value Games with Semistrictly Quasiconcave Cost Functions.",https://dblp.org/rec/journals/mst/GeorgiouMM22
4464,paper,Bandwidth Minimization: An Approximation Algorithm for Caterpillars.,https://dblp.org/rec/journals/mst/HaralambidesMM91
4465,paper,Universal Continuous Routing Strategies.,https://dblp.org/rec/journals/mst/ScheidelerV98
4466,paper,Diffusion Schemes for Load Balancing on Heterogeneous Networks.,https://dblp.org/rec/journals/mst/ElsasserMP02
4467,paper,Computing Nash Equilibria for Scheduling on Restricted Parallel Links.,https://dblp.org/rec/journals/mst/GairingLMM10
4468,paper,Relationships between Pushdown Automata with Counters and Complexity Classes.,https://dblp.org/rec/journals/mst/Monien75
4469,paper,Allocating Weighted Jobs in Parallel.,https://dblp.org/rec/journals/mst/BerenbrinkHS99
4470,paper,Self-Stabilizing Metric Graphs.,https://dblp.org/rec/journals/mst/GmyrLS19
4471,paper,Preface.,https://dblp.org/rec/journals/mst/MonienS10
4472,paper,Optimal Tradeoffs Between Size and Slowdown for Universal Parallel Networks.,https://dblp.org/rec/journals/mst/HeideSW97
4473,paper,Data Management in Networks: Experimental Evaluation of a Provably Good Strategy.,https://dblp.org/rec/journals/mst/KrickHRVW02
4474,paper,A multi-objective perspective on performance assessment and automated selection of single-objective optimization algorithms.,https://dblp.org/rec/journals/asc/BossekKT20
4475,paper,"Evolving granular fuzzy control: Overview, case study on the chaotic Hénon map, and research outlook.",https://dblp.org/rec/journals/asc/LeitePSG26
4476,paper,Advancements in data-driven evolving fuzzy and neuro-fuzzy control: A comprehensive survey.,https://dblp.org/rec/journals/asc/AndonovskiLPGPS26
4477,paper,Ensemble of evolving data clouds and fuzzy models for weather time series prediction.,https://dblp.org/rec/journals/asc/SoaresCCL18
4478,paper,Future Directions in Computer Graphics and Visualization: From CG&A's Editorial Board.,https://dblp.org/rec/journals/cga/EncarnacaoCSKRA15
4479,paper,In-Class Exercises for Shadow Volume Algorithms.,https://dblp.org/rec/journals/cga/WiensD15a
4480,paper,Helping High Schoolers Move the (Virtual) World.,https://dblp.org/rec/journals/cga/DomikASF13
4481,paper,In-Class Exercise for Shadow Mapping Algorithms.,https://dblp.org/rec/journals/cga/WiensD15
4482,paper,Do We Need Formal Education in Visualization?.,https://dblp.org/rec/journals/cga/Domik00
4483,paper,How Visualization Courses Have Changed over the Past 10 Years.,https://dblp.org/rec/journals/cga/OwenDEKRSW13
4484,paper,Fostering Collaboration and Self-Motivated Learning: Best Practices in a One-Semester Visualization Course.,https://dblp.org/rec/journals/cga/Domik12
4485,paper,Tiling the Bunny: Quad Layouts for Efficient 3D Geometry Representation.,https://dblp.org/rec/journals/cga/Campen17
4486,paper,smoof: Single- and Multi-Objective Optimization Test Functions.,https://dblp.org/rec/journals/rjour/Bossek17
4487,paper,PHOENIX - Paderborn highly optimized and energy efficient solver for two-dimensional nonlinear Schrödinger equations with integrated extensions.,https://dblp.org/rec/journals/cphysics/WingenbachBMSPS25
4488,paper,Zero dynamics and funnel control for linear electrical circuits.,https://dblp.org/rec/journals/jfi/BergerR14
4489,paper,Existence conditions for functional ODE observer design of descriptor systems revisited.,https://dblp.org/rec/journals/jfi/JaiswalBT24
4490,paper,Nonlinear modeling and robust LMI fuzzy control of overhead crane systems.,https://dblp.org/rec/journals/jfi/AguiarLPAS21
4491,paper,BlueJ Visual Debugger for Learning the Execution of Object-Oriented Programs?,https://dblp.org/rec/journals/jeric/BennedsenS10
4492,paper,sTeam: structuring information in team-distributed knowledge management in cooperative learning environments.,https://dblp.org/rec/journals/jeric/HampelK01
4493,paper,"Computer Science Education in North-Rhine Westphalia, Germany - A Case Study.",https://dblp.org/rec/journals/jeric/KnobelsdorfMBEH15
4494,paper,Identity in Higher Computer Education Research: A Systematic Literature Review.,https://dblp.org/rec/journals/jeric/GrosseBoltingGGMS23
4495,paper,19th century logic between philosophy and mathematics.,https://dblp.org/rec/journals/bsl/Peckhaus99
4496,paper,Design and evaluation of a widget-based dashboard for awareness support in Research Networks.,https://dblp.org/rec/journals/ile/0001MDS14
4497,paper,The Randomized Sample Tree: A Data Structure for Interactive Walkthroughs in Externally Stored Virtual Environments.,https://dblp.org/rec/journals/presence/KleinKFWWH04
4498,paper,Parallel qualitative simulation.,https://dblp.org/rec/journals/simpra/PlatznerRW97
4499,paper,Virtual Prototyping of an Advanced Leveling Light System Using a Virtual Reality-Based Night Drive Simulator.,https://dblp.org/rec/journals/jcise/BerssenbruggeKG10
4500,paper,Visualization of Headlight Illumination for the Virtual Prototyping of Light-Based Driver-Assistance Systems.,https://dblp.org/rec/journals/jcise/BerssenbruggeTS16
4501,paper,Virtual Web Plant: An Internet-Based Plant Engineering Information System.,https://dblp.org/rec/journals/jcise/EbbesmeyerGKMG01
4502,paper,Architecture enforcement concerns and activities - An expert study.,https://dblp.org/rec/journals/jss/SchroderSR18
4503,paper,A systematic literature review of model-driven security engineering for cyber-physical systems.,https://dblp.org/rec/journals/jss/GeismannB20
4504,paper,System-level performance evaluation of reconfigurable processors.,https://dblp.org/rec/journals/mam/EnzlerPP05
4505,paper,IMORC: An infrastructure and architecture template for implementing high-performance reconfigurable FPGA accelerators.,https://dblp.org/rec/journals/mam/SchumacherPP12
4506,paper,Dynamic relocation of hybrid tasks: Strategies and methodologies.,https://dblp.org/rec/journals/mam/GotzDX09
4507,paper,Evaluating fault-tolerance of redundant FPGA structures using Boolean difference calculus.,https://dblp.org/rec/journals/mam/AnwerP17
4508,paper,Seven recipes for setting your FPGA on fire - A cookbook on heat generators.,https://dblp.org/rec/journals/mam/AgneHHPP14
4509,paper,Which is the Worst-Case Nash Equilibrium?,https://dblp.org/rec/journals/siamdm/LuckingMMSV24
4510,paper,Algorithms for Fault-Tolerant Routing in Circuit-Switched Networks.,https://dblp.org/rec/journals/siamdm/BagchiCSK07
4511,paper,Dynamic Perfect Hashing: Upper and Lower Bounds.,https://dblp.org/rec/journals/siamcomp/DietzfelbingerKMHRT94
4512,paper,The Tree Model for Hashing: Lower and Upper Bounds.,https://dblp.org/rec/journals/siamcomp/GilHW96
4513,paper,Approximation Algorithms for QMA-Complete Problems.,https://dblp.org/rec/journals/siamcomp/GharibianK12
4514,paper,Buying Cheap Is Expensive: Approximability of Combinatorial Pricing Problems.,https://dblp.org/rec/journals/siamcomp/BriestK11
4515,paper,A Time-Space Tradeoff for Element Distinctness.,https://dblp.org/rec/journals/siamcomp/BorodinFHUW87
4516,paper,Exact Price of Anarchy for Polynomial Congestion Games.,https://dblp.org/rec/journals/siamcomp/AlandDGMS11
4517,paper,Efficient Simulations Among Several Models of Parallel Computers.,https://dblp.org/rec/journals/siamcomp/Heide86
4518,paper,Approximation Techniques for Utilitarian Mechanism Design.,https://dblp.org/rec/journals/siamcomp/BriestKV11
4519,paper,Dequantizing the Quantum Singular Value Transformation: Hardness and Applications to Quantum Chemistry and the Quantum PCP Conjecture.,https://dblp.org/rec/journals/siamcomp/GharibianG23
4520,paper,Contention Resolution in Hashing Based Shared Memory Simulations.,https://dblp.org/rec/journals/siamcomp/CzumajHS00
4521,paper,From Static to Dynamic Routing: Efficient Transformations of Store-and-Forward Protocols.,https://dblp.org/rec/journals/siamcomp/ScheidelerV00
4522,paper,The Complexity of Parallel Sorting.,https://dblp.org/rec/journals/siamcomp/HeideW87
4523,paper,Schutzmaßnahmen gegen datenschutz- unfreundliche Smartphone-Apps.,https://dblp.org/rec/journals/dud/BoddenRRR13
4524,paper,Harvester.,https://dblp.org/rec/journals/dud/RasthoferAMB16
4525,paper,Three layers of abstraction: a conceptual framework for theorizing digital multi-sided platforms.,https://dblp.org/rec/journals/isem/PoniatowskiLBK22
4526,paper,Enhancing the quality of financial advice with web 2.0: an approach considering social capital in private asset allocation.,https://dblp.org/rec/journals/isem/KundischZ12
4527,paper,Computation on Encrypted Data Using Dataflow Authentication.,https://dblp.org/rec/journals/tissec/FischerFKJKB22
4528,paper,Performance and Usability Evaluation of Brainwave Authentication Techniques with Consumer Devices.,https://dblp.org/rec/journals/tissec/CabarcosFHSBS23
4529,paper,How can multimodal cues from child-directed interaction reduce learning complexity in robots?,https://dblp.org/rec/journals/ar/RohlfingFWJ06
4530,paper,QUIC Steps: Evaluating Pacing Strategies in QUIC Implementations.,https://dblp.org/rec/journals/pacmnet/KempfTJSCZ25
4531,paper,Anonymization Techniques for Behavioral Biometric Data: A Survey.,https://dblp.org/rec/journals/csur/HanischCPS25
4532,paper,A Survey on Adaptive Authentication.,https://dblp.org/rec/journals/csur/CabarcosKB19
4533,paper,Knowledge Graphs.,https://dblp.org/rec/journals/csur/HoganBCdMGKGNNN21
4534,paper,Fact Checking Knowledge Graphs - A Survey.,https://dblp.org/rec/journals/csur/QudusRSN26
4535,paper,Survey on Algorithms for Self-stabilizing Overlay Networks.,https://dblp.org/rec/journals/csur/0001S020
4536,paper,Polygon mesh repairing: An application perspective.,https://dblp.org/rec/journals/csur/AtteneCK13
4537,paper,Surveyor's Forum: Augmentation or Dehumanization?,https://dblp.org/rec/journals/csur/FloydKN81
4538,paper,Randomness and Secrecy - A Brief Introduction.,https://dblp.org/rec/journals/jucs/Blomer06
4539,paper,An Example of Task Oriented Empirical Evaluations of 3D-Display Modes.,https://dblp.org/rec/journals/jucs/VolbrachDSF98
4540,paper,Exploiting Parallelism in Constraint Satisfaction for Qualitative Simulation.,https://dblp.org/rec/journals/jucs/PlatznerRW95
4541,paper,The City Game: An Example of a Virtual Environment for Teaching Spatial Orientation.,https://dblp.org/rec/journals/jucs/VolbrachtDBR98
4542,paper,Glimpses into the Future of Computer Science Education.,https://dblp.org/rec/journals/jucs/Domik01
4543,paper,A Lower Bound for Randomized Algebraic Decision Trees.,https://dblp.org/rec/journals/cc/GrigorievKHS97
4544,paper,Quantum generalizations of the polynomial hierarchy with applications to QMA(2).,https://dblp.org/rec/journals/cc/GharibianSSSY22
4545,paper,Credal ensembling in multi-class classification.,https://dblp.org/rec/journals/ml/NguyenZD25
4546,paper,How to measure uncertainty in uncertainty sampling for active learning.,https://dblp.org/rec/journals/ml/NguyenSH22
4547,paper,Dyad ranking using Plackett-Luce models based on joint feature representations.,https://dblp.org/rec/journals/ml/SchaferH18
4548,paper,Introduction to the special issue of the ECML PKDD 2021 journal track.,https://dblp.org/rec/journals/ml/AppiceEGT21
4549,paper,Completion-based generalization inferences for the Description Logic ELOR with subjective probabilities.,https://dblp.org/rec/journals/ijar/EckePT14
4550,paper,Reasoning in the Defeasible Description Logic εℒ - computing standard inferences under rational and relevant semantics.,https://dblp.org/rec/journals/ijar/PenselT18
4551,paper,Partial data querying through racing algorithms.,https://dblp.org/rec/journals/ijar/NguyenDM18
4552,paper,Introducing Automated Verification and Validation for Virtualized Network Functions and Services.,https://dblp.org/rec/journals/cm/PeusterSZXTVTSV19
4553,paper,Traffic management improvement by integrating modern communication systems.,https://dblp.org/rec/journals/cm/Schulz96
4554,paper,Copyright labeling of digitized image data.,https://dblp.org/rec/journals/cm/Burgett0Z98
4555,paper,"Peer-To-Peer Rentals, Regulatory Policies, And Hosts' Cost Pass-Throughs.",https://dblp.org/rec/journals/jmis/MullerNK22
4556,paper,The Effect of Big Data and Analytics on Firm Performance: An Econometric Analysis Considering Industry Characteristics.,https://dblp.org/rec/journals/jmis/MullerFB18
4557,paper,An open-data approach for quantifying the potential of taxi ridesharing.,https://dblp.org/rec/journals/dss/BaranBM17
4558,paper,Evolvable fuzzy systems from data streams with missing values: With application to temporal pattern recognition and cryptocurrency prediction.,https://dblp.org/rec/journals/prl/GarciaELS19
4559,paper,Post-comparison mitigation of demographic bias in face recognition using fair score normalization.,https://dblp.org/rec/journals/prl/TerhorstKDKK20
4560,paper,sybil - Efficient constraint-based modelling in R.,https://dblp.org/rec/journals/bmcsb/Gelius-DietrichDFL13
4561,paper,How well do SEM algorithms imitate EM algorithms? A non-asymptotic analysis for mixture models.,https://dblp.org/rec/journals/adac/BlomerBBK20
4562,paper,Multiclass Linear Dimension Reduction by Weighted Pairwise Fisher Criteria.,https://dblp.org/rec/journals/pami/LoogDH01
4563,paper,Service Placement for Collaborative Edge Applications.,https://dblp.org/rec/journals/ton/WangJHLB21
4564,paper,Holistic Resource Scheduling for Data Center In-Network Computing.,https://dblp.org/rec/journals/ton/BlocherWES22
4565,paper,An Efficient and Fair MAC Protocol Robust to Reactive Interference.,https://dblp.org/rec/journals/ton/RichaSSZ13
4566,paper,SplayNet: Towards Locally Self-Adjusting Networks.,https://dblp.org/rec/journals/ton/SchmidASBHL16
4567,paper,Social Bots: Human-Like by Means of Human Control?,https://dblp.org/rec/journals/bigdata/GrimmePAT17
4568,paper,Graph Transformation for Specification and Programming.,https://dblp.org/rec/journals/scp/AndriesEHHKKPST99
4569,paper,GaMoVR: Gamification-based UML learning environment in virtual reality.,https://dblp.org/rec/journals/scp/YigitbasSBGE24
4570,paper,Two approaches for proving linearizability of multiset.,https://dblp.org/rec/journals/scp/TofanTSW14
4571,paper,Supporting iterations in exploratory database reengineering processes.,https://dblp.org/rec/journals/scp/JahnkeSWZ02
4572,paper,A Web Computing Environment for Parallel Algorithms in Java.,https://dblp.org/rec/journals/scpe/BonordenGH06
4573,paper,Name analysis for modern languages: a general solution.,https://dblp.org/rec/journals/spe/KastensW17
4574,paper,Reusable specification modules for type analysis.,https://dblp.org/rec/journals/spe/KastensW09
4575,paper,Implementation of visual languages using pattern-based specifications.,https://dblp.org/rec/journals/spe/SchmidtK03
4576,paper,Geometry calibration in wireless acoustic sensor networks utilizing DoA and distance information.,https://dblp.org/rec/journals/ejasmp/GburrekSH21
4577,paper,Robust stairway-detection and localization method for mobile robots using a graph-based model and competing initializations.,https://dblp.org/rec/journals/ijrr/WestfechtelOMHN18
4578,paper,A survey on relay placement with runtime and approximation guarantees.,https://dblp.org/rec/journals/csr/DegenerFKH11
4579,paper,Model-based joint analysis of safety and security:Survey and identification of gaps.,https://dblp.org/rec/journals/csr/NicolettiPKS23
4580,paper,Generation and Evaluation of Communicative Robot Gesture.,https://dblp.org/rec/journals/ijsr/SalemKWRJ12
4581,paper,To Err is Human(-like): Effects of Robot Gesture on Perceived Anthropomorphism and Likability.,https://dblp.org/rec/journals/ijsr/SalemERKJ13
4582,paper,Alignment to the Actions of a Robot.,https://dblp.org/rec/journals/ijsr/VollmerRWC15
4583,paper,Tutor Spotter: Proposing a Feature Set and Evaluating It in a Robotic System.,https://dblp.org/rec/journals/ijsr/LohanRPSLNFW12
4584,paper,Ethical Considerations of Applying Robots in Kindergarten Settings: Towards an Approach from a Macroperspective.,https://dblp.org/rec/journals/ijsr/TolksdorfSZHR21
4585,paper,Open challenges for data stream mining research.,https://dblp.org/rec/journals/sigkdd/KremplZBHLLNSSSS14
4586,paper,Selected papers from the 18th International Conference on Field Programmable Logic and Applications (FPL 2008) .,https://dblp.org/rec/journals/iet-cdt/KebschullPT10
4587,paper,Server-based execution of periodic tasks on dynamically reconfigurable hardware.,https://dblp.org/rec/journals/iet-cdt/DanneMP07
4588,paper,Model-driven runtime resource predictions for advanced mechatronic systems with dynamic data structures.,https://dblp.org/rec/journals/csse/HenklerOGS11
4589,paper,On Kalman Smoothing With Random Packet Loss.,https://dblp.org/rec/journals/tsp/LeongDE08
4590,paper,Power Allocation for Outage Minimization in State Estimation Over Fading Channels.,https://dblp.org/rec/journals/tsp/LeongDNS11
4591,paper,NOMA-Based Improper Signaling for Multicell MISO RIS-Assisted Broadcast Channels.,https://dblp.org/rec/journals/tsp/SoleymaniSJR23
4592,paper,Error Exponents for Neyman-Pearson Detection of Markov Chains in Noise.,https://dblp.org/rec/journals/tsp/LeongDE07a
4593,paper,Probability of Error Analysis for Hidden Markov Model Filtering With Random Packet Loss.,https://dblp.org/rec/journals/tsp/LeongDE07
4594,paper,Quantized Filtering Schemes for Multi-Sensor Linear State Estimation: Stability and Performance Under High Rate Quantization.,https://dblp.org/rec/journals/tsp/LeongDN13
4595,paper,Distortion Outage Minimization and Diversity Order Analysis for Coherent Multiaccess.,https://dblp.org/rec/journals/tsp/WangLD11
4596,paper,Guest Editorial to the Special Section on MODELS 2007.,https://dblp.org/rec/journals/sosym/Engels10
4597,paper,"Ten years of software and systems modeling - Reflecting on the past, looking to the future.",https://dblp.org/rec/journals/sosym/EngelsW12
4598,paper,From model transformation to incremental bidirectional model synchronization.,https://dblp.org/rec/journals/sosym/GieseW09
4599,paper,"Continuous situation-specific development of business models: knowledge provision, method composition, and method enactment.",https://dblp.org/rec/journals/sosym/GottschalkYNE23
4600,paper,Model-integrating development of software systems: a flexible component-based approach.,https://dblp.org/rec/journals/sosym/Derakhshanmanesh19
4601,paper,Formal semantics of static and temporal state-oriented OCL constraints.,https://dblp.org/rec/journals/sosym/FlakeM03
4602,paper,Integrated model-driven development of self-adaptive user interfaces.,https://dblp.org/rec/journals/sosym/YigitbasJBSE20
4603,paper,Detection and resolution of conflicting change operations in version management of process models.,https://dblp.org/rec/journals/sosym/GerthKLE13
4604,paper,Opportunities in intelligent modeling assistance.,https://dblp.org/rec/journals/sosym/MussbacherCKAAB20
4605,paper,Design and evaluation of a collaborative UML modeling environment in virtual reality.,https://dblp.org/rec/journals/sosym/YigitbasGWE23
4606,paper,Dynamic Meta Modeling with time: Specifying the semantics of multimedia sequence diagrams.,https://dblp.org/rec/journals/sosym/HausmannHS04
4607,paper,The Danish Business Authority's Approach to the Ongoing Evaluation of AI Systems.,https://dblp.org/rec/journals/misqe/KrancherNM25
4608,paper,How Everything-as-a-Service Enabled Judo to Become a Billion-Dollar Bank Without Owning IT.,https://dblp.org/rec/journals/misqe/BreidbachJMBTDW22
4609,paper,Using Text Analytics to Derive Customer Service Management Benefits from Unstructured Data.,https://dblp.org/rec/journals/misqe/MullerJDB16
4610,paper,Towards electronic structure-based ab-initio molecular dynamics simulations with hundreds of millions of atoms.,https://dblp.org/rec/journals/pc/SchadeKELSLPMHK22
4611,paper,Graph partitioning and disturbed diffusion.,https://dblp.org/rec/journals/pc/MeyerhenkeMS09
4612,paper,Quality matching and local improvement for multilevel graph-partitioning.,https://dblp.org/rec/journals/pc/MonienPD00
4613,paper,Specifying Resources and Services in Metacomputing Environments.,https://dblp.org/rec/journals/pc/BruneGKMRR98
4614,paper,Efficient schemes for nearest neighbor load balancing.,https://dblp.org/rec/journals/pc/DiekmannFM99
4615,paper,Introduction of electronic book ordering with EDIFACT in a special library: a case study.,https://dblp.org/rec/journals/el/StadlerMT99
4616,paper,"Utilizing big data analytics for information systems research: challenges, promises and guidelines.",https://dblp.org/rec/journals/ejis/MullerJBD16
4617,paper,One app to trace them all? Examining app specifications for mass acceptance of contact-tracing apps.,https://dblp.org/rec/journals/ejis/TrangTWTC20
4618,paper,"Integrating and synthesising technostress research: a meta-analysis on technostress creators, outcomes, and IS usage contexts.",https://dblp.org/rec/journals/ejis/NastjukTGAT24
4619,paper,A field experiment on ISP training designs for enhancing employee information security compliance.,https://dblp.org/rec/journals/ejis/NastjukRTB25
4620,paper,Co-creating business value through IT-business operational alignment in inter-organisational relationships: empirical evidence from regional networks.,https://dblp.org/rec/journals/ejis/TrangMMK22
4621,paper,Control strategies on stable manifolds for energy-efficient swing-ups of double pendula.,https://dblp.org/rec/journals/ijcon/FlasskampTOT14
4622,paper,Disturbance decoupled estimation for linear differential-algebraic systems.,https://dblp.org/rec/journals/ijcon/Berger19
4623,paper,On stability of time-varying linear differential-algebraic equations.,https://dblp.org/rec/journals/ijcon/BergerI13
4624,paper,Bohl exponent for time-varying linear differential-algebraic equations.,https://dblp.org/rec/journals/ijcon/Berger12
4625,paper,Assessment of a multimodal interaction and rendering system against established design principles.,https://dblp.org/rec/journals/jmui/Schaefer008
4626,paper,Shortest-Path Routing in Arbitrary Networks.,https://dblp.org/rec/journals/jal/HeideV99
4627,paper,Improved bounds for the unsplittable flow problem.,https://dblp.org/rec/journals/jal/KolmanS06
4628,paper,Power-efficient assignment of virtual machines to physical machines.,https://dblp.org/rec/journals/fgcs/ArocaAMTW16
4629,paper,Do additional target points speed up evolutionary algorithms?,https://dblp.org/rec/journals/tcs/BossekS23
4630,paper,The impact of the Gabriel subgraph of the visibility graph on the gathering of mobile autonomous robots.,https://dblp.org/rec/journals/tcs/LiHP21
4631,paper,Towards higher-dimensional topological self-stabilization: A distributed algorithm for Delaunay graphs.,https://dblp.org/rec/journals/tcs/JacobRSS12
4632,paper,"Sampling methods for shortest vectors, closest vectors and successive minima.",https://dblp.org/rec/journals/tcs/BlomerN09
4633,paper,Fast recognition of deterministic cfl's with a smaller number of processors.,https://dblp.org/rec/journals/tcs/MonienRS93
4634,paper,Energy-efficient strategies for building short chains of mobile robots locally.,https://dblp.org/rec/journals/tcs/BrandesDKH13
4635,paper,Tiara: A self-stabilizing deterministic skip list and skip graph.,https://dblp.org/rec/journals/tcs/ClouserNS12
4636,paper,Robust random number generation for peer-to-peer systems.,https://dblp.org/rec/journals/tcs/AwerbuchS09
4637,paper,Gathering a Euclidean closed chain of robots in linear time and improved algorithms for chain-formation.,https://dblp.org/rec/journals/tcs/CastenowHJKH23
4638,paper,Exploiting Storage Redundancy to Speed up Randomized Shared Memory Simulations.,https://dblp.org/rec/journals/tcs/HeideSS96
4639,paper,A continuous strategy for collisionless gathering.,https://dblp.org/rec/journals/tcs/LiMHP21
4640,paper,Foreword.,https://dblp.org/rec/journals/tcs/AdarichevaIBT17
4641,paper,Universal coating for programmable matter.,https://dblp.org/rec/journals/tcs/DerakhshandehGR17
4642,paper,Structure and complexity of extreme Nash equilibria.,https://dblp.org/rec/journals/tcs/GairingLMMS05
4643,paper,The complexity of equilibria for risk-modeling valuations.,https://dblp.org/rec/journals/tcs/MavronicolasM16
4644,paper,On generalized Horn formulas and k-resolution.,https://dblp.org/rec/journals/tcs/Buning93
4645,paper,A study on the effects of normalized TSP features for automated algorithm selection.,https://dblp.org/rec/journals/tcs/HeinsBPSTK23
4646,paper,Computational complexity of quantified Boolean formulas with fixed maximal deficiency.,https://dblp.org/rec/journals/tcs/BuningZ08
4647,paper,A Comparison of two Variations of a Pebble Game on Graphs.,https://dblp.org/rec/journals/tcs/Heide81
4648,paper,On Eliminating Nondeterminism from Turing Machines which Use less than Logarithm Worktape Space.,https://dblp.org/rec/journals/tcs/MonienS82
4649,paper,Corona: A stabilizing deterministic message-passing skip list.,https://dblp.org/rec/journals/tcs/NorNS13
4650,paper,Adaptive playouts for online learning of policies during Monte Carlo Tree Search.,https://dblp.org/rec/journals/tcs/GrafP16
4651,paper,Error analysis in minimax trees.,https://dblp.org/rec/journals/tcs/LorenzM04
4652,paper,Corrigendum: Fast Recognition of Deterministic CFL's with a Smaller Number of Processors.,https://dblp.org/rec/journals/tcs/MonienRS94
4653,paper,Classes of propositional UMU formulas and their extensions to minimal unsatisfiable formulas.,https://dblp.org/rec/journals/tcs/Buning24
4654,paper,Conditional Value-at-Risk: Structure and complexity of equilibria.,https://dblp.org/rec/journals/tcs/MavronicolasM20
4655,paper,Note on Optimal Gossiping in Some Weak-Connected Graphs.,https://dblp.org/rec/journals/tcs/HromkovicJM94
4656,paper,On the Parallel Recognition of Unambiguous Context-Free Languages.,https://dblp.org/rec/journals/tcs/ChytilCMR91
4657,paper,Routing on Networks of Optical Crossbars.,https://dblp.org/rec/journals/tcs/HeideSS98
4658,paper,"The complexity of (E+Var)-equilibria, ESR-equilibria, and SuperE-equilibria for 2-players games with few cost values.",https://dblp.org/rec/journals/tcs/GeorgiouMM21
4659,paper,The Reachability Problem for Petri Nets and Decision Problems for Skolem Arithmetic.,https://dblp.org/rec/journals/tcs/BorgerB80
4660,paper,Online facility location with mobile facilities.,https://dblp.org/rec/journals/tcs/FeldkordKH22
4661,paper,"Gathering Anonymous, Oblivious Robots on a Grid.",https://dblp.org/rec/journals/tcs/CastenowFHJH20
4662,paper,Efficient parallel algorithms for parameterized problems.,https://dblp.org/rec/journals/tcs/Abu-KhzamLMHP19
4663,paper,Finding read-once resolution refutations in systems of 2CNF clauses.,https://dblp.org/rec/journals/tcs/BuningWS18
4664,paper,An upper bound for the circuit complexity of existentially quantified Boolean formulas.,https://dblp.org/rec/journals/tcs/BuningR10
4665,paper,A Recursive and a Grammatical Characterization of the Exponential-Time Languages.,https://dblp.org/rec/journals/tcs/Monien76
4666,paper,The price of anarchy for polynomial social cost.,https://dblp.org/rec/journals/tcs/GairingLMM06
4667,paper,Editorial for Algorithmic Aspects of Wireless Sensor Networks.,https://dblp.org/rec/journals/tcs/DolevS12
4668,paper,A new model for selfish routing.,https://dblp.org/rec/journals/tcs/LuckingMMR08
4669,paper,Efficient shape formation by 3D hybrid programmable matter: An algorithm for low diameter intermediate structures.,https://dblp.org/rec/journals/tcs/HinnenthalLS25
4670,paper,Min Cut is NP-Complete for Edge Weighted Treees.,https://dblp.org/rec/journals/tcs/MonienS88
4671,paper,A faster combinatorial approximation algorithm for scheduling unrelated parallel machines.,https://dblp.org/rec/journals/tcs/GairingMW07
4672,paper,Preface.,https://dblp.org/rec/journals/tcs/Scheideler18
4673,paper,Simulating Probabilistic by Deterministic Algebraic Computation Trees.,https://dblp.org/rec/journals/tcs/Heide85
4674,paper,A deterministic worst-case message complexity optimal solution for resource discovery.,https://dblp.org/rec/journals/tcs/KniesburgesKS15
4675,paper,A Tradeoff Between Search and Update Time for the Implicit Dictionary Problem.,https://dblp.org/rec/journals/tcs/BorodinFHUW88
4676,paper,Routing schemes for hybrid communication networks.,https://dblp.org/rec/journals/tcs/CoyCSSW24
4677,paper,Sparse topologies with small spectrum size.,https://dblp.org/rec/journals/tcs/ElsasserKM03
4678,paper,A 5/4-approximation algorithm for scheduling identical malleable tasks.,https://dblp.org/rec/journals/tcs/DeckerLM06
4679,paper,Projections of Vector Addition System Reachability Sets are Semilinear.,https://dblp.org/rec/journals/tcs/BuningLM89
4680,paper,New spectral lower bounds on the bisection width of graphs.,https://dblp.org/rec/journals/tcs/BezrukovEMPT04
4681,paper,Truly Efficient Parallel Algorithms: 1-optimal Multisearch for an Extension of the BSP Model.,https://dblp.org/rec/journals/tcs/BaumkerDH98
4682,paper,Bandwidth Constrained NP-Complete Problems.,https://dblp.org/rec/journals/tcs/MonienS85
4683,paper,Optimal strategies for maintaining a chain of relays between an explorer and a base camp.,https://dblp.org/rec/journals/tcs/KutylowskiH09
4684,paper,Beep-and-Sleep: Message and Energy Efficient Set Cover.,https://dblp.org/rec/journals/tcs/GotteKSW23
4685,paper,On the PLS-complexity of maximum constraint assignment.,https://dblp.org/rec/journals/tcs/DumraufM13
4686,paper,New ways of learning: Comparing the effectiveness of interactive online media in distance education with the European textbook tradition.,https://dblp.org/rec/journals/bjet/KramerNMH15
4687,paper,HOBBIT: A platform for benchmarking Big Linked Data.,https://dblp.org/rec/journals/datasci/RoderKN20
4688,paper,Warping of Radar Data Into Camera Image for Cross-Modal Supervision in Automotive Applications.,https://dblp.org/rec/journals/tvt/GrimmFWFBH22
4689,paper,Improper Gaussian Signaling for the $K$-User MIMO Interference Channels With Hardware Impairments.,https://dblp.org/rec/journals/tvt/SoleymaniSS20
4690,paper,Rate Splitting in MIMO RIS-Assisted Systems With Hardware Impairments and Improper Signaling.,https://dblp.org/rec/journals/tvt/SoleymaniSJ23
4691,paper,Towards an IEEE 802.11 Compliant System for Outdoor Vehicular Visible Light Communications.,https://dblp.org/rec/journals/tvt/AmjadTMKKSD21
4692,paper,A Novel Similarity Measure for Positioning Cellular Phones by a Comparison With a Database of Signal Power Levels.,https://dblp.org/rec/journals/tvt/Haeb-UmbachP07
4693,paper,A combined hardware-software approach for acoustic sensor network synchronization.,https://dblp.org/rec/journals/sigpro/SchmalenstroeerJH15
4694,paper,Field estimation using binary measurements.,https://dblp.org/rec/journals/sigpro/LeongZ22
4695,paper,Distributed multi-object tracking under limited field of view heterogeneous sensors with density clustering.,https://dblp.org/rec/journals/sigpro/ChenNLPBR25
4696,paper,Ground State Connectivity of Local Hamiltonians.,https://dblp.org/rec/journals/toct/GharibianS18
4697,paper,The Relation Between Cognitive Abilities and the Distribution of Semantic Features Across Speech and Gesture in 4-year-olds.,https://dblp.org/rec/journals/cogsci/AbramovKKMRK21
4698,paper,Towards a universal approach for the finite departure problem in overlay networks.,https://dblp.org/rec/journals/iandc/KoutsopoulosSS17
4699,paper,Simulating Shared Memory in Real Time: On the Computation Power of Reconfigurable Architectures.,https://dblp.org/rec/journals/iandc/CzumajHS97
4700,paper,Optimizing Propositional Calculus Formulas with Regard to Questions of Deducibility,https://dblp.org/rec/journals/iandc/BuningL89
4701,paper,A self-stabilizing Hashed Patricia Trie.,https://dblp.org/rec/journals/iandc/KnollmannS22
4702,paper,On the Limits of Computations with the Floor Function,https://dblp.org/rec/journals/iandc/BabaiJH88
4703,paper,Lower Time Bounds for Solving Linear Diophantine Equations on Several Parallel Computational Models,https://dblp.org/rec/journals/iandc/Heide85
4704,paper,An Optimal Parallel Dictionary,https://dblp.org/rec/journals/iandc/DietzfelbingerH93
4705,paper,A discrete and continuous study of the Max-Chain-Formation problem.,https://dblp.org/rec/journals/iandc/CastenowKKH22
4706,paper,Resolution for Quantified Boolean Formulas,https://dblp.org/rec/journals/iandc/BuningKF95
4707,paper,Existence of Simple Propositional Formulas.,https://dblp.org/rec/journals/ipl/Buning90
4708,paper,Polynomial time algorithms for computing a representation for minimal unsatisfiable formulas with fixed deficiency.,https://dblp.org/rec/journals/ipl/BuningZ02
4709,paper,The complexity of pure equilibria in mix-weighted congestion games on parallel links.,https://dblp.org/rec/journals/ipl/MavronicolasM15
4710,paper,Transforming Comparison Model Lower Bounds to the Parallel-Random-Access-Machine.,https://dblp.org/rec/journals/ipl/BreslauerCDH97
4711,paper,A new 3-CNF transformation by parallel-serial graphs.,https://dblp.org/rec/journals/ipl/BubeckB09
4712,paper,Infinite Cube-Connected Cycles.,https://dblp.org/rec/journals/ipl/Heide83
4713,paper,Lower Time Bounds for Integer Programming with Two Variables.,https://dblp.org/rec/journals/ipl/LautemannH85
4714,paper,Deterministic Two-Way One-Head Pushdown Automata are Very Powerful.,https://dblp.org/rec/journals/ipl/Monien84
4715,paper,Fractional Damping Through Restricted Calculus of Variations.,https://dblp.org/rec/journals/jns/JimenezO21
4716,paper,Solving Optimal Control Problems by Exploiting Inherent Dynamical Systems Structures.,https://dblp.org/rec/journals/jns/FlasskampOK12
4717,paper,Variational Integrators for a new Lagrangian Approach to Control Affine Systems with a Quadratic Lagrange Term.,https://dblp.org/rec/journals/jns/KonopikLMOA26
4718,paper,Fractional Variational Integrators Based on Convolution Quadrature.,https://dblp.org/rec/journals/jns/BelgacemJO25
4719,paper,Explaining Static Analysis With Rule Graphs.,https://dblp.org/rec/journals/tse/DoB22
4720,paper,Aspect-Oriented Race Detection in Java.,https://dblp.org/rec/journals/tse/BoddenH10
4721,paper,ModGuard : Identifying Integrity & Confidentiality Violations in Java Modules.,https://dblp.org/rec/journals/tse/DannHB21
4722,paper,CrySL: An Extensible Approach to Validating the Correct Usage of Cryptographic APIs.,https://dblp.org/rec/journals/tse/KrugerSABM21
4723,paper,Self-Admitted Technical Debt in the Embedded Systems Industry: An Exploratory Case Study.,https://dblp.org/rec/journals/tse/LiSAS23
4724,paper,Automated API Property Inference Techniques.,https://dblp.org/rec/journals/tse/RobillardBKMR13
4725,paper,Connecting and Serving the Software Engineering Community.,https://dblp.org/rec/journals/tse/DwyerBFKKKMMMSS16
4726,paper,Debugging Static Analysis.,https://dblp.org/rec/journals/tse/DoKH0B20
4727,paper,Runtime Verification of Crypto APIs: An Empirical Study.,https://dblp.org/rec/journals/tse/TorresCAPBdLBC23
4728,paper,Guest Editors' Introduction.,https://dblp.org/rec/journals/tse/HarroldS03
4729,paper,Prism-Methodology and Process-Oriented Environment.,https://dblp.org/rec/journals/tse/MadhavjiS91
4730,paper,Tracking Load-Time Configuration Options.,https://dblp.org/rec/journals/tse/LillackKB18
4731,paper,Imprecise Matching of Requirements Specifications for Software Services Using Fuzzy Logic.,https://dblp.org/rec/journals/tse/PlateniusSBHS17
4732,paper,Guest Editors' Introduction: 2008 Conference on the Foundations of Software Engineering.,https://dblp.org/rec/journals/tse/MurphyS10
4733,paper,What Makes Agile Software Development Agile?,https://dblp.org/rec/journals/tse/KuhrmannTHKMLPF22
4734,paper,Identifying Challenges for OSS Vulnerability Scanners - A Study & Test Suite.,https://dblp.org/rec/journals/tse/DannPHPB22
4735,paper,Generating SPARQL queries using templates.,https://dblp.org/rec/journals/wias/ShekarpourANGHS13
4736,paper,CRC: Compressed Reservoir Computing on FPGA via Joint HSIC LASSO-based Pruning and Quantization.,https://dblp.org/rec/journals/wipiec/JafariMP25
4737,paper,Analysis and Design of a Charge Sampler With 70-GHz 1-dB Bandwidth in 130-nm SiGe BiCMOS.,https://dblp.org/rec/journals/tcasI/WuS21
4738,paper,Understanding software architecture erosion: A systematic mapping study.,https://dblp.org/rec/journals/smr/LiLSA22
4739,paper,Integrated and iterative systems engineering and software requirements engineering for technical systems.,https://dblp.org/rec/journals/smr/HoltmannBMST16
4740,paper,Relating functional requirements and software architecture: separation and consistency of concerns.,https://dblp.org/rec/journals/smr/HeckelE02
4741,paper,Commonsense knowledge in cognitive robotics: a systematic literature review.,https://dblp.org/rec/journals/firai/TobergNBC24
4742,paper,Do Shy Preschoolers Interact Differently When Learning Language With a Social Robot? An Analysis of Interactional Behavior and Word Learning.,https://dblp.org/rec/journals/firai/TolksdorfVR21
4743,paper,Language Meddles with Infants' Processing of Observed Actions.,https://dblp.org/rec/journals/firai/SciuttiLGKR16
4744,paper,Scaffolding the human partner by contrastive guidance in an explanatory human-robot dialogue.,https://dblp.org/rec/journals/firai/GrossSBRSRW23
4745,paper,Social/dialogical roles of social robots in supporting children's learning of language and literacy - A review and analysis of innovative roles.,https://dblp.org/rec/journals/firai/RohlfingACBBTH22
4746,paper,A Modular Software Framework for Eye-Hand Coordination in Humanoid Robots.,https://dblp.org/rec/journals/firai/LeitnerHFC16
4747,paper,Vom Modellieren zum Gestalten - Objektorientierung als Impuls für einen neuen Informatikunterricht?,https://dblp.org/rec/journals/didactica/Schulte01
4748,paper,Estimation of component reliability from superposed renewal processes by means of latent variables.,https://dblp.org/rec/journals/cstat/RodriguesKPTWHP22
4749,paper,OpenML: An R package to connect to the machine learning platform OpenML.,https://dblp.org/rec/journals/cstat/CasalicchioBLKK19
4750,paper,Correction to: Estimation of component reliability from superposed renewal processes by means of latent variables.,https://dblp.org/rec/journals/cstat/RodriguesKPTWHP22a
4751,paper,Low-Bias Extraction of Domain-Specific Concepts.,https://dblp.org/rec/journals/informaticaSI/Ngomo10
4752,paper,SKIP+: A Self-Stabilizing Skip Graph.,https://dblp.org/rec/journals/jacm/JacobRSST14
4753,paper,A Polynomial Linear Search Algorithm for the n-Dimensional Knapsack Problem.,https://dblp.org/rec/journals/jacm/Heide84
4754,paper,Fast algorithms for N-dimensional restrictions of hard problems.,https://dblp.org/rec/journals/jacm/Heide88
4755,paper,Lower Bounds for Solving Linear Diophantine Equations on Random Access Machines,https://dblp.org/rec/journals/jacm/Heide85
4756,paper,An Overview of the Philips Research System for Large Vocabulary Continuous Speech Recognition.,https://dblp.org/rec/journals/ijprai/NeySHTE94
4757,paper,Benchmarking question answering systems.,https://dblp.org/rec/journals/semweb/UsbeckRHCHNDU19
4758,paper,Semantic Quran.,https://dblp.org/rec/journals/semweb/SherifN15
4759,paper,Special issue on question answering for Linked Data.,https://dblp.org/rec/journals/semweb/NgomoU17
4760,paper,GERBIL - Benchmarking Named Entity Recognition and Linking consistently.,https://dblp.org/rec/journals/semweb/RoderUN18
4761,paper,A fine-grained evaluation of SPARQL endpoint federation systems.,https://dblp.org/rec/journals/semweb/SaleemKHEN15
4762,paper,Ontology-mediated query answering over temporal and inconsistent data.,https://dblp.org/rec/journals/semweb/BourgauxKT19
4763,paper,Survey on challenges of Question Answering in the Semantic Web.,https://dblp.org/rec/journals/semweb/HoffnerWMULN17
4764,paper,LSQ 2.0: A linked dataset of SPARQL query logs.,https://dblp.org/rec/journals/semweb/StadlerSMADHN24
4765,paper,A survey of current Link Discovery frameworks.,https://dblp.org/rec/journals/semweb/NentwigHNR17
4766,paper,On the efficient execution of bounded Jaro-Winkler distances.,https://dblp.org/rec/journals/semweb/DresslerN17
4767,paper,A systematic survey of point set distance measures for link discovery.,https://dblp.org/rec/journals/semweb/SherifN18
4768,paper,Linked SDMX Data: Path to high fidelity Statistical Linked Data.,https://dblp.org/rec/journals/semweb/CapadisliAN15
4769,paper,QALD-10 - The 10th challenge on question answering over linked data: Shifting from DBpedia to Wikidata as a KG for KGQA.,https://dblp.org/rec/journals/semweb/Usbeck0P0SKMH0N24
4770,paper,Publishing and interlinking the Global Health Observatory dataset - Towards increasing transparency in Global Health.,https://dblp.org/rec/journals/semweb/ZaveriLAHSM13
4771,paper,Multilingual question answering systems for knowledge graphs - a survey.,https://dblp.org/rec/journals/semweb/PerevalovBN24
4772,paper,An empirical evaluation of cost-based federated SPARQL query processing engines.,https://dblp.org/rec/journals/semweb/QudusSNL21
4773,paper,Leveraging TSP Solver Complementarity through Machine Learning.,https://dblp.org/rec/journals/ec/KerschkeKBHT18
4774,paper,Multioracle Coevolutionary Learning of Requirements Specifications from Examples in On-The-Fly Markets.,https://dblp.org/rec/journals/ec/WeverRH20
4775,paper,2 Indicator-Based Multiobjective Search.,https://dblp.org/rec/journals/ec/BrockhoffWT15
4776,paper,Pflacco: Feature-Based Landscape Analysis of Continuous and Constrained Optimization Problems in Python.,https://dblp.org/rec/journals/ec/PragerT24
4777,paper,Automated Algorithm Selection on Continuous Black-Box Problems by Combining Exploratory Landscape Analysis and Machine Learning.,https://dblp.org/rec/journals/ec/KerschkeT19
4778,paper,Automated Algorithm Selection: Survey and Perspectives.,https://dblp.org/rec/journals/ec/KerschkeHNT19
4779,paper,Search Dynamics on Multimodal Multiobjective Problems.,https://dblp.org/rec/journals/ec/KerschkeWPGDTE19
4780,paper,Foreword.,https://dblp.org/rec/journals/ec/HoosNT19
4781,paper,Resampling Methods for Meta-Model Validation with Recommendations for Evolutionary Computation.,https://dblp.org/rec/journals/ec/BischlMTW12
4782,paper,On Single-Objective Sub-Graph-Based Mutation for Solving the Bi-Objective Minimum Spanning Tree Problem.,https://dblp.org/rec/journals/ec/BossekG24
4783,paper,Statistical Methods for Convergence Detection of Multi-Objective Evolutionary Algorithms.,https://dblp.org/rec/journals/ec/TrautmannWNPM09
4784,paper,Analyzing the BBOB Results by Means of Benchmarking Concepts.,https://dblp.org/rec/journals/ec/MersmannPTBW15
4785,paper,Learning tactile skills through curious exploration.,https://dblp.org/rec/journals/finr/PapeOCCFCS12
4786,paper,Pragmatic Frames for Teaching and Learning in Human-Robot Interaction: Review and Challenges.,https://dblp.org/rec/journals/finr/VollmerWRO16
4787,paper,Curiosity driven reinforcement learning for motion planning on humanoids.,https://dblp.org/rec/journals/finr/FrankLSFS14
4788,paper,The Quasi-Kronecker Form For Matrix Pencils.,https://dblp.org/rec/journals/siammax/BergerT12
4789,paper,Addition to,https://dblp.org/rec/journals/siammax/BergerT13
4790,paper,What Are We Talking About When We Talk About Technology Pivots? - A Delphi Study.,https://dblp.org/rec/journals/iam/BohnK20
4791,paper,Compressing cube-connected cycles and butterfly networks.,https://dblp.org/rec/journals/networks/KlasingLM98
4792,paper,On stackelberg pricing with computationally bounded customers.,https://dblp.org/rec/journals/networks/BriestGHV12
4793,paper,A hop-by-hop energy efficient distributed routing scheme.,https://dblp.org/rec/journals/sigmetrics/HouZAWL13
4794,paper,Joint virtual machine assignment and traffic engineering for green data center networks.,https://dblp.org/rec/journals/sigmetrics/WangZVHL13
4795,paper,An Accelerator for Resolution Proof Checking based on FPGA and Hybrid Memory Cube Technology.,https://dblp.org/rec/journals/vlsisp/HansmeierPPA19
4796,paper,Detecting the Expectancy of a Place Using Nearby Context for Appearance-Based Mapping.,https://dblp.org/rec/journals/trob/KazmiM19
4797,paper,"The ITALK Project: A Developmental Robotics Approach to the Study of Individual, Social, and Linguistic Learning.",https://dblp.org/rec/journals/topics/BrozNBBDFFFFGGL14
4798,paper,"Co-development of Manner and Path Concepts in Language, Action, and Eye-Gaze Behavior.",https://dblp.org/rec/journals/topics/LohanGSPR14
4799,paper,Boolean Functions as Models for Quantified Boolean Formulas.,https://dblp.org/rec/journals/jar/BuningSZ07
4800,paper,Equivalence of Propositional Prolog Programs.,https://dblp.org/rec/journals/jar/BuningLS90
4801,paper,Logics with probabilistic team semantics and the Boolean negation.,https://dblp.org/rec/journals/logcom/HannulaHKMMV25
4802,paper,SAT-Problems and Reductions with Respect to the Number of Variables.,https://dblp.org/rec/journals/logcom/GrandjeanB97
4803,paper,Parameterized complexity of abduction in Schaefer's framework.,https://dblp.org/rec/journals/logcom/MahmoodMS21
4804,paper,A parameterized view on the complexity of dependence and independence logic.,https://dblp.org/rec/journals/logcom/KontinenMM22
4805,paper,Collaborative Runtime Verification with Tracematches.,https://dblp.org/rec/journals/logcom/BoddenHLLN10
4806,paper,Automata-based refinement checking for real-time systems.,https://dblp.org/rec/journals/ife/HeinzemannBDS15
4807,paper,Modeling and verifying dynamic communication structures based on graph transformations.,https://dblp.org/rec/journals/ife/EckardtHHHPS13
4808,paper,Ein Vorgehensmodell für die Multimedia-Entwicklung mit Autorensystemen.,https://dblp.org/rec/journals/ife/DepkeEMSW99
4809,paper,Arbeitsteilige Konstruktion von Software-Architekturen mit dem Werkzeug OPUS.,https://dblp.org/rec/journals/ife/FehlingS94
4810,paper,DFG-Schwerpunktprogramm: Entwurf und Entwurfsmethodik eingebetteter Systeme.,https://dblp.org/rec/journals/ife/AntreichRRSW97
4811,paper,On-The-Fly computing: automatic service discovery and composition in heterogeneous domains.,https://dblp.org/rec/journals/ife/HumaGE15
4812,paper,Integrierte elektronische Dokumente in Informatik-Lehrveranstaltungen.,https://dblp.org/rec/journals/ife/Bottcher98
4813,paper,MuSofT - Multimedia in der Softwaretechnik.,https://dblp.org/rec/journals/ife/DoberkatE02
4814,paper,Editorial.,https://dblp.org/rec/journals/ife/EngelsL13
4815,paper,On Link Discovery using a Hybrid Approach.,https://dblp.org/rec/journals/jodsn/Ngomo12
4816,paper,Answering Fuzzy Conjunctive Queries Over Finitely Valued Fuzzy Ontologies.,https://dblp.org/rec/journals/jodsn/BorgwardtMPT16
4817,paper,A Lower Time Bound for the Knapsack Problem on Random Access Machines.,https://dblp.org/rec/journals/acta/KleinH83
4818,paper,Universal Asynchronous Iterative Arrays of Mealy Automata.,https://dblp.org/rec/journals/acta/BuningP80
4819,paper,Trial and Error. A New Approach to Space-Bounded Learning.,https://dblp.org/rec/journals/acta/AmeurFHH96
4820,paper,Transformational Methods and their Application to Complexity Problems.,https://dblp.org/rec/journals/acta/Monien76
4821,paper,Efficiency of Universal Parallel Computers.,https://dblp.org/rec/journals/acta/Heide83
4822,paper,An Abstract Data Type for Name Analysis.,https://dblp.org/rec/journals/acta/KastensW91
4823,paper,Lifetime Analysis for Attributes.,https://dblp.org/rec/journals/acta/Kastens87
4824,paper,Ordered Attributed Grammars.,https://dblp.org/rec/journals/acta/Kastens80
4825,paper,The LBA-Problem and the Deterministic Tape Complexity of Two-Way One-Counter Languages over a One-Letter Alphabet.,https://dblp.org/rec/journals/acta/Monien77
4826,paper,Corrigenda: Transformational Methods and Their Application to Complexity Problems,https://dblp.org/rec/journals/acta/Monien77a
4827,paper,Ramsey Numbers and an Approximation Algorithm for the Vertex Cover Problem.,https://dblp.org/rec/journals/acta/MonienS85
4828,paper,An Operational Semantics for Specifications of Abstract Data Types with Error Handling.,https://dblp.org/rec/journals/acta/EngelsPE83
4829,paper,Modularity and Reusability in Attribute Grammars.,https://dblp.org/rec/journals/acta/KastensW94
4830,paper,Joint Optimization of Operational Cost and Performance Interference in Cloud Data Centers.,https://dblp.org/rec/journals/tcc/JinZWHZL17
4831,paper,A generic digital watermarking model.,https://dblp.org/rec/journals/cg/ZhaoK98
4832,paper,Guidelines for a curriculum in scientific visualization.,https://dblp.org/rec/journals/cg/Domik93
4833,paper,A concept and system architecture for IT-based Lifelong Learning.,https://dblp.org/rec/journals/cg/EncarnacaoMBBBBHKKK98
4834,paper,Visualization education.,https://dblp.org/rec/journals/cg/Domik94
4835,paper,Rate Analysis and Optimization of LoS Beyond Diagonal RIS-Assisted MIMO Systems.,https://dblp.org/rec/journals/icl/SantamariaGSJ25
4836,paper,Software tools for business model innovation: current state and future challenges.,https://dblp.org/rec/journals/electronicmarkets/SzopinskiSJKK20
4837,paper,What to do after a data breach? Examining apology and compensation as response strategies for health service providers.,https://dblp.org/rec/journals/electronicmarkets/MasuchGT21
4838,paper,,https://dblp.org/rec/journals/electronicmarkets/SeutterKSKK23
4839,paper,Market Efficiency in the Financial Services Industry: Buyer Search Behaviour on an Electronic Commodity Market.,https://dblp.org/rec/journals/electronicmarkets/Kundisch03
4840,paper,Enabling individualized recommendations and dynamic pricing of value-added services through willingness-to-pay data.,https://dblp.org/rec/journals/electronicmarkets/BackhausBBFMWKS10
4841,paper,Market Efficiency in the Financial Services Industry: Buyer Search Behaviour on an Electronic Commodity Market.,https://dblp.org/rec/journals/electronicmarkets/Kundisch94
4842,paper,Smart cities and smart governance models for future cities.,https://dblp.org/rec/journals/electronicmarkets/NastjukTP22
4843,paper,Is paid search overrated? When bricks-and-mortar-only retailers should not use paid search.,https://dblp.org/rec/journals/electronicmarkets/SchlangenottoKW18
4844,paper,Setting the stage for a flourishing cultural data ecosystem: A spotlight on business models of cultural event platforms.,https://dblp.org/rec/journals/electronicmarkets/AlthausVMK25
4845,paper,Conceptualizing smart service systems.,https://dblp.org/rec/journals/electronicmarkets/BeverungenMMMB19
4846,paper,Continuous value shaping: A boundary concept for innovating service innovation approaches.,https://dblp.org/rec/journals/electronicmarkets/BohmannRSBBBBGGHKLLLM25
4847,paper,Likelihood of Threats to Connected Vehicles.,https://dblp.org/rec/journals/ijngc/OthmaneFRBB14
4848,paper,Operating Systems for Reconfigurable Embedded Platforms: Online Scheduling of Real-Time Tasks.,https://dblp.org/rec/journals/tc/SteigerWP04
4849,paper,Exploiting Hardware-Based Data-Parallel and Multithreading Models for Smart Edge Computing in Reconfigurable FPGAs.,https://dblp.org/rec/journals/tc/RodriguezOPT22
4850,paper,Guest Editorial: IEEE Transactions on Computers and IEEE Transactions on Emerging Topics in Computing Joint Special Section on Innovation in Reconfigurable Computing Fabrics from Devices to Architectures.,https://dblp.org/rec/journals/tc/DeMaraPO17
4851,paper,An FPGA-Based Reconfigurable Mesh Many-Core.,https://dblp.org/rec/journals/tc/GiefersP14
4852,paper,The perils of gamification: Does engaging with gamified services increase users' willingness to disclose personal information?,https://dblp.org/rec/journals/chb/TrangW21
4853,paper,Improper Signaling for Multicell MIMO RIS-Assisted Broadcast Channels With I/Q Imbalance.,https://dblp.org/rec/journals/tgcn/SoleymaniSS22
4854,paper,Teaching Me Softly: Experiences and Reflections on Informal Educational Game Design.,https://dblp.org/rec/journals/tedu/Wechselberger09
4855,paper,Working Smarter Not Harder: Hybrid Cooling for Deep Learning in Edge Datacenters.,https://dblp.org/rec/journals/tsusc/PeiYHWZYYL25
4856,paper,Evolving granular neural networks from fuzzy data streams.,https://dblp.org/rec/journals/nn/LeiteCG13
4857,paper,TelCoW: telework under the co-ordination of a workflow management system.,https://dblp.org/rec/journals/infsof/DangelmaierKW99
4858,paper,Mining software repositories for software architecture - A systematic mapping study.,https://dblp.org/rec/journals/infsof/SolimanAMW25
4859,paper,Architectural design decisions that incur technical debt - An industrial case study.,https://dblp.org/rec/journals/infsof/SolimanAL21
4860,paper,The Cu2O2 torture track for a real-life system: 2+ oxo and peroxo species in density functional calculations.,https://dblp.org/rec/journals/jcc/RohrmullerHTHS15
4861,paper,Current density analysis of electron transport through molecular wires in open quantum systems.,https://dblp.org/rec/journals/jcc/NozakiS17
4862,paper,Adatom mediated adsorption of N-heterocyclic carbenes on Cu(111) and Au(111).,https://dblp.org/rec/journals/jcc/JainGSA22
4863,paper,Geometrical and optical benchmarking of copper(II) guanidine-quinoline complexes: Insights from TD-DFT and many-body perturbation theory (part II).,https://dblp.org/rec/journals/jcc/HoffmannRJVSH14
4864,paper,Bis-μ-oxo and μ-η2: η2-peroxo dicopper complexes studied within (time-dependent) density-functional and many-body perturbation theory.,https://dblp.org/rec/journals/jcc/RohrmullerHWS13
4865,paper,Optical response of the Cu2S2 diamond core in Cu2II(NGuaS)2Cl2.,https://dblp.org/rec/journals/jcc/WitteGGBRBNGGHS16
4866,paper,2+ and its oxidized and reduced derivatives: Confining electrons on a torus.,https://dblp.org/rec/journals/jcc/WitteRGHSH17
4867,paper,Assessing the accuracy of improved force-matched water models derived from Ab initio molecular dynamics simulations.,https://dblp.org/rec/journals/jcc/KosterSRKWVK16
4868,paper,Photocatalytic properties of graphene-supported titania clusters from density-functional theory.,https://dblp.org/rec/journals/jcc/BadalovWS20
4869,paper,Nuclear quantum effects induce metallization of dense solid molecular hydrogen.,https://dblp.org/rec/journals/jcc/AzadiSK18
4870,paper,Geometrical and optical benchmarking of copper guanidine-quinoline complexes: Insights from TD-DFT and many-body perturbation theory.,https://dblp.org/rec/journals/jcc/JesserRSH14
4871,paper,Density functional theory of the CuA-like Cu2S2 diamond core in Cu 2II(NGuaS)2Cl2.,https://dblp.org/rec/journals/jcc/WitteGNHS16
4872,paper,Efficient,https://dblp.org/rec/journals/jcc/Partovi-AzarK15
4873,paper,Efficient PAW-based bond strength analysis for understanding the In/Si(111)(8 × 2) - (4 × 1) phase transition.,https://dblp.org/rec/journals/jcc/LuckeGKS17
4874,paper,Corrigendum: Geometrical and optical benchmarking of copper(II) guanidine-quinoline complexes: Insights from TD-DFT and many-body perturbation theory (Part II).,https://dblp.org/rec/journals/jcc/HoffmannRJVSH15
4875,paper,Impact of finite-temperature and condensed-phase effects on theoretical X-ray absorption spectra of transition metal complexes.,https://dblp.org/rec/journals/jcc/MullerKKGSBK19
4876,paper,Safe trajectory planning for autonomous intersection management by using vehicle to infrastructure communication.,https://dblp.org/rec/journals/ejwcn/WuthishuwongTB15
4877,paper,Introduction: Structure-Based Editors and Environments.,https://dblp.org/rec/journals/ijmms/NealS92
4878,paper,Online Diarization of Streaming Audio-Visual Data for Smart Environments.,https://dblp.org/rec/journals/jstsp/SchmalenstroeerH10
4879,paper,Introduction to the Issue on Speech Processing for Natural Interaction With Intelligent Environments.,https://dblp.org/rec/journals/jstsp/TanHFGO10
4880,paper,"Introduction to the Issue on Far-Field Speech Processing in the Era of Deep Learning: Speech Enhancement, Separation, and Recognition.",https://dblp.org/rec/journals/jstsp/WatanabeABHS19
4881,paper,Integration of Neural Networks and Probabilistic Spatial Models for Acoustic Blind Source Separation.,https://dblp.org/rec/journals/jstsp/DrudeH19
4882,paper,Multi-Agent Deep Reinforcement Learning for Coordinated Multipoint in Mobile Networks.,https://dblp.org/rec/journals/tnsm/SchneiderKKH24
4883,paper,Self-Learning Multi-Objective Service Coordination Using Deep Reinforcement Learning.,https://dblp.org/rec/journals/tnsm/SchneiderKMQSKH21
4884,paper,Towards Quantum One-Time Memories from Stateless Hardware.,https://dblp.org/rec/journals/quantum/BroadbentGZ21
4885,paper,The complexity of simulating local measurements on quantum systems.,https://dblp.org/rec/journals/quantum/GharibianY19
4886,paper,A classification of an iterative hierarchy.,https://dblp.org/rec/journals/aml/Buning83
4887,paper,Some undecidable theories with monadic predicates and without equality.,https://dblp.org/rec/journals/aml/Buning81
4888,paper,MOTEL: Mobility Enabled Wireless Sensor Network Testbed.,https://dblp.org/rec/journals/ahswn/ForsterFGGG15
4889,paper,To Federate or Not To Federate: A Reputation-Based Mechanism to Dynamize Cooperation in Identity Management.,https://dblp.org/rec/journals/wpc/CabarcosAMM14
4890,paper,Run-time reconfigurable RTOS for reconfigurable systems-on-chip.,https://dblp.org/rec/journals/jec/GotzRPR09
4891,paper,Multilabel Classification with Partial Abstention: Bayes-Optimal Prediction under Label Independence.,https://dblp.org/rec/journals/jair/NguyenH21
4892,paper,Survival analysis on data streams: Analyzing temporal events in dynamically changing environments.,https://dblp.org/rec/journals/amcs/ShakerH14
4893,paper,Semi-supervised vs. supervised learning for mental health monitoring: A case study on bipolar disorder.,https://dblp.org/rec/journals/amcs/CasalinoCH0ORK23
4894,paper,Hardware-agnostic computation for large-scale knowledge graph embeddings.,https://dblp.org/rec/journals/simpa/DemirN22
4895,paper,Leaving the Beaten Tracks in Creative Work - A Design Theory for Systems that Support Convergent and Divergent Thinking.,https://dblp.org/rec/journals/jais/Muller-WienbergenMSB11
4896,paper,Synthesizing and Integrating Research on IT-Based Value Cocreation: A Meta-Analysis.,https://dblp.org/rec/journals/jais/MandrellaTK20
4897,paper,Healthor: Heterogeneity-aware Flow Control in DLTs to Increase Performance and Decentralization.,https://dblp.org/rec/journals/distribledger/TheisVWT22
4898,paper,ITiCSE 2021 preview.,https://dblp.org/rec/journals/sigcse/SchulteB21
4899,paper,An evaluation of object oriented example programs in introductory programming textbooks.,https://dblp.org/rec/journals/sigcse/BorstlerHNPSST09
4900,paper,Research perspectives on the objects-early debate.,https://dblp.org/rec/journals/sigcse/ListerBCBGHHLSSW06
4901,paper,ITiCSE 2021 recap.,https://dblp.org/rec/journals/sigcse/SchulteB21a
4902,paper,Report on the CHI'90 workshop on structure editors.,https://dblp.org/rec/journals/sigchi/NealS90
4903,paper,Tool support for task-based user interface design - A CHI'99 workshop.,https://dblp.org/rec/journals/sigchi/BomsdorfS99
4904,paper,From task to dialogue: task-based user interface design.,https://dblp.org/rec/journals/sigchi/BomsdorfS98
4905,paper,Asymptotics and Power Allocation for State Estimation Over Fading Channels.,https://dblp.org/rec/journals/taes/LeongDE11
4906,paper,Estimation in Wireless Sensor Networks With Security Constraints.,https://dblp.org/rec/journals/taes/GuoLD17
4907,paper,Maneuvering Tracking Algorithm for Reentry Vehicles With Guaranteed Prescribed Performance.,https://dblp.org/rec/journals/taes/GuoGHGB24
4908,paper,Program Feature-Based Benchmarking for Fuzz Testing.,https://dblp.org/rec/journals/pacmse/MiaoKBW25
4909,paper,"Context-, flow-, and field-sensitive data-flow analysis using synchronized Pushdown systems.",https://dblp.org/rec/journals/pacmpl/SpathAB19
4910,paper,IDEal: efficient and precise alias-aware dataflow analysis.,https://dblp.org/rec/journals/pacmpl/SpathAB17
4911,paper,Design and control of cooperative ball juggling DELTA robots without visual guidance.,https://dblp.org/rec/journals/robotica/ShareefJTT17
4912,paper,Simultaneous path planning and trajectory optimization for robotic manipulators using discrete mechanics and optimal control.,https://dblp.org/rec/journals/robotica/ShareefT16
4913,paper,Optimization of Rate-Splitting Multiple Access in Beyond Diagonal RIS-Assisted URLLC Systems.,https://dblp.org/rec/journals/twc/SoleymaniSJC24
4914,paper,A Framework for Fractional Matrix Programming Problems With Applications in FBL MU-MIMO.,https://dblp.org/rec/journals/twc/SoleymaniJSH26
4915,paper,Rate Splitting Multiple Access for RIS-Aided URLLC MIMO Broadcast Channels.,https://dblp.org/rec/journals/twc/SoleymaniSJRSH26
4916,paper,LazyCtrl: A Scalable Hybrid Network Control Plane Design for Cloud Data Centers.,https://dblp.org/rec/journals/tpds/ZhengWYSU17
4917,paper,Graft: Efficient Inference Serving for Hybrid Deep Learning With SLO Guarantees via DNN Re-Alignment.,https://dblp.org/rec/journals/tpds/WuWJL24
4918,paper,HiTDL: High-Throughput Deep Learning Inference at the Hybrid Mobile Edge.,https://dblp.org/rec/journals/tpds/WuWPCLY22
4919,paper,EdgeDR: An Online Mechanism Design for Demand Response in Edge Clouds.,https://dblp.org/rec/journals/tpds/ChenJLW22
4920,paper,Who Should Pay for Forwarding Packets?,https://dblp.org/rec/journals/im/AckermannBFV08
4921,paper,Tool integration at the meta-model level: the Fujaba approach.,https://dblp.org/rec/journals/sttt/BurmesterGNTWWWZ04
4922,paper,Tool support for the design of self-optimizing mechatronic multi-agent systems.,https://dblp.org/rec/journals/sttt/BurmesterGMOKS08
4923,paper,Introduction to the special section on self-optimizing mechatronic systems.,https://dblp.org/rec/journals/sttt/SchaferT08
4924,paper,The Clara framework for hybrid typestate analysis.,https://dblp.org/rec/journals/sttt/BoddenH12
4925,paper,Runtime Analysis of Quality Diversity Algorithms.,https://dblp.org/rec/journals/algorithmica/BossekS24
4926,paper,Efficient PRAM Simulation on a Distributed Memory Machine.,https://dblp.org/rec/journals/algorithmica/KarpLH96
4927,paper,Simple On-Line Algorithms for the Maximum Disjoint Paths Problem.,https://dblp.org/rec/journals/algorithmica/KolmanS04
4928,paper,Parameterised Counting in Logspace.,https://dblp.org/rec/journals/algorithmica/HaakMPR23
4929,paper,Towards Flexible Demands in Online Leasing Problems.,https://dblp.org/rec/journals/algorithmica/LiMH18
4930,paper,Analysis of Agglomerative Clustering.,https://dblp.org/rec/journals/algorithmica/AckermannBKS14
4931,paper,Denesting by Bounded Degree Radicals.,https://dblp.org/rec/journals/algorithmica/Blomer00
4932,paper,Server Cloud Scheduling.,https://dblp.org/rec/journals/algorithmica/MaackHP24
4933,paper,Optimal Algorithms for Dissemination of Information in Some Interconnection Networks.,https://dblp.org/rec/journals/algorithmica/HromkovicJM93
4934,paper,Stackelberg Network Pricing Games.,https://dblp.org/rec/journals/algorithmica/BriestHK12
4935,paper,Time Complexity Analysis of Randomized Search Heuristics for the Dynamic Graph Coloring Problem.,https://dblp.org/rec/journals/algorithmica/BossekNPS21
4936,paper,Strongly Adaptive Token Distribution.,https://dblp.org/rec/journals/algorithmica/HeideOW96
4937,paper,Algorithmic Foundations of Programmable Matter Dagstuhl Seminar 16271.,https://dblp.org/rec/journals/eatcs/FeketeRRS17
4938,paper,Letter from the President.,https://dblp.org/rec/journals/eatcs/Monien12
4939,paper,Letter from the President.,https://dblp.org/rec/journals/eatcs/Monien12a
4940,paper,Selfish Routing in Non-Cooperative Networks: A Survey.,https://dblp.org/rec/journals/eatcs/FeldmannGLMR03
4941,paper,Report form the EATCS General Assembly.,https://dblp.org/rec/journals/eatcs/Monien12b
4942,paper,Algorithms for Overlay Networks.,https://dblp.org/rec/journals/eatcs/Scheideler08
4943,paper,The EATCS Award 2013. Call for nominations.,https://dblp.org/rec/journals/eatcs/Heide12
4944,paper,In Business Today and Tomorrow.,https://dblp.org/rec/journals/cacm/ZhaoKL98
4945,paper,Street lamps as a platform.,https://dblp.org/rec/journals/cacm/MuhlhauserMSDWR20
4946,paper,Introduction to the Special Issue on Logic Rules and Reasoning: Selected Papers From the 6th International Joint Conference on Rules and Reasoning (RuleML+RR 2022).,https://dblp.org/rec/journals/tplp/GovernatoriT25
4947,paper,Efficient TBox Reasoning with Value Restrictions using the ℱℒ0wer Reasoner.,https://dblp.org/rec/journals/tplp/BaaderKMTZ22
4948,paper,COMAR: A Data Format for Integration of CFG Tools.,https://dblp.org/rec/journals/cj/HeuringKPW89
4949,paper,Introduction to the Special Section on Best Papers from SEAMS 2014.,https://dblp.org/rec/journals/taas/BencomoE16
4950,paper,Human-in-the-Loop Large-Scale Model Transformations with the VICToRy Debugger.,https://dblp.org/rec/journals/jot/WeidmannYASJ22
4951,paper,"ClassSheets - model-based, object-oriented design of spreadsheet applications.",https://dblp.org/rec/journals/jot/BalsCEE07
4952,paper,Automating Model Transformations for Railway Systems Engineering.,https://dblp.org/rec/journals/jot/WeidmannSAYE21
4953,paper,Systems Engineering Management Based on a Discipline-Spanning System Model.,https://dblp.org/rec/journals/procedia/GausemeierGT13
4954,paper,From Sensorimotor Knowledge to Abstract Symbolic Representations.,https://dblp.org/rec/journals/procedia/StramadinoliRZRC11
4955,paper,Building Simple Formations in Large Societies of Tiny Mobile Robots.,https://dblp.org/rec/journals/procedia/DegenerKH11
4956,paper,Approach for the Conceptual Design Validation of Production Systems using Automated Simulation-Model Generation.,https://dblp.org/rec/journals/procedia/RudtschBG13
4957,paper,Efficient piecewise higher-order parametrization of discrete surfaces with local and global injectivity.,https://dblp.org/rec/journals/cad/MandadC20
4958,paper,Guaranteed-Quality Rational Bézier Guarding.,https://dblp.org/rec/journals/cad/KhanteimouriC25
4959,paper,Kleine universelle mehrdimensionale Turingmaschinen.,https://dblp.org/rec/journals/eik/BuningO77
4960,paper,Beschreibung von Zeitkomplexitätsklassen bei Turingmaschinen durch andere Automatenmodelle.,https://dblp.org/rec/journals/eik/Monien74
4961,paper,Optimization Aspects for Propositional Binary Prolog Programs.,https://dblp.org/rec/journals/eik/BuningL88
4962,paper,A framework to meet didactical requirements for serious game design.,https://dblp.org/rec/journals/vc/RillingW11
4963,paper,Systematic verification of multi-agent systems based on rigorous executable specifications.,https://dblp.org/rec/journals/ijaose/GieseK07
4964,paper,Goals as Reference Points: Empirical Evidence from a Virtual Reward System.,https://dblp.org/rec/journals/da/RechenbergGK16
4965,paper,Potentials and challenges of analyzing use phase data in product planning of manufacturing companies.,https://dblp.org/rec/journals/aiedam/MeyerFKD22
4966,paper,On Resolution with Short Clauses.,https://dblp.org/rec/journals/amai/BuroB96
4967,paper,Parameterised complexity of model checking and satisfiability in propositional dependence logic.,https://dblp.org/rec/journals/amai/MahmoodM22
4968,paper,The Complexity of Read-Once Resolution.,https://dblp.org/rec/journals/amai/BuningZ02
4969,paper,The complexity of homomorphisms and renamings for minimal unsatisfiable formulas.,https://dblp.org/rec/journals/amai/BuningX05
4970,paper,An Efficient Algorithm for the Minimal Unsatisfiability Problem for a Subclass of CNF.,https://dblp.org/rec/journals/amai/DavydovDB98
4971,paper,Extension and equivalence problems for clause minimal formulae.,https://dblp.org/rec/journals/amai/BuningZ05
4972,paper,A novel feature-based approach to characterize algorithm performance for the traveling salesperson problem.,https://dblp.org/rec/journals/amai/MersmannBT0BN13
4973,paper,Approximate Matching of Polygonal Shapes.,https://dblp.org/rec/journals/amai/AltBB95
4974,paper,Pleased to Meet You!,https://dblp.org/rec/journals/ki/Turhan15
4975,paper,Small is Again Beautiful in Description Logics.,https://dblp.org/rec/journals/ki/BaaderLT10
4976,paper,Autonomous Learning of Representations.,https://dblp.org/rec/journals/ki/WalterHMPH15
4977,paper,Kommentare zum Diskussionsbeitrag,https://dblp.org/rec/journals/ki/ChristallerFKNR99
4978,paper,"Think Globally, Attend Locally.",https://dblp.org/rec/journals/ki/Turhan25
4979,paper,LIMES: A Framework for Link Discovery on the Semantic Web.,https://dblp.org/rec/journals/ki/NgomoSGHDLOS21
4980,paper,Exploring Monological and Dialogical Phases in Naturally Occurring Explanations.,https://dblp.org/rec/journals/ki/FisherLKBGR22
4981,paper,Parcon: ein schneller Solver für grafische Constraints.,https://dblp.org/rec/journals/ki/UhrGPS97
4982,paper,A Double Take at Conferences: The Hybrid Format.,https://dblp.org/rec/journals/ki/Turhan22
4983,paper,Entwurfsunterstützung in der Hydraulik mit dem System art deco.,https://dblp.org/rec/journals/ki/BuningLSHCS95
4984,paper,Bridging the Prototype Gap: On the Evolution of Ugly Ducklings.,https://dblp.org/rec/journals/ki/Turhan19
4985,paper,Semantic Technologies for Situation Awareness.,https://dblp.org/rec/journals/ki/BaaderBKTT20
4986,paper,Effects of dynamic and non-dynamic element changes in RC and RL networks.,https://dblp.org/rec/journals/ijcta/BergerHK15
4987,paper,Encoding Nested Boolean Functions as Quantified Boolean Formulas.,https://dblp.org/rec/journals/jsat/BubeckB12
4988,paper,An Extension of Deficiency and Minimal Unsatisfiability of Quantified Boolean Formulas.,https://dblp.org/rec/journals/jsat/BuningZ07a
4989,paper,The Complexity of Some Subclasses of Minimal Unsatis able Formulas.,https://dblp.org/rec/journals/jsat/BuningZ07
4990,paper,Reconfiguration and locomotion with joint movements in the amoebot model.,https://dblp.org/rec/journals/arobots/PadalkinKS25
4991,paper,Model-driven allocation engineering: specifying and solving constraints based on the example of automotive systems.,https://dblp.org/rec/journals/ase/PohlmannH19
4992,paper,Static data-flow analysis for software product lines in C.,https://dblp.org/rec/journals/ase/SchubertGPBSHWB22
4993,paper,A study of privacy-related data collected by Android apps.,https://dblp.org/rec/journals/ase/KhedkarMB26
4994,paper,Between law and code: challenges and opportunities for automating privacy assessments.,https://dblp.org/rec/journals/ase/KhedkarSAB26
4995,paper,FPGA Acceleration of Communication-Bound Streaming Applications: Architecture Modeling and a 3D Image Compositing Case Study.,https://dblp.org/rec/journals/ijrc/SchumacherSPP11
4996,paper,Exploring Trade-Offs between Specialized Dataflow Kernels and a Reusable Overlay in a Stereo Matching Case Study.,https://dblp.org/rec/journals/ijrc/KenterSP15
4997,paper,On the Feasibility and Limitations of Just-in-Time Instruction Set Extension for FPGA-Based Reconfigurable Processors.,https://dblp.org/rec/journals/ijrc/GradP12
4998,paper,Dynamic Reliability Management for FPGA-Based Systems.,https://dblp.org/rec/journals/ijrc/AnwerMP20
4999,paper,Proof-Carrying Hardware: Concept and Prototype Tool Flow for Online Verification.,https://dblp.org/rec/journals/ijrc/DrzevitzkyKP10
5000,paper,Decision Support for Financial Planning.,https://dblp.org/rec/journals/jds/KundischD08
5001,paper,Forms of understanding for XAI-Explanations.,https://dblp.org/rec/journals/cogsr/BuschmeierBKGBFGHKLLLRS25
5002,paper,What you need to know about a learning robot: Identifying the enabling architecture of complex systems.,https://dblp.org/rec/journals/cogsr/BeierlingRBTSWV24
5003,paper,Characterizing Microheterogeneity in Liquid Mixtures via Local Density Fluctuations.,https://dblp.org/rec/journals/entropy/LassKPB24
5004,paper,Ergodic Rate for Fading Interference Channels with Proper and Improper Gaussian Signaling.,https://dblp.org/rec/journals/entropy/SoleymaniSLS19
5005,paper,The Strong Scaling Advantage of FPGAs in HPC for N-body Simulations.,https://dblp.org/rec/journals/trets/MenzelPK22
5006,paper,Multi-FPGA Designs and Scaling of HPC Challenge Benchmarks via MPI and Circuit-switched Inter-FPGA Networks.,https://dblp.org/rec/journals/trets/MeyerKP23
5007,paper,Self-Awareness as a Model for Designing and Operating Heterogeneous Multicores.,https://dblp.org/rec/journals/trets/AgneHLPP14
5008,paper,Efficient Branch and Bound on FPGAs Using Work Stealing and Instance-Specific Designs.,https://dblp.org/rec/journals/trets/RieblerLMLP17
5009,paper,Runtime Reconfiguration of Multiprocessors Based on Compile-Time Analysis.,https://dblp.org/rec/journals/trets/PurnaprajnaPRHTK10
5010,paper,A Computation of the Ninth Dedekind Number Using FPGA Supercomputing.,https://dblp.org/rec/journals/trets/HirtumCGKRLP24
5011,paper,Design of Distributed Reconfigurable Robotics Systems with ReconROS.,https://dblp.org/rec/journals/trets/LienenP22
5012,paper,The First 25 Years of the FPL Conference: Significant Papers.,https://dblp.org/rec/journals/trets/LeongAABCDGHLLL17
5013,paper,Evolving neuro-fuzzy network for real-time high impedance fault detection and classification.,https://dblp.org/rec/journals/nca/SilvaCSL20
5014,paper,Cost Based Filtering for the Constrained Knapsack Problem.,https://dblp.org/rec/journals/anor/FahleS02
5015,paper,Preface.,https://dblp.org/rec/journals/anor/FahleJK02
5016,paper,Constraint Programming Based Lagrangian Relaxation for the Automatic Recording Problem.,https://dblp.org/rec/journals/anor/SellmannF03
5017,paper,A parallel algorithm for the vehicle routing problem with time window constraints.,https://dblp.org/rec/journals/anor/SchulzeF99
5018,paper,Crew Assignment via Constraint Programming: Integrating Column Generation and Heuristic Tree Search.,https://dblp.org/rec/journals/anor/SellmannZSF02
5019,paper,Computing the regularization of a linear differential-algebraic system.,https://dblp.org/rec/journals/scl/BergerD15
5020,paper,Some remarks on positive/negative feedback.,https://dblp.org/rec/journals/scl/BergerIR26
5021,paper,Regularization of linear time-invariant differential-algebraic systems.,https://dblp.org/rec/journals/scl/BergerR15
5022,paper,Feedback control of the COVID-19 pandemic with guaranteed non-exceeding ICU capacity.,https://dblp.org/rec/journals/scl/Berger22
5023,paper,Partial impulse observability of linear descriptor systems.,https://dblp.org/rec/journals/scl/JaiswalBT22
5024,paper,Kalman controllability decompositions for differential-algebraic systems.,https://dblp.org/rec/journals/scl/BergerT14
5025,paper,Potential and methods for embedding dynamic offloading decisions into application code.,https://dblp.org/rec/journals/cee/VazRKP16
5026,paper,An architecture and design tool flow for embedding a virtual FPGA into a reconfigurable system-on-chip.,https://dblp.org/rec/journals/cee/WiersemaBP16
5027,paper,A High Temperature Capacitive Humidity Sensor Based on Mesoporous Silica.,https://dblp.org/rec/journals/sensors/WagnerKWSKRT11
5028,paper,DNS/DANE Collision-Based Distributed and Dynamic Authentication for Microservices in IoT.,https://dblp.org/rec/journals/sensors/SanchezLMC19
5029,paper,Novel Straightening-Machine Design with Integrated Force Measurement for Straightening of High-Strength Flat Wire.,https://dblp.org/rec/journals/sensors/BatheltSDHT23
5030,paper,An Event Driven Hybrid Identity Management Approach to Privacy Enhanced e-Health.,https://dblp.org/rec/journals/sensors/Sanchez-Guerrero12
5031,paper,Distributed Estimation of Fields Using a Sensor Network with Quantized Measurements.,https://dblp.org/rec/journals/sensors/JayasekaramudeliLSNI24
5032,paper,On polynomially many queries to NP or QMA oracles.,https://dblp.org/rec/journals/eccc/GharibianR21
5033,paper,Stackelberg Network Pricing Games.,https://dblp.org/rec/journals/eccc/BriestHK07
5034,paper,A Lower Bound for Randomized Algebraic Decision Trees,https://dblp.org/rec/journals/eccc/ECCC-TR95-063
5035,paper,Towards Hardness of Envy-Free Pricing.,https://dblp.org/rec/journals/eccc/Briest06
5036,paper,"An unholy trinity: TFNP, polynomial systems, and the quantum satisfiability problem.",https://dblp.org/rec/journals/eccc/AldiGR25
5037,paper,Buying Cheap is Expensive: Hardness of Non-Parametric Multi-Product Pricing.,https://dblp.org/rec/journals/eccc/BriestK06
5038,paper,Hardness and Non-Approximability of Bregman Clustering Problems.,https://dblp.org/rec/journals/eccc/AckermannBS11
5039,paper,Applying the functional abnormality ontology pattern to anatomical functions.,https://dblp.org/rec/journals/biomedsem/HoehndorfNK10
5040,paper,Ontology design patterns to disambiguate relations between genes and gene products in GENIA.,https://dblp.org/rec/journals/biomedsem/HoehndorfNPOOR11
5041,paper,TopFed: TCGA Tailored Federated Query Processing and Linking to LOD.,https://dblp.org/rec/journals/biomedsem/SaleemPNIADD14
5042,paper,Decentralized provenance-aware publishing with nanopublications.,https://dblp.org/rec/journals/peerjpre/KuhnCKQVGNVD16
5043,paper,Umkehrbares Mapping von XML-Updates auf relationale Datenbankinhalte.,https://dblp.org/rec/journals/dbsk/BottcherT02
5044,paper,"Extraktion, Mapping und Verlinkung von Daten im Web - Phasen im Lebenszyklus von Linked Data.",https://dblp.org/rec/journals/dbsk/AuerLNSU13
5045,paper,Das Gesamtkunstwerk Oper aus Datensicht - Aspekte des Umgangs mit einer heterogenen Datenlage im BMBF-Projekt,https://dblp.org/rec/journals/dbsk/RowenstrunkPBMS15
5046,paper,Sociofact Theory: The Social Dimension of Knowledge.,https://dblp.org/rec/journals/ijkbo/RissM14
5047,paper,Foreword to the special section on Computer Graphics education in the time of Covid.,https://dblp.org/rec/journals/cgx/SantosDA21
5048,paper,"Quo vadis, Fachinformationsdienste? Ein Überblick über die Ergebnisse der Evaluierung des Förderprogramms »Fachinformationsdienste« für die Wissenschaft.",https://dblp.org/rec/journals/zfbb/OevelB19
5049,paper,grapherator: A Modular Multi-Step Graph Generator.,https://dblp.org/rec/journals/jossw/Bossek18
5050,paper,mcMST: A Toolbox for the Multi-Criteria Minimum Spanning Tree Problem.,https://dblp.org/rec/journals/jossw/Bossek17
5051,paper,OMG: A Scalable and Flexible Simulation and Testing Environment Toolbox for Intelligent Microgrid Control.,https://dblp.org/rec/journals/jossw/HeidWBHW20
5052,paper,ElectricGrid.jl - A Julia-based modeling and simulation tool for power electronics-driven electric energy grids.,https://dblp.org/rec/journals/jossw/WallscheidPSWBMCS23
5053,paper,A Characterization for Decidable Separability by Piecewise Testable Languages.,https://dblp.org/rec/journals/dmtcs/CzerwinskiMRZZ17
5054,paper,A model-theoretic characterization of constant-depth arithmetic circuits.,https://dblp.org/rec/journals/apal/HaakV19
5055,paper,Enumerating teams in first-order team logics.,https://dblp.org/rec/journals/apal/HaakMMV22
5056,paper,Decentralized provenance-aware publishing with nanopublications.,https://dblp.org/rec/journals/peerj-cs/KuhnCKQVGNVD16
5057,paper,Robust Improper Signaling for Two-User SISO Interference Channels.,https://dblp.org/rec/journals/tcom/SoleymaniLSS19
5058,paper,Optimization of the Downlink Spectral- and Energy- Efficiency of RIS-Aided Multi-User URLLC MIMO Systems.,https://dblp.org/rec/journals/tcom/SoleymaniSJSH25
5059,paper,A modified trellis coding technique for partial response channels.,https://dblp.org/rec/journals/tcom/Haeb92
5060,paper,Improper Signaling for SISO Two-User Interference Channels With Additive Asymmetric Hardware Distortion.,https://dblp.org/rec/journals/tcom/SoleymaniLSS19a
5061,paper,A systematic approach to carrier recovery and detection of digitally phase modulated signals of fading channels.,https://dblp.org/rec/journals/tcom/HaebM89
5062,paper,Intelligent material flow by decentralizedcontrol networks.,https://dblp.org/rec/journals/jim/GausemeierG98
5063,paper,A humanitarian supply chain process reference model.,https://dblp.org/rec/journals/ijstm/BleckenHDS09
5064,paper,Towards the price of leasing online.,https://dblp.org/rec/journals/jco/AbshoffKMHP16
5065,paper,Cost-efficient scheduling on machines from the cloud.,https://dblp.org/rec/journals/jco/MackerMHR18
5066,paper,Scheduling with interjob communication on parallel processors.,https://dblp.org/rec/journals/jco/KonigMHR18
5067,paper,"ECM implementations in practice: objectives, processes, and technologies.",https://dblp.org/rec/journals/jeim/JaakonmakiSMB18
5068,paper,Design Space Exploration for Approximate Circuits via Checkpointing and DNN-Based Estimators.,https://dblp.org/rec/journals/tvlsi/AwaisMP25
5069,paper,Proof-Carrying Approximate Circuits.,https://dblp.org/rec/journals/tvlsi/WitschenWP20
5070,paper,60-Gb/s 1:4 Demultiplexer in 22-nm FD-SOI Technology Using TSPC Logic: A Circuit-to-System-Level Analysis and Design.,https://dblp.org/rec/journals/tvlsi/SadiyeIMS26
5071,paper,Design Optimizations for Tiled Partially Reconfigurable Systems.,https://dblp.org/rec/journals/tvlsi/KoesterLHPR11
5072,paper,Object-oriented domain specific compilers for programming FPGAs.,https://dblp.org/rec/journals/tvlsi/MencerPMF01
5073,paper,The technology-behavioral compensation effect: Unintended consequences of health technology adoption.,https://dblp.org/rec/journals/jitech/WolfTWT24
5074,paper,Values in Computing (Dagstuhl Seminar 19291).,https://dblp.org/rec/journals/dagstuhl-reports/BeckerEFFF19
5075,paper,Algorithmic Foundations of Programmable Matter (Dagstuhl Seminar 16271).,https://dblp.org/rec/journals/dagstuhl-reports/FeketeRRS16
5076,paper,Quantum Complexity: Theory and Application (Dagstuhl Seminar 21261).,https://dblp.org/rec/journals/dagstuhl-reports/FeffermanGST21
5077,paper,Software and Systems Traceability for Safety-Critical Projects (Dagstuhl Seminar 15162).,https://dblp.org/rec/journals/dagstuhl-reports/Cleland-HuangRM15
5078,paper,Automated Algorithm Selection and Configuration (Dagstuhl Seminar 16412).,https://dblp.org/rec/journals/dagstuhl-reports/HoosNT16
5079,paper,"Horn formulas, directed hypergraphs, lattices and closure systems: related formalisms and applications (Dagstuhl Seminar 14201).",https://dblp.org/rec/journals/dagstuhl-reports/AdarichevaIBT14
5080,paper,Algorithmic Foundations of Programmable Matter (Dagstuhl Seminar 18331).,https://dblp.org/rec/journals/dagstuhl-reports/BermanFPS18
5081,paper,Empirical Evaluation of Secure Development Processes (Dagstuhl Seminar 23181).,https://dblp.org/rec/journals/dagstuhl-reports/BoddenWW23
5082,paper,CrySL: An Extensible Approach to Validating the Correct Usage of Cryptographic APIs (Artifact).,https://dblp.org/rec/journals/darts/KrugerSABM18
5083,paper,Java Bytecode Normalization for Code Similarity Analysis (Artifact).,https://dblp.org/rec/journals/darts/SchottPFKB24
5084,paper,"Front Matter, Table of Contents, Artifact Evaluation Process, Artifact Evaluation Committee.",https://dblp.org/rec/journals/darts/X24
5085,paper,Boomerang: Demand-Driven Flow- and Context-Sensitive Pointer Analysis for Java (Artifact).,https://dblp.org/rec/journals/darts/SpathDAB16
5086,paper,A Metric-Based Approach to Assess Risk for,https://dblp.org/rec/journals/jnsm/CabarcosMLSG12
5087,paper,Leopard - A baseline approach to attribute prediction and validation for knowledge graph population.,https://dblp.org/rec/journals/ws/SpeckN19
5088,paper,SINA: Semantic interpretation of user queries for question answering on interlinked data.,https://dblp.org/rec/journals/ws/ShekarpourMNA15
5089,paper,DeFacto - Temporal and multilingual Deep Fact Validation.,https://dblp.org/rec/journals/ws/GerberELBUNS15
5090,paper,Big linked cancer data: Integrating linked TCGA and PubMed.,https://dblp.org/rec/journals/ws/SaleemKISDN14
5091,paper,TISCO: Temporal scoping of facts.,https://dblp.org/rec/journals/ws/RulaPRNLME19
5092,paper,LargeRDFBench: A billion triples benchmark for SPARQL endpoint federation.,https://dblp.org/rec/journals/ws/0002HN18
5093,paper,Machine Translation using Semantic Web Technologies: A Survey.,https://dblp.org/rec/journals/ws/MoussallemWN18
5094,paper,Augmented reality in informal learning environments: A field experiment in a mathematics exhibition.,https://dblp.org/rec/journals/ce/SommerauerM14
5095,paper,Employing description logics in Ambient Intelligence for modeling and reasoning about complex situations.,https://dblp.org/rec/journals/jaise/SpringerT09
5096,paper,Optimal Energy Allocation for Kalman Filtering Over Packet Dropping Links With Imperfect Acknowledgments and Energy Harvesting Constraints.,https://dblp.org/rec/journals/tac/NourianLD14
5097,paper,The Zero Dynamics Form for Nonlinear Differential-Algebraic Systems.,https://dblp.org/rec/journals/tac/Berger17
5098,paper,Fault-Tolerant Funnel Control for Uncertain Linear Systems.,https://dblp.org/rec/journals/tac/Berger21
5099,paper,Variational Integrators for Dissipative Systems.,https://dblp.org/rec/journals/tac/LimebeerOF20
5100,paper,Second-Order Switching Time Optimization for Switched Dynamical Systems.,https://dblp.org/rec/journals/tac/StellatoOG17
5101,paper,Remote State Estimation in the Presence of an Active Eavesdropper.,https://dblp.org/rec/journals/tac/DingRLQS21
5102,paper,Kalman Filtering With Relays Over Wireless Fading Channels.,https://dblp.org/rec/journals/tac/LeongQ16
5103,paper,Transmission Scheduling for Remote State Estimation Over Packet Dropping Links in the Presence of an Eavesdropper.,https://dblp.org/rec/journals/tac/LeongQDD19
5104,paper,Identification of FIR Systems With Binary Input and Output Observations.,https://dblp.org/rec/journals/tac/LeongWN21
5105,paper,On Network Topology Reconfiguration for Remote State Estimation.,https://dblp.org/rec/journals/tac/LeongQAJ16
5106,paper,Funnel Control Via Funnel Precompensator for Minimum Phase Systems With Relative Degree Two.,https://dblp.org/rec/journals/tac/BergerR18
5107,paper,On Observers For Nonlinear Differential-Algebraic Systems.,https://dblp.org/rec/journals/tac/Berger19
5108,paper,String Stability and Guaranteed Safety via Funnel Cruise Control for Vehicle Platoons.,https://dblp.org/rec/journals/tac/BergerB26
5109,paper,Symplectic Integration Schemes for Systems With Nonlinear Dissipation.,https://dblp.org/rec/journals/tac/LimebeerFO23
5110,paper,Tradeoffs in Stochastic Event-Triggered Control.,https://dblp.org/rec/journals/tac/DemirelLGQ19
5111,paper,Stability Enforced Bandit Algorithms for Channel Selection in Remote State Estimation of Gauss-Markov Processes.,https://dblp.org/rec/journals/tac/LeongQL23
5112,paper,Sensor Scheduling in Variance Based Event Triggered Estimation With Packet Drops.,https://dblp.org/rec/journals/tac/LeongDQ17
5113,paper,Input-Constrained Funnel Control of Nonlinear Systems.,https://dblp.org/rec/journals/tac/Berger24
5114,paper,Fair bandwidth sharing among virtual machines in a multi-criticality scope.,https://dblp.org/rec/journals/sigbed/GroesbrinkASP13
5115,paper,Architecture for adaptive resource assignment to virtualized mixed-criticality real-time systems.,https://dblp.org/rec/journals/sigbed/GroesbrinkOB13
5116,paper,Seven Paradoxes of Business Process Management in a Hyper-Connected World.,https://dblp.org/rec/journals/bise/BeverungenBBCAB21
5117,paper,Quo Vadis Conferences in the Business and Information Systems Engineering (BISE) Community After Covid.,https://dblp.org/rec/journals/bise/LeimeisterSMKFR21
5118,paper,Optimizing Data Stream Representation: An Extensive Survey on Stream Clustering Algorithms.,https://dblp.org/rec/journals/bise/CarneinT19
5119,paper,A Case for a New IT Ecosystem: On-The-Fly Computing.,https://dblp.org/rec/journals/bise/KarlKHW20
5120,paper,Higher Education and the Opportunities and Challenges of Educational Technology.,https://dblp.org/rec/journals/bise/StreckerKLLS18
5121,paper,Should I Stay or Should I Go - The Challenges and Opportunities of Moving Between University Systems.,https://dblp.org/rec/journals/bise/EymannKRBGGKMR14
5122,paper,Economics and Value of IS.,https://dblp.org/rec/journals/bise/HanKWZ15
5123,paper,An Update for Taxonomy Designers.,https://dblp.org/rec/journals/bise/KundischMORRSS22
5124,paper,Comparing Business Intelligence and Big Data Skills - A Text Mining Study Using Job Advertisements.,https://dblp.org/rec/journals/bise/DebortoliMB14
5125,paper,Is it Worth the Effort? - A Decision Model to Evaluate Resource Interactions in IS Project Portfolios.,https://dblp.org/rec/journals/bise/MeierKW17
5126,paper,Are Requirements for Graduates of Master and PhD Programs in Business and Information Systems Engineering Changing?,https://dblp.org/rec/journals/bise/EymannKWLSW14
5127,paper,Digital Responsibility.,https://dblp.org/rec/journals/bise/TrierKBMSMT23
5128,paper,The Role of Gender in Business Process Management Competence Supply.,https://dblp.org/rec/journals/bise/GorbachevaSSM16
5129,paper,Platform Launch Strategies.,https://dblp.org/rec/journals/bise/StummerKD18
5130,paper,Algorithmic Literacy: A Compass to Successfully Navigate the Algorithm-Driven World?,https://dblp.org/rec/journals/bise/HeimbachABKJLMMP26
5131,paper,Business Models - An Information Systems Research Agenda.,https://dblp.org/rec/journals/bise/VeitCBBHKLLS14
5132,paper,Recombinant Service Systems Engineering.,https://dblp.org/rec/journals/bise/BeverungenLW18
5133,paper,Does the Framing of Progress Towards Virtual Rewards Matter? - Empirical Evidence from an Online Community.,https://dblp.org/rec/journals/bise/KundischR17
5134,paper,Multi-gas source localization and mapping by flocking robots.,https://dblp.org/rec/journals/inffus/TranGKALZ23
5135,paper,The early bird problem is unsolvable in a one-dimensional cellular space with 4 states.,https://dblp.org/rec/journals/actaC/Buning83
5136,paper,The Pseudo-McMillan Degree of Implicit Transfer Functions of RLC Networks.,https://dblp.org/rec/journals/cssp/BergerKL19
5137,paper,TORC: test plan optimization by requirements clustering.,https://dblp.org/rec/journals/sqj/GuldaliFSE11
5138,paper,"Planning for mechatronics systems - Architecture, methods and case study.",https://dblp.org/rec/journals/eaai/KlopperAA12
5139,paper,Thinking in Objects and their Collaboration: Introducing Object-Oriented Technology.,https://dblp.org/rec/journals/csedu/SchulteMNS03
5140,paper,Koli Calling 2009 and 2010.,https://dblp.org/rec/journals/csedu/SchulteS12
5141,paper,Ontolearn - A Framework for Large-scale OWL Class Expression Learning in Python.,https://dblp.org/rec/journals/jmlr/DemirBKSHBBBN25
5142,paper,"Social, ethical and technical issues in informatics - An integrated approach.",https://dblp.org/rec/journals/eait/MagenheimS06
5143,paper,Editorial.,https://dblp.org/rec/journals/join/HsuMHHLH11
5144,paper,Tackling the Accuracy-Interpretability Trade-off: Interpretable Deep Learning Models for Satellite Image-based Real Estate Appraisal.,https://dblp.org/rec/journals/tmis/KucklickM23
5145,paper,Voronoi Cells of Lattices with Respect to Arbitrary Norms.,https://dblp.org/rec/journals/siaga/BlomerK18
5146,paper,Acoustic Microphone Geometry Calibration: An overview and experimental evaluation of state-of-the-art algorithms.,https://dblp.org/rec/journals/spm/PlingeJHF16
5147,paper,Speech Processing for Digital Home Assistants: Combining signal processing with deep-learning techniques.,https://dblp.org/rec/journals/spm/Haeb-UmbachWNBH19
5148,paper,Microphone Array Signal Processing and Deep Learning for Speech Enhancement: Combining model-based and data-driven approaches to parameter estimation and filtering .,https://dblp.org/rec/journals/spm/HebUmbachNDBO24
5149,paper,Decision problems in generalized vector addition systems.,https://dblp.org/rec/journals/fuin/Buning80
5150,paper,Special Issue with Selected Papers from ICGT 2004.,https://dblp.org/rec/journals/fuin/EngelsOP06
5151,paper,Modeling Business Models: A cross-disciplinary Analysis of Business Model Modeling Languages and Directions for Future Research.,https://dblp.org/rec/journals/cais/SzopinskiMJKT22
5152,paper,Text Mining For Information Systems Researchers: An Annotated Topic Modeling Tutorial.,https://dblp.org/rec/journals/cais/DebortoliMJB16
5153,paper,How In-memory Technology Can Create Business Value: Insights from the Hilti Case.,https://dblp.org/rec/journals/cais/BrockeDMR14
5154,paper,Better (Cyber) Insured than Sorry? Unraveling Cognitive Factors in the (Non)Adoption of Personal Cyber Insurance using fsQCA.,https://dblp.org/rec/journals/cais/SchutzGWMT26
5155,paper,Model-driven engineering and usability evaluation of self-adaptive user interfaces.,https://dblp.org/rec/journals/sigweb/Yigitbas20
5156,paper,On the time transformation of mixed integer optimal control problems using a consistent fixed integer control function.,https://dblp.org/rec/journals/mp/RingkampOL17
5157,paper,Stages of Systems Engineering: An Analysis and Characterization of Systems Engineering Approaches.,https://dblp.org/rec/journals/systems/GraesslerG24
5158,paper,Methodology for Certification-Compliant Effect-Chain Modeling.,https://dblp.org/rec/journals/systems/GrasslerWKSM23
5159,paper,CORMORANT: Ubiquitous Risk-Aware Multi-Modal Biometric Authentication across Mobile Devices.,https://dblp.org/rec/journals/imwut/HintzeFSFMK0M19
5160,paper,Optimal broadcast on parallel locality models.,https://dblp.org/rec/journals/jda/JuurlinkKHR03
5161,paper,Optimal algorithms for page migration in dynamic networks.,https://dblp.org/rec/journals/jda/BienkowskiBKH09
5162,paper,Upper bounds on the bisection width of 3- and 4-regular graphs.,https://dblp.org/rec/journals/jda/MonienP06
5163,paper,Fair cost-sharing methods for scheduling jobs on parallel machines.,https://dblp.org/rec/journals/jda/BleischwitzM09
5164,paper,Datensicherung in der privaten Cloud und freie Speicherbereiche.,https://dblp.org/rec/journals/pik/SchomakerO13
5165,paper,Comparing Password Management Software: Toward Usable and Secure Enterprise Authentication.,https://dblp.org/rec/journals/itpro/CabarcosLPAS16
5166,paper,Proof-Carrying Hardware via Inductive Invariants.,https://dblp.org/rec/journals/todaes/IsenbergPWW17
5167,paper,A Hitchhiker's Guide to Model-Driven Engineering for Data-Centric Systems.,https://dblp.org/rec/journals/software/CombemaleKMAABB21
5168,paper,SNR Maximization in Beyond Diagonal RIS-Assisted Single and Multiple Antenna Links.,https://dblp.org/rec/journals/spl/SantamariaSJG23
5169,paper,"Efficient, Accurate, and Rotation-Invariant Iris Code.",https://dblp.org/rec/journals/spl/DamerTBK17
5170,paper,A Logistic Regression Approach to Field Estimation Using Binary Measurements.,https://dblp.org/rec/journals/spl/LeongZS22
5171,paper,Controlling for supplier switching in the presence of real options and asymmetric information.,https://dblp.org/rec/journals/eor/LofflerP012
5172,paper,Beyond crowd judgments: Data-driven estimation of market value in association football.,https://dblp.org/rec/journals/eor/MullerSW17
5173,paper,Applying oracles of on-demand accuracy in two-stage stochastic programming - A computational study.,https://dblp.org/rec/journals/eor/WolfFKS14
5174,paper,Dynamic sequencing and cut consolidation for the parallel hybrid-cut nested L-shaped method.,https://dblp.org/rec/journals/eor/WolfK13
5175,paper,Consistent Interaction of Software Components.,https://dblp.org/rec/journals/jid/EngelsKG02
5176,paper,A Web-Based Multi-Agent System for Transportation Management to Protect Our Natural Environment.,https://dblp.org/rec/journals/cas/FrankeD04
5177,paper,Entwicklung Serviceorientierter Architekturen zur Integration von Produktion und Dienstleistung - Eine Konzeptionsmethode und ihre Anwendung am Beispiel des Recyclings elektronischer Geräte.,https://dblp.org/rec/journals/wi/BeverungenKM08
5178,paper,,https://dblp.org/rec/journals/wi/HampelKNS01
5179,paper,Autonomes fallbasiertes Störungsmanagement in flexiblen Fertigungssystemen.,https://dblp.org/rec/journals/wi/GausemeierL96
5180,paper,Should I Stay or Should I Go - Herausforderungen und Chancen eines Wechsels zwischen Hochschulsystemen.,https://dblp.org/rec/journals/wi/EymannKRBGGKMR14
5181,paper,Vergleich von Kompetenzanforderungen an Business-Intelligence- und Big-Data-Spezialisten - Eine Text-Mining-Studie auf Basis von Stellenausschreibungen.,https://dblp.org/rec/journals/wi/DebortoliMB14
5182,paper,Ändern sich die beruflichen Anforderungen an Masterabsolventen und Doktoranden der Wirtschaftsinformatik?,https://dblp.org/rec/journals/wi/EymannKWLSW14
5183,paper,Fallbasierte Materialflußsteuerung.,https://dblp.org/rec/journals/wi/VitielloD96
5184,paper,Vergleichsmöglichkeiten für Finanzdienstleistungsangebote im WWW.,https://dblp.org/rec/journals/wi/KundischDEP01
5185,paper,Prozessintegration mobiler Landmaschinen mittels automatisch erzeugter BPEL-Prozesse.,https://dblp.org/rec/journals/wi/KamnengBSN07
5186,paper,Geschäftsmodelle - Eine Forschungsagenda für die Wirtschaftsinformatik.,https://dblp.org/rec/journals/wi/VeitCBBHKLLS14
5187,paper,"Das Lehren mit elektronischen Medien lernen. Erfahrungen, Probleme und Perspektiven bei multimediagestütztem Lehren und Lernen.",https://dblp.org/rec/journals/wi/BrenneckeEKS97
5188,paper,6. Habilitanden-/Juniorprofessorenworkshop der Wirtschaftsinformatik.,https://dblp.org/rec/journals/wi/HeinrichK07
5189,paper,Transformation von Finanzintermediären durch Informationstechnologie.,https://dblp.org/rec/journals/wi/BuhlK03
5190,paper,Protecting a Distributed Voting Schema for Anonymous and Secure Voting Against Attacks of Malicious Partners.,https://dblp.org/rec/journals/ijesma/ObermeierB11
5191,paper,The Construction of Large Scale Reconfigurable Parallel Computing Systems (The Architecture of the SC320).,https://dblp.org/rec/journals/ijfcs/MonienDL97
5192,paper,FRIES: Framework for inconsistency estimation of saliency metrics.,https://dblp.org/rec/journals/pr/BoraTVRR26
5193,paper,Incremental Inductive Verification of Parameterized Timed Systems.,https://dblp.org/rec/journals/tecs/Isenberg17
5194,paper,ReconOS: Multithreaded programming for reconfigurable computers.,https://dblp.org/rec/journals/tecs/LubbersP09
5195,paper,Computing the least common subsumer w.r.t. a background terminology.,https://dblp.org/rec/journals/japll/BaaderST07
5196,paper,Relational semantics for full linear logic.,https://dblp.org/rec/journals/japll/CoumansGR14
5197,paper,Similarity-based relaxed instance queries.,https://dblp.org/rec/journals/japll/EckePT15
5198,paper,"A 0.155-, 0.622-, and 2.488-Gb/s automatic bit-rate selecting clock and data recovery IC for bit-rate transparent SDH systems.",https://dblp.org/rec/journals/jssc/ScheyttHL99
5199,paper,"An Integrated 0.6-4.6 GHz, 5-7 GHz, 10-14 GHz, and 20-28 GHz Frequency Synthesizer for Software-Defined Radio Applications.",https://dblp.org/rec/journals/jssc/OsmanyHS10
5200,paper,A G-Band Four-Element Butler Matrix in 0.13 µm SiGe BiCMOS Technology.,https://dblp.org/rec/journals/jssc/ElkhoulyMMSE14
5201,paper,"A Compact, Low-Power 40-GBit/s Modulator Driver With 6-V Differential Output Swing in 0.25- μ m SiGe BiCMOS.",https://dblp.org/rec/journals/jssc/KnochenhauerSE11
5202,paper,Design and Measurement Techniques for an 80 Gb/s 1-Tap Decision Feedback Equalizer.,https://dblp.org/rec/journals/jssc/AwnyMJST14
5203,paper,A Subharmonic Receiver in SiGe Technology for 122 ~ GHz Sensor Applications.,https://dblp.org/rec/journals/jssc/SchmalzWBDHS10
5204,paper,A Single-Ended Fully Integrated SiGe 77/79 GHz Receiver for Automotive Radar.,https://dblp.org/rec/journals/jssc/WangGBWS08
5205,paper,Using Cryptography to Control Your Data at a Distance.,https://dblp.org/rec/journals/ercim/BoydDGRT16
5206,paper,HOBBIT: Holistic Benchmarking of Big Linked Data.,https://dblp.org/rec/journals/ercim/NgomoGF16
5207,paper,Using Deep Learning for Anomaly Detection in Autonomous Systems.,https://dblp.org/rec/journals/ercim/JhaEH20
5208,paper,"'Surprised, Shocked, Worried'}: User Reactions to Facebook Data Collection from Third Parties.",https://dblp.org/rec/journals/popets/CabarcosKS23
5209,paper,Computation on Encrypted Data using Dataflow Authentication.,https://dblp.org/rec/journals/popets/0011FKB20
5210,paper,,https://dblp.org/rec/journals/popets/HorstmannDGTAMN24
5211,paper,Towards an Efficient RDF Dataset Slicing.,https://dblp.org/rec/journals/ijsc/MarxSSANB13
5212,paper,A Fault-Tolerant Ripple-Carry Adder with Controllable-Polarity Transistors.,https://dblp.org/rec/journals/jetc/MohammadiGZMSR16
5213,paper,Decentralized management for transportation-logistics: A multi agent based approach.,https://dblp.org/rec/journals/icae/FrankeD03
5214,paper,Algorithmic Study of Online Multi-Facility Location Problems.,https://dblp.org/rec/journals/sncs/MarkarianKY22
5215,paper,Variational integrators for electric circuits.,https://dblp.org/rec/journals/jcphy/Ober-BlobaumTCOM13
5216,paper,A hybrid methodology to detect memory leaks in soft real-time embedded systems software.,https://dblp.org/rec/journals/ijes/JoyR17
5217,paper,A system approach for partially reconfigurable architectures.,https://dblp.org/rec/journals/ijes/KalteKKPR05
5218,paper,Ein Framework für Geometrieverarbeitung basierend auf hybriden Oberflächendarstellungen.,https://dblp.org/rec/journals/insk/Campen10
5219,paper,Das Heinz Nixdorf-Institut der Universität-GH Paderborn.,https://dblp.org/rec/journals/insk/Heide90
5220,paper,Unternehmensweit verstehen - unternehmensweit entwickeln: Von der Modellierungssprache zur Softwareentwicklungsmethode.,https://dblp.org/rec/journals/insk/EngelsSS08
5221,paper,Approximate Computing.,https://dblp.org/rec/journals/insk/PlesslPS15
5222,paper,Architektur & Management im Großen meistern.,https://dblp.org/rec/journals/insk/BodeBDE08
5223,paper,Turing und Kryptografie.,https://dblp.org/rec/journals/insk/Blomer12
5224,paper,Frameworks und Entwicklungsumgebungen.,https://dblp.org/rec/journals/insk/RammigS92
5225,paper,Quasar Enterprise.,https://dblp.org/rec/journals/insk/EngelsV08
5226,paper,FPGAs im Rechenzentrum.,https://dblp.org/rec/journals/insk/PlatznerP19
5227,paper,Design for Future - Legacy-Probleme von morgen vermeidbar?,https://dblp.org/rec/journals/insk/EngelsGGRR09
5228,paper,Classroom Response Systems.,https://dblp.org/rec/journals/insk/KundischMBHRZ13
5229,paper,Algorithmische Grundlagen verteilter Speichersysteme.,https://dblp.org/rec/journals/insk/HeideS10
5230,paper,Adaptive function approximation in reinforcement learning with an interpolating growing neural gas.,https://dblp.org/rec/journals/ijhis/BaumannB14
5231,paper,Evolution of application-specific cache mappings.,https://dblp.org/rec/journals/ijhis/HoKP20
5232,paper,Note on the E.,https://dblp.org/rec/journals/mlq/Buning82
5233,paper,Durch syntaktische Rekursion definierte Klassen.,https://dblp.org/rec/journals/mlq/Buning83
5234,paper,The R. E. Complexity of Decision Problems for Commutative Semi-Thue Systems With Recursive Rule Set.,https://dblp.org/rec/journals/mlq/BorgerB80
5235,paper,First-Order Formulas in Conjunctive Quantificational Form.,https://dblp.org/rec/journals/mlq/BuningL88
5236,paper,Pricing lotteries.,https://dblp.org/rec/journals/jet/BriestCKW15
5237,paper,Srnc: semi-supervised learning for robust novel cell-type identification in single cell RNA sequencing data.,https://dblp.org/rec/journals/bmcbi/NguyenDN26
5238,paper,An overview of the BIOASQ large-scale biomedical semantic indexing and question answering competition.,https://dblp.org/rec/journals/bmcbi/TsatsaronisBMPZ15
5239,paper,"Compact, High-Speed Mach-Zehnder Modulator With On-Chip Linear Drivers in Photonic BiCMOS Technology.",https://dblp.org/rec/journals/access/KressSRS24
5240,paper,Steady-State Error Compensation for Reinforcement Learning-Based Control of Power Electronic Systems.,https://dblp.org/rec/journals/access/WeberSW23
5241,paper,Analysis and Design of Forward Biased Silicon Photonics Phase Shifter Equalizer Circuits.,https://dblp.org/rec/journals/access/SchwabeKSKS25
5242,paper,Improved Learning-Based Design Space Exploration for Approximate Instance Generation.,https://dblp.org/rec/journals/access/AwaisAAAAS23
5243,paper,Revisiting Online Algorithms: A Survey of Set Cover Solutions Beyond Competitive Analysis.,https://dblp.org/rec/journals/access/MarkarianFY24
5244,paper,Enhanced Probabilistic Route Stability (EPRS) Protocol for Healthcare Applications of WBAN.,https://dblp.org/rec/journals/access/MemonWARRSA23
5245,paper,Online Algorithmic Study of Facility Location Problems: A Survey.,https://dblp.org/rec/journals/access/Markarian24
5246,paper,Safe Bayesian Optimization for Data-Driven Power Electronics Control Design in Microgrids: From Simulations to Real-World Experiments.,https://dblp.org/rec/journals/access/WeberHBLHW21
5247,paper,QPPDs: Querying Property Paths Over Distributed RDF Datasets.,https://dblp.org/rec/journals/access/MehmoodSSNd19
5248,paper,Multilingual Relation Extraction: A Survey.,https://dblp.org/rec/journals/access/AliSZSMN25
5249,paper,INRISCO: INcident monitoRing in Smart COmmunities.,https://dblp.org/rec/journals/access/Aguilar-Igartua20
5250,paper,Beyond Efficiency: Emotion-Aware Competitive Analysis of Online Algorithms.,https://dblp.org/rec/journals/access/Markarian25
5251,paper,NELLIE: Never-Ending Linking for Linked Open Data.,https://dblp.org/rec/journals/access/AhmedSN23
5252,paper,"The Age of Ransomware: A Survey on the Evolution, Taxonomy, and Research Directions.",https://dblp.org/rec/journals/access/RazaullaFMGMFA23
5253,paper,Why Algorithms Need Temporal Fairness.,https://dblp.org/rec/journals/access/MarkarianFKPK25
5254,paper,Spectral and Energy Efficiency Maximization of MISO STAR-RIS-Assisted URLLC Systems.,https://dblp.org/rec/journals/access/SoleymaniSJ23
5255,paper,Software/Hardware Co-Verification for Custom Instruction Set Processors.,https://dblp.org/rec/journals/access/JakobsPPWW21
5256,paper,Distributed Algorithms for Spectral and Energy-Efficiency Maximization of K-User Interference Channels.,https://dblp.org/rec/journals/access/SoleymaniSS21
5257,paper,R-Codesign: Codesign Methodology for Real-Time Reconfigurable Embedded Systems Under Energy Constraints.,https://dblp.org/rec/journals/access/GhribiAKLAP18
5258,paper,PE-MIU: A Training-Free Privacy-Enhancing Face Recognition Approach Based on Minimum Information Units.,https://dblp.org/rec/journals/access/TerhorstRDRBKSK20
5259,paper,Benchmarking Time Series Foundation Models for Short-Term Household Electricity Load Forecasting.,https://dblp.org/rec/journals/access/MeyerGKM25
5260,paper,Optimal Control of Voltage-Forming Grid Inverters by Model Predictive Control and Reinforcement Learning.,https://dblp.org/rec/journals/access/WeberSLSW26
5261,paper,Danger-Aware Competitive Ratio: A Safety-Oriented Framework for Online Decision-Making.,https://dblp.org/rec/journals/access/Markarian26
5262,paper,I-AID: Identifying Actionable Information From Disaster-Related Tweets.,https://dblp.org/rec/journals/access/ZaheraJSN21
5263,paper,Bay-CoFE: Bayesian consistency-driven feature elimination for eXplainable AI.,https://dblp.org/rec/journals/ijon/BoraTVRR26
5264,paper,Recovery analysis for adaptive learning from non-stationary data streams: Experimental design and case study.,https://dblp.org/rec/journals/ijon/ShakerH15
5265,paper,Task-free continual learning with expansion-based granular CNN: Gradual partitioning of manifolds in image stream classification.,https://dblp.org/rec/journals/ijon/Leite26
5266,paper,Which cross fields can be quadrangulated?: global parameterization from prescribed holonomy signatures.,https://dblp.org/rec/journals/tog/ShenZCPCZ22
5267,paper,Seamless Parametrization with Arbitrary Cones for Arbitrary Genus.,https://dblp.org/rec/journals/tog/CampenSZZ20
5268,paper,Level-of-detail quad meshing.,https://dblp.org/rec/journals/tog/EbkeCBK14
5269,paper,Dual strip weaving: interactive design of quad layouts using elastica strips.,https://dblp.org/rec/journals/tog/CampenK14
5270,paper,Hex-Mesh Generation and Processing: A Survey.,https://dblp.org/rec/journals/tog/PietroniCSCBGSLRL23
5271,paper,3D Bézier Guarding: Boundary-Conforming Curved Tetrahedral Meshing.,https://dblp.org/rec/journals/tog/KhanteimouriC23
5272,paper,Similarity maps and field-guided T-splines: a perfect couple.,https://dblp.org/rec/journals/tog/CampenZ17
5273,paper,Parametrization quantization with free boundaries for trimmed quad meshing.,https://dblp.org/rec/journals/tog/LyonCBK19
5274,paper,Integer-grid maps for reliable quad meshing.,https://dblp.org/rec/journals/tog/BommesCEAK13
5275,paper,Volume parametrization quantization for hexahedral meshing.,https://dblp.org/rec/journals/tog/BrucklerBC22
5276,paper,Quantized global parametrization.,https://dblp.org/rec/journals/tog/CampenBK15
5277,paper,Bijective Volumetric Mapping via Star Decomposition.,https://dblp.org/rec/journals/tog/HinderinkBC24
5278,paper,Bézier guarding: precise higher-order meshing of curved 2D domains.,https://dblp.org/rec/journals/tog/MandadC20
5279,paper,Bijective maps from simplicial foliations.,https://dblp.org/rec/journals/tog/Zorin16
5280,paper,QEx: robust quad mesh extraction.,https://dblp.org/rec/journals/tog/EbkeBCK13
5281,paper,A Progressive Embedding Approach to Bijective Tetrahedral Maps driven by Cluster Mesh Topology.,https://dblp.org/rec/journals/tog/NigolianCB24
5282,paper,Expansion Cones: A Progressive Volumetric Mapping Framework.,https://dblp.org/rec/journals/tog/NigolianCB23
5283,paper,Inter-surface maps via constant-curvature metrics.,https://dblp.org/rec/journals/tog/SchmidtCBK20
5284,paper,Interactively controlled quad remeshing of high resolution 3D models.,https://dblp.org/rec/journals/tog/EbkeSCK16
5285,paper,Galaxy Maps: Localized Foliations for Bijective Volumetric Mapping.,https://dblp.org/rec/journals/tog/HinderinkC23
5286,paper,Efficient and robust discrete conformal equivalence with boundary.,https://dblp.org/rec/journals/tog/CampenCSZPZ21
5287,paper,Collapsing Embedded Cell Complexes for Safer Hexahedral Meshing.,https://dblp.org/rec/journals/tog/BrucklerC23
5288,paper,Guaranteed-quality higher-order triangular meshing of 2D domains.,https://dblp.org/rec/journals/tog/MandadC21
5289,paper,Distortion-minimizing injective maps between surfaces.,https://dblp.org/rec/journals/tog/SchmidtBCK19
5290,paper,Dual loops meshing: quality quad layouts on manifolds.,https://dblp.org/rec/journals/tog/CampenBK12
5291,paper,Guest Editorial: IEEE Transactions on Computers and IEEE Transactions on Emerging Topics in Computing Joint Special Section on Innovation in Reconfigurable Computing Fabrics from Devices to Architectures.,https://dblp.org/rec/journals/tetc/DeMaraPO17
5292,paper,Modeling Agents and Agent Systems.,https://dblp.org/rec/journals/tcci/LettmannBEK11
5293,paper,Using simulation as an adaptive source of knowledge for the control of material handling systems.,https://dblp.org/rec/journals/jos/KlaasLRD16
5294,paper,"Effort, co-operation and co-ordination in an open source software project: GNOME.",https://dblp.org/rec/journals/isj/KochS02
5295,paper,Workarounds as generative mechanisms for bottom-up process innovation - Insights from a multiple case study.,https://dblp.org/rec/journals/isj/BartelheimerWB23
5296,paper,Commutator-free Cayley methods.,https://dblp.org/rec/journals/jcam/WembeOMOS26
5297,paper,Variational learning of Euler-Lagrange dynamics from data.,https://dblp.org/rec/journals/jcam/Ober-BlobaumO23
5298,paper,Bridging the Gap Between Manufacturing and Service Through IT-Based Boundary Objects.,https://dblp.org/rec/journals/tem/BeckerBKMMP13
5299,paper,Efficient integration of online model checking into a small-footprint real-time operating system.,https://dblp.org/rec/journals/concurrency/SudhakarZR16
5300,paper,The HighPerMeshes framework for numerical algorithms on unstructured grids.,https://dblp.org/rec/journals/concurrency/AlhaddadFGGGHKP22
5301,paper,Foreword to the special issue of the 18th IEEE international conference on computational science and engineering (CSE2015).,https://dblp.org/rec/journals/concurrency/PlesslCC17
5302,paper,Nearest-neighbor algorithms for load-balancing in parallel computers.,https://dblp.org/rec/journals/concurrency/XuLLML95
5303,paper,PBlaman: performance blame analysis based on Palladio contracts.,https://dblp.org/rec/journals/concurrency/BrusekeWEB14
5304,paper,Online behavior classification for anomaly detection in self-x real-time systems.,https://dblp.org/rec/journals/concurrency/RammigS16
5305,paper,Parallel Decomposition of Unstructured FEM-Meshes.,https://dblp.org/rec/journals/concurrency/DiekmannMM98
5306,paper,Synchronous Demodulation of Coherent 16-QAM with Feedforward Carrier Recovery.,https://dblp.org/rec/journals/ieicet/Al-BermaniWHPRN11
5307,paper,IRIS: A Robust Information System Against Insider DoS Attacks.,https://dblp.org/rec/journals/topc/EikelS15
5308,paper,The Mobile Server Problem.,https://dblp.org/rec/journals/topc/FeldkordH19
5309,paper,Introduction to the Special Issue on SPAA 2014.,https://dblp.org/rec/journals/topc/HeideSS16
5310,paper,Profitable Scheduling on Multiple Speed-Scalable Processors.,https://dblp.org/rec/journals/topc/Kling015
5311,paper,Linear and Competitive Strategies for Continuous Robot Formation Problems.,https://dblp.org/rec/journals/topc/DegenerKKH15
5312,paper,TLS/PKI Challenges and Certificate Pinning Techniques for IoT and M2M Secure Communications.,https://dblp.org/rec/journals/comsur/SanchezLMCS19
5313,paper,Finding ϵ-Locally Optimal Solutions for Multiobjective Multimodal Optimization.,https://dblp.org/rec/journals/tec/RodriguezFernandezSHKTS25
5314,paper,Classification of Electromyographic Signals: Comparing Evolvable Hardware to Conventional Classifiers.,https://dblp.org/rec/journals/tec/KaufmannGGPTS13
5315,paper,Exploratory Landscape Analysis for Mixed-Variable Problems.,https://dblp.org/rec/journals/tec/PragerT25
5316,paper,Integration of Preferences in Hypervolume-Based Multiobjective Evolutionary Algorithms by Means of Desirability Functions.,https://dblp.org/rec/journals/tec/WagnerT10
5317,paper,A Two-Step Machine Learning Method for Predicting the Formation Energy of Ternary Compounds.,https://dblp.org/rec/journals/computation/RengarajJBPMWK23
5318,paper,Accurate Sampling with Noisy Forces from Approximate Computing.,https://dblp.org/rec/journals/computation/RengarajLPK20
5319,paper,Construction and analysis of higher order variational integrators for dynamical systems with holonomic constraints.,https://dblp.org/rec/journals/adcm/WengerOL17
5320,paper,Construction and analysis of higher order Galerkin variational integrators.,https://dblp.org/rec/journals/adcm/Ober-BlobaumS15
5321,paper,Compensating Resource Fluctuations by Means of Evolvable Hardware: The Run-Time Reconfigurable Functional Unit Row Classifier Architecture.,https://dblp.org/rec/journals/ijaras/KaufmannGPT12
5322,paper,Learning Boolean specifications.,https://dblp.org/rec/journals/ai/BubeckB15
5323,paper,Incorporating attacker capabilities in risk estimation and mitigation.,https://dblp.org/rec/journals/compsec/OthmaneRFBB15
5324,paper,Privacy-centered authentication: A new framework and analysis.,https://dblp.org/rec/journals/compsec/RoblesGonzalezCP23
5325,paper,Examining the role of stress and information security policy design in information security compliance behaviour: An experimental study of in-task behaviour.,https://dblp.org/rec/journals/compsec/TrangN21
5326,paper,Should i really do that? Using quantile regression to examine the impact of sanctions on information security policy compliance behavior.,https://dblp.org/rec/journals/compsec/HengstlerKMNT23
5327,paper,Apologize or justify? Examining the impact of data breach response actions on stock value of affected companies?,https://dblp.org/rec/journals/compsec/MasuchGTK22
5328,paper,Incremental Missing-Data Imputation for Evolving Fuzzy Granular Prediction.,https://dblp.org/rec/journals/tfs/GarciaLS20
5329,paper,Optimal Rule-Based Granular Systems From Data Streams.,https://dblp.org/rec/journals/tfs/LeiteASG20
5330,paper,Evolving Granular Fuzzy Model-Based Control of Nonlinear Dynamic Systems.,https://dblp.org/rec/journals/tfs/LeitePCG15
5331,paper,CMOS transistor faults and bridging faults: Testability by delay effects and overcurrents.,https://dblp.org/rec/journals/jsa/HubnerMV92
5332,paper,A transputer-based accelerator for multilevel digital simulation.,https://dblp.org/rec/journals/jsa/RammigSV88
5333,paper,Fault behavior and testability of asynchronous CMOS circuits.,https://dblp.org/rec/journals/jsa/VierhausMGC93
5334,paper,Design of a VLIW architecture constructed from standard RISC chips: A case study of hardware/software codesign.,https://dblp.org/rec/journals/jsa/PfahlerNRK93
5335,paper,Automated datapath synthesis: a compilation approach.,https://dblp.org/rec/journals/jsa/Pfahler87
5336,paper,Database support for the PROTOS-L system.,https://dblp.org/rec/journals/jsa/BottcherB89
5337,paper,Deeper Down the Rabbit Hole: How Technology Conspiracy Beliefs Emerge and Foster a Conspiracy Mindset.,https://dblp.org/rec/journals/isr/TrangKTW25
5338,paper,Research Commentary - Using Income Accounting as the Theoretical Basis for Measuring IT Productivity.,https://dblp.org/rec/journals/isr/KundischMN14
5339,paper,Decomposing the Variance of Consumer Ratings and the Impact on Price and Demand.,https://dblp.org/rec/journals/isr/ZimmermannHKN18
5340,paper,Differences of composition operators between weighted-type spaces of holomorphic functions on the unit ball of CN.,https://dblp.org/rec/journals/amc/StevicW09
5341,paper,A faster branch-and-bound algorithm for the test-cover problem based on set-covering techniques.,https://dblp.org/rec/journals/jea/FahleT06
5342,paper,Trellis Codes for Partial-Response Magnetooptical Direct Overwrite Recording.,https://dblp.org/rec/journals/jsac/HaebL92
5343,paper,"Online Resource Allocation, Content Placement and Request Routing for Cost-Efficient Edge Caching in Cloud Radio Access Networks.",https://dblp.org/rec/journals/jsac/PuJCWXX18
5344,paper,HDEER: A Distributed Routing Scheme for Energy-Efficient Networking.,https://dblp.org/rec/journals/jsac/ZhouZWHAVWWL16
5345,paper,GreenDCN: A General Framework for Achieving Energy Efficiency in Data Center Networks.,https://dblp.org/rec/journals/jsac/WangZAVZHLL14
5346,paper,Funnel Model Predictive Control for Nonlinear Systems with Relative Degree One.,https://dblp.org/rec/journals/siamco/BergerDIW22
5347,paper,Observers and Dynamic Controllers for Linear Differential-Algebraic Systems.,https://dblp.org/rec/journals/siamco/BergerR17
5348,paper,Funnel Control of the Fokker-Planck Equation for a MultiDimensional Ornstein-Uhlenbeck Process.,https://dblp.org/rec/journals/siamco/Berger21
5349,paper,Partial Causal Detectability of Linear Descriptor Systems and Existence of Functional ODE Estimators.,https://dblp.org/rec/journals/siamco/JaiswalBT25
5350,paper,Robust Funnel Model Predictive Control for Output Tracking with Prescribed Performance.,https://dblp.org/rec/journals/siamco/BergerDLW24
5351,paper,Towards holistic Entity Linking: Survey and directions.,https://dblp.org/rec/journals/is/OliveiraFSGML21
5352,paper,SQL/EER - syntax and semantics of an Entity-Relationship-based query language.,https://dblp.org/rec/journals/is/HohensteinE92
5353,paper,A modular large language model agent architecture for adaptive and autonomous process-aware execution.,https://dblp.org/rec/journals/is/SkolikKBM26
5354,paper,S2CX: From relational data via SQL/XML to (Un-)Compressed XML.,https://dblp.org/rec/journals/is/BottcherHW16
5355,paper,Special issue: Selected papers of BPM 2017.,https://dblp.org/rec/journals/is/CarmonaEKR19
5356,paper,Real-Time Camera Tracking for Mobile Devices: The VisiTrack System.,https://dblp.org/rec/journals/rts/StichlingEKK06
5357,paper,Inference serving with end-to-end latency SLOs over dynamic edge networks.,https://dblp.org/rec/journals/rts/NigadeBBW24
5358,paper,A cooperative virtual prototyping system for mechatronic solution elements based assembly.,https://dblp.org/rec/journals/aei/ShenGBR05
5359,paper,A Knowledge-Based Software Development Environment Supporting Cooperative Work.,https://dblp.org/rec/journals/ijseke/PeuschelSW92
5360,paper,Guest Editors' Introduction.,https://dblp.org/rec/journals/ijseke/EngelsS04
5361,paper,Guest Editors' Introduction.,https://dblp.org/rec/journals/ijseke/EngelsS97
5362,paper,Generating 3D Visual Language Editors: Encapsulating Interaction Techniques in Visual Patterns.,https://dblp.org/rec/journals/ijseke/WolterK15
5363,paper,A Combined Reference Model- and View-Based Approach to System Specification.,https://dblp.org/rec/journals/ijseke/EngelsHTE97
5364,paper,V-band variable gain amplifier applying efficient design methodology with scalable transmission lines.,https://dblp.org/rec/journals/iet-cds/HauptmannEKS10
5365,paper,A 32 GSps multiplexer with 1 kbit memory for arbitrary signal generation for testing digital-to-analogue converters.,https://dblp.org/rec/journals/iet-cds/KhafajiCTMFSE14
5366,paper,Twelve-bit 20-GHz reduced size pipeline accumulator in 0.25 μm SiGe: C technology for direct digital synthesiser applications.,https://dblp.org/rec/journals/iet-cds/JensenKJKS12
5367,paper,Quasi feedback forms for differential-algebraic systems.,https://dblp.org/rec/journals/imamci/BergerIT22
5368,paper,Funnel control of linear systems with arbitrary relative degree under output measurement losses.,https://dblp.org/rec/journals/imamci/BergerL23
5369,paper,Gist+RatSLAM: An Incremental Bio-inspired Place Recognition Front-End for RatSLAM.,https://dblp.org/rec/journals/eetct/KazmiM16
5370,paper,End-user development for interactive web-based virtual reality scenes.,https://dblp.org/rec/journals/vlc/YigitbasKGE23
5371,paper,Using rule overriding to improve reusability and understandability of Dynamic Meta Modeling specifications.,https://dblp.org/rec/journals/vlc/SoltenbornE11
5372,paper,Systematic evolution of model-based spreadsheet applications.,https://dblp.org/rec/journals/vlc/LuckeyEE12
5373,paper,A Hybrid Query Language for an Extended Entity-Relationship Model.,https://dblp.org/rec/journals/vlc/AndriesE96
5374,paper,Parameterized Complexity of Logic-based Argumentation in Schaefer's Framework.,https://dblp.org/rec/journals/tocl/0002M023
5375,paper,Secure Set Union and Bag Union Computation for Guaranteeing Anonymity of Distrustful Participants.,https://dblp.org/rec/journals/jsw/BottcherO08
5376,paper,Analyzing performance portability for a SYCL implementation of the 2D shallow water equations.,https://dblp.org/rec/journals/tjs/ButtnerAKKPA25
5377,paper,A Framework for Run-time Reconfigurable Systems.,https://dblp.org/rec/journals/tjs/EisenringP02
5378,paper,Instance-Specific Accelerators for Minimum Covering.,https://dblp.org/rec/journals/tjs/PlesslP03
5379,paper,Largest known twin primes and Sophie Germain primes.,https://dblp.org/rec/journals/moc/IndlekoferJ99
5380,paper,Largest known twin primes.,https://dblp.org/rec/journals/moc/IndlekoferJ96
5381,paper,Multistage Capital Budgeting for Shared Investments.,https://dblp.org/rec/journals/mansci/JohnsonP013
5382,paper,Beating Irrationality: Does Delegating to IT Alleviate the Sunk Cost Effect?,https://dblp.org/rec/journals/mansci/HerrmannKR15
5383,paper,Residual Income-Based Compensation Plans for Controlling Investment Decisions Under Sequential Private Information.,https://dblp.org/rec/journals/mansci/PfeifferS07
5384,paper,Power model design for ICT systems - A generic approach.,https://dblp.org/rec/journals/comcom/BeisterDAK14
5385,paper,PABO: Mitigating congestion via packet bounce in data center networks.,https://dblp.org/rec/journals/comcom/ShiWZZML19
5386,paper,"An Architecture to Support Learning, Awareness, and Transparency in Social Software Engineering.",https://dblp.org/rec/journals/ijet/ReinhardtR10
5387,paper,Unsupervised privacy-enhancement of face representations using similarity-sensitive noise transformations.,https://dblp.org/rec/journals/apin/TerhorstDKK19
5388,paper,NAE-resolution: A new resolution refutation technique to prove not-all-equal unsatisfiability.,https://dblp.org/rec/journals/mscs/BuningWS20
5389,paper,Parameterized complexity of weighted team definability.,https://dblp.org/rec/journals/mscs/KontinenMMV24
5390,paper,Hybrid Planning for an Air Gap Adjustment System Using Fuzzy Models.,https://dblp.org/rec/journals/jrm/AdeltES09
5391,paper,Decision support and data visualization for liner shipping fleet repositioning.,https://dblp.org/rec/journals/itm/MullerT17
5392,paper,An Attack on Facial Soft-Biometric Privacy Enhancement.,https://dblp.org/rec/journals/tbbis/RoigRDTSB22
5393,paper,Pixel-Level Face Image Quality Assessment for Explainable Face Recognition.,https://dblp.org/rec/journals/tbbis/TerhorstHDKRK23
5394,paper,"Advancing Brainwave-Based Biometrics: A Large-Scale, Multi-Session Evaluation.",https://dblp.org/rec/journals/tbbis/FallahiCS26
5395,paper,On Soft-Biometric Information Stored in Biometric Face Embeddings.,https://dblp.org/rec/journals/tbbis/TerhorstFDKK21
5396,paper,Optimal Diffusion Schemes And Load Balancing On Product Graphs.,https://dblp.org/rec/journals/ppl/ElsaSserMPF04
5397,paper,Improved bounds on cutwidths of shuffle-exchange and de Bruijn graphs.,https://dblp.org/rec/journals/ppl/MonienV04
5398,paper,The Price of Anarchy for Restricted Parallel Links.,https://dblp.org/rec/journals/ppl/GairingLMM06
5399,paper,Computing Nash Equilibria for Two-Player Restricted Network Congestion Games is -Complete.,https://dblp.org/rec/journals/ppl/DumraufM12
5400,paper,The Cube-Connected Cycles Network Is a Subgraph of the Butterfly Network.,https://dblp.org/rec/journals/ppl/FeldmannU92
5401,paper,Blended Identity: Pervasive IdM for Continuous Authentication.,https://dblp.org/rec/journals/ieeesp/CabarcosATSL15
5402,paper,,https://dblp.org/rec/journals/ieeesp/MassacciSMMOMRB22
5403,paper,A Viewpoint on Human Factors in Software Supply Chain Security: A Research Agenda.,https://dblp.org/rec/journals/ieeesp/FourneWFA23
5404,paper,Evaluating Security Through Isolation and Defense in Depth.,https://dblp.org/rec/journals/ieeesp/BoddenPFG24
5405,paper,They Would Do Better If They Worked Together: Interaction Problems Between Password Managers and the Web.,https://dblp.org/rec/journals/ieeesp/HuamanAOAF22
5406,paper,How Internet Resources Might Be Helping You Develop Faster but Less Securely.,https://dblp.org/rec/journals/ieeesp/AcarBFKMS17
5407,paper,Adoption Challenges for Cryptographic Protocols.,https://dblp.org/rec/journals/ieeesp/FischerTGAFS24
5408,paper,"25 Years in Application Security: Looking Back, Looking Forward.",https://dblp.org/rec/journals/ieeesp/ShostackMBS22
5409,paper,Security Requirements and Secure Software Design.,https://dblp.org/rec/journals/ieeesp/LopezNB25
5410,paper,Software engineering for large-scale multi-agent systems - SELMAS 2006: workshop report.,https://dblp.org/rec/journals/sigsoft/GarciaGRCLLKP06
5411,paper,Towards a Research Agenda for Understanding and ManagingUncertainty in Self-Adaptive Systems.,https://dblp.org/rec/journals/sigsoft/WeynsCMTABBBCDEGGYGHLLMMMRPQSVZ23
5412,paper,Reconciling scenario-centered controller design with state-based system models.,https://dblp.org/rec/journals/sigsoft/GieseKKW05
5413,paper,Design methods and software processes.,https://dblp.org/rec/journals/sigsoft/Schafer92
5414,paper,Analysis and design of physical and social contexts in multi-agent systems using UML.,https://dblp.org/rec/journals/sigsoft/KleinG05
5415,paper,On q-multiplicative functions taking a fixed value on set of primes.,https://dblp.org/rec/journals/pmh/IndlekoferK01
5416,paper,The Pragmatism of Hilbert's Programme.,https://dblp.org/rec/journals/synthese/Peckhaus03
5417,paper,Model-Based Testing: Achievements and Future Challenges.,https://dblp.org/rec/journals/ac/MlynarskiGWE12
5418,paper,"Echtzeitfähige Planung optimierter Trajektorien für sensorgeführte, kinematisch redundante Robotersysteme auf einer Industriesteuerung.",https://dblp.org/rec/journals/at/SchutzRHT21
5419,paper,DSL4DPiFS - a graphical notation to model data pipeline deployment in forming systems.,https://dblp.org/rec/journals/at/VogelHeuserZKVGJTPLSHW25
5420,paper,Which future do we want? It's up to us! - 4 future scenarios for automation 2030.,https://dblp.org/rec/journals/at/GraesslerBBD20
5421,paper,Echtzeitfähige Modellierung eines innovativen Drückwalzprozesses für die eigenschaftsgeregelte Bauteilfertigung.,https://dblp.org/rec/journals/at/KerstingAVTHW23
5422,paper,Editorial.,https://dblp.org/rec/journals/at/IsermannT16
5423,paper,Regelungstechnisches Kolloquium in Boppard.,https://dblp.org/rec/journals/at/Trachtler10
5424,paper,"Model-based development of products, processes and production resources.",https://dblp.org/rec/journals/at/DumitrescuBKTF15
5425,paper,Homogene Approximation der Paretofront bei mehrkriteriellen Kontrollproblemen.,https://dblp.org/rec/journals/at/RudolphTS12
5426,paper,Kreuzungsmanagement: Trajektorienplanung mittels Dynamischer Programmierung (Intersection Management: Trajectory Planning by Means of Dynamic Programming).,https://dblp.org/rec/journals/at/BrunsT09
5427,paper,Development of a digital twin for data-driven modeling of punch-bending processes using a graphical modeling notation.,https://dblp.org/rec/journals/at/PetersMPTHH25
5428,paper,Verbesserte Schätzung von Fahrdynamikgrößen durch Modellierung der Fahrwerks- und Lenkkinematik.,https://dblp.org/rec/journals/at/RenningerT16
5429,paper,Umsetzung einer echtzeitfähigen modellprädiktiven Trajektorienplanung für eine mehrachsige Hybridkinematik auf einer Industriesteuerung.,https://dblp.org/rec/journals/at/RutingTH19
5430,paper,Control of a hydraulic hexapod for a Hardware-in-the-Loop axle test rig.,https://dblp.org/rec/journals/at/KohlstedtOFTJT16
5431,paper,The new V-Model of VDI 2206 and its validation.,https://dblp.org/rec/journals/at/GraesslerH20
5432,paper,Modellbasierter Entwurf und Validierung einer Eigenschaftsregelung für das Drückwalzen metastabiler Austenite.,https://dblp.org/rec/journals/at/KerstingAVTHW25
5433,paper,"Information Circularity Assistance based on extreme data: Utilizing Artificial Intelligence, Scenario-Technique and Digital Twins to solve challenges of product creation for Circular Economy.",https://dblp.org/rec/journals/at/GraesslerWPK25
5434,paper,Parametrische Modellordnungsreduktion für hierarchische selbstoptimierende Systeme.,https://dblp.org/rec/journals/at/KrugerT15
5435,paper,"Integrierte Fahrdynamikregelung mit ESP, aktiver Lenkung und aktivem Fahrwerk (Integrated Vehicle Dynamics Control Using Active Brake, Steering, and Suspension Systems).",https://dblp.org/rec/journals/at/Trachtler05
5436,paper,Fahrdynamische Regelungen und Fahrzeugführung.,https://dblp.org/rec/journals/at/Trachtler09
5437,paper,The objective that freed me: a multi-objective local search approach for continuous single-objective optimization.,https://dblp.org/rec/journals/nc/AsparSSKTG23
5438,paper,The structural power of reconfigurable circuits in the amoebot model.,https://dblp.org/rec/journals/nc/PadalkinSW24
5439,paper,On the runtime of universal coating for programmable matter.,https://dblp.org/rec/journals/nc/DaymudeDGPRSS18
5440,paper,Forming tile shapes with simple robots.,https://dblp.org/rec/journals/nc/GmyrHKKRSS20
5441,paper,Improved Bounds for Acyclic Job Shop Scheduling.,https://dblp.org/rec/journals/combinatorica/FeigeS02
5442,paper,Deterministic Routing With Bounded Buffers: Turning Offline Into Online Protocols.,https://dblp.org/rec/journals/combinatorica/HeideS01
5443,paper,Machine learning techniques for semantic analysis of dysarthric speech: An experimental study.,https://dblp.org/rec/journals/speech/DespotovicWH18
5444,paper,Large vocabulary continuous speech recognition of Broadcast News - The Philips/RWTH approach.,https://dblp.org/rec/journals/speech/BeyerleinAHHKWMNPS02
5445,paper,The development of a command-based speech interface for a telephone answering machine.,https://dblp.org/rec/journals/speech/GammHL97
5446,paper,Continuous speech dictation - From theory to practice.,https://dblp.org/rec/journals/speech/SteinbissNETADKMOHGHB95
5447,paper,Uncertainty decoding for distributed speech recognition over error-prone networks.,https://dblp.org/rec/journals/speech/IonH06
5448,paper,Design and use of speech recognition algorithms for a mobile radio telephone.,https://dblp.org/rec/journals/speech/DoblerGHMNR93
5449,paper,Cooperative navigation in robotic swarms.,https://dblp.org/rec/journals/swarm/DucatelleCFBDMMOPRTG14
5450,paper,A self-adaptive heterogeneous multi-core architecture for embedded real-time video object tracking.,https://dblp.org/rec/journals/jrtip/HappeLP13
5451,paper,"Preface to the Speical Issue on Reasoning about Preferences, Uncertainty, and Vagueness.",https://dblp.org/rec/journals/flap/LukasiewiczPT17
5452,paper,Transparent Acceleration for Heterogeneous Platforms With Compilation to OpenCL.,https://dblp.org/rec/journals/taco/RieblerVKP19
5453,paper,Complexity Results for Restricted Credulous Default Reasoning.,https://dblp.org/rec/journals/aicom/ZhaoDB00
5454,paper,Simplifying the Scientific Writing and Review Process with SciFlow.,https://dblp.org/rec/journals/fi/EichlerR10
5455,paper,Collaborative eHealth Meets Security: Privacy-Enhancing Patient Profile Management.,https://dblp.org/rec/journals/titb/Sanchez-Guerrero17
5456,paper,Incremental learning and granular computing from evolving data streams: An application to speech-based bipolar disorder diagnosis.,https://dblp.org/rec/journals/fss/0001CKC25
5457,paper,Beyond gaze points: augmenting eye movement with brainwave data for multimodal user authentication in extended reality.,https://dblp.org/rec/journals/comintsys/FallahiCS26
5458,paper,Offline Assisted Group Key Exchange.,https://dblp.org/rec/journals/iacr/BoydDGJ18
5459,paper,Security notions for cloud storage and deduplication.,https://dblp.org/rec/journals/iacr/BoydDGTR17
5460,paper,Delegatable Attribute-based Anonymous Credentials from Dynamically Malleable Signatures.,https://dblp.org/rec/journals/iacr/BlomerB18
5461,paper,A Generic Construction of an Anonymous Reputation System and Instantiations from Lattices.,https://dblp.org/rec/journals/iacr/BlomerBP23
5462,paper,Improved Side Channel Attacks on Pairing Based Cryptography.,https://dblp.org/rec/journals/iacr/BlomerGL11
5463,paper,Cloud-assisted Asynchronous Key Transport with Post-Quantum Security.,https://dblp.org/rec/journals/iacr/DaviesGGJ19
5464,paper,Fully-Featured Anonymous Credentials with Reputation System.,https://dblp.org/rec/journals/iacr/BemmannBBBDEEHJ18
5465,paper,A Practical Second-Order Fault Attack against a Real-World Pairing Implementation.,https://dblp.org/rec/journals/iacr/BlomerSGKS14
5466,paper,Privacy-Preserving Incentive Systems with Highly Efficient Point-Collection.,https://dblp.org/rec/journals/iacr/BobolzEKSS20
5467,paper,Anonymous and Publicly Linkable Reputation Systems.,https://dblp.org/rec/journals/iacr/BlomerJK14
5468,paper,Secure Distributed State Management for Stateful Signatures with a Practical and Universally Composable Protocol.,https://dblp.org/rec/journals/iacr/BlomerBKP25
5469,paper,Zero-Knowledge Proof of Decryption for FHE Ciphertexts.,https://dblp.org/rec/journals/iacr/CarrCDG018
5470,paper,On the impossibility of surviving (iterated) deletion of weakly dominated strategies in rational MPC.,https://dblp.org/rec/journals/iacr/BlomerBB22
5471,paper,Definitions for Plaintext-Existence Hiding in Cloud Storage.,https://dblp.org/rec/journals/iacr/BoydDGRT18
5472,paper,âTheyâre not that hard to mitigateâ: What Cryptographic Library Developers Think About Timing Attacks.,https://dblp.org/rec/journals/iacr/JancarFBSSBFA21
5473,paper,Searchable Encryption with Access Control.,https://dblp.org/rec/journals/iacr/Loken17
5474,paper,Direct Chosen-Ciphertext Secure Attribute-Based Key Encapsulations without Random Oracles.,https://dblp.org/rec/journals/iacr/BlomerL13
5475,paper,PERKS: Persistent and Distributed Key Acquisition for Secure Storage from Passwords.,https://dblp.org/rec/journals/iacr/DaviesP22
5476,paper,Post-Quantum Cryptography in eMRTDs: Evaluating PAKE and PKI for Travel Documents.,https://dblp.org/rec/journals/iacr/AlnahawiABDMVW25
5477,paper,RISE and SHINE: Fast and Secure Updatable Encryption.,https://dblp.org/rec/journals/iacr/BoydDGJ19
5478,paper,Fault based cryptanalysis of the Advanced Encryption Standard.,https://dblp.org/rec/journals/iacr/BlomerS02
5479,paper,"Extending Updatable Encryption: Public Key, Tighter Security and Signed Ciphertexts.",https://dblp.org/rec/journals/iacr/QianGD23
5480,paper,Subtleties in Security Definitions for Predicate Encryption with Public Index.,https://dblp.org/rec/journals/iacr/BlomerL17
5481,paper,,https://dblp.org/rec/journals/iacr/FourneBJSSBFA24
5482,paper,Side channels in deduplication: trade-offs between leakage and efficiency.,https://dblp.org/rec/journals/iacr/ArmknechtBDGT16
5483,paper,RKA-KDM secure encryption from public-key encryption.,https://dblp.org/rec/journals/iacr/BohlDH13
5484,paper,KDM Security in the Hybrid Framework.,https://dblp.org/rec/journals/iacr/DaviesS13
5485,paper,Constructing CCA-secure predicate encapsulation schemes from CPA-secure schemes and universal one-way hash functions.,https://dblp.org/rec/journals/iacr/BlomerL14
5486,paper,"Foundations of Anonymous Signatures: Formal Definitions, Simplified Requirements, and a Construction Based on General Assumptions.",https://dblp.org/rec/journals/iacr/BobolzDK24
5487,paper,Updatable Anonymous Credentials and Applications to Incentive Systems.,https://dblp.org/rec/journals/iacr/BlomerBDE19
5488,paper,The Brave New World of Global Generic Groups and UC-Secure Zero-Overhead SNARKs.,https://dblp.org/rec/journals/iacr/BobolzFKT24
5489,paper,"Practical, Anonymous, and Publicly Linkable Universally-Composable Reputation Systems.",https://dblp.org/rec/journals/iacr/BlomerEJ18
5490,paper,Client-oblivious OPRAM.,https://dblp.org/rec/journals/iacr/DaviesJM20
5491,paper,Provably Secure Masking of AES.,https://dblp.org/rec/journals/iacr/BlomerGK04
5492,paper,Cryptimeleon: A Library for Fast Prototyping of Privacy-Preserving Cryptographic Schemes.,https://dblp.org/rec/journals/iacr/BobolzEHF21
5493,paper,Security Analysis of the WhatsApp End-to-End Encrypted Backup Protocol.,https://dblp.org/rec/journals/iacr/DaviesFGHHHJ23
5494,paper,Enhanced Security of Attribute-Based Signatures.,https://dblp.org/rec/journals/iacr/BlomerEJ18a
5495,paper,Issuer-Hiding Attribute-Based Credentials.,https://dblp.org/rec/journals/iacr/BobolzEKRS22
5496,paper,Dynamic Searchable Encryption with Access Control.,https://dblp.org/rec/journals/iacr/BlomerL19
5497,paper,Keyed-Verification Anonymous Credentials with Highly Efficient Partial Disclosure.,https://dblp.org/rec/journals/iacr/MirzamohammadiBSBASP25
5498,paper,Sign Change Fault Attacks On Elliptic Curve Cryptosystems.,https://dblp.org/rec/journals/iacr/Blomer0S04
5499,paper,Analysis of countermeasures against access driven cache attacks on AES.,https://dblp.org/rec/journals/iacr/BlomerK07
5500,paper,Construction of Fully CCA-Secure Predicate Encryptions from Pair Encoding Schemes.,https://dblp.org/rec/journals/iacr/BlomerL16
5501,paper,Symmetric Key Exchange with Full Forward Security and Robust Synchronization.,https://dblp.org/rec/journals/iacr/BoydDKGJM21
5502,paper,Multi-Verifier Keyed-Verification Anonymous Credentials.,https://dblp.org/rec/journals/iacr/BobolzBLMOS25
5503,paper,Towards Quantum One-Time Memories from Stateless Hardware.,https://dblp.org/rec/journals/iacr/BroadbentGZ18
5504,paper,MIOPE: A Modular framework for Input and Output Privacy in Ensemble inference.,https://dblp.org/rec/journals/iacr/MaatDMBR25
5505,paper,Far-Field Automatic Speech Recognition.,https://dblp.org/rec/journals/pieee/Haeb-UmbachHDWD21
5506,paper,RadioML Meets FINN: Enabling Future RF Applications With FPGA Streaming Architectures.,https://dblp.org/rec/journals/micro/JentzschUPBP22
5507,paper,Decentralized NIC-Switching Architecture Using SR-IOV PCI Express Network Device.,https://dblp.org/rec/journals/micro/ZangCWLWS14
5508,paper,ReconOS: An Operating System Approach for Reconfigurable Computing.,https://dblp.org/rec/journals/micro/AgneHKLPPP14
5509,paper,Aspect-Oriented Model-Driven Engineering for Embedded Systems Applied to Automation Systems.,https://dblp.org/rec/journals/tii/WehrmeisterPR13
5510,paper,Towards a typology of business process management professionals: identifying patterns of competences through latent semantic analysis.,https://dblp.org/rec/journals/eis/MullerSGB16
5511,paper,Impacts of information management on customized vehicles and after-sales services.,https://dblp.org/rec/journals/ijcim/Graessler03
5512,paper,From mechatronics to self-optimizing concepts and structures in mechanical engineering: new approaches to design methodology.,https://dblp.org/rec/journals/ijcim/Gausemeier05
5513,paper,"William Ewald and Wilfried Sieg (eds.), Michael Hallett (associate ed.), David Hilbert's Lectures on the Foundations of Arithmetic and Logic 1917-1933. In collaboration with Ulrich Majer and Dirk Schlimm (David Hilbert's Lectures on the Foundations of Mathematics and Physics, 1891-1933, Vol. 3), Springer-Verlag: Berlin and Heidelberg, 2013, xxvi + 1062 pp. ISBN 978-3-540-20578-4 (hardcover) $129.00, (Kindle) $86.37.",https://dblp.org/rec/journals/sLogica/Peckhaus17
5514,paper,Unsupervised Learning and Online Anomaly Detection: An On-Condition Log-Based Maintenance System.,https://dblp.org/rec/journals/ijertcs/DeckerLMTB22
5515,paper,Generalized Kripke semantics for the Lambek-Grishin calculus.,https://dblp.org/rec/journals/igpl/ChernilovskayaGR12
5516,paper,Recurrent policy gradients.,https://dblp.org/rec/journals/igpl/WierstraFPS10
5517,paper,Ganzheitliche Modellierung von Fertigungsprozessen - Ein erster Schritt bei der Konstruktion unternehmensspezifischer Fertigungssteuerungssysteme.,https://dblp.org/rec/journals/emisa/DangelmaierF94
5518,paper,"Sprachanalyse, Metadaten, Social Navigation - Semantik-Konzepte im Wandel.",https://dblp.org/rec/journals/emisa/Geissler03
5519,paper,Validity of Software Verification Results on Approximate Hardware.,https://dblp.org/rec/journals/esl/IsenbergJPW18
5520,paper,Using Approximate Computing for the Calculation of Inverse Matrix pth Roots.,https://dblp.org/rec/journals/esl/LassKP18
5521,paper,Pricing and Selection of Channels for Remote State Estimation Using a Stackelberg Game Framework.,https://dblp.org/rec/journals/tsipn/NiLQS19
5522,paper,Distortion Outage Minimization in Distributed Estimation With Estimation Secrecy Outage Constraints.,https://dblp.org/rec/journals/tsipn/GuoLD17
5523,paper,Dynamically Reconfigurable Architectures.,https://dblp.org/rec/journals/ejes/BergmannPT07
5524,paper,A novel indexing algorithm for latent palmprints leveraging minutiae and orientation field.,https://dblp.org/rec/journals/iswa/KhodadoustMMLKBT24
5525,paper,Nash equilibria in discrete routing games with convex latency functions.,https://dblp.org/rec/journals/jcss/GairingLMMR08
5526,paper,Descriptive complexity of #P functions: A new perspective.,https://dblp.org/rec/journals/jcss/DurandHKV21
5527,paper,Disentangling the Wikipedia Category Graph for Corpus Extraction.,https://dblp.org/rec/journals/polibits/NgomoS09
5528,paper,An Optimal Transmission Strategy for Kalman Filtering Over Packet Dropping Links With Imperfect Acknowledgements.,https://dblp.org/rec/journals/tcns/NourianLDQ14
5529,paper,Virtual and augmented reality support for discrete manufacturing system simulation.,https://dblp.org/rec/journals/cii/DangelmaierFGGMM05
5530,paper,Grounding Language in Action.,https://dblp.org/rec/journals/tamd/RohlfingT11
5531,paper,"Multimodal Turn-Taking: Motivations, Methodological Challenges, and Novel Approaches.",https://dblp.org/rec/journals/tamd/RohlfingLNRH20
5532,paper,Language Does Something: Body Action and Language in Maternal Input to Three-Month-Olds.,https://dblp.org/rec/journals/tamd/NomikouR11
5533,paper,Integration of Action and Language Knowledge: A Roadmap for Developmental Robotics.,https://dblp.org/rec/journals/tamd/CangelosiMSNNFTBSNFWRTDSZ10
5534,paper,A Computational Model of Acoustic Packaging.,https://dblp.org/rec/journals/tamd/SchillingmannWR09
5535,paper,Explanation as a Social Practice: Toward a Conceptual Framework for the Social Design of AI Systems.,https://dblp.org/rec/journals/tamd/RohlfingCSMBBEG21
5536,paper,Computational Analysis of Motionese Toward Scaffolding Robot Action Learning.,https://dblp.org/rec/journals/tamd/NagaiR09
5537,paper,Guest Editorial Special Issue on Multidisciplinary Perspectives on Mechanisms of Language Learning.,https://dblp.org/rec/journals/tamd/SchillingRVYS20
5538,paper,Attention via Synchrony: Making Use of Multimodal Cues in Social Learning.,https://dblp.org/rec/journals/tamd/RolfHR09
5539,paper,Young Children's Dialogical Actions: The Beginnings of Purposeful Intersubjectivity.,https://dblp.org/rec/journals/tamd/Raczaszek-LeonardiNR13
5540,paper,Microdynamics of Interaction: Capturing and Modeling Infants' Social Learning .,https://dblp.org/rec/journals/tamd/RohlfingD13
5541,paper,Constructing a Language From Scratch: Combining Bottom-Up and Top-Down Learning Processes in a Computational Model of Language Acquisition.,https://dblp.org/rec/journals/tamd/GaspersCRW17
5542,paper,The Contingent Role of Centrality in IT Network Governance: An Empirical Examination.,https://dblp.org/rec/journals/pajais/TrangZK15
5543,paper,Landscape features in single-objective continuous optimization: Have we hit a wall in algorithm selection generalization?,https://dblp.org/rec/journals/swevo/CenikjPSCE25
5544,paper,Multiobjective evolutionary algorithms based on target region preferences.,https://dblp.org/rec/journals/swevo/LiWTJE18
5545,paper,On Scaling Laws of Diversity Schemes in Decentralized Estimation.,https://dblp.org/rec/journals/tit/LeongD11
5546,paper,Priority encoding transmission.,https://dblp.org/rec/journals/tit/AlbaneseBELS96
5547,paper,Swarmanoid: A Novel Concept for the Study of Heterogeneous Robotic Swarms.,https://dblp.org/rec/journals/ram/DorigoFGMNBBBBBBCCDCDFFGGLMMOOPPRRSSSSTTTV13
5548,paper,NICE-PAKE: On the Security of KEM-Based PAKE Constructions without Ideal Ciphers.,https://dblp.org/rec/journals/cic/AlnahawiAADW26
5549,paper,Keyed-Verification Anonymous Credentials with Highly Efficient Partial Disclosure.,https://dblp.org/rec/journals/cic/MirzamohammadiBSBASP25
5550,paper,Efficient Time-Stepping for Numerical Integration Using Reinforcement Learning.,https://dblp.org/rec/journals/siamsc/DellnitzHLOOPP23
5551,paper,Constraint Programming Based Column Generation for Crew Assignment.,https://dblp.org/rec/journals/heuristics/FahleJKKSV02
5552,paper,The hypervolume based directed search method for multi-objective optimization problems.,https://dblp.org/rec/journals/heuristics/SchutzeSTR16
5553,paper,Admissible gap navigation: A new collision avoidance approach.,https://dblp.org/rec/journals/ras/MujahedFM18
5554,paper,Tangential Gap Flow (TGF) navigation: A new reactive obstacle avoidance approach for highly cluttered environments.,https://dblp.org/rec/journals/ras/MujahedFM16
5555,paper,Obituary Edwin Lughofer (1972-2023).,https://dblp.org/rec/journals/evs/AngelovFKLPSK23
5556,paper,An overview on evolving systems and learning from stream data.,https://dblp.org/rec/journals/evs/LeiteSG20
5557,paper,Fault detection in smart grids with time-varying distributed generation using wavelet energy and evolving neural networks.,https://dblp.org/rec/journals/evs/LucasCBLS20
5558,paper,IBLStreams: a system for instance-based classification and regression on data streams.,https://dblp.org/rec/journals/evs/ShakerH12
5559,paper,A multi-objective evolutionary approach to scheduling for evolving manufacturing systems.,https://dblp.org/rec/journals/evs/KlopperPHD12
5560,paper,Adaptive systems for unsupervised speaker tracking and speech recognition.,https://dblp.org/rec/journals/evs/HerbigGMH11
5561,paper,On-line elimination of local redundancies in evolving fuzzy systems.,https://dblp.org/rec/journals/evs/LughoferBS11
5562,paper,Self-adaptive and local strategies for a smooth treatment of drifts in data streams.,https://dblp.org/rec/journals/evs/ShakerL14
5563,paper,Evolving fuzzy granular modeling from nonstationary fuzzy data streams.,https://dblp.org/rec/journals/evs/LeiteBCG12
5564,paper,Methodik für Datenprojekte im Informatikunterricht.,https://dblp.org/rec/journals/login/HoperHMSB21
5565,paper,Zugänge zur Softwaretechnik Beispiel eines LEGO-MindStorms-Hochregallagers im Informatik-Lernlabor.,https://dblp.org/rec/journals/login/MagenheimS05
5566,paper,Lehren und Lernen mit Multimedia.,https://dblp.org/rec/journals/login/BrenneckeES97
5567,paper,Informatische Bildung in der Grundschule und Zentren für Digitale Bildung.,https://dblp.org/rec/journals/login/BestBFGGHHKKLS21
5568,paper,Zugänge zur Informatik mit Mindstorms (Teil 1).,https://dblp.org/rec/journals/login/HirschMR00
5569,paper,Kooperative Arbeitsplattformen - CSCW-Systeme in Lehr- und Lernkontexten.,https://dblp.org/rec/journals/login/SchulteSH99
5570,paper,Das Projekt,https://dblp.org/rec/journals/login/MagenheimSSHMBF17
5571,paper,Quantum Hamiltonian Complexity.,https://dblp.org/rec/journals/fttcs/GharibianHLS15
5572,paper,Funnel control - A survey.,https://dblp.org/rec/journals/arc/BergerIR25
5573,paper,Direct Model Checking Matrix Algorithm.,https://dblp.org/rec/journals/jcst/TaoBW06
5574,paper,A distributed coverage path planning framework for autonomous unmanned aerial vehicle (UAV) swarms.,https://dblp.org/rec/journals/eswa/AdoniLGSK26
5575,paper,A Model-Free Approach to Control Barrier Functions Using Funnel Control.,https://dblp.org/rec/journals/csysl/LanzaKDBW25
5576,paper,Funnel MPC With Feasibility Constraints for Nonlinear Systems With Arbitrary Relative Degree.,https://dblp.org/rec/journals/csysl/BergerD22
5577,paper,Information Bounds for State Estimation in the Presence of an Eavesdropper.,https://dblp.org/rec/journals/csysl/LeongQDD19
5578,paper,On Model Predictive Funnel Control With Equilibrium Endpoint Constraints.,https://dblp.org/rec/journals/csysl/GobelDLWBD25
5579,paper,Learning Safety Filters for Unknown Discrete-Time Linear Systems.,https://dblp.org/rec/journals/csysl/FarokhiLZS23
5580,paper,Research Directions in Software Supply Chain Security.,https://dblp.org/rec/journals/tosem/WilliamsBHPRTTZMACKKWE25
5581,paper,Building Integrated Software Development Environments Part I: Tool Specification.,https://dblp.org/rec/journals/tosem/EngelsLNSS92
5582,paper,Visualization Task Taxonomy to Understand the Fuzzing Internals.,https://dblp.org/rec/journals/tosem/KummitaMBW26
5583,paper,An In-depth Study of Java Deserialization Remote-Code Execution Exploits and Vulnerabilities.,https://dblp.org/rec/journals/tosem/SayarBBT23
5584,paper,Join point interfaces for safe and flexible decoupling of aspects.,https://dblp.org/rec/journals/tosem/BoddenTI14
5585,paper,Software Security Analysis in 2030 and Beyond: A Research Roadmap.,https://dblp.org/rec/journals/tosem/BohmeBBCLS25
5586,paper,Against All Odds: Tentative Steps toward Efficient Information Sharing in Groups.,https://dblp.org/rec/journals/games/SchlangenottoSV20
5587,paper,Satisfiable Formulas Closed Under Replacement.,https://dblp.org/rec/journals/endm/BuningZ01
5588,paper,CycleFreeFlux: efficient removal of thermodynamically infeasible loops from flux distributions.,https://dblp.org/rec/journals/bioinformatics/DesoukiJGL15
5589,paper,Can the configuration of static analyses make resolving security vulnerabilities more effective? - A user study.,https://dblp.org/rec/journals/ese/PiskachevBB23
5590,paper,Automatic identification of self-admitted technical debt from four different sources.,https://dblp.org/rec/journals/ese/LiSA23
5591,paper,Fluently specifying taint-flow queries with fluentTQL.,https://dblp.org/rec/journals/ese/PiskachevSBB22
5592,paper,TaintBench: Automatic real-world malware benchmarking of Android taint analyses.,https://dblp.org/rec/journals/ese/LuoPPBPMBHM22
5593,paper,An empirical study of large language models for type and call graph analysis in Python and JavaScript.,https://dblp.org/rec/journals/ese/VenkateshSSMRB25
5594,paper,Identifying self-admitted technical debt in issue tracking systems using machine learning.,https://dblp.org/rec/journals/ese/LiSA22
5595,paper,Static analysis driven enhancements for comprehension in machine learning notebooks.,https://dblp.org/rec/journals/ese/VenkateshSCWLB24
5596,paper,Distributed Game-Tree Search.,https://dblp.org/rec/journals/icga/FeldmannMMV89
5597,paper,The 9th World Computer-Chess Championship.,https://dblp.org/rec/journals/icga/MonienF98
5598,paper,The Latest Information on the 9th World Computer-Chess Championship.,https://dblp.org/rec/journals/icga/MonienFH99a
5599,paper,Programme of the ACC9 Conference.,https://dblp.org/rec/journals/icga/HerikM99a
5600,paper,Call for Participation: Advances in Computer Chess 9 Conference.,https://dblp.org/rec/journals/icga/HerikM99
5601,paper,Controlled Conspiracy-Number Search.,https://dblp.org/rec/journals/icga/LorenzRFM95
5602,paper,13th World Microcomputer-Chess Championship.,https://dblp.org/rec/journals/icga/Feldmann95
5603,paper,Response to a Comment on 'Distributed Game-Tree Search'.,https://dblp.org/rec/journals/icga/FeldmannMMV90
5604,paper,Call for Papers Advances in Computer Chess 9 Conference.,https://dblp.org/rec/journals/icga/HerikM98
5605,paper,More Information on the 9th World Computer-Chess Championship.,https://dblp.org/rec/journals/icga/MonienFH99
5606,paper,Report on the 1st International Paderborn Computer Chess Championship.,https://dblp.org/rec/journals/icga/BurtonMF91
5607,paper,Spectral-Energy Efficiency Tradeoff of Nearly-Passive RIS in MIMO URLLC Downlink: Diagonal Versus Beyond Diagonal.,https://dblp.org/rec/journals/wcl/SoleymaniZJRS26
5608,paper,Rate Region of RIS-Aided URLLC Broadcast Channels: Diagonal Versus Beyond Diagonal Globally Passive RIS.,https://dblp.org/rec/journals/wcl/SoleymaniZJRS25
5609,paper,A distributed transcoding and content protection system - Enabling pay per quality using the cloud.,https://dblp.org/rec/journals/telsys/SanchezGAMM16
5610,paper,Media Gateway: bringing privacy to private multimedia cloud connections.,https://dblp.org/rec/journals/telsys/SanchezAMGA14
5611,paper,Transforming XSLT stylesheets into XQuery expressions and vice versa.,https://dblp.org/rec/journals/cl/GroppeGKBBG11
5612,paper,Exploring,https://dblp.org/rec/journals/dad/Rohlfing11
5613,paper,Discrete variational Lie group formulation of geometrically exact beam dynamics.,https://dblp.org/rec/journals/nm/DemouresGLORW15
5614,paper,Evaluation von E-Learning.,https://dblp.org/rec/journals/icom/MagenheimS12
5615,paper,Interdisziplinarität als Herausforderung für die E-Learning-Forschung.,https://dblp.org/rec/journals/icom/KeilW12
5616,paper,Towards new realities: implications of personalized online layers in our daily lives.,https://dblp.org/rec/journals/icom/HerderSSNYA24
5617,paper,Mensch und Computer 2004: Innovation und Qualität sichern Zukunft.,https://dblp.org/rec/journals/icom/BaumertKS04
5618,paper,Modellierung sicherheitskritischer Kommunikation in Aufgabenmodellen (Modelling Safety-Critical Communication within Task Models).,https://dblp.org/rec/journals/icom/MistrzykS08
5619,paper,Liebe Leserinnen und Leser!,https://dblp.org/rec/journals/icom/ForbrigS07
5620,paper,Vom virtuellen Wissensraum zur Lernumgebung - Kooperatives Lernen als integrativer Ansatz für eine mediengestützte Bildung (From the Virtual Knowledge Space to a Learning Environment - Cooperative Learning as Integrative Approach to Educational Technology).,https://dblp.org/rec/journals/icom/GeisslerHK04
5621,paper,Verteilte Wissensorganisation mit Semantischen Räumen (Distributed Knowledge Organization with Semantic Spaces).,https://dblp.org/rec/journals/icom/HampelKS05
5622,paper,,https://dblp.org/rec/journals/icom/BomsdorfZ02
5623,paper,Video-Annotationen in der universitären Lehre. Anwendungsszenarien und koaktive Software.,https://dblp.org/rec/journals/icom/ReinhardtEM11
5624,paper,Visual requirements modeling for cross-device systems.,https://dblp.org/rec/journals/comsis/WoltersGE17
5625,paper,Animation of tile-based games automatically derived from simulation specifications.,https://dblp.org/rec/journals/comsis/WolterCK11
5626,paper,Dokumentenorientierte NoSQL-Datenbanken in skalierbaren Webanwendungen.,https://dblp.org/rec/journals/hmd/BachKNSW16
5627,paper,"Methoden zum Design digitaler Plattformen, Geschäftsmodelle und Service-Ökosysteme.",https://dblp.org/rec/journals/hmd/Robra-BissantzL22
5628,paper,"CRM, Kundenbewertung und Risk-Return-Steuerung im betrieblichen Einsatz.",https://dblp.org/rec/journals/hmd/SackmannKR08
5629,paper,Klassifikation von EAI-Systemen.,https://dblp.org/rec/journals/hmd/DangelmaierLPR02
5630,paper,Corona Tracing Apps - Eine Analyse und Strukturierung des europäischen Marktes.,https://dblp.org/rec/journals/hmd/BrendelGMT21
5631,paper,Hospital-wide Process-oriented Organization of Care: The Case of Turku University Central Hospital.,https://dblp.org/rec/journals/jitta/SuomiMB18
5632,paper,Models and quantifier elimination for quantified Horn formulas.,https://dblp.org/rec/journals/dam/BubeckB08
5633,paper,On the structure of some classes of minimal unsatisfiable formulas.,https://dblp.org/rec/journals/dam/BuningZ03
5634,paper,Resolution Remains Hard Under Equivalence.,https://dblp.org/rec/journals/dam/BuningL99
5635,paper,On subclasses of minimal unsatisfiable formulas.,https://dblp.org/rec/journals/dam/Buning00
5636,paper,Optimal algorithms for dissemination of information in generalized communication modes.,https://dblp.org/rec/journals/dam/FeldmannHMMM94
5637,paper,How many attackers can selfish defenders catch?,https://dblp.org/rec/journals/dam/MavronicolasML13
5638,paper,Broadcasting in Butterfly and deBruijn Networks.,https://dblp.org/rec/journals/dam/KlasingMPS94
5639,paper,Embedding ladders and caterpillars into the hypercube.,https://dblp.org/rec/journals/dam/BezrukovMUW98
5640,paper,Solving satisfiability in less than 2n steps.,https://dblp.org/rec/journals/dam/MonienS85
5641,paper,Blocking reduction for distributed transaction processing within MANETs.,https://dblp.org/rec/journals/dpd/ObermeierBHCS09
5642,paper,A cross-layer atomic commit protocol implementation for transaction processing in mobile ad-hoc networks.,https://dblp.org/rec/journals/dpd/ObermeierBK09
5643,paper,Supporting Text Retrieval by Typographical Term Weighting.,https://dblp.org/rec/journals/ijiit/WernerB07
5644,paper,Polylogarithmic time algorithms for shortest path forests in programmable matter.,https://dblp.org/rec/journals/dc/PadalkinS26
5645,paper,Sade: competitive MAC under adversarial SINR.,https://dblp.org/rec/journals/dc/OgiermanRSSZ18
5646,paper,Competitive throughput in multi-hop wireless networks despite adaptive jamming.,https://dblp.org/rec/journals/dc/RichaSSZ13
5647,paper,Time-optimal construction of overlay networks.,https://dblp.org/rec/journals/dc/GotteHSW23
5648,paper,The canonical amoebot model: algorithms and concurrency control.,https://dblp.org/rec/journals/dc/DaymudeRS23
5649,paper,Enhancing Probabilistic Model Checking with Ontologies.,https://dblp.org/rec/journals/fac/DubslaffKT21
5650,paper,Mechanized proofs of opacity: a comparison of two techniques.,https://dblp.org/rec/journals/fac/DerrickDDSTW18
5651,paper,Improving Cooperative Transmission Feasibility by Network Reconfiguration in Limited Backhaul Networks.,https://dblp.org/rec/journals/ijwin/DraxlerBK13
5652,paper,Model-Based Decision Support for the Customer-Specific Configuration of Value Bundles.,https://dblp.org/rec/journals/emisaij/BeckerBKM09
5653,paper,Pricing of Value Bundles - A Multi-Perspective Decision Support Approach.,https://dblp.org/rec/journals/emisaij/BeckerBKM11
5654,paper,A User-Driven SOA for Financial Market Data Analysis.,https://dblp.org/rec/journals/emisaij/GuabtniKR10
5655,paper,Analysis of Secure TCP/IP Profile in 61850 Based Substation Automation System for Smart Grids.,https://dblp.org/rec/journals/ijdsn/KhaledMAAS16
5656,paper,Interview with Michael Rosemann on ambidextrous business process management.,https://dblp.org/rec/journals/bpmj/KohlbornMPR14
5657,paper,Beyond process monitoring: a proof-of-concept of event-driven business activity management.,https://dblp.org/rec/journals/bpmj/JanieschMM12
5658,paper,Active timing multilevel fault-simulation with switch-level accuracy.,https://dblp.org/rec/journals/tcad/MeyerC95
5659,paper,Efficient Statistical Parameter Selection for Nonlinear Modeling of Process/Performance Variation.,https://dblp.org/rec/journals/tcad/MohammadiGM16
5660,paper,A survey of RDF stores & SPARQL engines for querying knowledge graphs.,https://dblp.org/rec/journals/vldb/AliSYHN22
5661,paper,The Impact of Communication Patterns on Distributed Self-Adjusting Binary Search Tree.,https://dblp.org/rec/journals/jgaa/Strothmann16
5662,paper,Distributing Unit Size Workload Packages in Heterogeneous Networks.,https://dblp.org/rec/journals/jgaa/ElsasserMS06
5663,paper,Designing Interaction Routines in Service Networks: A Modularity and Social Construction-Based Approach.,https://dblp.org/rec/journals/sjis/BeckerBKMMP13
5664,paper,Toward Embedded Qualitative Simulation: A Specialized Computer Architecture for QSim.,https://dblp.org/rec/journals/expert/PlatznerRW00
5665,paper,Information disclosure by answers to XPath queries.,https://dblp.org/rec/journals/jcs/BottcherH09
5666,paper,Inconsistency of Production Systems.,https://dblp.org/rec/journals/dke/BuningLS89
5667,paper,Multilingual Verbalization and Summarization for Explainable Link Discovery.,https://dblp.org/rec/journals/dke/AhmedSMN21
5668,paper,ELEVATE-ID: Extending Large Language Models for End-to-End Entity Linking Evaluation in Indonesian.,https://dblp.org/rec/journals/dke/GusmitaFZN26
5669,paper,Simplifying XPath queries for optimization with regard to the elimination of intersect and except operators.,https://dblp.org/rec/journals/dke/GroppeGB08
5670,paper,Conceptual modelling of database applications using extended ER model.,https://dblp.org/rec/journals/dke/EngelsGHHLSE92
5671,paper,Reformulating XPath queries and XSLT queries on XSLT views.,https://dblp.org/rec/journals/dke/GroppeBBH06
5672,paper,It sourcing portfolio management for it services providers: an approach for using modern portfolio theory to allocate software development projects to available sites.,https://dblp.org/rec/journals/db/ZimmermannKK12
5673,paper,Rationalization of Triangle-Based Point-Folding Structures.,https://dblp.org/rec/journals/cgf/ZimmerCBK12
5674,paper,Practical Anisotropic Geodesy.,https://dblp.org/rec/journals/cgf/CampenHK13
5675,paper,"Directional Field Synthesis, Design, and Processing.",https://dblp.org/rec/journals/cgf/VaxmanCDPBHB16
5676,paper,The 3D Motorcycle Complex for Structured Volume Decomposition.,https://dblp.org/rec/journals/cgf/BrucklerGMC22
5677,paper,Combinatorial Construction of Seamless Parameter Domains.,https://dblp.org/rec/journals/cgf/ZhouTZC20
5678,paper,Walking On Broken Mesh: Defect-Tolerant Geodesic Distances and Parameterizations.,https://dblp.org/rec/journals/cgf/CampenK11
5679,paper,Quad Layout Embedding via Aligned Parameterization.,https://dblp.org/rec/journals/cgf/CampenK14
5680,paper,Integer-Sheet-Pump Quantization for Hexahedral Meshing.,https://dblp.org/rec/journals/cgf/BrucklerBC24
5681,paper,Visibility-Aware Progressive Farthest Point Sampling on the GPU.,https://dblp.org/rec/journals/cgf/BrandtJFH19
5682,paper,Exact and Robust (Self-)Intersections for Polygonal Meshes.,https://dblp.org/rec/journals/cgf/CampenK10
5683,paper,Hybrid Booleans.,https://dblp.org/rec/journals/cgf/PavicCK10
5684,paper,Spherical Visibility Sampling.,https://dblp.org/rec/journals/cgf/EikelJFH13
5685,paper,TinyAD: Automatic Differentiation in Geometry Processing Made Simple.,https://dblp.org/rec/journals/cgf/SchmidtBBCK22
5686,paper,Surface Map Homology Inference.,https://dblp.org/rec/journals/cgf/BornSCK21
5687,paper,Scale-Invariant Directional Alignment of Surface Parametrizations.,https://dblp.org/rec/journals/cgf/CampenIEZK16
5688,paper,HalfedgeCNN for Native and Flexible Deep Learning on Triangle Meshes.,https://dblp.org/rec/journals/cgf/LudwigTC23
5689,paper,Exact Constraint Satisfaction for Truly Seamless Parametrization.,https://dblp.org/rec/journals/cgf/MandadC19
5690,paper,Education Programme at Eurographics 2009.,https://dblp.org/rec/journals/cgf/DomikS09
5691,paper,Rational Bézier Guarding.,https://dblp.org/rec/journals/cgf/KhanteimouriMC22
5692,paper,Polygonal Boundary Evaluation of Minkowski Sums and Swept Volumes.,https://dblp.org/rec/journals/cgf/CampenK10a
5693,paper,Partitioning Surfaces Into Quadrilateral Patches: A Survey.,https://dblp.org/rec/journals/cgf/Campen17
5694,paper,Strictly Conservative Neural Implicits.,https://dblp.org/rec/journals/cgf/LudwigC24
5695,paper,Simpler Quad Layouts using Relaxed Singularities.,https://dblp.org/rec/journals/cgf/LyonCK21a
5696,paper,Quad Layouts via Constrained T-Mesh Quantization.,https://dblp.org/rec/journals/cgf/LyonCK21
5697,paper,Towards a science of logistics: cornerstones of a framework of understanding of logistics as an academic discipline.,https://dblp.org/rec/journals/lr/DelfmannDGKORWZ10
5698,paper,Privacy-Enhancing Face Biometrics: A Comprehensive Survey.,https://dblp.org/rec/journals/tifs/MedenRTDKSRPS21
5699,paper,MAAD-Face: A Massively Annotated Attribute Dataset for Face Images.,https://dblp.org/rec/journals/tifs/TerhorstFKDKK21
5700,paper,RiskLaine: A Probabilistic Approach for Assessing Risk in Certificate-Based Security.,https://dblp.org/rec/journals/tifs/HinarejosACFL18
5701,paper,Influence Factors for Innovation in Digital Self-Preparedness Services and Tools.,https://dblp.org/rec/journals/ijiscram/GrasslerPS18
5702,paper,Efficient Interactive Multiclass Learning from Binary Feedback.,https://dblp.org/rec/journals/tiis/NgoLNFSV14
5703,paper,Meteorological Data Forecast using RNN.,https://dblp.org/rec/journals/ijghpc/BalluffBK17
5704,paper,Coordinating Amoebots via Reconfigurable Circuits.,https://dblp.org/rec/journals/jcb/FeldmannPSD22
5705,paper,Description Languages for Consistency Management Scenarios Based on Examples from the Industry Automation Domain.,https://dblp.org/rec/journals/programming/AnjorinYLSLW18
5706,paper,Clustering for metric and nonmetric distance measures.,https://dblp.org/rec/journals/talg/AckermannBS10
5707,paper,A Complexity Theoretical Study of Fuzzy K-Means.,https://dblp.org/rec/journals/talg/BlomerBB20
5708,paper,Principles of Robust Medium Access and an Application to Leader Election.,https://dblp.org/rec/journals/talg/AwerbuchRSSZ14
5709,paper,Routing (un-) splittable flow in games with player-specific affine latency functions.,https://dblp.org/rec/journals/talg/GairingMT11
5710,paper,Smoothed analysis of left-to-right maxima with applications.,https://dblp.org/rec/journals/talg/DamerowMHRSST12
5711,paper,Edge-wise funnel output synchronization of heterogeneous agents with relative degree one.,https://dblp.org/rec/journals/automatica/LeeBTS23
5712,paper,Funnel control for nonlinear systems with known strict relative degree.,https://dblp.org/rec/journals/automatica/BergerLR18
5713,paper,Disturbance decoupling by behavioral feedback for linear differential-algebraic systems.,https://dblp.org/rec/journals/automatica/Berger17
5714,paper,Encryption scheduling for remote state estimation under an operation constraint.,https://dblp.org/rec/journals/automatica/HuangDLQS21
5715,paper,Thompson sampling for networked control over unknown channels.,https://dblp.org/rec/journals/automatica/LiuLQ24
5716,paper,Kalman filtering with faded measurements.,https://dblp.org/rec/journals/automatica/DeyLE09
5717,paper,Deep reinforcement learning for wireless sensor scheduling in cyber-physical systems.,https://dblp.org/rec/journals/automatica/LeongRQKS20
5718,paper,On Kalman filtering over fading wireless channels with controlled transmission powers.,https://dblp.org/rec/journals/automatica/QuevedoALD12
5719,paper,Co-design of jump estimators and transmission policies for wireless multi-hop networks with fading channels.,https://dblp.org/rec/journals/automatica/DolzQPLS17
5720,paper,Transmission scheduling for remote state estimation and control with an energy harvesting sensor.,https://dblp.org/rec/journals/automatica/LeongDQ18
5721,paper,Controlled invariance for nonlinear differential-algebraic systems.,https://dblp.org/rec/journals/automatica/Berger16
5722,paper,Coloring nonuniform hypergraphs: A new algorithmic approach to the general Lovász local lemma.,https://dblp.org/rec/journals/rsa/CzumajS00
5723,paper,The rank of sparse random matrices over finite fields.,https://dblp.org/rec/journals/rsa/BlomerKW97
5724,paper,Self-aware Cyber-Physical Systems.,https://dblp.org/rec/journals/tcps/BellmanLDEHJTLP20
5725,paper,Price efficiency in futures and spot trading: The role of information technology.,https://dblp.org/rec/journals/ecra/WagenerKRRHW10
5726,paper,Editorial.,https://dblp.org/rec/journals/sopr/PerryS97a
5727,paper,Editorial.,https://dblp.org/rec/journals/sopr/PerryS96
5728,paper,Editorial.,https://dblp.org/rec/journals/sopr/PerryS98
5729,paper,Editorial.,https://dblp.org/rec/journals/sopr/PerryS97b
5730,paper,Editorial.,https://dblp.org/rec/journals/sopr/PerryS98b
5731,paper,Editorial.,https://dblp.org/rec/journals/sopr/PerryS97
5732,paper,Editorial.,https://dblp.org/rec/journals/sopr/PerryS98a
5733,paper,Editorial.,https://dblp.org/rec/journals/sopr/PerryS97c
5734,paper,Editorial.,https://dblp.org/rec/journals/sopr/PerryST02a
5735,paper,Editorial.,https://dblp.org/rec/journals/sopr/PerryST01a
5736,paper,Editorial.,https://dblp.org/rec/journals/sopr/PerryST01
5737,paper,Editorial.,https://dblp.org/rec/journals/sopr/PerryS95
5738,paper,Editorial.,https://dblp.org/rec/journals/sopr/PerryS96a
5739,paper,Editorial.,https://dblp.org/rec/journals/sopr/PerryST02
5740,paper,Editorial.,https://dblp.org/rec/journals/sopr/PerryST00
5741,paper,Editorial.,https://dblp.org/rec/journals/sopr/PerryS96b
5742,paper,Editorial.,https://dblp.org/rec/journals/sopr/PerryST01b
5743,paper,Editorial.,https://dblp.org/rec/journals/sopr/PerryS96c
5744,paper,An experiment in building a lightweight process-centred environment supporting team software processes.,https://dblp.org/rec/journals/sopr/JahnkeSZ97
5745,paper,Reconfigurable Accelerators for Combinatorial Problems.,https://dblp.org/rec/journals/computer/Platzner00
5746,paper,Self-Aware and Self-Expressive Systems.,https://dblp.org/rec/journals/computer/TorresenPY15
5747,paper,Algorithmic self-repair: frontiers in fault-tolerant computation.,https://dblp.org/rec/journals/fcomp/MarkarianP26
5748,paper,How informative is your XAI? Assessing the quality of explanations through information power.,https://dblp.org/rec/journals/fcomp/MatareseRRS25
5749,paper,Analysis of long-term swarm performance based on short-term experiments.,https://dblp.org/rec/journals/soco/KhalufBR16
5750,paper,Racing trees to query partial data.,https://dblp.org/rec/journals/soco/NguyenDMG21
5751,paper,Automatic construction of incremental LR(1)-parsers.,https://dblp.org/rec/journals/sigplan/YehK88
5752,paper,Improvements of an incremental evaluation algorithm for ordered attribute grammars.,https://dblp.org/rec/journals/sigplan/YehK88b
5753,paper,Learning service recommendations.,https://dblp.org/rec/journals/ijbpim/JungmannKK13
5754,paper,Resilience in Knowledge Graph Embeddings.,https://dblp.org/rec/journals/tgdk/SharmaKN25
5755,paper,Development and Usability Evaluation of Transitional Cross-Reality Interfaces.,https://dblp.org/rec/journals/pacmhci/SchmidtY24
5756,paper,The Use and Non-Use of Technology During Hurricanes.,https://dblp.org/rec/journals/pacmhci/SimkoRKA23
5757,paper,"Beyond the Boolean: How Programmers Ask About, Use, and Discuss Gender.",https://dblp.org/rec/journals/pacmhci/BoumaSimsA23
5758,paper,,https://dblp.org/rec/journals/pacmhci/KaurRAF23
5759,paper,Context- and Data-driven Satisfaction Analysis of User Interface Adaptations Based on Instant User Feedback.,https://dblp.org/rec/journals/pacmhci/YigitbasHRASE19
5760,paper,TARPS: A Toolbox for Enhancing Privacy and Security for Collaborative AR.,https://dblp.org/rec/journals/pacmhci/KringsY24
5761,paper,Post-configuration Activation of Hardware Trojans in FPGAs.,https://dblp.org/rec/journals/jhss/AhmedWP24
5762,paper,Correction to: Post-configuration Activation of Hardware Trojans in FPGAs.,https://dblp.org/rec/journals/jhss/AhmedWP24a
5763,paper,Flow Synchronization for Network Coding.,https://dblp.org/rec/journals/jcm/BiermannDK09
5764,paper,Multi-objective low-thrust spacecraft trajectory design using reachability analysis.,https://dblp.org/rec/journals/ejcon/VertovecOM23
5765,paper,13th International Workshop on Graph Transformation and Visual Modeling Techniques (GTVMT 2014): Preface.,https://dblp.org/rec/journals/eceasst/0001S14
5766,paper,The ScenarioTools Play-Out of Modal Sequence Diagram Specifications with Environment Assumptions.,https://dblp.org/rec/journals/eceasst/GreenyerBM13
5767,paper,Implementing DNSSEC soft delegation for microservices.,https://dblp.org/rec/journals/eceasst/LopezCSBMS22
5768,paper,A Survey of Triple Graph Grammar Tools.,https://dblp.org/rec/journals/eceasst/HildebrandtLGRGSLAS13
5769,paper,ScenarioTools Real-Time Play-Out for Test Sequence Validation in an Automotive Case Study.,https://dblp.org/rec/journals/eceasst/BrennerGHLST14
5770,paper,Coverage Criteria for Testing DMM Specifications.,https://dblp.org/rec/journals/eceasst/ArifulinaSE12
5771,paper,Test-driven Language Derivation with Graph Transformation-Based Dynamic Meta Modeling.,https://dblp.org/rec/journals/eceasst/EngelsS10
5772,paper,Proving Linearizability of Multiset with Local Proof Obligations.,https://dblp.org/rec/journals/eceasst/TravkinWS12
5773,paper,Towards Generalizing Visual Process Patterns.,https://dblp.org/rec/journals/eceasst/SoltenbornE10
5774,paper,Zynq-based acceleration of robust high density myoelectric signal processing.,https://dblp.org/rec/journals/jpdc/BoschmannATWKP19
5775,paper,In-depth FPGA accelerator performance evaluation with single node benchmarks from the HPC challenge benchmark suite for Intel and Xilinx FPGAs using OpenCL.,https://dblp.org/rec/journals/jpdc/MeyerKP22
5776,paper,Introduction.,https://dblp.org/rec/journals/jpdc/MonienGSSS06
5777,paper,Optimal Embedding of Complete Binary Trees into Lines and Grids.,https://dblp.org/rec/journals/jpdc/HeckmannKMU98
5778,paper,Edge-disjoint spanning trees for the generalized butterfly networks and their applications.,https://dblp.org/rec/journals/jpdc/TouzeneDM05
5779,paper,A new diffusion-based multilevel algorithm for computing graph partitions.,https://dblp.org/rec/journals/jpdc/MeyerhenkeMS09
5780,paper,"Manifold turnpikes, trims, and symmetries.",https://dblp.org/rec/journals/mcss/FaulwasserFOSW22
5781,paper,Funnel control of nonlinear systems.,https://dblp.org/rec/journals/mcss/BergerIR21
5782,paper,Zero dynamics and funnel control of linear differential-algebraic systems.,https://dblp.org/rec/journals/mcss/BergerIR12
5783,paper,Robustness of stability of time-varying index-1 DAEs.,https://dblp.org/rec/journals/mcss/Berger14
5784,paper,Symmetry and motion primitives in model predictive control.,https://dblp.org/rec/journals/mcss/FlasskampOW19
5785,paper,Trim turnpikes for optimal control problems with symmetries.,https://dblp.org/rec/journals/mcss/FlasskampMOW25
5786,paper,BUILDABONG: A Framework for Architecture/Compiler Co-Exploration for ASIPs.,https://dblp.org/rec/journals/jcsc/FischerTWT03
5787,paper,Optimizing the execution of XSLT stylesheets for querying transformed XML data.,https://dblp.org/rec/journals/kais/GroppeGBWG09
5788,paper,Beyond one-shot explanations: a systematic literature review of dialogue-based xAI approaches.,https://dblp.org/rec/journals/air/MindlinBSHENC25
5789,paper,Evolving fuzzy pattern trees for binary classification on data streams.,https://dblp.org/rec/journals/isci/ShakerSH13
5790,paper,Interval incremental learning of interval data streams and application to vehicle tracking.,https://dblp.org/rec/journals/isci/LeiteSBZG23
5791,paper,"Evolving fuzzy and neuro-fuzzy approaches in clustering, regression, identification, and classification: A Survey.",https://dblp.org/rec/journals/isci/SkrjancISLLG19
5792,paper,"Ensemble of evolving optimal granular experts, OWA aggregation, and time series prediction.",https://dblp.org/rec/journals/isci/LeiteS19
5793,paper,Seamless human-device interaction in the internet of things.,https://dblp.org/rec/journals/tce/Rubio-DrosdovSM17
5794,paper,Media cloud: an open cloud computing middleware for content management.,https://dblp.org/rec/journals/tce/SanchezMMPC11
5795,paper,fedTV: personal networks federation for IdM in mobile DTV.,https://dblp.org/rec/journals/tce/MendozaASMG11
5796,paper,SuSSo: Seamless and ubiquitous single sign-on for cloud service continuity across devices.,https://dblp.org/rec/journals/tce/CabarcosMGLS12
5797,paper,Secure store and forward proxy for dynamic IoT applications over M2M networks.,https://dblp.org/rec/journals/tce/SanchezSAAM16
5798,paper,Enhancing privacy and dynamic federation in IdM for consumer cloud computing.,https://dblp.org/rec/journals/tce/GuerreroAASM12
5799,paper,FamTV: An architecture for presence-aware personalized television.,https://dblp.org/rec/journals/tce/CabarcosGMDL11
5800,paper,Overhead of using secure wireless communications in mobile computing.,https://dblp.org/rec/journals/tce/AlmenaresAMDG13
5801,paper,Shifting ML value creation mechanisms: A process model of ML value creation.,https://dblp.org/rec/journals/jsis/SholloHTM22
5802,paper,Design of review systems - A strategic instrument to shape online reviewing behavior and economic outcomes.,https://dblp.org/rec/journals/jsis/GuttNZKC19
5803,paper,Mean behaviour of multiplicative functions on additive arithmetical semigroups.,https://dblp.org/rec/journals/cma/IndlekoferW06
5804,paper,NeuroIDBench: An open-source benchmark framework for the standardization of methodology in brainwave-based authentication research.,https://dblp.org/rec/journals/istr/ChaurasiaFSTC24
5805,paper,ROPocop - Dynamic mitigation of code-reuse attacks.,https://dblp.org/rec/journals/istr/FollnerB16
5806,paper,Challenges for Annotation Concepts in Music.,https://dblp.org/rec/journals/hac/HadjakosIKOV17
5807,paper,Balanced caterpillars of maximum degree 3 and with hairs of arbitrary length are subgraphs of their optimal hypercube.,https://dblp.org/rec/journals/jgt/MonienW18
5808,paper,Thoughts on the Evolution Towards Model-Integrating Software.,https://dblp.org/rec/journals/stt/Derakhshanmanesh16
5809,paper,Increasing the Reusability of Embedded Real-time Software by a Standardized Interface for Paravirtualization.,https://dblp.org/rec/journals/stt/GroesbrinkN14
5810,paper,Langlebige Softwaresysteme im Spannungsfeld von Forward- und Reverse-Engineering.,https://dblp.org/rec/journals/stt/Sauer18
5811,paper,Challenges in Model-Driven Development of Multi-Platform Augmented Reality Applications.,https://dblp.org/rec/journals/stt/JovanovikjY0E20
5812,paper,Architectural Restructuring by Semi-Automatic Clustering to Facilitate Migration towards a Service-oriented Architecture.,https://dblp.org/rec/journals/stt/Grieger0K14
5813,paper,Best Student Paper Award des 27. Workshop Software-Reengineering und -Evolution.,https://dblp.org/rec/journals/stt/QuanteKSSS25a
5814,paper,Theoriegeleitete Entwicklung und Evaluation von Neuen Medien für die Lehre.,https://dblp.org/rec/journals/stt/Schulte02
5815,paper,Modellbasierte und Modellgetriebene Softwaremodernisierung: Bericht über den Workshop im Rahmen der Konferenz,https://dblp.org/rec/journals/stt/WorkshopMSG16
5816,paper,A Method Base for the Situation-Specific Development of Model-Driven Transformation Methods.,https://dblp.org/rec/journals/stt/GriegerFS16
5817,paper,Modellbasierte und Modellgetriebene Softwaremodernisierung.,https://dblp.org/rec/journals/stt/BeckerR0KR14
5818,paper,Who Guards the Guards? On the Validation of Test CaseMigration.,https://dblp.org/rec/journals/stt/JovanovikjYAS18
5819,paper,Towards Model-based Development of Context-aware Augmented Reality Applications.,https://dblp.org/rec/journals/stt/YigitbasJ0E19
5820,paper,MMSM 2018 - Ergebnisse des 4. Workshops,https://dblp.org/rec/journals/stt/SauerRKH018
5821,paper,MuSofT - Multimedia in der SoftwareTechnik.,https://dblp.org/rec/journals/stt/DoberkatKE04
5822,paper,Anwendung von maschinellem Lernen zum automatischen Erkennen von Padding-Orakel-Seitenkanälen.,https://dblp.org/rec/journals/stt/PriesterjahnDGO23
5823,paper,Extrahierung von Anforderungen aus natürlich-sprachlichen Lastenheften: Was erschwert eine KI-basierte Extrahierung?,https://dblp.org/rec/journals/stt/GrasslerPP21
5824,paper,Bericht zum ersten Treffen des Arbeitskreises Artificial Intelligence for Software Architecture.,https://dblp.org/rec/journals/stt/KeimSSB25
5825,paper,mαth-kit - Ein multimedialer Baukasten für die Mathematikausbildung im Grundstudium.,https://dblp.org/rec/journals/stt/UngerBBBMOPT04
5826,paper,Why Models and Code Should be Treated as Friends.,https://dblp.org/rec/journals/stt/DerakhshanmaneshEE14
5827,paper,Bericht über das SE FIT - Forum der Informatik-Transferinstitute.,https://dblp.org/rec/journals/stt/SauerE10
5828,paper,Best Student Paper Award des 26. Workshop Software-Reengineering und -Evolution.,https://dblp.org/rec/journals/stt/QuanteKSSS24a
5829,paper,Formalisierung der funktionalen Anforderungen mit visuellen Kontrakten und deren Einsatz für modellbasiertes Testen.,https://dblp.org/rec/journals/stt/EngelsGS08
5830,paper,Bericht über die ETAPS 2001 vom 02. - 06. April 2001 in Genua.,https://dblp.org/rec/journals/stt/SauerH01
5831,paper,,https://dblp.org/rec/journals/stt/Sauer24a
5832,paper,Sichern der Zukunftsfähigkeit bei der Migration von Legacy-Systemen durch modellgetriebene Softwareentwicklung.,https://dblp.org/rec/journals/stt/GriegerGS12
5833,paper,Nachhaltigkeit im Fokus des Software-Reengineering.,https://dblp.org/rec/journals/stt/Sauer24
5834,paper,Entwicklung eines Softwarewerkzeugs für die modell-getriebene Migration betrieblicher Informationssysteme.,https://dblp.org/rec/journals/stt/GuldaliSL12
5835,paper,Towards a Framework for Constructing Context-Specific Migration Methods for Test Cases.,https://dblp.org/rec/journals/stt/JovanovikjS17
5836,paper,Ernst Denert Preis 2023.,https://dblp.org/rec/journals/stt/BoddenAFHHR24
5837,paper,Vorwort zum 27. Workshop Software-Reengineering und -Evolution (WSRE).,https://dblp.org/rec/journals/stt/QuanteKSSS25
5838,paper,A Method to Systematically Improve the Effectiveness and Efficiency of the Semi-Automatic Migration of Legacy Systems.,https://dblp.org/rec/journals/stt/Fazal-BaqaieG0K14
5839,paper,Model-based UI Modernization: From Legacy UIs to Self-adaptive UIs.,https://dblp.org/rec/journals/stt/JovanovikjYS18
5840,paper,Multimedia in der Informatik-Lehre.,https://dblp.org/rec/journals/stt/DoberkatE02
5841,paper,Vorwort zum 26. Workshop Software-Reengineering und -Evolution (WSRE).,https://dblp.org/rec/journals/stt/QuanteKSSS24
5842,paper,25. Workshop Software-Reengineering und -Evolution der GI-Fachgruppe Software Reengineering (SRE).,https://dblp.org/rec/journals/stt/QuanteKSSS23
5843,paper,"Konferenzbericht zur Architekturen 2012 - Architekturen im Lebenszyklus komplexer Systeme, 2. - 3. Juli 2012 in Paderborn.",https://dblp.org/rec/journals/stt/Sauer12
5844,paper,Best Student Paper Award des 25. Workshop Software-Reengineering und -Evolution.,https://dblp.org/rec/journals/stt/QuanteKSSS23a
5845,paper,Towards a Model-Driven Method for Reusing Test Cases in Software Migration Projects.,https://dblp.org/rec/journals/stt/JovanovikjGY16
5846,paper,Analytical Phase-Noise Modeling and Charge Pump Optimization for Fractional-N PLLs.,https://dblp.org/rec/journals/tcas/HerzelOS10
5847,paper,Low-Power SiGe BiCMOS Transimpedance Amplifier for 25-GBaud Optical Links.,https://dblp.org/rec/journals/tcas/SedighiS12
5848,paper,Drei Strategien zur Etablierung digitaler Plattformen in der Industrie.,https://dblp.org/rec/journals/wm/LuttenbergBPKW21
5849,paper,Technologie-Pivots - Warum und wie digitale Start-ups ihr Technologiedesign umfassend anpassen.,https://dblp.org/rec/journals/wm/BohnK20
5850,paper,Verdrängen Smart-Product-Service-Systeme die Interaktion in Online-Communities? - Empirische Evidenz aus einer Rezept-Community.,https://dblp.org/rec/journals/wm/SeutterMK23
5851,paper,Fuzzy clustering and fuzzy validity measures for knowledge discovery and decision making in agricultural engineering.,https://dblp.org/rec/journals/cea/MotaDL18
5852,paper,Ensemble of hybrid Bayesian networks for predicting the AMEn of broiler feedstuffs.,https://dblp.org/rec/journals/cea/AlvarengaLSJFAR22
5853,paper,Reviewing from a Distance: Uncovering Asymmetric Moderations of Spatial and Temporal Distance between Sentiment Negativity and Rating.,https://dblp.org/rec/journals/misq/NeumannGK23
5854,paper,The Value of Self-Service: Long-Term Effects of Technology-Based Self-Service Usage on Customer Retention.,https://dblp.org/rec/journals/misq/SchererWW15
5855,paper,The case for reconfigurable hardware in wearable computing.,https://dblp.org/rec/journals/puc/PlesslEWBPTT03
5856,paper,"Editorial: Systemspezifikation - Methoden, Werkzeuge und Anwendungen.",https://dblp.org/rec/journals/it/Rammig98
5857,paper,"Entwurf konfigurierbarer, echtzeitfähiger Kommunikationssysteme.",https://dblp.org/rec/journals/it/BokeR99
5858,paper,Preface to the self-portrayals of the GI Junior Fellows.,https://dblp.org/rec/journals/it/LiggesmeyerM14
5859,paper,Sonderforschungsbereich 376 Massive Parallelität: Algorithmen - Entwurfsmethoden - Anwendungen (Massively Parallel Computing: Algorithms - Design Methods - Applications).,https://dblp.org/rec/journals/it/Heide03
5860,paper,Deutscher Qualifikationsrahmen: Erprobung und Kritik.,https://dblp.org/rec/journals/it/Kastens10
5861,paper,Verteilte Spielbaumsuche.,https://dblp.org/rec/journals/it/FeldmannMM95
5862,paper,Denkmedien - Mediendenken: Zum Verhältnis von Technik und Didaktik (Media For Thinking - Thinking About Media: On the Relationship of Technology and Didactics).,https://dblp.org/rec/journals/it/Keil-Slawik02
5863,paper,Algorithmische und komplexitätstheoretische Aspekte kombinatorischer Preisoptimierung (Computational Aspects of Combinatorial Pricing Problems).,https://dblp.org/rec/journals/it/Briest09
5864,paper,Visuelle Spezifikations- und Modellierungstechniken.,https://dblp.org/rec/journals/it/0003S98
5865,paper,Werkzeugintegration und -verwaltung in heterogenen Computernetzwerken (Tool Integration and Management in Heterogeneous Computer Networks).,https://dblp.org/rec/journals/it/EikerlingMW02
5866,paper,"Exploration, Partitioning and Simulation of Reconfigurable Systems (Exploration, Partitionierung und Simulation rekonfigurierbarer Systeme).",https://dblp.org/rec/journals/it/DittmannRSHSN07
5867,paper,Two-Way Multihead Automata Over a One-Letter Alphabet.,https://dblp.org/rec/journals/ita/Monien80
5868,paper,On the Restricted Equivalence Subclasses of Propositional Logic.,https://dblp.org/rec/journals/ita/FlogelBL93
5869,paper,On Computations with Integer Division.,https://dblp.org/rec/journals/ita/JustHW89
5870,paper,Partially Evaluating Finite-State Runtime Monitors Ahead of Time.,https://dblp.org/rec/journals/toplas/BoddenLH12
5871,paper,Risk-Averse Optimization in Two-Stage Stochastic Models: Computational Aspects and a Study.,https://dblp.org/rec/journals/siamjo/Fabian0KS15
5872,paper,The complexity of determining a shortest cycle of even length.,https://dblp.org/rec/journals/computing/Monien83
5873,paper,"Über die Konvergenzordnung von Differenzenverfahren, die parabolische Anfangsrandwertaufgaben approximieren.",https://dblp.org/rec/journals/computing/Monien70
5874,paper,Software specification using graph grammars.,https://dblp.org/rec/journals/computing/EngelsGNS83
5875,paper,Quadrangulation of non-rigid objects using deformation metrics.,https://dblp.org/rec/journals/cagd/ZhouCZTS18
5876,paper,Angle-bounded 2D mesh simplification.,https://dblp.org/rec/journals/cagd/HinderinkMC22
5877,paper,Intrinsic mixed-integer polycubes for hexahedral meshing.,https://dblp.org/rec/journals/cagd/MandadCBC22
5878,paper,Combining Helpful Sets and Parallel Simulated Annealing for the Graph-partitioning Problem.,https://dblp.org/rec/journals/paapp/DiekmannLMS96
5879,paper,Moment or movement - the heterogeneous impact of the Black Lives Matter movement on personal and societal charitable crowdfunding campaigns.,https://dblp.org/rec/journals/intr/SeutterMMK24
5880,paper,Distributed Monte Carlo Tree Search: A Novel Technique and its Application to Computer Go.,https://dblp.org/rec/journals/tciaig/SchaefersP15
5881,paper,Estimation of scalar field distribution in the Fourier domain.,https://dblp.org/rec/journals/dsp/LeongS24
5882,paper,Accelerating finite difference time domain simulations with reconfigurable dataflow computers.,https://dblp.org/rec/journals/sigarch/GiefersPF13
5883,paper,Beep-And-Sleep: Message and Energy Efficient Set Cover.,https://dblp.org/rec/journals/corr/abs-2107-14570
5884,paper,Optimal Energy Allocation for Kalman Filtering over Packet Dropping Links with Imperfect Acknowledgments and Energy Harvesting Constraints.,https://dblp.org/rec/journals/corr/NourianLD14
5885,paper,The Emergence of Large Language Models in Static Analysis: A First Look through Micro-Benchmarks.,https://dblp.org/rec/journals/corr/abs-2402-17679
5886,paper,Simulation computation in grammar-compressed graphs.,https://dblp.org/rec/journals/corr/abs-2001-04760
5887,paper,Compressing Hypergraphs using Suffix Sorting.,https://dblp.org/rec/journals/corr/abs-2506-05023
5888,paper,A Game-Theoretic Approach to Covert Communications.,https://dblp.org/rec/journals/corr/abs-1911-00156
5889,paper,Embedding Knowledge Graphs in Degenerate Clifford Algebras.,https://dblp.org/rec/journals/corr/abs-2402-04870
5890,paper,Multi-objective low-thrust spacecraft trajectory design using reachability analysis.,https://dblp.org/rec/journals/corr/abs-2212-07209
5891,paper,Mixture Encoder for Joint Speech Separation and Recognition.,https://dblp.org/rec/journals/corr/abs-2306-12173
5892,paper,Rate Region of MIMO RIS-assisted Broadcast Channels with Rate Splitting and Improper Signaling.,https://dblp.org/rec/journals/corr/abs-2301-00594
5893,paper,"Inference over Unseen Entities, Relations and Literals on Knowledge Graphs.",https://dblp.org/rec/journals/corr/abs-2410-06742
5894,paper,Quality of Service in Network Creation Games.,https://dblp.org/rec/journals/corr/Cord-LandwehrMH14
5895,paper,Neural Reasoning for Robust Instance Retrieval in \U0001D4AEℋ\U0001D4AAI\U0001D4AC.,https://dblp.org/rec/journals/corr/abs-2510-20457
5896,paper,Stackelberg Network Pricing Games,https://dblp.org/rec/journals/corr/abs-0802-2841
5897,paper,S3C2 Summit 2024-08: Government Secure Supply Chain Summit.,https://dblp.org/rec/journals/corr/abs-2504-00924
5898,paper,QMagFace: Simple and Accurate Quality-Aware Face Recognition.,https://dblp.org/rec/journals/corr/abs-2111-13475
5899,paper,Supporting Construction and Architectural Visualization through BIM and AR/VR: A Systematic Literature Review.,https://dblp.org/rec/journals/corr/abs-2306-12274
5900,paper,Rate Splitting in MIMO RIS-assisted Systems with Hardware Impairments and Improper Signaling.,https://dblp.org/rec/journals/corr/abs-2208-08753
5901,paper,Ethical Frameworks and Computer Security Trolley Problems: Foundations for Conversations.,https://dblp.org/rec/journals/corr/abs-2302-14326
5902,paper,MST5 - Multilingual Question Answering over Knowledge Graphs.,https://dblp.org/rec/journals/corr/abs-2407-06041
5903,paper,Real-Time Anomaly Detection in Data Centers for Log-based Predictive Maintenance using an Evolving Fuzzy-Rule-Based Approach.,https://dblp.org/rec/journals/corr/abs-2004-13527
5904,paper,Open Data Portal Germany (OPAL) Projektergebnisse.,https://dblp.org/rec/journals/corr/abs-2105-03161
5905,paper,Understanding Architecture Erosion: The Practitioners' Perceptive.,https://dblp.org/rec/journals/corr/abs-2103-11392
5906,paper,Expeditious Generation of Knowledge Graph Embeddings.,https://dblp.org/rec/journals/corr/abs-1803-07828
5907,paper,Superconvergence of Galerkin variational integrators.,https://dblp.org/rec/journals/corr/abs-2104-12221
5908,paper,Approximation algorithms for QMA-complete problems,https://dblp.org/rec/journals/corr/abs-1101-3884
5909,paper,Efficient Ab-Initio Molecular Dynamic Simulations by Offloading Fast Fourier Transformations to FPGAs.,https://dblp.org/rec/journals/corr/abs-2006-08435
5910,paper,EGFC: Evolving Gaussian Fuzzy Classifier from Never-Ending Semi-Supervised Data Streams - With Application to Power Quality Disturbance Detection and Classification.,https://dblp.org/rec/journals/corr/abs-2004-09986
5911,paper,An Optimal Transmission Strategy for Kalman Filtering over Packet Dropping Links with Imperfect Acknowledgements.,https://dblp.org/rec/journals/corr/NourianLDQ14
5912,paper,Can You Tell the Difference? Contrastive Explanations for ABox Entailments.,https://dblp.org/rec/journals/corr/abs-2511-11281
5913,paper,Multi-resource Energy-efficient Routing in Cloud Data Centers with Networks-as-a-Service.,https://dblp.org/rec/journals/corr/WangAZWL15
5914,paper,From Paranoia to Compliance: The Bumpy Road of System Hardening Practices on Stack Exchange.,https://dblp.org/rec/journals/corr/abs-2507-13028
5915,paper,Demystifying TasNet: A Dissecting Approach.,https://dblp.org/rec/journals/corr/abs-1911-08895
5916,paper,Evolving Diverse Sets of Tours for the Travelling Salesperson Problem.,https://dblp.org/rec/journals/corr/abs-2004-09188
5917,paper,A Lightweight Approach for State Machine Replication.,https://dblp.org/rec/journals/corr/abs-2509-17771
5918,paper,RoBuSt: A Crash-Failure-Resistant Distributed Storage System.,https://dblp.org/rec/journals/corr/EikelSS14
5919,paper,Multi-FPGA Designs and Scaling of HPC Challenge Benchmarks via MPI and Circuit-Switched Inter-FPGA Networks.,https://dblp.org/rec/journals/corr/abs-2202-13995
5920,paper,Semantic Web for Machine Translation: Challenges and Directions.,https://dblp.org/rec/journals/corr/abs-1907-10676
5921,paper,A Meeting Transcription System for an Ad-Hoc Acoustic Sensor Network.,https://dblp.org/rec/journals/corr/abs-2205-00944
5922,paper,HPO X ELA: Investigating Hyperparameter Optimization Landscapes by Means of Exploratory Landscape Analysis.,https://dblp.org/rec/journals/corr/abs-2208-00220
5923,paper,Out-of-Vocabulary Entities in Link Prediction.,https://dblp.org/rec/journals/corr/abs-2105-12524
5924,paper,Leader Election with High Probability for Self-Organizing Programmable Matter.,https://dblp.org/rec/journals/corr/DaymudeGRSS17
5925,paper,MAAD-Face: A Massively Annotated Attribute Dataset for Face Images.,https://dblp.org/rec/journals/corr/abs-2012-01030
5926,paper,Beating Grover search for low-energy estimation and state preparation.,https://dblp.org/rec/journals/corr/abs-2407-03073
5927,paper,SecCityVR: Visualization and Collaborative Exploration of Software Vulnerabilities in Virtual Reality.,https://dblp.org/rec/journals/corr/abs-2504-18238
5928,paper,The Mobile Server Problem.,https://dblp.org/rec/journals/corr/abs-1904-05220
5929,paper,Talking to the Overlooked: A Nationwide Telephone Survey with Four Groups Under-represented in Privacy and Security Studies.,https://dblp.org/rec/journals/corr/abs-2212-12964
5930,paper,Convolutive Transfer Function Invariant SDR training criteria for Multi-Channel Reverberant Speech Separation.,https://dblp.org/rec/journals/corr/abs-2011-15003
5931,paper,A High-Fidelity Flow Solver for Unstructured Meshes on Field-Programmable Gate Arrays.,https://dblp.org/rec/journals/corr/abs-2108-12188
5932,paper,Interference Minimization in Beyond-Diagonal RIS-assisted MIMO Interference Channels.,https://dblp.org/rec/journals/corr/abs-2503-19547
5933,paper,"Learning Chain Of Thoughts Prompts for Predicting Entities, Relations, and even Literals on Knowledge Graphs.",https://dblp.org/rec/journals/corr/abs-2604-12651
5934,paper,MLCheck- Property-Driven Testing of Machine Learning Models.,https://dblp.org/rec/journals/corr/abs-2105-00741
5935,paper,Hex-Mesh Generation and Processing: a Survey.,https://dblp.org/rec/journals/corr/abs-2202-12670
5936,paper,Evaluating FPGA Accelerator Performance with a Parameterized OpenCL Adaptation of the HPCChallenge Benchmark Suite.,https://dblp.org/rec/journals/corr/abs-2004-11059
5937,paper,Gathering in Linear Time: A Closed Chain of Disoriented & Luminous Robots with Limited Visibility.,https://dblp.org/rec/journals/corr/abs-2010-04424
5938,paper,Towards Decision Support in Dynamic Bi-Objective Vehicle Routing.,https://dblp.org/rec/journals/corr/abs-2005-13865
5939,paper,On Coreset Constructions for the Fuzzy $K$-Means Problem.,https://dblp.org/rec/journals/corr/BlomerBB16a
5940,paper,Machine Translation Using Semantic Web Technologies: A Survey.,https://dblp.org/rec/journals/corr/abs-1711-09476
5941,paper,Parameterised Complexity of Consistent Query Answering via Graph Representations.,https://dblp.org/rec/journals/corr/abs-2412-08324
5942,paper,Uncovering Hidden Inclusions of Vulnerable Dependencies in Real-World Java Projects.,https://dblp.org/rec/journals/corr/abs-2601-23020
5943,paper,Fast Distributed Algorithms for LP-Type Problems of Bounded Dimension.,https://dblp.org/rec/journals/corr/abs-1904-10706
5944,paper,What Makes Agile Software Development Agile?,https://dblp.org/rec/journals/corr/abs-2109-11435
5945,paper,Post-Comparison Mitigation of Demographic Bias in Face Recognition Using Fair Score Normalization.,https://dblp.org/rec/journals/corr/abs-2002-03592
5946,paper,Human-Centric Research for NLP: Towards a Definition and Guiding Questions.,https://dblp.org/rec/journals/corr/abs-2207-04447
5947,paper,Energy-efficient Rate Splitting for MIMO STAR-RIS-assisted Broadcast Channels with I/Q Imbalance.,https://dblp.org/rec/journals/corr/abs-2306-01309
5948,paper,S3C2 Summit 2024-03: Industry Secure Supply Chain Summit.,https://dblp.org/rec/journals/corr/abs-2405-08762
5949,paper,A Jamming-Resistant MAC Protocol for Multi-Hop Wireless Networks,https://dblp.org/rec/journals/corr/abs-1007-1189
5950,paper,Fast Hybrid Network Algorithms for Shortest Paths in Sparse Graphs.,https://dblp.org/rec/journals/corr/abs-2007-01191
5951,paper,Benchmarking Knowledge Graphs on the Web.,https://dblp.org/rec/journals/corr/abs-2002-06039
5952,paper,Co-Evolutionary Diversity Optimisation for the Traveling Thief Problem.,https://dblp.org/rec/journals/corr/abs-2207-14036
5953,paper,Description Languages for Consistency Management Scenarios Based on Examples from the Industry Automation Domain.,https://dblp.org/rec/journals/corr/abs-1803-10831
5954,paper,Logarithmic-Time Geodesically Convex Decomposition in Programmable Matter.,https://dblp.org/rec/journals/corr/abs-2604-16112
5955,paper,On the computational complexity of read once resolution decidability in 2CNF formulas.,https://dblp.org/rec/journals/corr/BuningWS16
5956,paper,S3C2 Summit 2023-02: Industry Secure Supply Chain Summit.,https://dblp.org/rec/journals/corr/abs-2307-16557
5957,paper,On the Impact of Operators and Populations within Evolutionary Algorithms for the Dynamic Weighted Traveling Salesperson Problem.,https://dblp.org/rec/journals/corr/abs-2305-18955
5958,paper,Full Version - Server Cloud Scheduling.,https://dblp.org/rec/journals/corr/abs-2108-02109
5959,paper,The Max-Line-Formation Problem.,https://dblp.org/rec/journals/corr/abs-2109-11856
5960,paper,"Advancing Brainwave-Based Biometrics: A Large-Scale, Multi-Session Evaluation.",https://dblp.org/rec/journals/corr/abs-2501-17866
5961,paper,Meeting Recognition with Continuous Speech Separation and Transcription-Supported Diarization.,https://dblp.org/rec/journals/corr/abs-2309-16482
5962,paper,S3C2 Summit 2024-09: Industry Secure Software Supply Chain Summit.,https://dblp.org/rec/journals/corr/abs-2505-10538
5963,paper,Distributed And Parallel Low-Diameter Decompositions for Arbitrary and Restricted Graphs.,https://dblp.org/rec/journals/corr/abs-2411-19859
5964,paper,Directional Statistics and Filtering Using libDirectional.,https://dblp.org/rec/journals/corr/abs-1712-09718
5965,paper,A Dissipativity Characterization of Velocity Turnpikes in Optimal Control Problems for Mechanical Systems.,https://dblp.org/rec/journals/corr/abs-2002-04388
5966,paper,Semantic Answer Type and Relation Prediction Task (SMART 2021).,https://dblp.org/rec/journals/corr/abs-2112-07606
5967,paper,Exploring Web Search Engines to Find Architectural Knowledge.,https://dblp.org/rec/journals/corr/abs-2103-11705
5968,paper,Verification of safety critical control policies using kernel methods.,https://dblp.org/rec/journals/corr/abs-2203-12407
5969,paper,Multilevel Network Games.,https://dblp.org/rec/journals/corr/AbshoffCJS14
5970,paper,Initial Design Strategies and their Effects on Sequential Model-Based Optimization.,https://dblp.org/rec/journals/corr/abs-2003-13826
5971,paper,Evolving Fuzzy System Applied to Battery Charge Capacity Prediction for Fault Prognostics.,https://dblp.org/rec/journals/corr/abs-2102-09521
5972,paper,TypeEvalPy: A Micro-benchmarking Framework for Python Type Inference Tools.,https://dblp.org/rec/journals/corr/abs-2312-16882
5973,paper,Energy-Efficient Flow Scheduling and Routing with Hard Deadlines in Data Center Networks.,https://dblp.org/rec/journals/corr/WangZZVRL14
5974,paper,Accurate Sampling with Noisy Forces from Approximate Computing.,https://dblp.org/rec/journals/corr/abs-1907-08497
5975,paper,Kronecker Decomposition for Knowledge Graph Embeddings.,https://dblp.org/rec/journals/corr/abs-2205-06560
5976,paper,Routing Schemes for Hybrid Communication Networks in Unit-Disk Graphs.,https://dblp.org/rec/journals/corr/abs-2210-05333
5977,paper,Online Multi-Facility Location.,https://dblp.org/rec/journals/corr/abs-2006-16762
5978,paper,Planar Visibility Counting,https://dblp.org/rec/journals/corr/abs-0810-0052
5979,paper,Oracle complexity classes and local measurements on physical Hamiltonians.,https://dblp.org/rec/journals/corr/abs-1909-05981
5980,paper,Complexity and Approximation of the Fuzzy K-Means Problem.,https://dblp.org/rec/journals/corr/BlomerBB15
5981,paper,A Comparison of Multi-View Learning Strategies for Satellite Image-Based Real Estate Appraisal.,https://dblp.org/rec/journals/corr/abs-2105-04984
5982,paper,Neural Class Expression Synthesis.,https://dblp.org/rec/journals/corr/abs-2111-08486
5983,paper,LLM Driven Design of Continuous Optimization Problems with Controllable High-level Properties.,https://dblp.org/rec/journals/corr/abs-2601-18846
5984,paper,PIC-Score: Probabilistic Interpretable Comparison Score for Optimal Matching Confidence in Single- and Multi-Biometric (Face) Recognition.,https://dblp.org/rec/journals/corr/abs-2211-12483
5985,paper,Automated Algorithm Selection on Continuous Black-Box Problems By Combining Exploratory Landscape Analysis and Machine Learning.,https://dblp.org/rec/journals/corr/abs-1711-08921
5986,paper,Adaptive Stochastic Weight Averaging.,https://dblp.org/rec/journals/corr/abs-2406-19092
5987,paper,SER-FIQ: Unsupervised Estimation of Face Image Quality Based on Stochastic Embedding Robustness.,https://dblp.org/rec/journals/corr/abs-2003-09373
5988,paper,On Underlay-Aware Self-Stabilizing Overlay Networks.,https://dblp.org/rec/journals/corr/abs-1809-02436
5989,paper,S3C2 Summit 2025-03: Industry Secure Supply Chain Summit.,https://dblp.org/rec/journals/corr/abs-2510-24920
5990,paper,Query Answering for Rough EL Ontologies (Extended Technical Report).,https://dblp.org/rec/journals/corr/abs-1808-01877
5991,paper,Anticipatory Buffer Control and Quality Selection for Wireless Video Streaming.,https://dblp.org/rec/journals/corr/DraxlerBDVK13
5992,paper,Interference Leakage Minimization in RIS-assisted MIMO Interference Channels.,https://dblp.org/rec/journals/corr/abs-2303-03014
5993,paper,On Aggregation in Ensembles of Multilabel Classifiers.,https://dblp.org/rec/journals/corr/abs-2006-11916
5994,paper,Hardware-agnostic Computation for Large-scale Knowledge Graph Embeddings.,https://dblp.org/rec/journals/corr/abs-2207-08544
5995,paper,"Quantum space, ground space traversal, and how to embed multi-prover interactive proofs into unentanglement.",https://dblp.org/rec/journals/corr/abs-2206-05243
5996,paper,Kalman Filtering With Relays Over Wireless Fading Channels.,https://dblp.org/rec/journals/corr/LeongQ15
5997,paper,On the Complexity of Local Graph Transformations.,https://dblp.org/rec/journals/corr/abs-1904-11395
5998,paper,Exact Counting and Sampling of Optima for the Knapsack Problem.,https://dblp.org/rec/journals/corr/abs-2106-07412
5999,paper,Quantum 2-SAT on low dimensional systems is QMA1-complete: Direct embeddings and black-box simulation.,https://dblp.org/rec/journals/corr/abs-2401-02368
6000,paper,Iterative Geometry Calibration from Distance Estimates for Wireless Acoustic Sensor Networks.,https://dblp.org/rec/journals/corr/abs-2012-06142
6001,paper,Self-stabilizing Overlays for high-dimensional Monotonic Searchability.,https://dblp.org/rec/journals/corr/abs-1808-10300
6002,paper,Structure-Aware Encodings of Argumentation Properties for Clique-width.,https://dblp.org/rec/journals/corr/abs-2511-10767
6003,paper,CrySL: Validating Correct Usage of Cryptographic APIs.,https://dblp.org/rec/journals/corr/abs-1710-00564
6004,paper,slash: A Technique for Static Configuration-Logic Identification.,https://dblp.org/rec/journals/corr/abs-2310-06758
6005,paper,The Softwarised Network Data Zoo.,https://dblp.org/rec/journals/corr/abs-1905-04962
6006,paper,Seamless Parametrization with Arbitrarily Prescribed Cones.,https://dblp.org/rec/journals/corr/abs-1810-02460
6007,paper,Microphone Array Signal Processing and Deep Learning for Speech Enhancement.,https://dblp.org/rec/journals/corr/abs-2501-07215
6008,paper,The Complexity of Equilibria for Risk-Modeling Valuations.,https://dblp.org/rec/journals/corr/MavronicolasM15
6009,paper,The Node Weight Dependent Traveling Salesperson Problem: Approximation Algorithms and Randomized Search Heuristics.,https://dblp.org/rec/journals/corr/abs-2002-01070
6010,paper,Beyond Gaze Points: Augmenting Eye Movement with Brainwave Data for Multimodal User Authentication in Extended Reality.,https://dblp.org/rec/journals/corr/abs-2404-18694
6011,paper,"(In)Existence of Equilibria for 2-Players, 2-Values Games with Concave Valuations.",https://dblp.org/rec/journals/corr/abs-2009-04425
6012,paper,An Algorithmic Framework for Shape Formation Problems in Self-Organizing Particle Systems.,https://dblp.org/rec/journals/corr/DerakhshandehGR15
6013,paper,A Theoretical and Experimental Comparison of the EM and SEM Algorithm.,https://dblp.org/rec/journals/corr/BlomerBK13
6014,paper,Improved Hardness Results for the Guided Local Hamiltonian Problem.,https://dblp.org/rec/journals/corr/abs-2207-10250
6015,paper,Basic Network Creation Games with Communication Interests,https://dblp.org/rec/journals/corr/abs-1207-5419
6016,paper,ACMiner: Extraction and Analysis of Authorization Checks in Android's Middleware.,https://dblp.org/rec/journals/corr/abs-1901-03603
6017,paper,Managing Multiple Mobile Resources.,https://dblp.org/rec/journals/corr/abs-1907-09834
6018,paper,NetNN: Neural Intrusion Detection System in Programmable Networks.,https://dblp.org/rec/journals/corr/abs-2406-19990
6019,paper,Hardness of approximation for quantum problems,https://dblp.org/rec/journals/corr/abs-1209-1055
6020,paper,On polynomially many queries to NP or QMA oracles.,https://dblp.org/rec/journals/corr/abs-2111-02296
6021,paper,Explainers' Mental Representations of Explainees' Needs in Everyday Explanations.,https://dblp.org/rec/journals/corr/abs-2411-08514
6022,paper,The Impact of Developer Experience in Using Java Cryptography.,https://dblp.org/rec/journals/corr/abs-1908-01489
6023,paper,On Synchronization of Wireless Acoustic Sensor Networks in the Presence of Time-varying Sampling Rate Offsets and Speaker Changes.,https://dblp.org/rec/journals/corr/abs-2110-12820
6024,paper,Extended Version: Security and Privacy Perceptions of Pakistani Facebook Matrimony Group Users.,https://dblp.org/rec/journals/corr/abs-2509-08782
6025,paper,Self-Wiring Question Answering Systems.,https://dblp.org/rec/journals/corr/UsbeckHDN16
6026,paper,TS-SEP: Joint Diarization and Separation Conditioned on Estimated Speaker Embeddings.,https://dblp.org/rec/journals/corr/abs-2303-03849
6027,paper,ITR: A grammar-based graph compressor supporting fast neighborhood queries.,https://dblp.org/rec/journals/corr/abs-2306-01028
6028,paper,EGNN-C+: Interpretable Evolving Granular Neural Network and Application in Classification of Weakly-Supervised EEG Data Streams.,https://dblp.org/rec/journals/corr/abs-2402-17792
6029,paper,Enhancing Human-in-the-Loop Adaptive Systems through Digital Twins and VR Interfaces.,https://dblp.org/rec/journals/corr/abs-2103-10804
6030,paper,A Physical Embedding Model for Knowledge Graphs.,https://dblp.org/rec/journals/corr/abs-2001-07418
6031,paper,Approximation and Heuristic Algorithms for Computing Backbones in Asymmetric Ad-Hoc Networks.,https://dblp.org/rec/journals/corr/Abu-KhzamMHS15
6032,paper,The Effect of Faults on Network Expansion,https://dblp.org/rec/journals/corr/cs-DC-0404029
6033,paper,Parameter Averaging in Link Prediction.,https://dblp.org/rec/journals/corr/abs-2510-25361
6034,paper,On the Shape Containment Problem within the Amoebot Model with Reconfigurable Circuits.,https://dblp.org/rec/journals/corr/abs-2501-16892
6035,paper,An Initialization Scheme for Meeting Separation with Spatial Mixture Models.,https://dblp.org/rec/journals/corr/abs-2204-01338
6036,paper,Computing Diverse Sets of High Quality TSP Tours by EAX-Based Evolutionary Diversity Optimisation.,https://dblp.org/rec/journals/corr/abs-2108-05005
6037,paper,A Distributed Approximation Algorithm for the Metric Uncapacitated Facility Location Problem in the Congest Model,https://dblp.org/rec/journals/corr/abs-1105-1248
6038,paper,Skeap & Leap: Scalable Distributed Priority Queues for constant and arbitrary Priorities.,https://dblp.org/rec/journals/corr/abs-1805-03472
6039,paper,Unsupervised Enhancement of Soft-biometric Privacy with Negative Face Recognition.,https://dblp.org/rec/journals/corr/abs-2002-09181
6040,paper,"Ethics in Computer Security Research: A Data-Driven Assessment of the Past, the Present, and the Possible Future.",https://dblp.org/rec/journals/corr/abs-2509-09351
6041,paper,Advancing Android Privacy Assessments with Automation.,https://dblp.org/rec/journals/corr/abs-2409-06564
6042,paper,A shallow neural model for relation prediction.,https://dblp.org/rec/journals/corr/abs-2101-09090
6043,paper,Competitive Routing in Hybrid Communication Networks.,https://dblp.org/rec/journals/corr/abs-1710-09280
6044,paper,More Effective Randomized Search Heuristics for Graph Coloring Through Dynamic Optimization.,https://dblp.org/rec/journals/corr/abs-2005-13825
6045,paper,Beyond Identity: What Information Is Stored in Biometric Face Templates?,https://dblp.org/rec/journals/corr/abs-2009-09918
6046,paper,An Attack on Feature Level-based Facial Soft-biometric Privacy Enhancement.,https://dblp.org/rec/journals/corr/abs-2111-12405
6047,paper,Best Practices For Empirical Meta-Algorithmic Research: Guidelines from the COSEAL Research Network.,https://dblp.org/rec/journals/corr/abs-2512-16491
6048,paper,Simple Methods for Initializing the EM Algorithm for Gaussian Mixture Models.,https://dblp.org/rec/journals/corr/BlomerB13
6049,paper,FreeBeacon: Efficient Communication and Data Aggregation in Battery-Free IoT.,https://dblp.org/rec/journals/corr/abs-2504-21571
6050,paper,Convolutional Complex Knowledge Graph Embeddings.,https://dblp.org/rec/journals/corr/abs-2008-03130
6051,paper,Augmenting Neural Machine Translation with Knowledge Graphs.,https://dblp.org/rec/journals/corr/abs-1902-08816
6052,paper,The Structural Power of Reconfigurable Circuits in the Amoebot Model.,https://dblp.org/rec/journals/corr/abs-2205-02610
6053,paper,Lost and not Found: An Investigation of Recovery Methods for Multi-Factor Authentication.,https://dblp.org/rec/journals/corr/abs-2306-09708
6054,paper,MiDeCon: Unsupervised and Accurate Fingerprint and Minutia Quality Assessment based on Minutia Detection Confidence.,https://dblp.org/rec/journals/corr/abs-2106-05601
6055,paper,Benchmarking Time Series Foundation Models for Short-Term Household Electricity Load Forecasting.,https://dblp.org/rec/journals/corr/abs-2410-09487
6056,paper,Error Analysis in a Modular Meeting Transcription System.,https://dblp.org/rec/journals/corr/abs-2509-10143
6057,paper,On Single-Objective Sub-Graph-Based Mutation for Solving the Bi-Objective Minimum Spanning Tree Problem.,https://dblp.org/rec/journals/corr/abs-2306-00222
6058,paper,Averaged Hausdorff Approximations of Pareto Fronts based on Multiobjective Estimation of Distribution Algorithms.,https://dblp.org/rec/journals/corr/MartiGKTR15
6059,paper,Unsupervised training of a deep clustering model for multichannel blind source separation.,https://dblp.org/rec/journals/corr/abs-1904-01340
6060,paper,Bridging the Dual Nature: How Integrated Explanations Enhance Understanding of Technical Artifacts.,https://dblp.org/rec/journals/corr/abs-2603-24325
6061,paper,MO-IOHinspector: Anytime Benchmarking of Multi-Objective Algorithms using IOHprofiler.,https://dblp.org/rec/journals/corr/abs-2412-07444
6062,paper,Enabling Electronic Structure-Based Ab-Initio Molecular Dynamics Simulations with Hundreds of Millions of Atoms.,https://dblp.org/rec/journals/corr/abs-2104-08245
6063,paper,Graph-PIT: Generalized permutation invariant training for continuous separation of arbitrary numbers of speakers.,https://dblp.org/rec/journals/corr/abs-2107-14446
6064,paper,Fluently specifying taint-flow queries with fluentTQL.,https://dblp.org/rec/journals/corr/abs-2204-03089
6065,paper,From Model-Based and Adaptive Control to Evolving Fuzzy Control.,https://dblp.org/rec/journals/corr/abs-2506-06594
6066,paper,Otus Supercomputer.,https://dblp.org/rec/journals/corr/abs-2512-07401
6067,paper,AntiJam: Efficient Medium Access despite Adaptive and Reactive Jamming,https://dblp.org/rec/journals/corr/abs-1007-4389
6068,paper,Semantic-based End-to-End Learning for Typhoon Intensity Prediction.,https://dblp.org/rec/journals/corr/abs-2003-13779
6069,paper,Accelerating Amoebots via Reconfigurable Circuits.,https://dblp.org/rec/journals/corr/abs-2105-05071
6070,paper,NeuroBench: An Open-Source Benchmark Framework for the Standardization of Methodology in Brainwave-based Authentication Research.,https://dblp.org/rec/journals/corr/abs-2402-08656
6071,paper,Computing and Compressing Electron Repulsion Integrals on FPGAs.,https://dblp.org/rec/journals/corr/abs-2303-13632
6072,paper,NOMA-based Improper Signaling for Multicell MISO RIS-assisted Broadcast Channels.,https://dblp.org/rec/journals/corr/abs-2206-03795
6073,paper,S3C2 SICP Summit 2025-06: Vulnerability Response Summit.,https://dblp.org/rec/journals/corr/abs-2512-02600
6074,paper,Universal Coating for Programmable Matter.,https://dblp.org/rec/journals/corr/DerakhshandehGR16
6075,paper,On the Runtime of Universal Coating for Programmable Matter.,https://dblp.org/rec/journals/corr/DerakhshandehGP16
6076,paper,Efficient and Scalable Multi-task Regression on Massive Number of Tasks.,https://dblp.org/rec/journals/corr/abs-1811-05695
6077,paper,Sustainability Flags for the Identification of Sustainability Posts in Q&A Platforms.,https://dblp.org/rec/journals/corr/abs-2507-02695
6078,paper,Automatically Estimating the Effort Required to Repay Self-Admitted Technical Debt.,https://dblp.org/rec/journals/corr/abs-2309-06020
6079,paper,De Dictionariis Dynamicis Pauco Spatio Utentibus,https://dblp.org/rec/journals/corr/abs-cs-0512081
6080,paper,Counting of Teams in First-Order Team Logics.,https://dblp.org/rec/journals/corr/abs-1902-00246
6081,paper,Comparison of Evolving Granular Classifiers applied to Anomaly Detection for Predictive Maintenance in Computing Centers.,https://dblp.org/rec/journals/corr/abs-2005-04156
6082,paper,Effects of Human Avatar Representation in Virtual Reality on Inter-Brain Connection.,https://dblp.org/rec/journals/corr/abs-2410-21894
6083,paper,"'Surprised, Shocked, Worried': User Reactions to Facebook Data Collection from Third Parties.",https://dblp.org/rec/journals/corr/abs-2209-08048
6084,paper,The 3D Motorcycle Complex for Structured Volume Decomposition.,https://dblp.org/rec/journals/corr/abs-2112-05793
6085,paper,SA-SDR: A novel loss function for separation of meeting style data.,https://dblp.org/rec/journals/corr/abs-2110-15581
6086,paper,Sublinear-Time Reconfiguration of Programmable Matter with Joint Movements.,https://dblp.org/rec/journals/corr/abs-2603-10720
6087,paper,Symplectic Methods in Deep Learning.,https://dblp.org/rec/journals/corr/abs-2406-04104
6088,paper,Forward-Backward Convolutional Recurrent Neural Networks and Tag-Conditioned Convolutional Neural Networks for Weakly Labeled Semi-supervised Sound Event Detection.,https://dblp.org/rec/journals/corr/abs-2103-06581
6089,paper,Social Bots: Human-Like by Means of Human Control?,https://dblp.org/rec/journals/corr/GrimmePAT17
6090,paper,"Location, location, location: Satellite image-based real-estate appraisal.",https://dblp.org/rec/journals/corr/abs-2006-11406
6091,paper,Semantics-Aware Caching for Concept Learning.,https://dblp.org/rec/journals/corr/abs-2603-06506
6092,paper,"DebtViz: A Tool for Identifying, Measuring, Visualizing, and Monitoring Self-Admitted Technical Debt.",https://dblp.org/rec/journals/corr/abs-2308-13128
6093,paper,A Communication-Efficient Distributed Data Structure for Top-k and k-Select Queries.,https://dblp.org/rec/journals/corr/abs-1709-07259
6094,paper,Theoretical Analysis of the $k$-Means Algorithm - A Survey.,https://dblp.org/rec/journals/corr/BlomerL0S16
6095,paper,Mapping and Optimizing Communication in ROS 2-based Applications on Configurable System-on-Chip Platforms.,https://dblp.org/rec/journals/corr/abs-2306-12761
6096,paper,Investigating Co-Constructive Behavior of Large Language Models in Explanation Dialogues.,https://dblp.org/rec/journals/corr/abs-2504-18483
6097,paper,Supervised Distributed Computing.,https://dblp.org/rec/journals/corr/abs-2503-11600
6098,paper,A Massively Parallel Algorithm for the Approximate Calculation of Inverse p-th Roots of Large Sparse Matrices.,https://dblp.org/rec/journals/corr/abs-1710-10899
6099,paper,The Impact of Delegating Decision Making to IT on the Sunk Cost Effect,https://dblp.org/rec/journals/corr/abs-1110-2096
6100,paper,MeetEval: A Toolkit for Computation of Word Error Rates for Meeting Transcription Systems.,https://dblp.org/rec/journals/corr/abs-2307-11394
6101,paper,Efficient Explainable Face Verification based on Similarity Score Argument Backpropagation.,https://dblp.org/rec/journals/corr/abs-2304-13409
6102,paper,Remote State Estimation over Packet Dropping Links in the Presence of an Eavesdropper.,https://dblp.org/rec/journals/corr/LeongQDD17
6103,paper,A Holistic Natural Language Generation Framework for the Semantic Web.,https://dblp.org/rec/journals/corr/abs-1911-01248
6104,paper,Ameba-inspired Self-organizing Particle Systems.,https://dblp.org/rec/journals/corr/DolevGRS13
6105,paper,A Bounding Box Overlay for Competitive Routing in Hybrid Communication Networks.,https://dblp.org/rec/journals/corr/abs-1810-05453
6106,paper,Efficient XML Keyword Search based on DAG-Compression.,https://dblp.org/rec/journals/corr/BottcherHR13
6107,paper,NABU - Multilingual Graph-based Neural RDF Verbalizer.,https://dblp.org/rec/journals/corr/abs-2009-07728
6108,paper,IPA: Inference Pipeline Adaptation to Achieve High Accuracy and Cost-Efficiency.,https://dblp.org/rec/journals/corr/abs-2308-12871
6109,paper,Evolutionary Diversity Optimization and the Minimum Spanning Tree Problem.,https://dblp.org/rec/journals/corr/abs-2010-10913
6110,paper,Rate Analysis and Optimization of LoS Beyond Diagonal RIS-assisted MIMO Systems.,https://dblp.org/rec/journals/corr/abs-2504-07647
6111,paper,Threshold Independent Evaluation of Sound Event Detection Scores.,https://dblp.org/rec/journals/corr/abs-2201-13148
6112,paper,Runtime Analysis of Quality Diversity Algorithms.,https://dblp.org/rec/journals/corr/abs-2305-18966
6113,paper,Anytime Behavior of Inexact TSP Solvers and Perspectives for Automated Algorithm Selection.,https://dblp.org/rec/journals/corr/abs-2005-13289
6114,paper,On Runge-Kutta convolution quadrature based fractional variational integrators.,https://dblp.org/rec/journals/corr/abs-2510-11082
6115,paper,A Soundness and Precision Benchmark for Java Debloating Tools.,https://dblp.org/rec/journals/corr/abs-2510-20679
6116,paper,"Where and What do Software Architects blog? An Exploratory Study on Architectural Knowledge in Blogs, and their Relevance to Design Steps.",https://dblp.org/rec/journals/corr/abs-2303-10015
6117,paper,IBB: Fast Burrows-Wheeler Transform Construction for Length-Diverse DNA Data.,https://dblp.org/rec/journals/corr/abs-2502-01327
6118,paper,Shape Formation and Locomotion with Joint Movements in the Amoebot Model.,https://dblp.org/rec/journals/corr/abs-2305-06146
6119,paper,Virtual Reality in University Teaching: Experiences from a Computer Science Seminar.,https://dblp.org/rec/journals/corr/abs-2211-12221
6120,paper,"End-to-End Dereverberation, Beamforming, and Speech Recognition with Improved Numerical Stability and Advanced Frontend.",https://dblp.org/rec/journals/corr/abs-2102-11525
6121,paper,Distributed Computation in the Node-Congested Clique.,https://dblp.org/rec/journals/corr/abs-1805-07294
6122,paper,From Pixels to Words: Leveraging Explainability in Face Recognition through Interactive Natural Language Processing.,https://dblp.org/rec/journals/corr/abs-2409-16089
6123,paper,Commutator-free Cayley methods.,https://dblp.org/rec/journals/corr/abs-2408-13043
6124,paper,Collaborative Software Modeling in Virtual Reality.,https://dblp.org/rec/journals/corr/abs-2107-12772
6125,paper,RDF2PT: Generating Brazilian Portuguese Texts from RDF Data.,https://dblp.org/rec/journals/corr/abs-1802-08150
6126,paper,Resilience in Knowledge Graph Embeddings.,https://dblp.org/rec/journals/corr/abs-2410-21163
6127,paper,Skueue: A Scalable and Sequentially Consistent Distributed Queue.,https://dblp.org/rec/journals/corr/abs-1802-07504
6128,paper,Aligning Generalisation Between Humans and Machines.,https://dblp.org/rec/journals/corr/abs-2411-15626
6129,paper,High Level Synthesis Implementation of a Three-dimensional Systolic Array Architecture for Matrix Multiplications on Intel Stratix 10 FPGAs.,https://dblp.org/rec/journals/corr/abs-2110-11521
6130,paper,Online Connected Dominating Set Leasing.,https://dblp.org/rec/journals/corr/abs-1805-02994
6131,paper,Template-based Question Answering using Recursive Neural Networks.,https://dblp.org/rec/journals/corr/abs-2004-13843
6132,paper,The separation problem for regular languages by piecewise testable languages,https://dblp.org/rec/journals/corr/abs-1303-2143
6133,paper,Using Approximate Computing for the Calculation of Inverse Matrix p-th Roots.,https://dblp.org/rec/journals/corr/LassKP17
6134,paper,Automated Algorithm Selection: Survey and Perspectives.,https://dblp.org/rec/journals/corr/abs-1811-11597
6135,paper,Unsupervised training of neural mask-based beamforming.,https://dblp.org/rec/journals/corr/abs-1904-01578
6136,paper,A Multirate Variational Approach to Nonlinear MPC.,https://dblp.org/rec/journals/corr/abs-2111-04811
6137,paper,CamBench - Cryptographic API Misuse Detection Tool Benchmark Suite.,https://dblp.org/rec/journals/corr/abs-2204-06447
6138,paper,Automatically Identifying Relations Between Self-Admitted Technical Debt Across Different Sources.,https://dblp.org/rec/journals/corr/abs-2303-07079
6139,paper,Parameterised Complexity of Propositional Logic in Team Semantics.,https://dblp.org/rec/journals/corr/abs-2105-14887
6140,paper,Entity Linking in 40 Languages using MAG.,https://dblp.org/rec/journals/corr/abs-1805-11467
6141,paper,Automatic Generation of Benchmarks for Entity Recognition and Linking.,https://dblp.org/rec/journals/corr/abs-1710-08691
6142,paper,30+ Years of Source Separation Research: Achievements and Future Challenges.,https://dblp.org/rec/journals/corr/abs-2501-11837
6143,paper,Parameterised Counting Classes with Bounded Nondeterminism.,https://dblp.org/rec/journals/corr/abs-1904-12156
6144,paper,Uncertainty Propagation in Node Classification.,https://dblp.org/rec/journals/corr/abs-2304-00918
6145,paper,On Discrete Conformal Seamless Similarity Maps.,https://dblp.org/rec/journals/corr/CampenZ17
6146,paper,The Complexity of Translationally Invariant Problems beyond Ground State Energies.,https://dblp.org/rec/journals/corr/abs-2012-12717
6147,paper,CONE-DHT: A distributed self-stabilizing algorithm for a heterogeneous storage system.,https://dblp.org/rec/journals/corr/KniesburgesKS13a
6148,paper,"BQP, meet NP: Search-to-decision reductions and approximate counting.",https://dblp.org/rec/journals/corr/abs-2401-03943
6149,paper,To what extent can we analyze Kotlin programs using existing Java taint analysis tools? (Extended Version),https://dblp.org/rec/journals/corr/abs-2207-09379
6150,paper,Operator as a Service: Stateful Serverless Complex Event Processing.,https://dblp.org/rec/journals/corr/abs-2012-04982
6151,paper,Answering Fuzzy Conjunctive Queries over Finitely Valued Fuzzy Ontologies.,https://dblp.org/rec/journals/corr/BorgwardtMPT15
6152,paper,Overview of the Wikidata Vandalism Detection Task at WSDM Cup 2017.,https://dblp.org/rec/journals/corr/abs-1712-05956
6153,paper,A Robust Prototype-Based Network with Interpretable RBF Classifier Foundations.,https://dblp.org/rec/journals/corr/abs-2412-15499
6154,paper,Dung's Argumentation Framework: Unveiling the Expressive Power with Inconsistent Databases.,https://dblp.org/rec/journals/corr/abs-2412-11617
6155,paper,Universal Coating in the 3D Hybrid Model.,https://dblp.org/rec/journals/corr/abs-2303-16180
6156,paper,Efficient TBox Reasoning with Value Restrictions using the ℱℒ0wer reasoner.,https://dblp.org/rec/journals/corr/abs-2107-12877
6157,paper,Knowledge Graphs for Multilingual Language Translation and Generation.,https://dblp.org/rec/journals/corr/abs-2009-07715
6158,paper,A computation of D(9) using FPGA Supercomputing.,https://dblp.org/rec/journals/corr/abs-2304-03039
6159,paper,Variational multirate integrators.,https://dblp.org/rec/journals/corr/abs-2406-12991
6160,paper,Automatic Identification of Self-Admitted Technical Debt from Different Sources.,https://dblp.org/rec/journals/corr/abs-2202-02387
6161,paper,Multi-path RNN for hierarchical modeling of long sequential data and its application to speaker stream separation.,https://dblp.org/rec/journals/corr/abs-2006-13579
6162,paper,Bytecode-centric Detection of Known-to-be-vulnerable Dependencies in Java Projects.,https://dblp.org/rec/journals/corr/abs-2510-19393
6163,paper,Hard-Clustering with Gaussian Mixture Models.,https://dblp.org/rec/journals/corr/BlomerBB16
6164,paper,Adaptive higher order reversible integrators for memory efficient deep learning.,https://dblp.org/rec/journals/corr/abs-2410-09537
6165,paper,Non-Clairvoyant Scheduling to Minimize Max Flow Time on a Machine with Setup Times.,https://dblp.org/rec/journals/corr/abs-1709-05896
6166,paper,Towards Learning-Augmented Peer-to-Peer Networks: Self-Stabilizing Graph Linearization with Untrusted Advice.,https://dblp.org/rec/journals/corr/abs-2504-02448
6167,paper,A Novel Feature-Based Approach to Characterize Algorithm Performance for the Traveling Salesman Problem,https://dblp.org/rec/journals/corr/abs-1208-2318
6168,paper,Stack Overflow Considered Harmful? The Impact of Copy&Paste on Android Application Security.,https://dblp.org/rec/journals/corr/abs-1710-03135
6169,paper,Dynamic Backhaul Network Configuration in SDN-based Cloud RANs.,https://dblp.org/rec/journals/corr/DraxlerK15
6170,paper,Power allocation for state estimation over wireless channels using multiple sensors,https://dblp.org/rec/journals/corr/abs-0803-3850
6171,paper,Learning of discrete models of variational PDEs from data.,https://dblp.org/rec/journals/corr/abs-2308-05082
6172,paper,Enumerating Teams in First-Order Team Logics.,https://dblp.org/rec/journals/corr/abs-2006-06953
6173,paper,On Competitive Algorithms for Approximations of Top-k-Position Monitoring of Distributed Streams.,https://dblp.org/rec/journals/corr/MackerMH16
6174,paper,LITMUS: An Open Extensible Framework for Benchmarking RDF Data Management Solutions.,https://dblp.org/rec/journals/corr/ThakkarDSNDLLAV16
6175,paper,How far are German companies in improving security through static program analysis tools?,https://dblp.org/rec/journals/corr/abs-2208-06136
6176,paper,The k-Server with Preferences Problem.,https://dblp.org/rec/journals/corr/abs-2205-11102
6177,paper,ROPocop - Dynamic Mitigation of Code-Reuse Attacks.,https://dblp.org/rec/journals/corr/FollnerB15
6178,paper,Quantum generalizations of the polynomial hierarchy with applications to QMA(2).,https://dblp.org/rec/journals/corr/abs-1805-11139
6179,paper,Embedding Knowledge Graph in Function Spaces.,https://dblp.org/rec/journals/corr/abs-2409-14857
6180,paper,Time-Optimal Construction of Overlay Networks.,https://dblp.org/rec/journals/corr/abs-2009-03987
6181,paper,An Empirical Study of Large Language Models for Type and Call Graph Analysis.,https://dblp.org/rec/journals/corr/abs-2410-00603
6182,paper,ROCKER: A Refinement Operator for Key Discovery.,https://dblp.org/rec/journals/corr/SoruMN17
6183,paper,A Teacher-Student approach for extracting informative speaker embeddings from speech mixtures.,https://dblp.org/rec/journals/corr/abs-2306-00634
6184,paper,S3C2 Summit 2202-09: Industry Secure Suppy Chain Summit.,https://dblp.org/rec/journals/corr/abs-2307-15642
6185,paper,S3C2 Summit 2023-11: Industry Secure Supply Chain Summit.,https://dblp.org/rec/journals/corr/abs-2408-16529
6186,paper,Hamiltonian Neural Networks with Automatic Symmetry Detection.,https://dblp.org/rec/journals/corr/abs-2301-07928
6187,paper,"Quantum Polynomial Hierarchies: Karp-Lipton, error reduction, and lower bounds.",https://dblp.org/rec/journals/corr/abs-2401-01633
6188,paper,topFiberM: Scalable and Efficient Boolean Matrix Factorization.,https://dblp.org/rec/journals/corr/abs-1903-10326
6189,paper,A Simple Approach to Intrinsic Correspondence Learning on Unstructured 3D Meshes.,https://dblp.org/rec/journals/corr/abs-1809-06664
6190,paper,Variational integration of learned dynamical systems.,https://dblp.org/rec/journals/corr/abs-2112-12619
6191,paper,Efficient Shape Formation by 3D Hybrid Programmable Matter: An Algorithm for Low Diameter Intermediate Structures.,https://dblp.org/rec/journals/corr/abs-2401-17734
6192,paper,Approximation Algorithms for Fair Range Clustering.,https://dblp.org/rec/journals/corr/abs-2306-06778
6193,paper,Convex Hull Formation for Programmable Matter.,https://dblp.org/rec/journals/corr/abs-1805-06149
6194,paper,Annex: Radon - Rapid Discovery of Topological Relations.,https://dblp.org/rec/journals/corr/SherifDSN16
6195,paper,Mixture Encoder Supporting Continuous Speech Separation for Meeting Recognition.,https://dblp.org/rec/journals/corr/abs-2309-08454
6196,paper,On Scaling Laws of Diversity Schemes in Decentralized Estimation,https://dblp.org/rec/journals/corr/abs-1002-4473
6197,paper,UML 2.0 - Overview and Perspectives in SoC Design,https://dblp.org/rec/journals/corr/abs-0710-4641
6198,paper,On the complexity of estimating ground state entanglement and free energy.,https://dblp.org/rec/journals/corr/abs-2510-06796
6199,paper,A Comprehensive Study on Face Recognition Biases Beyond Demographics.,https://dblp.org/rec/journals/corr/abs-2103-01592
6200,paper,Hybridizing Target- and SHAP-encoded Features for Algorithm Selection in Mixed-variable Black-box Optimization.,https://dblp.org/rec/journals/corr/abs-2407-07439
6201,paper,Do Android App Developers Accurately Report Collection of Privacy-Related Data?,https://dblp.org/rec/journals/corr/abs-2409-04167
6202,paper,End-to-end training of time domain audio separation and recognition.,https://dblp.org/rec/journals/corr/abs-1912-08462
6203,paper,Software Security Analysis in 2030 and Beyond: A Research Roadmap.,https://dblp.org/rec/journals/corr/abs-2409-17844
6204,paper,Revealing Secrets in SPARQL Session Level.,https://dblp.org/rec/journals/corr/abs-2009-06625
6205,paper,A Tale of Two Scales: Reconciling Horizontal and Vertical Scaling for Inference Serving Systems.,https://dblp.org/rec/journals/corr/abs-2407-14843
6206,paper,QMA variants with polynomially many provers,https://dblp.org/rec/journals/corr/abs-1108-0617
6207,paper,Explaining Software Vulnerabilities with Large Language Models.,https://dblp.org/rec/journals/corr/abs-2511-04179
6208,paper,Stability Enforced Bandit Algorithms for Channel Selection in Remote State Estimation.,https://dblp.org/rec/journals/corr/abs-2205-09923
6209,paper,From Detection to Prevention: Explaining Security-Critical Code to Avoid Vulnerabilities.,https://dblp.org/rec/journals/corr/abs-2602-00711
6210,paper,Achieving Energy Efficiency in Cloud Brokering.,https://dblp.org/rec/journals/corr/WangJGKB16
6211,paper,Monitoring of Domain-Related Problems in Distributed Data Streams.,https://dblp.org/rec/journals/corr/BemmannBBKKKKMM17
6212,paper,Neural networks in 3D medical scan visualization,https://dblp.org/rec/journals/corr/abs-0806-2925
6213,paper,Combining Causal Discovery and Machine Learning for Modeling Data Center Operations.,https://dblp.org/rec/journals/corr/abs-2410-09516
6214,paper,On efficiently solvable cases of Quantum k-SAT.,https://dblp.org/rec/journals/corr/abs-1712-09617
6215,paper,Cayley Commutator-free Methods for Krotov-Type Algorithms in Quantum Optimal Control.,https://dblp.org/rec/journals/corr/abs-2603-11697
6216,paper,Generating Instances with Performance Differences for More Than Just Two Algorithms.,https://dblp.org/rec/journals/corr/abs-2104-14275
6217,paper,SPREAD: Sampling-based Pareto front Refinement via Efficient Adaptive Diffusion.,https://dblp.org/rec/journals/corr/abs-2509-21058
6218,paper,Design of Distributed Reconfigurable Robotics Systems with ReconROS.,https://dblp.org/rec/journals/corr/abs-2107-07208
6219,paper,ORCA: a Benchmark for Data Web Crawlers.,https://dblp.org/rec/journals/corr/abs-1912-08026
6220,paper,The complexity of estimating local physical quantities.,https://dblp.org/rec/journals/corr/GharibianY16
6221,paper,Do Android Taint Analysis Tools Keep their Promises?,https://dblp.org/rec/journals/corr/abs-1804-02903
6222,paper,Post-Processing Independent Evaluation of Sound Event Detection Systems.,https://dblp.org/rec/journals/corr/abs-2306-15440
6223,paper,Symplectic integration of learned Hamiltonian systems.,https://dblp.org/rec/journals/corr/abs-2108-02492
6224,paper,Diminishing Domain Mismatch for DNN-Based Acoustic Distance Estimation via Stochastic Room Reverberation Models.,https://dblp.org/rec/journals/corr/abs-2408-14213
6225,paper,A Unifying Approach to Efficient (Near)-Gathering of Disoriented Robots with Limited Visibility.,https://dblp.org/rec/journals/corr/abs-2206-07567
6226,paper,A linear time algorithm for quantum 2-SAT.,https://dblp.org/rec/journals/corr/BeaudrapG15
6227,paper,A Comparison and Combination of Unsupervised Blind Source Separation Techniques.,https://dblp.org/rec/journals/corr/abs-2106-05627
6228,paper,Improving optimal control of grid-connected lithium-ion batteries through more accurate battery and degradation modelling.,https://dblp.org/rec/journals/corr/abs-1710-04552
6229,paper,"Technical Report: Comparative Evaluation of AR-based, VR-based, and Traditional Basic Life Support Training.",https://dblp.org/rec/journals/corr/abs-2207-03306
6230,paper,Visualizing Privacy-Relevant Data Flows in Android Applications.,https://dblp.org/rec/journals/corr/abs-2503-16640
6231,paper,NeuralREG: An end-to-end approach to referring expression generation.,https://dblp.org/rec/journals/corr/abs-1805-08093
6232,paper,Mandolin: A Knowledge Discovery Framework for the Web of Data.,https://dblp.org/rec/journals/corr/abs-1711-01283
6233,paper,Parameterised Complexity for Abduction.,https://dblp.org/rec/journals/corr/abs-1906-00703
6234,paper,Learning discrete Lagrangians for variationalPDEs from data and detection of travelling waves.,https://dblp.org/rec/journals/corr/abs-2302-08232
6235,paper,Data-Driven Models for Control Engineering Applications Using the Koopman Operator.,https://dblp.org/rec/journals/corr/abs-2112-07983
6236,paper,Debugging Static Analysis.,https://dblp.org/rec/journals/corr/abs-1801-04894
6237,paper,Minimum Linear Arrangement of Series-Parallel Graphs.,https://dblp.org/rec/journals/corr/EikelSS14a
6238,paper,Data On the Go: Seamless Data Routing for Intermittently-Powered Battery-Free Sensing.,https://dblp.org/rec/journals/corr/abs-2402-00872
6239,paper,EvoLearner: Learning Description Logics with Evolutionary Algorithms.,https://dblp.org/rec/journals/corr/abs-2111-04879
6240,paper,Specifying and Analyzing Virtual Network Services Using Queuing Petri Nets.,https://dblp.org/rec/journals/corr/abs-1803-07007
6241,paper,I know what leaked in your pocket: uncovering privacy leaks on Android Apps with Static Taint Analysis.,https://dblp.org/rec/journals/corr/LiBKTARBOM14
6242,paper,CP2K on the road to exascale.,https://dblp.org/rec/journals/corr/abs-2205-14741
6243,paper,Modeling Appropriate Language in Argumentation.,https://dblp.org/rec/journals/corr/abs-2305-14935
6244,paper,"Multi-talker ASR for an unknown number of sources: Joint training of source counting, separation and ASR.",https://dblp.org/rec/journals/corr/abs-2006-02786
6245,paper,,https://dblp.org/rec/journals/corr/abs-2309-00744
6246,paper,Why not? Developing ABox Abduction beyond Repairs.,https://dblp.org/rec/journals/corr/abs-2507-21955
6247,paper,Future Computer Systems and Networking Research in the Netherlands: A Manifesto.,https://dblp.org/rec/journals/corr/abs-2206-03259
6248,paper,Sensitivity-Guided Framework for Pruned and Quantized Reservoir Computing Accelerators.,https://dblp.org/rec/journals/corr/abs-2603-08737
6249,paper,A Model-Theoretic Characterization of Constant-Depth Arithmetic Circuits.,https://dblp.org/rec/journals/corr/HaakV16
6250,paper,Optimizing the depth of variational quantum algorithms is strongly QCMA-hard to approximate.,https://dblp.org/rec/journals/corr/abs-2211-12519
6251,paper,Rejection in Abstract Argumentation: Harder Than Acceptance?,https://dblp.org/rec/journals/corr/abs-2408-10683
6252,paper,SPARQL as a Foreign Language.,https://dblp.org/rec/journals/corr/abs-1708-07624
6253,paper,Landscape Features in Single-Objective Continuous Optimization: Have We Hit a Wall in Algorithm Selection Generalization?,https://dblp.org/rec/journals/corr/abs-2501-17663
6254,paper,Optimization of the Downlink Spectral- and Energy-Efficiency of RIS-aided Multi-user URLLC MIMO Systems.,https://dblp.org/rec/journals/corr/abs-2402-16434
6255,paper,Distributed Construction of Near-Optimal Compact Routing Schemes for Planar Graphs.,https://dblp.org/rec/journals/corr/abs-2305-02854
6256,paper,Knowledge Graphs.,https://dblp.org/rec/journals/corr/abs-2003-02320
6257,paper,The Online Multi-Commodity Facility Location Problem.,https://dblp.org/rec/journals/corr/abs-2005-08391
6258,paper,Robust Explanations Through Uncertainty Decomposition: A Path to Trustworthier AI.,https://dblp.org/rec/journals/corr/abs-2507-12913
6259,paper,Multi-objective minimum time optimal control for low-thrust trajectory design.,https://dblp.org/rec/journals/corr/abs-2103-08813
6260,paper,fpgaDDS: An Intra-FPGA Data Distribution Service for ROS 2 Robotics Applications.,https://dblp.org/rec/journals/corr/abs-2303-00532
6261,paper,An Ontology of Preference-Based Multiobjective Evolutionary Algorithms.,https://dblp.org/rec/journals/corr/LiYFTJE16
6262,paper,A Case for a Programmable Edge Storage Middleware.,https://dblp.org/rec/journals/corr/abs-2111-14720
6263,paper,Beyond Markov Logic: Efficient Mining of Prediction Rules in Large Graphs.,https://dblp.org/rec/journals/corr/abs-1802-03638
6264,paper,Easy-to-Use On-the-Fly Binary Program Acceleration on Many-Cores.,https://dblp.org/rec/journals/corr/DamschenP14
6265,paper,A multirate variational approach to simulation and optimal control for flexible spacecraft.,https://dblp.org/rec/journals/corr/abs-2009-05873
6266,paper,Forms of Understanding of XAI-Explanations.,https://dblp.org/rec/journals/corr/abs-2311-08760
6267,paper,"Beyond the Boolean: How Programmers Ask About, Use, and Discuss Gender.",https://dblp.org/rec/journals/corr/abs-2302-05351
6268,paper,Distributed Diamond Formation of Sliding Squares.,https://dblp.org/rec/journals/corr/abs-2508-09638
6269,paper,Online Top-k-Position Monitoring of Distributed Data Streams.,https://dblp.org/rec/journals/corr/MackerMH14
6270,paper,MetaBags: Bagged Meta-Decision Trees for Regression.,https://dblp.org/rec/journals/corr/abs-1804-06207
6271,paper,Solving Polynomial Equations Over Finite Fields.,https://dblp.org/rec/journals/corr/abs-2410-20162
6272,paper,Utterance-by-utterance overlap-aware neural diarization with Graph-PIT.,https://dblp.org/rec/journals/corr/abs-2207-13888
6273,paper,Time Complexity Analysis of Randomized Search Heuristics for the Dynamic Graph Coloring Problem.,https://dblp.org/rec/journals/corr/abs-2105-12525
6274,paper,Dynamic Bi-Objective Routing of Multiple Vehicles.,https://dblp.org/rec/journals/corr/abs-2005-13872
6275,paper,Awareness and Movement vs. the Spread of Epidemics - Analyzing a Dynamic Model for Urban Social/Technological Networks,https://dblp.org/rec/journals/corr/abs-1109-3547
6276,paper,The (Un)suitability of Passwords and Password Managers in Virtual Reality.,https://dblp.org/rec/journals/corr/abs-2503-18550
6277,paper,Adding Why to What? Analyses of an Everyday Explanation.,https://dblp.org/rec/journals/corr/abs-2308-04187
6278,paper,Polylogarithmic Time Algorithms for Shortest Path Forests in Programmable Matter.,https://dblp.org/rec/journals/corr/abs-2402-12123
6279,paper,OpenML: An R Package to Connect to the Networked Machine Learning Platform OpenML.,https://dblp.org/rec/journals/corr/CasalicchioBLKK17
6280,paper,Learning an Interpretable Graph Structure in Multi-Task Learning.,https://dblp.org/rec/journals/corr/abs-2009-05618
6281,paper,A Loosely Self-stabilizing Protocol for Randomized Congestion Control with Logarithmic Memory.,https://dblp.org/rec/journals/corr/abs-1909-04544
6282,paper,Improved Hardness of Approximation for Stackelberg Shortest-Path Pricing,https://dblp.org/rec/journals/corr/abs-0910-0110
6283,paper,Self-Adaptive Digital Assistance Systems for Work 4.0.,https://dblp.org/rec/journals/corr/abs-2211-16895
6284,paper,Co-design of jump estimators and transmission policies for wireless multi-hop networks with fading channels .,https://dblp.org/rec/journals/corr/DolzQPLS17
6285,paper,Safe Learning of Uncertain Environments for Nonlinear Control-Affine Systems.,https://dblp.org/rec/journals/corr/abs-2103-01413
6286,paper,TANKER: Distributed Architecture for Named Entity Recognition and Disambiguation.,https://dblp.org/rec/journals/corr/abs-1708-09230
6287,paper,Approximate Uncertainty Propagation for Continuous Gaussian Process Dynamical Systems.,https://dblp.org/rec/journals/corr/abs-2211-11103
6288,paper,Guided Source Separation Meets a Strong ASR Backend: Hitachi/Paderborn University Joint Investigation for Dinner Party ASR.,https://dblp.org/rec/journals/corr/abs-1905-12230
6289,paper,,https://dblp.org/rec/journals/corr/abs-2212-08396
6290,paper,PABO: A Link-Layer Congestion Mitigation Mechanism Based on Packet Bounce.,https://dblp.org/rec/journals/corr/abs-1802-07429
6291,paper,Routing for Energy Minimization with Discrete Cost Functions,https://dblp.org/rec/journals/corr/abs-1302-0234
6292,paper,Performance Evaluation of Knowledge Graph Embedding Approaches under Non-adversarial Attacks.,https://dblp.org/rec/journals/corr/abs-2407-06855
6293,paper,Approximating Weighted Completion Time for Order Scheduling with Setup Times.,https://dblp.org/rec/journals/corr/abs-1910-08360
6294,paper,Speeding Up Permutation Invariant Training for Source Separation.,https://dblp.org/rec/journals/corr/abs-2107-14445
6295,paper,Extended Version: It Should Be Easy but... New Users Experiences and Challenges with Secret Management Tools.,https://dblp.org/rec/journals/corr/abs-2509-09036
6296,paper,When the Metaverse Meets Carbon Neutrality: Ongoing Efforts and Directions.,https://dblp.org/rec/journals/corr/abs-2301-10235
6297,paper,AutonomROS: A ReconROS-based Autonomonous Driving Unit.,https://dblp.org/rec/journals/corr/abs-2309-02026
6298,paper,Bilevel Continual Learning.,https://dblp.org/rec/journals/corr/abs-2011-01168
6299,paper,,https://dblp.org/rec/journals/corr/abs-2208-11581
6300,paper,Parameterized Complexity of Logic-Based Argumentation in Schaefer's Framework.,https://dblp.org/rec/journals/corr/abs-2102-11782
6301,paper,Convolutional Hypercomplex Embeddings for Link Prediction.,https://dblp.org/rec/journals/corr/abs-2106-15230
6302,paper,HybridFC: A Hybrid Fact-Checking Approach for Knowledge Graphs.,https://dblp.org/rec/journals/corr/abs-2409-06692
6303,paper,Enhancing Comprehension and Navigation in Jupyter Notebooks with Static Analysis.,https://dblp.org/rec/journals/corr/abs-2301-04419
6304,paper,I-AID: Identifying Actionable Information from Disaster-related Tweets.,https://dblp.org/rec/journals/corr/abs-2008-13544
6305,paper,Solving the Closest Vector Problem with respect to ℓp Norms,https://dblp.org/rec/journals/corr/abs-1104-3720
6306,paper,OWLAPY: A Pythonic Framework for OWL Ontology Engineering.,https://dblp.org/rec/journals/corr/abs-2511-08232
6307,paper,C1-continuous space-time discretization based on Hamilton's law of varying action.,https://dblp.org/rec/journals/corr/MergelSO15
6308,paper,Competitive MAC under Adversarial SINR.,https://dblp.org/rec/journals/corr/OgiermanRSSZ13
6309,paper,A Comprehensive Re-Evaluation of Biometric Modality Properties in the Modern Era.,https://dblp.org/rec/journals/corr/abs-2508-13874
6310,paper,A Human-Centric Assessment Framework for AI.,https://dblp.org/rec/journals/corr/abs-2205-12749
6311,paper,On the (Limited) Generalization of MasterFace Attacks and Its Relation to the Capacity of Face Representations.,https://dblp.org/rec/journals/corr/abs-2203-12387
6312,paper,Shortest Paths in a Hybrid Network Model.,https://dblp.org/rec/journals/corr/abs-1909-01597
6313,paper,What you need to know about a learning robot: Identifying the enabling architecture of complex systems.,https://dblp.org/rec/journals/corr/abs-2311-14431
6314,paper,Adaptive Mesh Approach for Predicting Algorithm Behavior with Application to Visibility Culling in Computer Graphics,https://dblp.org/rec/journals/corr/abs-0903-2119
6315,paper,High-Performance Spectral Element Methods on Field-Programmable Gate Arrays.,https://dblp.org/rec/journals/corr/abs-2010-13463
6316,paper,Self-Admitted Technical Debt in the Embedded Systems Industry: An Exploratory Case Study.,https://dblp.org/rec/journals/corr/abs-2205-13872
6317,paper,Promises and pitfalls of deep neural networks in neuroimaging-based psychiatric research.,https://dblp.org/rec/journals/corr/abs-2301-08525
6318,paper,Flysig: Dataflow Oriented Delay-Insensitive Processor for Rapid Prototyping of Signal Processing,https://dblp.org/rec/journals/corr/cs-AR-9810011
6319,paper,S3C2 Summit 2023-06: Government Secure Supply Chain Summit.,https://dblp.org/rec/journals/corr/abs-2308-06850
6320,paper,SNR Maximization in Beyond Diagonal RIS-assisted Single and Multiple Antenna Links.,https://dblp.org/rec/journals/corr/abs-2307-10707
6321,paper,A World Full of Privacy and Security (Mis)conceptions? Findings of a Representative Survey in 12 Countries.,https://dblp.org/rec/journals/corr/abs-2212-10382
6322,paper,Finite Time Encryption Schedule in the Presence of an Eavesdropper with Operation Cost.,https://dblp.org/rec/journals/corr/abs-1903-11763
6323,paper,MIMO Capacity Maximization with Beyond-Diagonal RIS.,https://dblp.org/rec/journals/corr/abs-2406-02170
6324,paper,"Jointly optimal denoising, dereverberation, and source separation.",https://dblp.org/rec/journals/corr/abs-2005-09843
6325,paper,Proof-Carrying Hardware via IC3.,https://dblp.org/rec/journals/corr/0002W14a
6326,paper,Incremental Learning and State-Space Evolving Fuzzy Control of Nonlinear Time-Varying Systems with Unknown Model.,https://dblp.org/rec/journals/corr/abs-2102-09503
6327,paper,A Submatrix-Based Method for Approximate Matrix Function Evaluation in the Quantum Chemistry Code CP2K.,https://dblp.org/rec/journals/corr/abs-2004-10811
6328,paper,A Discrete and Continuous Study of the Max-Chain-Formation Problem.,https://dblp.org/rec/journals/corr/abs-2010-02043
6329,paper,HSkip+: A Self-Stabilizing Overlay Network for Nodes with Heterogeneous Bandwidths.,https://dblp.org/rec/journals/corr/FeldottoSG14
6330,paper,Symbol-Specific Sparsification of Interprocedural Distributive Environment Problems.,https://dblp.org/rec/journals/corr/abs-2401-14813
6331,paper,Sponge: Inference Serving with Dynamic SLOs Using In-Place Vertical Scaling.,https://dblp.org/rec/journals/corr/abs-2404-00704
6332,paper,Reliable Multi-label Classification: Prediction with Partial Abstention.,https://dblp.org/rec/journals/corr/abs-1904-09235
6333,paper,Towards Establishing Monotonic Searchability in Self-Stabilizing Data Structures (full version).,https://dblp.org/rec/journals/corr/ScheidelerSS15
6334,paper,LOLA - An Open-Source Massively Multilingual Large Language Model.,https://dblp.org/rec/journals/corr/abs-2409-11272
6335,paper,Breaking the Ω̃(√n) Barrier: Fast Consensus under a Late Adversary.,https://dblp.org/rec/journals/corr/abs-1805-00774
6336,paper,Safe Learning of Linear Time-Invariant Systems.,https://dblp.org/rec/journals/corr/abs-2111-00631
6337,paper,A Survey of RDF Stores & SPARQL Engines for Querying Knowledge Graphs.,https://dblp.org/rec/journals/corr/abs-2102-13027
6338,paper,Infinite Object Coating in the Amoebot Model.,https://dblp.org/rec/journals/corr/DerakhshandehGRSST14
6339,paper,The Canonical Amoebot Model: Algorithms and Concurrency Control.,https://dblp.org/rec/journals/corr/abs-2105-02420
6340,paper,Performance Analysis of MIMO K-user Interference Channels with Hardware Impairments.,https://dblp.org/rec/journals/corr/abs-2001-10403
6341,paper,An Investigation into the Effectiveness of Enhancement in ASR Training and Test for CHiME-5 Dinner Party Transcription.,https://dblp.org/rec/journals/corr/abs-1909-12208
6342,paper,Distributed Multi-Object Tracking Under Limited Field of View Heterogeneous Sensors with Density Clustering.,https://dblp.org/rec/journals/corr/abs-2401-00605
6343,paper,LIDIOMS: A Multilingual Linked Idioms Data Set.,https://dblp.org/rec/journals/corr/abs-1802-08148
6344,paper,Warping of Radar Data into Camera Image for Cross-Modal Supervision in Automotive Applications.,https://dblp.org/rec/journals/corr/abs-2012-12809
6345,paper,Universal Knowledge Graph Embeddings.,https://dblp.org/rec/journals/corr/abs-2310-14899
6346,paper,Neural Machine Translation for Query Construction and Composition.,https://dblp.org/rec/journals/corr/abs-1806-10478
6347,paper,Approximate Equilibria in Games with Few Players,https://dblp.org/rec/journals/corr/abs-0804-4524
6348,paper,INRISCO: INcident monitoRing In Smart COmmunities.,https://dblp.org/rec/journals/corr/abs-2312-07787
6349,paper,TS-Arena Technical Report - A Pre-registered Live Forecasting Platform.,https://dblp.org/rec/journals/corr/abs-2512-20761
6350,paper,FakeYou! - A Gamified Approach for Building and Evaluating Resilience Against Fake News.,https://dblp.org/rec/journals/corr/abs-2003-07595
6351,paper,Exploratory Landscape Analysis for Mixed-Variable Problems.,https://dblp.org/rec/journals/corr/abs-2402-16467
6352,paper,Identification and Remediation of Self-Admitted Technical Debt in Issue Trackers.,https://dblp.org/rec/journals/corr/abs-2007-01568
6353,paper,Spatial Diarization for Meeting Transcription with Ad-Hoc Acoustic Sensor Networks.,https://dblp.org/rec/journals/corr/abs-2311-15597
6354,paper,A Self-Stabilizing Hashed Patricia Trie.,https://dblp.org/rec/journals/corr/abs-1809-04923
6355,paper,One-Shot Decision-Making with and without Surrogates.,https://dblp.org/rec/journals/corr/abs-1912-08956
6356,paper,Towards Interpretable Multi-Task Learning Using Bilevel Programming.,https://dblp.org/rec/journals/corr/abs-2009-05483
6357,paper,Spectral and Energy Efficiency Maximization of MISO STAR-RIS-assisted URLLC Systems.,https://dblp.org/rec/journals/corr/abs-2301-00583
6358,paper,Open Range Pitch Tracking for Carrier Frequency Difference Estimation from HF Transmitted Speech.,https://dblp.org/rec/journals/corr/abs-2103-01599
6359,paper,Efficient Novelty Detection Methods for Early Warning of Potential Fatal Diseases.,https://dblp.org/rec/journals/corr/abs-2208-04732
6360,paper,Sensor Scheduling in Variance Based Event Triggered Estimation with Packet Drops.,https://dblp.org/rec/journals/corr/LeongDQ15
6361,paper,Tensor network non-zero testing.,https://dblp.org/rec/journals/corr/GharibianLSW14
6362,paper,Adversarial Contrastive Predictive Coding for Unsupervised Learning of Disentangled Representations.,https://dblp.org/rec/journals/corr/abs-2005-12963
6363,paper,Towards a Scalable and Flexible Simulation and Testing Environment Toolbox for Intelligent Microgrid Control.,https://dblp.org/rec/journals/corr/abs-2005-04869
6364,paper,Identification of FIR Systems with Binary Input and Output Observations.,https://dblp.org/rec/journals/corr/abs-1809-06908
6365,paper,Multiobjectivization of Local Search: Single-Objective Optimization Benefits From Multi-Objective Gradient Descent.,https://dblp.org/rec/journals/corr/abs-2010-01004
6366,paper,LazyCtrl: Scalable Network Control for Cloud Data Centers.,https://dblp.org/rec/journals/corr/ZhengWYSZU15
6367,paper,NOMA-based Improper Signaling for MIMO STAR-RIS-assisted Broadcast Channels with Hardware Impairments.,https://dblp.org/rec/journals/corr/abs-2308-02696
6368,paper,Towards Gathering Robots with Limited View in Linear Time: The Closed Chain Case.,https://dblp.org/rec/journals/corr/AbshoffCJH15
6369,paper,Learning to Transfer with von Neumann Conditional Divergence.,https://dblp.org/rec/journals/corr/abs-2108-03531
6370,paper,String Partition for Building Big BWTs.,https://dblp.org/rec/journals/corr/abs-2406-10610
6371,paper,Entropy-Based Evolutionary Diversity Optimisation for the Traveling Salesperson Problem.,https://dblp.org/rec/journals/corr/abs-2104-13538
6372,paper,MO-ELA: Rigorously Expanding Exploratory Landscape Features for Automated Algorithm Selection in Continuous Multi-Objective Optimisation.,https://dblp.org/rec/journals/corr/abs-2602-00098
6373,paper,Computation on Encrypted Data using Data Flow Authentication.,https://dblp.org/rec/journals/corr/abs-1710-00390
6374,paper,Monaural source separation: From anechoic to reverberant environments.,https://dblp.org/rec/journals/corr/abs-2111-07578
6375,paper,Learning ODE Models with Qualitative Structure Using Gaussian Processes.,https://dblp.org/rec/journals/corr/abs-2011-05364
6376,paper,"Local Mutual Exclusion for Dynamic, Anonymous, Bounded Memory Message Passing Systems.",https://dblp.org/rec/journals/corr/abs-2111-09449
6377,paper,Deep Reinforcement Learning for Wireless Sensor Scheduling in Cyber-Physical Systems.,https://dblp.org/rec/journals/corr/abs-1809-05149
6378,paper,Deep Neural Network based Distance Estimation for Geometry Calibration in Acoustic Sensor Networks.,https://dblp.org/rec/journals/corr/abs-2006-13769
6379,paper,Self-adaptive static analysis.,https://dblp.org/rec/journals/corr/abs-1710-07430
6380,paper,"Measuring the Discrepancy between Conditional Distributions: Methods, Properties and Applications.",https://dblp.org/rec/journals/corr/abs-2005-02196
6381,paper,Relays: A New Approach for the Finite Departure Problem in Overlay Networks.,https://dblp.org/rec/journals/corr/abs-1809-05013
6382,paper,Dealing with Variability in API Misuse Specification.,https://dblp.org/rec/journals/corr/abs-2105-04950
6383,paper,Counterfactual Explanations for Concepts in ELH.,https://dblp.org/rec/journals/corr/abs-2301-05109
6384,paper,Logics with probabilistic team semantics and the Boolean negation.,https://dblp.org/rec/journals/corr/abs-2306-00420
6385,paper,A Comprehensive Analysis of AI Biases in DeepFake Detection With Massively Annotated Databases.,https://dblp.org/rec/journals/corr/abs-2208-05845
6386,paper,Model-Theoretic Characterizations of Boolean and Arithmetic Circuit Classes of Small Depth.,https://dblp.org/rec/journals/corr/abs-1710-01934
6387,paper,Discrete Lagrangian Neural Networks with Automatic Symmetry Discovery.,https://dblp.org/rec/journals/corr/abs-2211-10830
6388,paper,Near-Shortest Path Routing in Hybrid Communication Networks.,https://dblp.org/rec/journals/corr/abs-2202-08008
6389,paper,Optimizing Communication for Latency Sensitive HPC Applications on up to 48 FPGAs Using ACCL.,https://dblp.org/rec/journals/corr/abs-2403-18374
6390,paper,Unraveling Challenges with Supply-Chain Levels for Software Artifacts (SLSA) for Securing the Software Supply Chain.,https://dblp.org/rec/journals/corr/abs-2409-05014
6391,paper,Pricing Randomized Allocations,https://dblp.org/rec/journals/corr/abs-0904-2400
6392,paper,Routing for Intermittently-Powered Sensing Systems.,https://dblp.org/rec/journals/corr/abs-2305-12550
6393,paper,Exploring the Feature Space of TSP Instances Using Quality Diversity.,https://dblp.org/rec/journals/corr/abs-2202-02077
6394,paper,On Word Error Rate Definitions and their Efficient Computation for Multi-Speaker Speech Recognition Systems.,https://dblp.org/rec/journals/corr/abs-2211-16112
6395,paper,Efficient and Robust Discrete Conformal Equivalence with Boundary.,https://dblp.org/rec/journals/corr/abs-2104-04614
6396,paper,Multi-objective Deep Learning: Taxonomy and Survey of the State of the Art.,https://dblp.org/rec/journals/corr/abs-2412-01566
6397,paper,Openbots.,https://dblp.org/rec/journals/corr/abs-1902-06691
6398,paper,A Responsible Face Recognition Approach for Small and Mid-Scale Systems Through Personalized Neural Networks.,https://dblp.org/rec/journals/corr/abs-2505-19920
6399,paper,Privacy-Protecting Techniques for Behavioral Data: A Survey.,https://dblp.org/rec/journals/corr/abs-2109-04120
6400,paper,Breeding Diverse Packings for the Knapsack Problem by Means of Diversity-Tailored Evolutionary Algorithms.,https://dblp.org/rec/journals/corr/abs-2104-13133
6401,paper,Cost-efficient Scheduling on Machines from the Cloud.,https://dblp.org/rec/journals/corr/MackerMHR16
6402,paper,Separating regular languages by piecewise testable and unambiguous languages,https://dblp.org/rec/journals/corr/abs-1304-6734
6403,paper,Multi-Objective Optimization for Sparse Deep Neural Network Training.,https://dblp.org/rec/journals/corr/abs-2308-12243
6404,paper,Understanding Software Architecture Erosion: A Systematic Mapping Study.,https://dblp.org/rec/journals/corr/abs-2112-10934
6405,paper,On the Usability of Next-Generation Authentication: A Study on Eye Movement and Brainwave-based Mechanisms.,https://dblp.org/rec/journals/corr/abs-2402-15388
6406,paper,Steady-State Error Compensation in Reference Tracking and Disturbance Rejection Problems for Reinforcement Learning-Based Control.,https://dblp.org/rec/journals/corr/abs-2201-13331
6407,paper,QUIC Steps: Evaluating Pacing Strategies in QUIC Implementations.,https://dblp.org/rec/journals/corr/abs-2505-09222
6408,paper,An Exploratory Study on Architectural Knowledge in Issue Tracking Systems.,https://dblp.org/rec/journals/corr/abs-2106-11140
6409,paper,A Database for Research on Detection and Enhancement of Speech Transmitted over HF links.,https://dblp.org/rec/journals/corr/abs-2106-02472
6410,paper,Optimization of Rate-Splitting Multiple Access in Beyond Diagonal RIS-assisted URLLC Systems.,https://dblp.org/rec/journals/corr/abs-2307-05295
6411,paper,Hierarchies.,https://dblp.org/rec/journals/corr/HeideS13
6412,paper,Knowledge Graph Question Answering using Graph-Pattern Isomorphism.,https://dblp.org/rec/journals/corr/abs-2103-06752
6413,paper,LitCQD: Multi-Hop Reasoning in Incomplete Knowledge Graphs with Numeric Literals.,https://dblp.org/rec/journals/corr/abs-2304-14742
6414,paper,A General Framework for Achieving Energy Efficiency in Data Center Networks,https://dblp.org/rec/journals/corr/abs-1304-3519
6415,paper,Self-Stabilizing Supervised Publish-Subscribe Systems.,https://dblp.org/rec/journals/corr/abs-1710-08128
6416,paper,Epistemic Uncertainty Sampling.,https://dblp.org/rec/journals/corr/abs-1909-00218
6417,paper,Supporting Error Chains in Static Analysis for Precise Evaluation Results and Enhanced Usability.,https://dblp.org/rec/journals/corr/abs-2403-07808
6418,paper,Efficient time stepping for numerical integration using reinforcement learning.,https://dblp.org/rec/journals/corr/abs-2104-03562
6419,paper,Toward an Android Static Analysis Approach for Data Protection.,https://dblp.org/rec/journals/corr/abs-2402-07889
6420,paper,"MAG: A Multilingual, Knowledge-based Agnostic and Deterministic Entity Linking Approach.",https://dblp.org/rec/journals/corr/MoussallemURN17
6421,paper,Symptoms of Architecture Erosion in Code Reviews: A Study of Two OpenStack Projects.,https://dblp.org/rec/journals/corr/abs-2201-01184
6422,paper,On the,https://dblp.org/rec/journals/corr/abs-2501-12020
6423,paper,FP-Predictor - False Positive Prediction for Static Analysis Reports.,https://dblp.org/rec/journals/corr/abs-2603-10558
6424,paper,Probabilistic Multi-Dimensional Classification.,https://dblp.org/rec/journals/corr/abs-2306-06517
6425,paper,Fractional variational integrators based on convolution quadrature.,https://dblp.org/rec/journals/corr/abs-2403-18362
6426,paper,Optimal Alignment of Temporal Knowledge Bases.,https://dblp.org/rec/journals/corr/abs-2307-15439
6427,paper,Deep Learning as a Competitive Feature-Free Approach for Automated Algorithm Selection on the Traveling Salesperson Problem.,https://dblp.org/rec/journals/corr/abs-2006-15968
6428,paper,Ontolearn-A Framework for Large-scale OWL Class Expression Learning in Python.,https://dblp.org/rec/journals/corr/abs-2510-11561
6429,paper,Absolute Geometry Calibration of Distributed Microphone Arrays in an Audio-Visual Sensor Network.,https://dblp.org/rec/journals/corr/JacobH15
6430,paper,Visual Representation of 3D Language Constructs Specified by Generic Depictions.,https://dblp.org/rec/journals/corr/Wolter13
6431,paper,Always be Two Steps Ahead of Your Enemy.,https://dblp.org/rec/journals/corr/abs-1810-07077
6432,paper,Unsupervised Fuzzy eIX: Evolving Internal-eXternal Fuzzy Clustering.,https://dblp.org/rec/journals/corr/abs-2003-12381
6433,paper,Asymptotically Optimal Gathering on a Grid.,https://dblp.org/rec/journals/corr/Cord-Landwehr0J16
6434,paper,Safety-Aware Hybrid Control of Airborne Wind Energy Systems.,https://dblp.org/rec/journals/corr/abs-2212-07199
6435,paper,Getting In Contract with Large Language Models - An Agency Theory Perspective On Large Language Model Alignment.,https://dblp.org/rec/journals/corr/abs-2509-07642
6436,paper,Using Multi-Label Classification for Improved Question Answering.,https://dblp.org/rec/journals/corr/abs-1710-08634
6437,paper,Let people fail! Exploring the influence of explainable virtual and robotic agents in learning-by-doing tasks.,https://dblp.org/rec/journals/corr/abs-2411-10176
6438,paper,Jointly optimal dereverberation and beamforming.,https://dblp.org/rec/journals/corr/abs-1910-13707
6439,paper,Local Gathering of Mobile Robots in Three Dimensions.,https://dblp.org/rec/journals/corr/abs-2005-07495
6440,paper,"LibriWASN: A Data Set for Meeting Separation, Diarization, and Recognition with Asynchronous Recording Devices.",https://dblp.org/rec/journals/corr/abs-2308-10682
6441,paper,Challenges in Android Data Disclosure: An Empirical Study.,https://dblp.org/rec/journals/corr/abs-2601-20459
6442,paper,An Empirical Evaluation of Cost-based Federated SPARQL Query Processing Engines.,https://dblp.org/rec/journals/corr/abs-2104-00984
6443,paper,Computing Diverse Sets of Solutions for Monotone Submodular Optimisation Problems.,https://dblp.org/rec/journals/corr/abs-2010-11486
6444,paper,Holistic Adaptive Controller and Observer Design Using the Koopman Operator.,https://dblp.org/rec/journals/corr/abs-2211-09512
6445,paper,Face Quality Estimation and Its Correlation to Demographic and Non-Demographic Bias in Face Recognition.,https://dblp.org/rec/journals/corr/abs-2004-01019
6446,paper,The 7 faces of quantum NP.,https://dblp.org/rec/journals/corr/abs-2310-18010
6447,paper,Uirapuru: Timely Video Analytics for High-Resolution Steerable Cameras on Edge Devices.,https://dblp.org/rec/journals/corr/abs-2509-01371
6448,paper,Almost optimal classical approximation algorithms for a quantum generalization of Max-Cut.,https://dblp.org/rec/journals/corr/abs-1909-08846
6449,paper,Multi-Source Survival Domain Adaptation.,https://dblp.org/rec/journals/corr/abs-2212-00424
6450,paper,An Evaluation of Models for Runtime Approximation in Link Discovery.,https://dblp.org/rec/journals/corr/GeorgalaHN16
6451,paper,Improving rule mining via embedding-based link prediction.,https://dblp.org/rec/journals/corr/abs-2406-10144
6452,paper,VREUD - An End-User Development Tool to Simplify the Creation of Interactive VR Scenes.,https://dblp.org/rec/journals/corr/abs-2107-00377
6453,paper,Quantum k-SAT Related Hypergraph Problems.,https://dblp.org/rec/journals/corr/abs-2506-17066
6454,paper,Benchmarking in Optimization: Best Practice and Open Issues.,https://dblp.org/rec/journals/corr/abs-2007-03488
6455,paper,Committed by Accident: Studying Prevention and Remediation Strategies Against Secret Leakage in Source Code Repositories.,https://dblp.org/rec/journals/corr/abs-2211-06213
6456,paper,Towards a Universal Approach for Monotonic Searchability in Self-Stabilizing Overlay Networks.,https://dblp.org/rec/journals/corr/ScheidelerSS16
6457,paper,A Large Scale Investigation of Obfuscation Use in Google Play.,https://dblp.org/rec/journals/corr/abs-1801-02742
6458,paper,Analyzing the Gadgets Towards a Metric to Measure Gadget Quality.,https://dblp.org/rec/journals/corr/FollnerBB16
6459,paper,Learning Permutation-Invariant Embeddings for Description Logic Concepts.,https://dblp.org/rec/journals/corr/abs-2303-01844
6460,paper,Gathering a Closed Chain of Robots on a Grid.,https://dblp.org/rec/journals/corr/AbshoffC0JH15
6461,paper,ReconROS Executor: Event-Driven Programming of FPGA-accelerated ROS 2 Applications.,https://dblp.org/rec/journals/corr/abs-2201-07454
6462,paper,Modeling the Quality of Dialogical Explanations.,https://dblp.org/rec/journals/corr/abs-2403-00662
6463,paper,Explainable Benchmarking through the Lense of Concept Learning.,https://dblp.org/rec/journals/corr/abs-2510-20439
6464,paper,Statistical and Neural Network Based Speech Activity Detection in Non-Stationary Acoustic Environments.,https://dblp.org/rec/journals/corr/abs-2005-09913
6465,paper,On the Reliability of Biometric Datasets: How Much Test Data Ensures Reliability?,https://dblp.org/rec/journals/corr/abs-2501-06504
6466,paper,Simplifying Robot Programming using Augmented Reality and End-User Development.,https://dblp.org/rec/journals/corr/abs-2106-07944
6467,paper,Ground state connectivity of local Hamiltonians.,https://dblp.org/rec/journals/corr/GharibianS14
6468,paper,An In-depth Study of Java Deserialization Remote-Code Execution Exploits and Vulnerabilities.,https://dblp.org/rec/journals/corr/abs-2208-08173
6469,paper,Native Execution of GraphQL Queries over RDF Graphs Using Multi-way Joins.,https://dblp.org/rec/journals/corr/abs-2409-12646
6470,paper,A Collection of Deep Learning-based Feature-Free Approaches for Characterizing Single-Objective Continuous Fitness Landscapes.,https://dblp.org/rec/journals/corr/abs-2204-05752
6471,paper,Autonomous Golf Putting with Data-Driven and Physics-Based Methods.,https://dblp.org/rec/journals/corr/abs-2211-08081
6472,paper,Pixel-Level Face Image Quality Assessment for Explainable Face Recognition.,https://dblp.org/rec/journals/corr/abs-2110-11001
6473,paper,Quantum Hamiltonian Complexity.,https://dblp.org/rec/journals/corr/GharibianHL14
6474,paper,An event-triggered transmission scheduling strategy for remote state estimation in the presence of an eavesdropper.,https://dblp.org/rec/journals/corr/abs-1910-03759
6475,paper,Edge-wise funnel output synchronization of heterogeneous agents with relative degree one.,https://dblp.org/rec/journals/corr/abs-2110-05330
6476,paper,"All-neural online source separation, counting, and diarization for meeting analysis.",https://dblp.org/rec/journals/corr/abs-1902-07881
6477,paper,Prediction of concept lengths for fast concept learning in description logics.,https://dblp.org/rec/journals/corr/abs-2107-04911
6478,paper,Computing Repairs Under Functional and Inclusion Dependencies via Argumentation.,https://dblp.org/rec/journals/corr/abs-2312-01973
6479,paper,A Joint Optimization of Operational Cost and Performance Interference in Cloud Data Centers.,https://dblp.org/rec/journals/corr/JinZWHZL14
6480,paper,Joint Relaying and Spatial Sharing Multicast Scheduling for mmWave Networks.,https://dblp.org/rec/journals/corr/abs-1907-13085
6481,paper,Voice Conversion Based Speaker Normalization for Acoustic Unit Discovery.,https://dblp.org/rec/journals/corr/abs-2105-01786
6482,paper,MOREL: Enhancing Adversarial Robustness through Multi-Objective Representation Learning.,https://dblp.org/rec/journals/corr/abs-2410-01697
6483,paper,Voronoi Cells of Lattices with Respect to Arbitrary Norms.,https://dblp.org/rec/journals/corr/BlomerK15
6484,paper,Speech Synthesis along Perceptual Voice Quality Dimensions.,https://dblp.org/rec/journals/corr/abs-2501-08791
6485,paper,Learning Data-Driven PCHD Models for Control Engineering Applications.,https://dblp.org/rec/journals/corr/abs-2204-09436
6486,paper,DRILL- Deep Reinforcement Learning for Refinement Operators in ALC.,https://dblp.org/rec/journals/corr/abs-2106-15373
6487,paper,Model-based Safety and Security Co-analysis: a Survey.,https://dblp.org/rec/journals/corr/abs-2106-06272
6488,paper,"Gathering Anonymous, Oblivious Robots on a Grid.",https://dblp.org/rec/journals/corr/0001JH17
6489,paper,Detecting Security-Relevant Methods using Multi-label Machine Learning.,https://dblp.org/rec/journals/corr/abs-2403-07501
6490,paper,Dequantizing the Quantum Singular Value Transformation: Hardness and Applications to Quantum Chemistry and the Quantum PCP Conjecture.,https://dblp.org/rec/journals/corr/abs-2111-09079
6491,paper,Maximizing Spectral and Energy Efficiency in Multi-user MIMO OFDM Systems with RIS and Hardware Impairment.,https://dblp.org/rec/journals/corr/abs-2401-11921
6492,paper,Learning Gradient Boosted Multi-label Classification Rules.,https://dblp.org/rec/journals/corr/abs-2006-13346
6493,paper,Hardness of approximation for ground state problems.,https://dblp.org/rec/journals/corr/abs-2411-04874
6494,paper,Spatio-spectral diarization of meetings by combining TDOA-based segmentation and speaker embedding-based clustering.,https://dblp.org/rec/journals/corr/abs-2506-16228
6495,paper,Descriptive Complexity of #AC0 Functions.,https://dblp.org/rec/journals/corr/0001HKV16
6496,paper,A DeterministicWorst-Case Message Complexity Optimal Solution for Resource Discovery.,https://dblp.org/rec/journals/corr/KniesburgesKS13
6497,paper,A Parameterized View on the Complexity of Dependence Logic.,https://dblp.org/rec/journals/corr/abs-2109-09342
6498,paper,Compilation of Commit Changes within Java Source Code Repositories.,https://dblp.org/rec/journals/corr/abs-2407-17853
6499,paper,Maximization of minimum rate in MIMO OFDM RIS-assisted Broadcast Channels.,https://dblp.org/rec/journals/corr/abs-2310-08289
6500,paper,Adaptive Gaussian Fuzzy Classifier for Real-Time Emotion Recognition in Computer Games.,https://dblp.org/rec/journals/corr/abs-2103-03488
6501,paper,Prototype-Based Learning for Healthcare: A Demonstration of Interpretable AI.,https://dblp.org/rec/journals/corr/abs-2601-02106
6502,paper,"SMS-WSJ: Database, performance measures, and baseline recipe for multi-channel source separation and recognition.",https://dblp.org/rec/journals/corr/abs-1910-13934
6503,paper,How Many Attackers Can Selfish Defenders Catch?,https://dblp.org/rec/journals/corr/abs-0812-4206
6504,paper,Skeptical inferences in multi-label ranking with sets of probabilities.,https://dblp.org/rec/journals/corr/abs-2210-08576
6505,paper,Using Ontology-Based Context in the Portuguese-English Translation of Homographs in Textual Dialogues.,https://dblp.org/rec/journals/corr/MoussallemC15
6506,paper,Stating Comparison Score Uncertainty and Verification Decision Confidence Towards Transparent Face Recognition.,https://dblp.org/rec/journals/corr/abs-2210-10354
6507,paper,Optimising Tours for the Weighted Traveling Salesperson Problem and the Traveling Thief Problem: A Structural Comparison of Solutions.,https://dblp.org/rec/journals/corr/abs-2006-03260
6508,paper,TSK-Streams: Learning TSK Fuzzy Systems on Data Streams.,https://dblp.org/rec/journals/corr/abs-1911-03951
6509,paper,Analysis of Agglomerative Clustering,https://dblp.org/rec/journals/corr/abs-1012-3697
6510,paper,Leader Election and Shape Formation with Self-Organizing Programmable Matter.,https://dblp.org/rec/journals/corr/DerakhshandehGS15
6511,paper,Scalable quantum detector tomography by high-performance computing.,https://dblp.org/rec/journals/corr/abs-2404-02844
6512,paper,Profitable Scheduling on Multiple Speed-Scalable Processors,https://dblp.org/rec/journals/corr/abs-1209-3868
6513,paper,Trade-Offs in Stochastic Event-Triggered Control.,https://dblp.org/rec/journals/corr/abs-1708-02756
6514,paper,A Simpler Exponential-Time Approximation Algorithm for MAX-k-SAT.,https://dblp.org/rec/journals/corr/abs-2510-18164
6515,paper,Runtime Analysis of Evolutionary Algorithms with Biased Mutation for the Multi-Objective Minimum Spanning Tree Problem.,https://dblp.org/rec/journals/corr/abs-2004-10424
6516,paper,Parametrised Complexity of Model Checking and Satisfiability in Propositional Dependence Logic.,https://dblp.org/rec/journals/corr/abs-1904-06107
6517,paper,Contextual Augmentation for Entity Linking using Large Language Models.,https://dblp.org/rec/journals/corr/abs-2510-18888
6518,paper,Parameterized Complexity of Weighted Team Definability.,https://dblp.org/rec/journals/corr/abs-2302-00541
6519,paper,REDFM: a Filtered and Multilingual Relation Extraction Dataset.,https://dblp.org/rec/journals/corr/abs-2306-09802
6520,paper,Deep-ELA: Deep Exploratory Landscape Analysis with Self-Supervised Pretrained Transformers for Single- and Multi-Objective Continuous Optimization Problems.,https://dblp.org/rec/journals/corr/abs-2401-01192
6521,paper,"An unholy trinity: TFNP, polynomial systems, and the quantum satisfiability problem.",https://dblp.org/rec/journals/corr/abs-2412-19623
6522,paper,Deriving approximation tolerance constraints from verification runs.,https://dblp.org/rec/journals/corr/0002JPW16
6523,paper,Where is Linked Data in Question Answering over Linked Data?,https://dblp.org/rec/journals/corr/abs-2005-03640
6524,paper,Critical Incidents for Technology Enhanced Learning in Vocational Education and Training - Observations from the field of mechanical engineering.,https://dblp.org/rec/journals/corr/abs-1901-04072
6525,paper,Facets in Argumentation: A Formal Approach to Argument Significance.,https://dblp.org/rec/journals/corr/abs-2505-10982
6526,paper,Rendering of Complex Heterogenous Scenes using Progressive Blue Surfels.,https://dblp.org/rec/journals/corr/abs-1904-08225
6527,paper,Identifying Self-Admitted Technical Debt in Issue Tracking Systems using Machine Learning.,https://dblp.org/rec/journals/corr/abs-2202-02180
6528,paper,Separating Regular Languages by Locally Testable and Locally Threshold Testable Languages.,https://dblp.org/rec/journals/corr/PlaceRZ13
6529,paper,Symplectic Lattices and GKP Codes - Simple Randomized Constructions from Cryptographic Lattices.,https://dblp.org/rec/journals/corr/abs-2509-10183
6530,paper,A Self-Stabilizing General De Bruijn Graph.,https://dblp.org/rec/journals/corr/abs-1708-06542
6531,paper,Non-Preemptive Scheduling on Machines with Setup Times.,https://dblp.org/rec/journals/corr/MackerMHR15
6532,paper,Enhancing Resilience of Deep Learning Networks by Means of Transferable Adversaries.,https://dblp.org/rec/journals/corr/abs-2005-13293
6533,paper,On the Computation of Complex-valued Gradients with Application to Statistically Optimum Beamforming.,https://dblp.org/rec/journals/corr/BoddekerHDHH17
6534,paper,How hard is it to verify a classical shadow?,https://dblp.org/rec/journals/corr/abs-2510-08515
6535,paper,SeMantic AnsweR Type prediction task (SMART) at ISWC 2020 Semantic Web Challenge.,https://dblp.org/rec/journals/corr/abs-2012-00555
6536,paper,Time- and Space-Optimal Clock Synchronization in the Beeping Model.,https://dblp.org/rec/journals/corr/abs-2005-07388
6537,paper,Game-Theoretic Pricing and Selection with Fading Channels.,https://dblp.org/rec/journals/corr/abs-1710-05300
6538,paper,Empowering Students for the Data-Driven World: A Qualitative Study of the Relevance of Learning about Data-Driven Technologies.,https://dblp.org/rec/journals/iie/Hoper024
6539,paper,ARIadne - An Explanation Model for Digital Artefacts.,https://dblp.org/rec/journals/iie/WinkelnkemperH024
6540,paper,What is it about humanity that we can't give away to intelligent machines? A European perspective.,https://dblp.org/rec/journals/ijinfoman/CoombsSKSBBCFGG21
6541,paper,Strong NP-hardness of the quantum separability problem.,https://dblp.org/rec/journals/qic/Gharibian10
6542,paper,QMA variants with polynomially many provers.,https://dblp.org/rec/journals/qic/GharibianSU13
6543,paper,On global effects caused by locally noneffective unitary operations.,https://dblp.org/rec/journals/qic/GharibianKB11
6544,paper,Tensor network non-zero testing.,https://dblp.org/rec/journals/qic/GharibianLSW15
6545,paper,Hardness of approximation for quantum problems.,https://dblp.org/rec/journals/qic/GharibianK14
6546,paper,Gate-efficient discrete simulations of continuous-time quantum query algorithms.,https://dblp.org/rec/journals/qic/BerryCG14
6547,paper,Breaking the exascale barrier for the electronic structure problem in ab-initio molecular dynamics.,https://dblp.org/rec/journals/ijhpca/SchadeKELKP23
6548,paper,A Survey of Model-Based Software Product Lines Testing.,https://dblp.org/rec/books/tf/11/OsterWES11
6549,paper,Overlay Networks for Peer-to-Peer Networks.,https://dblp.org/rec/books/tf/18/RichaS18
6550,paper,Support Services for Business Process Oriented Telework. The COBIP Project.,https://dblp.org/rec/books/ios/dalsgaard99/FerreiraDGA99
6551,paper,Managing Geospatial Linked Data in the GeoKnow Project.,https://dblp.org/rec/books/ios/p/LehmannABGGHGNSSWWZ15
6552,paper,Broadcasting - How Can I Quickly Disseminate Information?,https://dblp.org/rec/books/sp/voecking2011/Scheideler11
6553,paper,How to Share a Secret.,https://dblp.org/rec/books/sp/voecking2011/Blomer11
6554,paper,Bin Packing - How Do I Get My Stuff into the Boxes.,https://dblp.org/rec/books/sp/voecking2011/GehweilerH11
6555,paper,Efficient Use of Parallel & Distributed Systems: From Theory to Practice.,https://dblp.org/rec/books/sp/cstoday95/MonienDFKLMRS95
6556,paper,Programming for Distributed Computing: From Physical to Logical Networks.,https://dblp.org/rec/books/sp/cs2011/ScheidelerG11
6557,paper,GAG: A Practical Compiler Generator,https://dblp.org/rec/books/sp/KastensHZ82
6558,paper,Product-Service System Approaches - A Business Perspective on Service Modeling.,https://dblp.org/rec/books/sp/12/BeverungenMMB12
6559,paper,Mining and Visualizing Research Networks Using the Artefact-Actor-Network Approach.,https://dblp.org/rec/books/sp/12/0001WMDS12
6560,paper,A Fast Hierarchical Learning Approach for Autonomous Robots.,https://dblp.org/rec/books/sp/Muller2011/JungmannKR11a
6561,paper,Multi-objective Intrinsic Evolution of Embedded Systems.,https://dblp.org/rec/books/sp/Muller2011/KaufmannP11
6562,paper,Energy-Awareness in Self-organising Robotic Exploration Teams.,https://dblp.org/rec/books/sp/Muller2011/DegenerKH11
6563,paper,Increasing Learning Speed by Imitation in Multi-robot Societies.,https://dblp.org/rec/books/sp/Muller2011/JungmannKR11
6564,paper,Ernst Denert Software Engineering Award 2022.,https://dblp.org/rec/books/sp/24/BoddenFHHKLMPRS22
6565,paper,Verantwortung.,https://dblp.org/rec/books/sp/24/Hoper0B24
6566,paper,Self-Adaptive Digital Assistance Systems for Work 4.0.,https://dblp.org/rec/books/sp/22/Yigitbas0E22
6567,paper,Distributed Data Streams.,https://dblp.org/rec/books/sp/22/CastenowFHKMH22
6568,paper,Digital Transformation - Towards Flexible Human-Centric Enterprises.,https://dblp.org/rec/books/sp/22/KehrbuschE22
6569,paper,Strategies for the Financial Services Industry in the Internet Age.,https://dblp.org/rec/books/sp/01/BuhlKLS01
6570,paper,Universal Routing Strategies for Interconnection Networks,https://dblp.org/rec/books/sp/Scheideler98
6571,paper,Structuring Unstructured Data - Or: How Machine Learning Can Make You a Wine Sommelier.,https://dblp.org/rec/books/sp/19/Muller19
6572,paper,Scientific Recommendations to Enhance Scholarly Awareness and Foster Collaboration.,https://dblp.org/rec/books/sp/14/Petertonkoker0SS14
6573,paper,Application and Evaluation in the Automotive Domain.,https://dblp.org/rec/books/sp/Pohl2012/FockelHHHHHMMS12
6574,paper,Dynamic Partial Reconfiguration by Means of Algorithmic Skeletons - A Case Study.,https://dblp.org/rec/books/sp/platzner2010/MontealegreR10
6575,paper,ReconOS: An Operating System for Dynamically Reconfigurable Hardware.,https://dblp.org/rec/books/sp/platzner2010/LubbersP10
6576,paper,The Bisection Problem for Graphs of Degree 4 (Configuring Transputer Systems).,https://dblp.org/rec/books/sp/92/HromkovicM92
6577,paper,Dynamic Hashing in Real Time.,https://dblp.org/rec/books/sp/92/DietzfelbingerH92
6578,paper,The REVERB Challenge: A Benchmark Task for Reverberation-Robust ASR Techniques.,https://dblp.org/rec/books/sp/17/KinoshitaDGHHKLMNRSY17
6579,paper,Understanding Molecular Recognition and Self-Assembly from Large-Scale Numerical Simulations.,https://dblp.org/rec/books/sp/08/BlankenburgS08
6580,paper,Big Data Acquisition.,https://dblp.org/rec/books/sp/16/LykoNN16
6581,paper,Reverberant Speech Recognition.,https://dblp.org/rec/books/wi/12/Haeb-UmbachK12
6582,paper,Process Modeling Using UML.,https://dblp.org/rec/books/wi/Dumas05/EngelsFHT05
6583,paper,Übersetzerbau,https://dblp.org/rec/books/ol/Kastens1990
6584,paper,CSCL in der Schule.,https://dblp.org/rec/books/ol/cscl04/Magenheim04
6585,paper,Propositional logic - deduction and algorithms.,https://dblp.org/rec/books/daglib/0096427
6586,paper,Übersetzungsmethoden zur automatischen Hardware-Synthese.,https://dblp.org/rec/books/daglib/0070156
6587,paper,Exzeptionelle Vektorbündel und Reflektionen an Kippgarben über projektiven gewichteten Kurven.,https://dblp.org/rec/books/daglib/0086509
6588,paper,Problemadäquate Diagnosestrategien.,https://dblp.org/rec/books/daglib/0069947
6589,paper,"Prolog - Grundlagen und Anwendungen, 2. Auflage.",https://dblp.org/rec/books/daglib/0068125
6590,paper,Hierarchisches Floorplanning mit integrierter globaler Verdrahtung.,https://dblp.org/rec/books/daglib/0070148
6591,paper,Semantische Technologien im Entwurf mechatronischer Systeme - Effektiver Austausch von Lösungswissen in Branchenwertschöpfungsketten.,https://dblp.org/rec/books/daglib/0034871
6592,paper,Systematischer Entwurf digitaler Systeme - von der Systeme- bis zur Gatter-Ebene.,https://dblp.org/rec/books/daglib/0067774
6593,paper,Synthese von zeitinvarianten Hardware-Modulen.,https://dblp.org/rec/books/daglib/0077539
6594,paper,Universal routing strategies.,https://dblp.org/rec/books/daglib/0091856
6595,paper,Aussagenlogik - Deduktion und Algorithmen.,https://dblp.org/rec/books/daglib/0075409
6596,paper,Konstruktives Design - ein ökologischer Ansatz zur Gestaltung interaktiver Systeme.,https://dblp.org/rec/books/daglib/0018379
6597,paper,Generating software from specifications.,https://dblp.org/rec/books/daglib/0019549
6598,paper,Beiträge zum mobilen Empfang von Satellitensignalen mit adaptiven Antennen spezieller Bauformen.,https://dblp.org/rec/books/daglib/0069115
6599,paper,Hierarchische Mehr-Ebenen-Fehlersimulation mit Modellen der Schalter-Ebene.,https://dblp.org/rec/books/daglib/0074454
6600,paper,Executable graphics for VHDL-based systems design.,https://dblp.org/rec/books/daglib/0093262
6601,paper,"New trends in parallel and distributed computing - 6th international Heinz Nixdorf symposium, January 17 - 18, 2006, Heinz Nixdorf MuseumsForum: within the scope of the DFG Collaborative Research Centre 376 Massively Parallel Computing: algorithms, design, methods, applications.",https://dblp.org/rec/books/daglib/0016822
6602,paper,Vermarktung hybrider Leistungsbündel - Das ServPay-Konzept.,https://dblp.org/rec/books/daglib/0028535
6603,paper,Spielbaumsuche mit massiv parallelen Systemen.,https://dblp.org/rec/books/daglib/0070254
6604,paper,Informatik macchiato - Cartoon-Informatikkurs für Schüler und Studenten.,https://dblp.org/rec/books/daglib/0022663
6605,paper,Programmentwicklungsumgebungen - Konzepte und Realisierung.,https://dblp.org/rec/books/daglib/0067973
6606,paper,Peer-to-Peer-Netzwerke - Algorithmen und Methoden.,https://dblp.org/rec/books/daglib/0017532
6607,paper,Si(111)-In Nanowire Optical Response from Large-scale Ab Initio Calculations.,https://dblp.org/rec/books/daglib/p/SchmidtWRGSTLS10
6608,paper,Methods for the Domain-Spanning Conceptual Design.,https://dblp.org/rec/books/daglib/p/AnackerBDDGISV14
6609,paper,Summary and Outlook.,https://dblp.org/rec/books/daglib/p/GausemeierV14
6610,paper,Lithium Niobate Dielectric Function and Second-Order Polarizability Tensor From Massively Parallel Ab Initio Calculations.,https://dblp.org/rec/books/daglib/p/RieferRLSRVHWLGSS13
6611,paper,Development of Self-optimizing Systems.,https://dblp.org/rec/books/daglib/p/GausemeierKPSSV14
6612,paper,Copper Substrate Catalyzes Tetraazaperopyrene Polymerization.,https://dblp.org/rec/books/daglib/p/SchmidtRGSLRRWB11
6613,paper,Polarization Dependent Water Adsorption on the Lithium Niobate Z-Cut Surfaces.,https://dblp.org/rec/books/daglib/p/SannaRRLRVHWLGS13
6614,paper,From RDF to Natural Language and Back.,https://dblp.org/rec/books/daglib/p/GerberN14
6615,paper,A Model-Based Approach to Joint Compensation of Noise and Reverberation for Speech Recognition.,https://dblp.org/rec/books/daglib/p/KruegerH11
6616,paper,ReconOS.,https://dblp.org/rec/books/daglib/p/AgnePPHL16
6617,paper,Examples of Self-optimizing Systems.,https://dblp.org/rec/books/daglib/p/BockerHHKKKPRRRSSSSSSTZ14
6618,paper,Uncertainty Decoding and Conditional Bayesian Estimation.,https://dblp.org/rec/books/daglib/p/Haeb-Umbach11
6619,paper,The Paradigm of Self-optimization.,https://dblp.org/rec/books/daglib/p/DellnitzDFGHIKKOPPSTV14
6620,paper,Methods for the Design and Development.,https://dblp.org/rec/books/daglib/p/AnackerDFGHHHKKKK0OOPPRRRRSSSTTWXZ14
6621,paper,Entropy and Metal-Insulator Transition in Atomic-Scale Wires: The Case of In-Si(111)(4×1)/(8×2).,https://dblp.org/rec/books/daglib/p/SchmidtRGSLRRW11
6622,paper,Conditional Bayesian Estimation Employing a Phase-Sensitive Observation Model for Noise Robust Speech Recognition.,https://dblp.org/rec/books/daglib/p/LeutnantH11
6623,paper,Introduction.,https://dblp.org/rec/books/daglib/p/Haeb-UmbachK11
6624,paper,Specification of graphical structure editors - the graphical editor generator system: GEGS.,https://dblp.org/rec/books/daglib/0018386
6625,paper,Entwicklungsprozess von Web-Anwendungen.,https://dblp.org/rec/books/dp/kappel2003/EngelsLW03
6626,paper,Coordinated Collaboration of Objects.,https://dblp.org/rec/books/mit/papazoglouST2000/EngelsGK00
6627,paper,Aufdecken von black boxes.,https://dblp.org/rec/books/x/p/Schulte24
6628,paper,A combinatorial approach to the separation problem for regular languages. (Une approche combinatoire du problème de séparation pour les langages réguliers).,https://dblp.org/rec/phd/hal/VanRooijen14
6629,paper,Imprecision in machine learning problems. (Imprécision en apprentissage statistique).,https://dblp.org/rec/phd/hal/Nguyen18w
6630,paper,Sistemas granulares evolutivos.,https://dblp.org/rec/phd/ndltd/Leite12b
6631,paper,Encryption in the presence of key-dependent messages and related-key attacks.,https://dblp.org/rec/phd/ethos/Davies15
6632,paper,Hardware virtualization on a coarse-grained reconfigurable processor.,https://dblp.org/rec/phd/ch/Plessl2006
6633,paper,Robustness Analysis of Controllable-Polarity Silicon Nanowire Devices and Circuits.,https://dblp.org/rec/phd/ch/Mohammadi16
6634,paper,Guaranteeing properties of reconfigurable hardware circuits with proof-carrying hardware.,https://dblp.org/rec/phd/dnb/Wiersema21
6635,paper,Eine datenflussgesteuerte Betriebssystemschnittstelle basierend auf einem universellen syntaxgesteuerten Editor.,https://dblp.org/rec/phd/dnb/Szwillus84
6636,paper,Effiziente Erzeugung harmonischer Schwingungen hoher spektraler Reinheit.,https://dblp.org/rec/phd/dnb/Vollmer97
6637,paper,Erfüllbarkeitsalgorithmen und die Problematik ihrer Realisierung in einem System zur Logikverarbeitung.,https://dblp.org/rec/phd/dnb/Lettmann87
6638,paper,Local strategies for swarm formations on a grid.,https://dblp.org/rec/phd/dnb/Jung18
6639,paper,Quality assurance with dynamic meta modeling.,https://dblp.org/rec/phd/dnb/Soltenborn13
6640,paper,Competitive routing in hybrid communication networks and message efficient SetCover in Ad Hoc networks.,https://dblp.org/rec/phd/dnb/Kolb22
6641,paper,Generierung effizienter Übersetzer.,https://dblp.org/rec/phd/dnb/Schmidt89b
6642,paper,Human Factors in Secure Software Development.,https://dblp.org/rec/phd/dnb/Acar21
6643,paper,"Modellbildung, Klassifikation und Bewertung von Algorithmen in der Datenkompression.",https://dblp.org/rec/phd/dnb/Koch93
6644,paper,Computeralgebra-Algorithmen zur Bestimmung der vollständigen Integrabilität der Dynamik auf nichtlinearen Gittersystemen.,https://dblp.org/rec/phd/dnb/Zhang90
6645,paper,Color based object detection and positioning.,https://dblp.org/rec/phd/dnb/Cheng03
6646,paper,Local and online algorithms for facility location.,https://dblp.org/rec/phd/dnb/Pietrzyk13
6647,paper,Hybride Wissensverarbeitung in der präventivmedizinischen Diagnostik.,https://dblp.org/rec/phd/dnb/Koller99
6648,paper,Evolving belief network for resource-efficient place recognition in unknown environments.,https://dblp.org/rec/phd/dnb/Kazmi25
6649,paper,Effizienz universeller Parallelrechner.,https://dblp.org/rec/phd/dnb/Heide81
6650,paper,Volume driven selection of loop and data transformations for cache coherent parallel processors.,https://dblp.org/rec/phd/dnb/Slowik99
6651,paper,Induction-based Verification of Timed Systems.,https://dblp.org/rec/phd/dnb/Isenberg16
6652,paper,Graphen als zentrale Datenstrukturen in einer Software-Entwicklungsumgebung.,https://dblp.org/rec/phd/dnb/Engels86
6653,paper,A model-driven software construction approach for cyber-physical systems.,https://dblp.org/rec/phd/dnb/Pohlmann18
6654,paper,OMD - ein Objektmodell für den Mechatronikentwurf: Anwendung in der objektorientierten Modellbildung mechatronischer Systeme unter Verwendung von Mehrkörpersystemformalismen.,https://dblp.org/rec/phd/dnb/Hahn99a
6655,paper,Handsketch-based diagram editing.,https://dblp.org/rec/phd/dnb/Zhao93
6656,paper,Cryptography for the crowd: a study of cryptographic schemes with applications to crowd work.,https://dblp.org/rec/phd/dnb/Loken19
6657,paper,Towards device driver synthesis.,https://dblp.org/rec/phd/dnb/Lehmann03
6658,paper,Dyad ranking with generalized Plackett-Luce models.,https://dblp.org/rec/phd/dnb/Schafer18a
6659,paper,Local strategies for robot formation problems.,https://dblp.org/rec/phd/dnb/Kempkes12
6660,paper,MCTS-based approximate accelerator synthesis.,https://dblp.org/rec/phd/dnb/Awais21
6661,paper,Engineering self-adaptive systems with simulation-based performance prediction.,https://dblp.org/rec/phd/dnb/Becker17
6662,paper,Physical attacks on pairing-based cryptography.,https://dblp.org/rec/phd/dnb/Gunther16
6663,paper,Mitigating Soft-Biometric Driven Bias and Privacy Concerns in Face Recognition Systems.,https://dblp.org/rec/phd/dnb/Terhorst21
6664,paper,Model-driven engineering of self-adaptive user interfaces.,https://dblp.org/rec/phd/dnb/Yigitbas19
6665,paper,Prädikative Selektion als Grundlage für Transaktionssynchronisation und Datenintegrität.,https://dblp.org/rec/phd/dnb/Bottcher89
6666,paper,Adaptive virtual machine scheduling and migration for embedded real-time systems.,https://dblp.org/rec/phd/dnb/Grosbrink15
6667,paper,Algorithms for distributed data structures and self-stabilizing overlay networks.,https://dblp.org/rec/phd/dnb/Feldmann21
6668,paper,Big data: sublinear algorithms for distributed data streams.,https://dblp.org/rec/phd/dnb/Malatyali19
6669,paper,"Integration von Werkzeugen in heterogene, prozeßgesteuerte Software-Entwicklungsumgebungen: tool integration concept.",https://dblp.org/rec/phd/dnb/Neumann02
6670,paper,Epidemic spreading and information dissemination in technological and social systems.,https://dblp.org/rec/phd/dnb/Ogierman14
6671,paper,Synchronized pushdown systems for pointer and data-flow analysis.,https://dblp.org/rec/phd/dnb/Spath19
6672,paper,Methoden und Werkzeuge zur Entwicklung dreidimensionaler visueller Sprachen.,https://dblp.org/rec/phd/dnb/Wolter15
6673,paper,Network and service coordination: conventional and machine learning approaches.,https://dblp.org/rec/phd/dnb/Schneider22
6674,paper,"KOSMOS, ein Konstruktionsschema zur Modellierung offener Systeme als Hilfsmittel für eine ökologisch orientierte Softwaretechnik.",https://dblp.org/rec/phd/dnb/Keil-Slawik85
6675,paper,"Eine integrierte Software-Entwicklungsumgebung: Konzepte, Entwurf u. Implementierung.",https://dblp.org/rec/phd/dnb/Schafer86
6676,paper,Resource allocation and scheduling in dense mobile access networks.,https://dblp.org/rec/phd/dnb/Draxler15
6677,paper,Privacy-Preserving Cryptography: Attribute-Based Signatures and Updatable Credentials.,https://dblp.org/rec/phd/dnb/Eidens22
6678,paper,Integrating concepts from constraint programming and operations research algorithms.,https://dblp.org/rec/phd/dnb/Fahle02
6679,paper,Ein Generator zur Entwicklung visueller Sprachen.,https://dblp.org/rec/phd/dnb/Jung00
6680,paper,Systematic development of model-based software engineering methods.,https://dblp.org/rec/phd/dnb/Sauer11
6681,paper,Verifying concurrent programs under weak memory models.,https://dblp.org/rec/phd/dnb/Travkin17
6682,paper,Neuronale Assoziativspeicher im Information Retrieval.,https://dblp.org/rec/phd/dnb/Schmidt03b
6683,paper,Lehr-Lernprozesse im Informatik-Anfangsunterricht: theoriegeleitete Entwicklung und Evaluation eines Unterrichtskonzepts zur Objektorientierung in der Sekundarstufe II.,https://dblp.org/rec/phd/de/Schulte2003
6684,paper,Towards an RTOS for self-optimizing mechatronic systems.,https://dblp.org/rec/phd/de/Oberthur2010
6685,paper,Simplifying expressions involving radicals.,https://dblp.org/rec/phd/de/Blomer1993
6686,paper,A verification plan for systematic verification of mechatronic systems.,https://dblp.org/rec/phd/de/Krupp2009
6687,paper,Generierung von Struktureditoren für anspruchsvolle visuelle Sprachen.,https://dblp.org/rec/phd/de/Schmidt2006a
6688,paper,Spezifikation und Entwicklung universitärer Lern- und Arbeitsumgebungen.,https://dblp.org/rec/phd/de/Roth2008
6689,paper,Navigierbare Kompression von XML-Datenströmen.,https://dblp.org/rec/phd/de/Hartel2008
6690,paper,Decomposition for compositional verification.,https://dblp.org/rec/phd/de/Metzler2010
6691,paper,Supporting service customer decision making: design and evaluation of IT artifacts.,https://dblp.org/rec/phd/de/Muller2011
6692,paper,Analyse und Entwurf von Methoden zur Ressourcenverwaltung partiell rekonfigurierbarer Architekturen.,https://dblp.org/rec/phd/de/Koster2007
6693,paper,Mediale Destillation als innovative Qualität sozialer Software.,https://dblp.org/rec/phd/de/Geissler2008
6694,paper,Insider-resistant distributed storage systems.,https://dblp.org/rec/phd/de/Eikel16
6695,paper,Musterbasiertes Re-Engineering von Softwaresystemen.,https://dblp.org/rec/phd/de/Meyer2009d
6696,paper,Methods to exploit reconfigurable fabrics: making reconfigurable systems mature.,https://dblp.org/rec/phd/de/Dittmann2007
6697,paper,Groupware-basiertes Ad-hoc-Workflow-Management: das GroupProcess-System: Konzeption und prototypische Implementierung einer,https://dblp.org/rec/phd/de/Huth2004
6698,paper,Sekundäre Medienfunktionen für die Konzeption von Lernplattformen für die Präsenzlehre,https://dblp.org/rec/phd/de/Selke2008
6699,paper,Low bias extraction of domain specific concepts.,https://dblp.org/rec/phd/de/Ngomo2009
6700,paper,On the computation of common subsumers in description logics.,https://dblp.org/rec/phd/de/Turhan2007
6701,paper,"Design, analysis, and evaluation of a data structure for distributed virtual environments.",https://dblp.org/rec/phd/de/Fischer2005
6702,paper,Architectural style based modeling and simulation of middleware for mobile systems.,https://dblp.org/rec/phd/de/Guo2007
6703,paper,Performance modeling and anlysis in high-performance reconfigurable computing.,https://dblp.org/rec/phd/de/Schumacher2011
6704,paper,A model-driven approach to multi-agent system design.,https://dblp.org/rec/phd/de/Stallmann2008
6705,paper,Learning shepherding behavior.,https://dblp.org/rec/phd/de/Baumann16
6706,paper,Online model checking mechanism and its applications.,https://dblp.org/rec/phd/de/Zhao16
6707,paper,Quad layouts: generation and optimization of conforming quadrilateral surface partitions.,https://dblp.org/rec/phd/de/Campen15
6708,paper,Platform-independent modeling of synthesizable software systems using UML 2.,https://dblp.org/rec/phd/de/Schattkowsky2009
6709,paper,A cooperative and verifiable UAV behavior for 3D environments,https://dblp.org/rec/phd/basesearch/Rasche13
6710,paper,Testaufwandsschätzung in der analytischen Qualitätssicherung,https://dblp.org/rec/phd/basesearch/Schreiber15
6711,paper,Modellbasierte Werkstück- und Werkzeugpositionierung zur Reduzierung der Zykluszeit in NC-Programmen,https://dblp.org/rec/phd/basesearch/Weber17
6712,paper,Decision support for liner shipping network decisions,https://dblp.org/rec/phd/basesearch/Muller18a
6713,paper,Online resource leasing,https://dblp.org/rec/phd/basesearch/Markarian14
6714,paper,Advanced acceleration techniques for Nested Benders decomposition in stochastic programming (Fortgeschrittene Beschleunigungstechniken für die Nested Benders Dekomposition in stochastischer Programmierung),https://dblp.org/rec/phd/basesearch/Wolf14
6715,paper,Computational aspects of combinatorial pricing problems,https://dblp.org/rec/phd/basesearch/Briest07
6716,paper,Novel methods for mining and learning from data streams,https://dblp.org/rec/phd/basesearch/Shaker17
6717,paper,Informationsverarbeitung in Handelsbetrieben auf Basis innovativer Informationstechnologien : das Retail Information System (RIS),https://dblp.org/rec/phd/basesearch/Schulte06
6718,paper,"Process design, verification and simulation: an implementation in a visual modeling tool for a workflow management system",https://dblp.org/rec/phd/basesearch/Zhang01
6719,paper,Szenariobasierte Synthese verteilter mechatronischer Systeme,https://dblp.org/rec/phd/basesearch/Brenner16
6720,paper,Takt- und Datenrückgewinnungsschaltungen mit automatischer Wahl der Bitrate für bitratenflexible optische Übertragungssysteme,https://dblp.org/rec/phd/basesearch/Scheytt03
6721,paper,"Faktorisierung dünn besetzter, positiv definiter Matrizen",https://dblp.org/rec/phd/basesearch/Schulze00
6722,paper,Planungswerkzeug zur wissensbasierten Produktionssystemkonzipierung (Planning tool for the knowledge-based design of production systems),https://dblp.org/rec/phd/basesearch/Bauer14
6723,paper,Quality metrics driven functional verification for IP based SoC design,https://dblp.org/rec/phd/basesearch/Xie14a
6724,paper,Parameterized aspects of team-based formalisms and logical inference,https://dblp.org/rec/phd/basesearch/Mahmood22
6725,paper,Performance of estimation and detection algorithms in wireless networks.,https://dblp.org/rec/phd/basesearch/Leong08
6726,paper,Self-* Algorithms for distributed systems: programmable matter & overlay networks,https://dblp.org/rec/phd/basesearch/Strothmann17
6727,paper,Local protocols for contracting and expanding robot formation problems,https://dblp.org/rec/phd/basesearch/Castenow23
6728,paper,Descriptive complexity of circuit-based counting classes,https://dblp.org/rec/phd/basesearch/Haak21
6729,paper,Soft clustering algorithms: theoretical and practical improvements,https://dblp.org/rec/phd/basesearch/Bujna17
6730,paper,Database Support for the PROTOS-L System,https://dblp.org/rec/tr/ibm/IWBS71
6731,paper,An Inference Engine for Function Free Logic Programs,https://dblp.org/rec/tr/ibm/IWBS132
6732,paper,Improving the Concurrency of Integrity Checks and Write Operations,https://dblp.org/rec/tr/ibm/IWBS134
6733,paper,Development and Programming of Deductive Databases with PROTOS-L,https://dblp.org/rec/tr/ibm/IWBS118
6734,paper,Draft Report of the Logic Programming Language PROTOS-L,https://dblp.org/rec/tr/ibm/IWBS175
6735,paper,A Tool Kit for Knowledge Based Production Planning Systems,https://dblp.org/rec/tr/ibm/IWBS128
6736,paper,Integrating a Deductive Database System with a Warren Abstract Machine,https://dblp.org/rec/tr/ibm/IWBS141
6737,paper,Attribute Inheritance Implemented on Top of a Relational Database System,https://dblp.org/rec/tr/ibm/IWBS87
6738,paper,PROTOS-L: Towards a Knowledge Base Programming Language,https://dblp.org/rec/tr/ibm/IWBS89
6739,paper,ILFA Interface Concept,https://dblp.org/rec/tr/ibm/IWBS193
6740,venue,Taschenbuch der Algorithmen,Taschenbuch der Algorithmen
6741,venue,Encyclopedia of Algorithms,Encyclopedia of Algorithms
6742,venue,Handbook of Approximation Algorithms and Metaheuristics,Handbook of Approximation Algorithms and Metaheuristics
6743,venue,Encyclopedia of Education and Information Technologies,Encyclopedia of Education and Information Technologies
6744,venue,"Synthesis Lectures on Data, Semantics, and Knowledge",https://dblp.org/streams/series/synthesis-wbe
6745,venue,Fifty Years of Fuzzy Logic and its Applications,https://dblp.org/streams/series/sfsc
6746,venue,Knowledge Graphs for eXplainable Artificial Intelligence,https://dblp.org/streams/series/ssw
6747,venue,Cartesian Genetic Programming,https://dblp.org/streams/series/ncs
6748,venue,The Rise of Modern Logic: From Leibniz to Frege,https://dblp.org/streams/series/hhl
6749,venue,Handbook of Satisfiability,https://dblp.org/streams/series/faia
6750,venue,Ausgezeichnete Informatikdissertationen,https://dblp.org/streams/series/gidiss
6751,venue,The Challenge of Anticipation,https://dblp.org/streams/series/lncs
6752,venue,IFIP's Exciting First 60+ Years,https://dblp.org/streams/series/ifip
6753,venue,Econometrics of Risk,https://dblp.org/streams/series/sci
6754,venue,EVOLVE,https://dblp.org/streams/conf/evolve
6755,venue,DAC,https://dblp.org/streams/conf/dac
6756,venue,IGARSS,https://dblp.org/streams/conf/igarss
6757,venue,SIGIR,https://dblp.org/streams/conf/sigir
6758,venue,FIFF Jahrestagung,https://dblp.org/streams/conf/fiff
6759,venue,SoSE,https://dblp.org/streams/conf/sysose
6760,venue,SUTC,https://dblp.org/streams/conf/sutc
6761,venue,FUZZING,https://dblp.org/streams/conf/fuzzing
6762,venue,WG,https://dblp.org/streams/conf/wg
6763,venue,CSL,https://dblp.org/streams/conf/csl
6764,venue,SCAM,https://dblp.org/streams/conf/scam
6765,venue,ApPLIED@PODC,https://dblp.org/streams/conf/applied
6766,venue,CW,https://dblp.org/streams/conf/cw
6767,venue,DEXA Workshops,https://dblp.org/streams/conf/dexa
6768,venue,MMM (2),https://dblp.org/streams/conf/mmm
6769,venue,INLG,https://dblp.org/streams/conf/inlg
6770,venue,CHINZ,https://dblp.org/streams/conf/chinz
6771,venue,SSD,https://dblp.org/streams/conf/IEEEssd
6772,venue,Description Logics,https://dblp.org/streams/conf/dlog
6773,venue,PPAM (2),https://dblp.org/streams/conf/ppam
6774,venue,ITST,https://dblp.org/streams/conf/itst
6775,venue,CDC,https://dblp.org/streams/conf/cdc
6776,venue,IAS,https://dblp.org/streams/conf/ias
6777,venue,MTSR,https://dblp.org/streams/conf/mtsr
6778,venue,MuC,https://dblp.org/streams/conf/mc
6779,venue,UP,https://dblp.org/streams/conf/gerupa
6780,venue,TAROS,https://dblp.org/streams/conf/taros
6781,venue,TAMoCo,https://dblp.org/streams/conf/tamoco
6782,venue,OR,https://dblp.org/streams/conf/or
6783,venue,ICS,https://dblp.org/streams/conf/ics
6784,venue,LATW,https://dblp.org/streams/conf/latw
6785,venue,SLSP,https://dblp.org/streams/conf/slsp
6786,venue,ESORICS (3),https://dblp.org/streams/conf/esorics
6787,venue,Web3D,https://dblp.org/streams/conf/vrml
6788,venue,ICUWB,https://dblp.org/streams/conf/icuwb
6789,venue,EWSPT,https://dblp.org/streams/conf/ewspt
6790,venue,CISched,https://dblp.org/streams/conf/cisched
6791,venue,PAAMS,https://dblp.org/streams/conf/paams
6792,venue,Parallel Algorithms and Architectures,https://dblp.org/streams/conf/paa
6793,venue,OC@ICAC,https://dblp.org/streams/conf/oc
6794,venue,ICAC,https://dblp.org/streams/conf/icac
6795,venue,ICINCO (2),https://dblp.org/streams/conf/icinco
6796,venue,ISC,https://dblp.org/streams/conf/supercomputer
6797,venue,WEBIST (1),https://dblp.org/streams/conf/webist
6798,venue,ECSQARU,https://dblp.org/streams/conf/ecsqaru
6799,venue,EdgeSys@MobiSys,https://dblp.org/streams/conf/edgesys
6800,venue,ICCCN,https://dblp.org/streams/conf/icccn
6801,venue,Heinz Nixdorf Symposium,https://dblp.org/streams/conf/nixdorf
6802,venue,Eurographics (Short Presentations),https://dblp.org/streams/conf/eurographics
6803,venue,ICSMM,https://dblp.org/streams/conf/icsmm
6804,venue,SSS,https://dblp.org/streams/conf/sss
6805,venue,WiOpt,https://dblp.org/streams/conf/wiopt
6806,venue,ECDL,https://dblp.org/streams/conf/ercimdl
6807,venue,CAMSAP,https://dblp.org/streams/conf/camsap
6808,venue,ITG Symposium on Speech Communication,https://dblp.org/streams/conf/ITGspeech
6809,venue,RANLP,https://dblp.org/streams/conf/ranlp
6810,venue,WACV,https://dblp.org/streams/conf/wacv
6811,venue,AAAI,https://dblp.org/streams/conf/aaai
6812,venue,RR,https://dblp.org/streams/conf/rr
6813,venue,CVE,https://dblp.org/streams/conf/cve
6814,venue,TAMC,https://dblp.org/streams/conf/tamc
6815,venue,SEUS,https://dblp.org/streams/conf/seus
6816,venue,EAIS,https://dblp.org/streams/conf/eais
6817,venue,ICMLA,https://dblp.org/streams/conf/icmla
6818,venue,WADS,https://dblp.org/streams/conf/wads
6819,venue,HRI (Companion),https://dblp.org/streams/conf/hri
6820,venue,CP,https://dblp.org/streams/conf/cp
6821,venue,TOOLS (49),https://dblp.org/streams/conf/tools
6822,venue,SAGT,https://dblp.org/streams/conf/sagt
6823,venue,IJCNN,https://dblp.org/streams/conf/ijcnn
6824,venue,ISQED,https://dblp.org/streams/conf/isqed
6825,venue,ISSCC,https://dblp.org/streams/conf/isscc
6826,venue,SNAPI@PACT,https://dblp.org/streams/conf/snapi
6827,venue,Key Competencies in the Knowledge Society,https://dblp.org/streams/conf/ifip3
6828,venue,STeP,https://dblp.org/streams/conf/Dstep
6829,venue,ICAART (2),https://dblp.org/streams/conf/icaart
6830,venue,APSEC,https://dblp.org/streams/conf/apsec
6831,venue,CAIP (2),https://dblp.org/streams/conf/caip
6832,venue,ISVLSI,https://dblp.org/streams/conf/isvlsi
6833,venue,ISCE,https://dblp.org/streams/conf/isce
6834,venue,GECCO,https://dblp.org/streams/conf/gecco
6835,venue,AAAI Spring Symposium: AI for Business Agility,https://dblp.org/streams/conf/aaaiss
6836,venue,VEHITS,https://dblp.org/streams/conf/vehits
6837,venue,Systems Implementation 2000,https://dblp.org/streams/conf/ifip2-4
6838,venue,SITIS,https://dblp.org/streams/conf/sitis
6839,venue,Business Process Management Workshops (1),https://dblp.org/streams/conf/bpm
6840,venue,EGOV-CeDEM-ePart-*,https://dblp.org/streams/conf/egov
6841,venue,VNC,https://dblp.org/streams/conf/vnc
6842,venue,IRREGULAR,https://dblp.org/streams/conf/irregular
6843,venue,ICCVE,https://dblp.org/streams/conf/iccve
6844,venue,CDVE,https://dblp.org/streams/conf/cdve
6845,venue,SoCC,https://dblp.org/streams/conf/socc
6846,venue,Programmierumgebungen und Compiler,https://dblp.org/streams/series/gacm
6847,venue,SoCC,https://dblp.org/streams/conf/cloud
6848,venue,CC,https://dblp.org/streams/conf/cc
6849,venue,COSADE,https://dblp.org/streams/conf/cosade
6850,venue,SAC,https://dblp.org/streams/conf/sac
6851,venue,ICML,https://dblp.org/streams/conf/icml
6852,venue,FPT,https://dblp.org/streams/conf/fpt
6853,venue,ICHI,https://dblp.org/streams/conf/ichi
6854,venue,EKAW,https://dblp.org/streams/conf/ekaw
6855,venue,EuroCG,https://dblp.org/streams/conf/ewcg
6856,venue,ATVA,https://dblp.org/streams/conf/atva
6857,venue,CHI Extended Abstracts,https://dblp.org/streams/conf/chi
6858,venue,INTERCHI,https://dblp.org/streams/conf/interact
6859,venue,ICER,https://dblp.org/streams/conf/icer
6860,venue,CRIWG,https://dblp.org/streams/conf/criwg
6861,venue,MDM,https://dblp.org/streams/conf/mdm
6862,venue,CIAC,https://dblp.org/streams/conf/ciac
6863,venue,HLDVT,https://dblp.org/streams/conf/hldvt
6864,venue,SUI,https://dblp.org/streams/conf/sui
6865,venue,Software Engineering (Workshops),https://dblp.org/streams/conf/se
6866,venue,CSE@SE,https://dblp.org/streams/series/ceurws
6867,venue,ECMAST,https://dblp.org/streams/conf/ecmast
6868,venue,Extreme Markup Languages®,https://dblp.org/streams/conf/extreme
6869,venue,ICSOC,https://dblp.org/streams/conf/icsoc
6870,venue,ASSS@AsiaCCS,https://dblp.org/streams/conf/asss
6871,venue,ISWCS,https://dblp.org/streams/conf/iswcs
6872,venue,BCICTS,https://dblp.org/streams/conf/bcicts
6873,venue,Conf. Computing Frontiers,https://dblp.org/streams/conf/cf
6874,venue,CADUI,https://dblp.org/streams/conf/cadui
6875,venue,CSF,https://dblp.org/streams/conf/csfw
6876,venue,ATC,https://dblp.org/streams/conf/atc
6877,venue,SODA,https://dblp.org/streams/conf/soda
6878,venue,DeLFI,https://dblp.org/streams/conf/delfi
6879,venue,AI*IA,https://dblp.org/streams/conf/aiia
6880,venue,Modellierung,https://dblp.org/streams/conf/modellierung
6881,venue,CIG,https://dblp.org/streams/conf/cig
6882,venue,CSCWD (Selected papers),https://dblp.org/streams/conf/cscwd
6883,venue,AMCIS,https://dblp.org/streams/conf/amcis
6884,venue,EWSDN,https://dblp.org/streams/conf/ewsdn
6885,venue,BDTA,https://dblp.org/streams/conf/bdta
6886,venue,CRYPTO (1),https://dblp.org/streams/conf/crypto
6887,venue,VG@Eurographics,https://dblp.org/streams/conf/vg
6888,venue,IDA,https://dblp.org/streams/conf/ida
6889,venue,ISSE,https://dblp.org/streams/conf/isse2
6890,venue,FUN,https://dblp.org/streams/conf/fun
6891,venue,DSV-IS,https://dblp.org/streams/conf/dsvis
6892,venue,FroCos,https://dblp.org/streams/conf/frocos
6893,venue,CT-RSA,https://dblp.org/streams/conf/ctrsa
6894,venue,Future Security,https://dblp.org/streams/conf/futsec
6895,venue,Graph-Grammars and Their Application to Computer Science,https://dblp.org/streams/conf/gg
6896,venue,ICGT,https://dblp.org/streams/conf/icgt
6897,venue,ICRA,https://dblp.org/streams/conf/icra
6898,venue,EUROCRYPT,https://dblp.org/streams/conf/eurocrypt
6899,venue,JELIA,https://dblp.org/streams/conf/jelia
6900,venue,Logic and Machines,https://dblp.org/streams/conf/lam
6901,venue,GfKl,https://dblp.org/streams/conf/gfkl
6902,venue,MISDOOM,https://dblp.org/streams/conf/misdoom
6903,venue,TRIDENTCOM,https://dblp.org/streams/conf/tridentcom
6904,venue,ICSA,https://dblp.org/streams/conf/icsa
6905,venue,eKNOW,https://dblp.org/streams/conf/eknow
6906,venue,UCAmI (2),https://dblp.org/streams/conf/ucami
6907,venue,WISES,https://dblp.org/streams/conf/wises
6908,venue,SANER,https://dblp.org/streams/conf/saner
6909,venue,International Conference on Computational Science (2),https://dblp.org/streams/conf/iccS
6910,venue,NEO,https://dblp.org/streams/conf/neo
6911,venue,ICPE (Companion),https://dblp.org/streams/conf/wosp
6912,venue,TAMODIA,https://dblp.org/streams/conf/tamodia
6913,venue,Semantic Mining in Biomedicine,https://dblp.org/streams/conf/smbm
6914,venue,ENASE (Selected Papers),https://dblp.org/streams/conf/enase
6915,venue,EuroUSEC,https://dblp.org/streams/conf/eurousec
6916,venue,DESRIST,https://dblp.org/streams/conf/desrist
6917,venue,IFSA/EUSFLAT/AGOP,https://dblp.org/streams/conf/ifsa
6918,venue,EUSFLAT Conf.,https://dblp.org/streams/conf/eusflat
6919,venue,Mobility Conference,https://dblp.org/streams/conf/mobility
6920,venue,FOAL,https://dblp.org/streams/conf/foal
6921,venue,ECBS,https://dblp.org/streams/conf/ecbs
6922,venue,MoDeVVa@MoDELS,MoDeVVa@MoDELS
6923,venue,MoDELS,https://dblp.org/streams/conf/models
6924,venue,MDHPCL@MoDELS,MDHPCL@MoDELS
6925,venue,WORDS,https://dblp.org/streams/conf/words
6926,venue,EMSOFT,https://dblp.org/streams/conf/emsoft
6927,venue,FATES/RV,https://dblp.org/streams/conf/fates
6928,venue,SSW,https://dblp.org/streams/conf/ssw
6929,venue,Theoretical Computer Science,https://dblp.org/streams/conf/tcs
6930,venue,MED,https://dblp.org/streams/conf/med
6931,venue,ECC,https://dblp.org/streams/conf/eucc
6932,venue,MFCS,https://dblp.org/streams/conf/mfcs
6933,venue,Graphics Interface,https://dblp.org/streams/conf/graphicsinterface
6934,venue,IFM,https://dblp.org/streams/conf/ifm
6935,venue,MBMV,https://dblp.org/streams/conf/mbmv
6936,venue,CogSci,https://dblp.org/streams/conf/cogsci
6937,venue,SCAI,https://dblp.org/streams/conf/scai
6938,venue,KES-AMSTA (1),https://dblp.org/streams/conf/kesamsta
6939,venue,ISD,https://dblp.org/streams/conf/isdevel
6940,venue,AFRICON,https://dblp.org/streams/conf/africon
6941,venue,SLT,https://dblp.org/streams/conf/slt
6942,venue,ICICS,https://dblp.org/streams/conf/icics
6943,venue,EWSN,https://dblp.org/streams/conf/ewsn
6944,venue,MOBIS,https://dblp.org/streams/conf/ifip8
6945,venue,Diagrams,https://dblp.org/streams/conf/diagrams
6946,venue,NFV-SDN,https://dblp.org/streams/conf/nfvsdn
6947,venue,CCS,https://dblp.org/streams/conf/ccs
6948,venue,MPS@CCS,MPS@CCS
6949,venue,AsiaCCS,https://dblp.org/streams/conf/asiaccs
6950,venue,SPSM@CCS,https://dblp.org/streams/conf/spsm-ws
6951,venue,WebNet,https://dblp.org/streams/conf/webnet
6952,venue,LaTiCE,https://dblp.org/streams/conf/latice
6953,venue,SPIN,https://dblp.org/streams/conf/spin
6954,venue,FLAIRS,https://dblp.org/streams/conf/flairs
6955,venue,Software-Entwicklung,https://dblp.org/streams/conf/softent
6956,venue,MobIS,https://dblp.org/streams/conf/mobis
6957,venue,FoIKS,https://dblp.org/streams/conf/foiks
6958,venue,ARES,https://dblp.org/streams/conf/IEEEares
6959,venue,DCASE,https://dblp.org/streams/conf/dcase
6960,venue,Interconnection Networks and Mapping and Scheduling Parallel Computations,https://dblp.org/streams/series/dimacs
6961,venue,IRI,https://dblp.org/streams/conf/iri
6962,venue,ECOC,https://dblp.org/streams/conf/ecoc
6963,venue,BNCOD,https://dblp.org/streams/conf/bncod
6964,venue,ISWC (2),https://dblp.org/streams/conf/semweb
6965,venue,OM@ISWC,https://dblp.org/streams/conf/om2
6966,venue,Semdeep/NLIWoD@ISWC,https://dblp.org/streams/conf/nliwod
6967,venue,QuWeDa@ISWC,https://dblp.org/streams/conf/quweda
6968,venue,Wirtschaftsinformatik (Zentrale Tracks),https://dblp.org/streams/conf/wirtschaftsinformatik
6969,venue,PerCom Workshops,https://dblp.org/streams/conf/percom
6970,venue,ICMI,https://dblp.org/streams/conf/icmi
6971,venue,TACAS (2),https://dblp.org/streams/conf/tacas
6972,venue,ECSA (Companion),https://dblp.org/streams/conf/ecsa
6973,venue,SOQUA/TECOS,https://dblp.org/streams/conf/soqua
6974,venue,IRC,https://dblp.org/streams/conf/irc
6975,venue,SERVICES,https://dblp.org/streams/conf/services
6976,venue,MMSP,https://dblp.org/streams/conf/mmsp
6977,venue,ECCV Workshops (3),https://dblp.org/streams/conf/eccv
6978,venue,SeGAH,https://dblp.org/streams/conf/segah
6979,venue,ICARCV,https://dblp.org/streams/conf/icarcv
6980,venue,Grundlagen von Datenbanken,https://dblp.org/streams/conf/gvd
6981,venue,ESOP,https://dblp.org/streams/conf/esop
6982,venue,Middleware Demos/Posters,https://dblp.org/streams/conf/middleware
6983,venue,SERIAL@Middleware,SERIAL@Middleware
6984,venue,MW4SOC,https://dblp.org/streams/conf/mw4soc-ws
6985,venue,ARM@Middleware,https://dblp.org/streams/conf/arm-ws
6986,venue,GI Jahrestagung (2),https://dblp.org/streams/conf/gi
6987,venue,Wissensrepräsentation in Expertensystemen,https://dblp.org/streams/conf/ibm
6988,venue,International Conference on Internet Computing,https://dblp.org/streams/conf/ic
6989,venue,I-KNOW,https://dblp.org/streams/conf/iknow
6990,venue,SIGSMALL/PC,https://dblp.org/streams/conf/sigsmall
6991,venue,WALCOM,https://dblp.org/streams/conf/walcom
6992,venue,ICARA,https://dblp.org/streams/conf/icara
6993,venue,VL,https://dblp.org/streams/conf/vl
6994,venue,GMDS,https://dblp.org/streams/conf/gmds
6995,venue,IPSEN Book,https://dblp.org/streams/conf/ipsen
6996,venue,ISSTA,https://dblp.org/streams/conf/issta
6997,venue,AISTA@ISSTA,AISTA@ISSTA
6998,venue,WODA,https://dblp.org/streams/conf/woda
6999,venue,TCC (1),https://dblp.org/streams/conf/tcc
7000,venue,Computers and Games,https://dblp.org/streams/conf/cg
7001,venue,PROLAMAT,https://dblp.org/streams/conf/prolamat
7002,venue,NORCHIP,https://dblp.org/streams/conf/norchip
7003,venue,ICCE,https://dblp.org/streams/conf/iccel
7004,venue,ISEC,https://dblp.org/streams/conf/indiaSE
7005,venue,ISIT,https://dblp.org/streams/conf/isit
7006,venue,DATE,https://dblp.org/streams/conf/date
7007,venue,IWSiB@ICSE,https://dblp.org/streams/conf/iwsib
7008,venue,UAI,https://dblp.org/streams/conf/uai
7009,venue,FPGA,https://dblp.org/streams/conf/fpga
7010,venue,IUI,https://dblp.org/streams/conf/iui
7011,venue,LAK,https://dblp.org/streams/conf/lak
7012,venue,XP,https://dblp.org/streams/conf/xpu
7013,venue,ACG,https://dblp.org/streams/conf/acg
7014,venue,ACCV (1),https://dblp.org/streams/conf/accv
7015,venue,Secure Data Management,https://dblp.org/streams/conf/sdmw
7016,venue,SAFECOMP Workshops,https://dblp.org/streams/conf/safecomp
7017,venue,LCN,https://dblp.org/streams/conf/lcn
7018,venue,SNAMS,https://dblp.org/streams/conf/snams
7019,venue,CNSM,https://dblp.org/streams/conf/cnsm
7020,venue,CBSE,https://dblp.org/streams/conf/cbse
7021,venue,SPDP,https://dblp.org/streams/conf/spdp
7022,venue,WEB,https://dblp.org/streams/conf/web
7023,venue,SLE,https://dblp.org/streams/conf/sle
7024,venue,SOAP@PLDI,https://dblp.org/streams/conf/soap-ws
7025,venue,PLAS,https://dblp.org/streams/conf/plas-ws
7026,venue,PLDI,https://dblp.org/streams/conf/pldi
7027,venue,QI,https://dblp.org/streams/conf/qi
7028,venue,KESW,https://dblp.org/streams/conf/kesw
7029,venue,TPNC,https://dblp.org/streams/conf/tpnc
7030,venue,SMC,https://dblp.org/streams/conf/smc
7031,venue,RecSoGood@RecSys,https://dblp.org/streams/conf/recsogood
7032,venue,EUROMICRO-SEAA,https://dblp.org/streams/conf/euromicro
7033,venue,XSW,https://dblp.org/streams/conf/xsw
7034,venue,IPTA,https://dblp.org/streams/conf/ipta
7035,venue,Transputer-Anwender-Treffen,https://dblp.org/streams/conf/tat
7036,venue,OPODIS,https://dblp.org/streams/conf/opodis
7037,venue,OFC,https://dblp.org/streams/conf/ofc
7038,venue,HCSE,https://dblp.org/streams/conf/hcse
7039,venue,ALA,https://dblp.org/streams/conf/ifaamas
7040,venue,VRST,https://dblp.org/streams/conf/vrst
7041,venue,HEART,https://dblp.org/streams/conf/heart
7042,venue,SBD@SIGMOD,https://dblp.org/streams/conf/sbd
7043,venue,KGSWC,https://dblp.org/streams/conf/kgswc
7044,venue,HCI (3),https://dblp.org/streams/conf/hci
7045,venue,IWBF,https://dblp.org/streams/conf/iwbf
7046,venue,IWSM/Mensura,https://dblp.org/streams/conf/iwsm
7047,venue,GROUP,https://dblp.org/streams/conf/group
7048,venue,LANMAN,https://dblp.org/streams/conf/lanman
7049,venue,VTC Spring,https://dblp.org/streams/conf/vtc
7050,venue,RAID,https://dblp.org/streams/conf/raid
7051,venue,RANDOM-APPROX,https://dblp.org/streams/conf/random
7052,venue,SIGDIAL,https://dblp.org/streams/conf/sigdial
7053,venue,DELTA,https://dblp.org/streams/conf/delta
7054,venue,WIMS,https://dblp.org/streams/conf/wims
7055,venue,SAT,https://dblp.org/streams/conf/sat
7056,venue,SEAMS@ICSE,https://dblp.org/streams/conf/seams
7057,venue,HIS,https://dblp.org/streams/conf/his
7058,venue,ICIQ,https://dblp.org/streams/conf/iq
7059,venue,SIGCSE (1),https://dblp.org/streams/conf/sigcse
7060,venue,RuleML+RR,https://dblp.org/streams/conf/rulemlrr
7061,venue,LDIC,https://dblp.org/streams/conf/ldic
7062,venue,CE,https://dblp.org/streams/conf/ispe
7063,venue,ASP-DAC,https://dblp.org/streams/conf/aspdac
7064,venue,CODASPY,https://dblp.org/streams/conf/codaspy
7065,venue,WoLLIC,https://dblp.org/streams/conf/wollic
7066,venue,WiPSCE,https://dblp.org/streams/conf/wipsce
7067,venue,Java-Informations-Tage,https://dblp.org/streams/conf/jit
7068,venue,MobiHoc,https://dblp.org/streams/conf/mobihoc
7069,venue,ICAS,https://dblp.org/streams/conf/icas
7070,venue,RV,https://dblp.org/streams/conf/rv
7071,venue,PARELEC,https://dblp.org/streams/conf/parelec
7072,venue,AmI Workshops,https://dblp.org/streams/conf/ami
7073,venue,DH,https://dblp.org/streams/conf/dihu
7074,venue,ISIC,https://dblp.org/streams/conf/IEEEisic
7075,venue,PACIS,https://dblp.org/streams/conf/pacis
7076,venue,ECML/PKDD (4),https://dblp.org/streams/conf/pkdd
7077,venue,DC@PKDD/ECML,https://dblp.org/streams/conf/ecml
7078,venue,MLSA@PKDD/ECML,https://dblp.org/streams/conf/mlsa
7079,venue,IM,https://dblp.org/streams/conf/im
7080,venue,ACSAC,https://dblp.org/streams/conf/acsac
7081,venue,AHS,https://dblp.org/streams/conf/ahs
7082,venue,EATIS,https://dblp.org/streams/conf/eatis
7083,venue,AuCC,https://dblp.org/streams/conf/aucc
7084,venue,HT,https://dblp.org/streams/conf/ht
7085,venue,WSC,https://dblp.org/streams/conf/wsc
7086,venue,EvoApplications,https://dblp.org/streams/conf/evoapps
7087,venue,ISGT EUROPE,https://dblp.org/streams/conf/isgteurope
7088,venue,ISC,https://dblp.org/streams/conf/isw
7089,venue,IICIS,https://dblp.org/streams/conf/tc11-5
7090,venue,SPAWC,https://dblp.org/streams/conf/spawc
7091,venue,CAD,https://dblp.org/streams/conf/cad
7092,venue,ISPA,https://dblp.org/streams/conf/ispa
7093,venue,HICSS,https://dblp.org/streams/conf/hicss
7094,venue,ICHC,https://dblp.org/streams/conf/ichc
7095,venue,Multimedia Information Systems,https://dblp.org/streams/conf/mis
7096,venue,SimVis,https://dblp.org/streams/conf/simvis
7097,venue,SEMANTiCS (Posters & Demos),https://dblp.org/streams/conf/i-semantics
7098,venue,CEC,https://dblp.org/streams/conf/cec
7099,venue,FMCO,https://dblp.org/streams/conf/fmco
7100,venue,ICASSP,https://dblp.org/streams/conf/icassp
7101,venue,WCCE,https://dblp.org/streams/conf/wcce
7102,venue,SWAT4LS,https://dblp.org/streams/conf/swat4ls
7103,venue,APMS,https://dblp.org/streams/conf/ifip5-7
7104,venue,EC-TEL,https://dblp.org/streams/conf/ectel
7105,venue,ICPP Workshops,https://dblp.org/streams/conf/icpp
7106,venue,mLearn,https://dblp.org/streams/conf/mlearn
7107,venue,KI,https://dblp.org/streams/conf/ki
7108,venue,FCR@KI,https://dblp.org/streams/conf/fcr
7109,venue,INFOCOM,https://dblp.org/streams/conf/infocom
7110,venue,WoWMoM,https://dblp.org/streams/conf/wowmom
7111,venue,ANTS Conference,https://dblp.org/streams/conf/antsw
7112,venue,ICB,https://dblp.org/streams/conf/icb
7113,venue,PWNLP@ACL,https://dblp.org/streams/conf/acl-pwnlp
7114,venue,DMIN,https://dblp.org/streams/conf/dmin
7115,venue,SPAA,https://dblp.org/streams/conf/spaa
7116,venue,Berliner XML Tage,https://dblp.org/streams/conf/bxml
7117,venue,Networking,https://dblp.org/streams/conf/networking
7118,venue,NetWORKing,https://dblp.org/streams/conf/networks
7119,venue,COCOON,https://dblp.org/streams/conf/cocoon
7120,venue,CCA,https://dblp.org/streams/conf/IEEEcca
7121,venue,ACSSC,https://dblp.org/streams/conf/acssc
7122,venue,ICGSE,https://dblp.org/streams/conf/icgse
7123,venue,ALGOSENSORS,https://dblp.org/streams/conf/algosensors
7124,venue,Referenzmodellierung,https://dblp.org/streams/conf/refmod
7125,venue,ICWSM Workshops,https://dblp.org/streams/conf/icwsm
7126,venue,ICDCN,https://dblp.org/streams/conf/icdcn
7127,venue,MONAMI,https://dblp.org/streams/conf/monami
7128,venue,IPSN,https://dblp.org/streams/conf/ipsn
7129,venue,Sicherheit,https://dblp.org/streams/conf/sicherheit
7130,venue,GD,https://dblp.org/streams/conf/gd
7131,venue,NCA,https://dblp.org/streams/conf/nca
7132,venue,ICSME,https://dblp.org/streams/conf/icsm
7133,venue,IECON,https://dblp.org/streams/conf/iecon
7134,venue,ICLP,https://dblp.org/streams/conf/iclp
7135,venue,Denert Award,https://dblp.org/streams/conf/denert
7136,venue,ISSS,https://dblp.org/streams/conf/isss
7137,venue,APNet,https://dblp.org/streams/conf/apnet
7138,venue,MKWI,https://dblp.org/streams/conf/mkwi
7139,venue,ICC,https://dblp.org/streams/conf/icc
7140,venue,RTAS,https://dblp.org/streams/conf/rtas
7141,venue,ICPADS,https://dblp.org/streams/conf/icpads
7142,venue,SIES,https://dblp.org/streams/conf/sies
7143,venue,PETRA,https://dblp.org/streams/conf/petra
7144,venue,PP,https://dblp.org/streams/conf/ppsc
7145,venue,Allerton,https://dblp.org/streams/conf/allerton
7146,venue,MANPU@ICDAR,MANPU@ICDAR
7147,venue,DSD,https://dblp.org/streams/conf/dsd
7148,venue,Graph Transformations and Model-Driven Engineering,https://dblp.org/streams/conf/birthday
7149,venue,WPNC,https://dblp.org/streams/conf/wpnc
7150,venue,ICST,https://dblp.org/streams/conf/icst
7151,venue,ISTCS,https://dblp.org/streams/conf/istcs
7152,venue,TADDS,https://dblp.org/streams/conf/tadds
7153,venue,DATA,https://dblp.org/streams/conf/data
7154,venue,ICFCE,https://dblp.org/streams/conf/icfce
7155,venue,PAKM,https://dblp.org/streams/conf/pakm
7156,venue,ECIS,https://dblp.org/streams/conf/ecis
7157,venue,EDOC,https://dblp.org/streams/conf/edoc
7158,venue,PSC,https://dblp.org/streams/conf/stringology
7159,venue,LADC,https://dblp.org/streams/conf/ladc
7160,venue,CICLing (2),https://dblp.org/streams/conf/cicling
7161,venue,Reasoning Web,https://dblp.org/streams/conf/rweb
7162,venue,EDUTECH,https://dblp.org/streams/conf/ifip10-5
7163,venue,ACII,https://dblp.org/streams/conf/acii
7164,venue,OnlineGreenComm,https://dblp.org/streams/conf/onlinegreencomm
7165,venue,GLOBECOM Workshops,https://dblp.org/streams/conf/globecom
7166,venue,KES,https://dblp.org/streams/conf/kes
7167,venue,CIKM,https://dblp.org/streams/conf/cikm
7168,venue,Public Key Cryptography,https://dblp.org/streams/conf/pkc
7169,venue,SIGGRAPH,https://dblp.org/streams/conf/siggraph
7170,venue,SIGGRAPH ASIA Educators Program,https://dblp.org/streams/conf/siggrapha
7171,venue,Symposium on Designing Interactive Systems,https://dblp.org/streams/conf/ACMdis
7172,venue,VISIGRAPP (2: HUCAPP),https://dblp.org/streams/conf/visigrapp
7173,venue,ICDM,https://dblp.org/streams/conf/icdm
7174,venue,EHCI/DS-VIS,https://dblp.org/streams/conf/ehci
7175,venue,ICNP,https://dblp.org/streams/conf/icnp
7176,venue,ICCD,https://dblp.org/streams/conf/iccd
7177,venue,ACML,https://dblp.org/streams/conf/acml
7178,venue,LPNMR,https://dblp.org/streams/conf/lpnmr
7179,venue,ISAAC,https://dblp.org/streams/conf/isaac
7180,venue,EuCNC,https://dblp.org/streams/conf/eucnc
7181,venue,IEEE ICCI,https://dblp.org/streams/conf/IEEEicci
7182,venue,WSTST,https://dblp.org/streams/conf/wstst
7183,venue,Data Warehousing,https://dblp.org/streams/conf/dw
7184,venue,TASE,https://dblp.org/streams/conf/tase
7185,venue,ICDCS,https://dblp.org/streams/conf/icdcs
7186,venue,IWOCA,https://dblp.org/streams/conf/iwoca
7187,venue,EMBC,https://dblp.org/streams/conf/embc
7188,venue,IEEE Symposium on Security and Privacy,https://dblp.org/streams/conf/sp
7189,venue,PARLE,https://dblp.org/streams/conf/parle
7190,venue,ICWS,https://dblp.org/streams/conf/icws
7191,venue,CIMCA/IAWTIC,https://dblp.org/streams/conf/cimca
7192,venue,FORGE,https://dblp.org/streams/conf/forge
7193,venue,LPAR,https://dblp.org/streams/conf/lpar
7194,venue,Australasian Conference on Artificial Intelligence,https://dblp.org/streams/conf/ausai
7195,venue,GreenCom,https://dblp.org/streams/conf/greencom
7196,venue,S3@MobiCom,https://dblp.org/streams/conf/s-3
7197,venue,Mobility Management & Wireless Access Protocols,https://dblp.org/streams/conf/mobicom
7198,venue,FDTC,https://dblp.org/streams/conf/fdtc
7199,venue,University Education Uses of Visualization in Scientific Computing,https://dblp.org/streams/conf/ifip3-2
7200,venue,NANOARCH,https://dblp.org/streams/conf/nanoarch
7201,venue,DDECS,https://dblp.org/streams/conf/ddecs
7202,venue,STEP,https://dblp.org/streams/conf/step
7203,venue,Innovationen im E-Business,https://dblp.org/streams/conf/ebusiness
7204,venue,EGVE,https://dblp.org/streams/conf/egve
7205,venue,Simulationstechnik,https://dblp.org/streams/conf/simulationstechnik
7206,venue,DTIS,https://dblp.org/streams/conf/dtis
7207,venue,ITCS,https://dblp.org/streams/conf/innovations
7208,venue,ECMR,https://dblp.org/streams/conf/ecmr
7209,venue,AMS,https://dblp.org/streams/conf/ams
7210,venue,ADC,https://dblp.org/streams/conf/adc
7211,venue,TREC,https://dblp.org/streams/conf/trec
7212,venue,MOBILIGHT,https://dblp.org/streams/conf/mobilight
7213,venue,IPTPS,https://dblp.org/streams/conf/iptps
7214,venue,NCM,https://dblp.org/streams/conf/ncm
7215,venue,WICSA,https://dblp.org/streams/conf/wicsa
7216,venue,IEEE BigData,https://dblp.org/streams/conf/bigdataconf
7217,venue,WAIM,https://dblp.org/streams/conf/waim
7218,venue,ICIS,https://dblp.org/streams/conf/icis
7219,venue,MATES,https://dblp.org/streams/conf/mates
7220,venue,CANS,https://dblp.org/streams/conf/cans
7221,venue,POST,https://dblp.org/streams/conf/post
7222,venue,TechDebt@ICSE,https://dblp.org/streams/conf/techdebt
7223,venue,e-Energy,https://dblp.org/streams/conf/eenergy
7224,venue,ISSEP,https://dblp.org/streams/conf/issep
7225,venue,ACL (1),https://dblp.org/streams/conf/acl
7226,venue,SDE,https://dblp.org/streams/conf/sde
7227,venue,EUROMEDIA,https://dblp.org/streams/conf/euromedia
7228,venue,IDC,https://dblp.org/streams/conf/acmidc
7229,venue,SERE (Companion),https://dblp.org/streams/conf/ssiri
7230,venue,SOSA,https://dblp.org/streams/conf/sosa
7231,venue,SCESM,https://dblp.org/streams/conf/scesm
7232,venue,IESS,https://dblp.org/streams/conf/iess
7233,venue,Humanoids,https://dblp.org/streams/conf/humanoids
7234,venue,Automatentheorie und Formale Sprachen,https://dblp.org/streams/conf/automata
7235,venue,ICPR,https://dblp.org/streams/conf/icpr
7236,venue,ECOOP Workshops,https://dblp.org/streams/conf/ecoop
7237,venue,CHIRA (1),https://dblp.org/streams/conf/chira
7238,venue,GeNeMe,https://dblp.org/streams/conf/geneme
7239,venue,NLDB,https://dblp.org/streams/conf/nldb
7240,venue,MOBILESoft@ICSE,https://dblp.org/streams/conf/mobilesoft
7241,venue,FAW,https://dblp.org/streams/conf/faw
7242,venue,IPCCC,https://dblp.org/streams/conf/ipccc
7243,venue,IDE@ICSE,https://dblp.org/streams/conf/ide
7244,venue,ESANN,https://dblp.org/streams/conf/esann
7245,venue,ASE,https://dblp.org/streams/conf/kbse
7246,venue,Bx@PLW,https://dblp.org/streams/conf/bx
7247,venue,ISDA (1),https://dblp.org/streams/conf/isda
7248,venue,SoSP,https://dblp.org/streams/conf/kpdays
7249,venue,ISOOMS,https://dblp.org/streams/conf/isooms
7250,venue,Metainformatics,https://dblp.org/streams/conf/metainformatics
7251,venue,ACC,https://dblp.org/streams/conf/amcc
7252,venue,IEEE Visualization,https://dblp.org/streams/conf/visualization
7253,venue,LATIN,https://dblp.org/streams/conf/latin
7254,venue,ASRU,https://dblp.org/streams/conf/asru
7255,venue,USENIX Security Symposium,https://dblp.org/streams/conf/uss
7256,venue,FMOODS,https://dblp.org/streams/conf/fmoods
7257,venue,Artificial Intelligence and Applications,https://dblp.org/streams/conf/aia
7258,venue,WISTP,https://dblp.org/streams/conf/wistp
7259,venue,SC,https://dblp.org/streams/conf/sc
7260,venue,H2RC@SC,https://dblp.org/streams/conf/h2rc
7261,venue,Wissensbasierte Systeme,https://dblp.org/streams/conf/wi
7262,venue,ICTCS,https://dblp.org/streams/conf/ictcs
7263,venue,ACSD,https://dblp.org/streams/conf/acsd
7264,venue,FPL,https://dblp.org/streams/conf/fpl
7265,venue,CONVERSATIONS,https://dblp.org/streams/conf/conversations
7266,venue,PARCO,https://dblp.org/streams/conf/parco
7267,venue,SimuTools,https://dblp.org/streams/conf/simutools
7268,venue,MACIS,https://dblp.org/streams/conf/macis
7269,venue,CADE,https://dblp.org/streams/conf/cade
7270,venue,IJCAR,https://dblp.org/streams/conf/ijcar
7271,venue,SEA,https://dblp.org/streams/conf/wea
7272,venue,ISM,https://dblp.org/streams/conf/ism2
7273,venue,IJCAI,https://dblp.org/streams/conf/ijcai
7274,venue,MWSCAS,https://dblp.org/streams/conf/mwscas
7275,venue,NeSy,https://dblp.org/streams/conf/nesy
7276,venue,ISWC,https://dblp.org/streams/conf/iswc
7277,venue,FASE,https://dblp.org/streams/conf/fase
7278,venue,PDPTA,https://dblp.org/streams/conf/pdpta
7279,venue,REV,https://dblp.org/streams/conf/rev
7280,venue,CGO,https://dblp.org/streams/conf/cgo
7281,venue,LICS,https://dblp.org/streams/conf/lics
7282,venue,IDEAS,https://dblp.org/streams/conf/ideas
7283,venue,KnowRight,https://dblp.org/streams/conf/knowright
7284,venue,E4MAS,https://dblp.org/streams/conf/e4mas
7285,venue,KEOD,https://dblp.org/streams/conf/ic3k
7286,venue,DSDIS,https://dblp.org/streams/conf/dsdis
7287,venue,JIST,https://dblp.org/streams/conf/aswc
7288,venue,Fachtagung über Programmiersprachen,https://dblp.org/streams/conf/programmier
7289,venue,D-CSCL,https://dblp.org/streams/conf/d-cscl
7290,venue,SOFSEM,https://dblp.org/streams/conf/sofsem
7291,venue,IEEE International Workshop on Rapid System Prototyping,https://dblp.org/streams/conf/rsp
7292,venue,ISPW,https://dblp.org/streams/conf/ispw
7293,venue,ReCoSoC,https://dblp.org/streams/conf/recosoc
7294,venue,FinanceCom,https://dblp.org/streams/conf/financecom
7295,venue,BIOSIG,https://dblp.org/streams/conf/biosig
7296,venue,Future Network & Mobile Summit,https://dblp.org/streams/conf/fnms
7297,venue,Software-Ergonomie,https://dblp.org/streams/conf/softerg
7298,venue,LION,https://dblp.org/streams/conf/lion
7299,venue,NOMS,https://dblp.org/streams/conf/noms
7300,venue,AIS-ADM,https://dblp.org/streams/conf/aisadm
7301,venue,ICAC,https://dblp.org/streams/conf/iconac
7302,venue,Financial Cryptography,https://dblp.org/streams/conf/fc
7303,venue,FPS,https://dblp.org/streams/conf/fps
7304,venue,LREC,https://dblp.org/streams/conf/lrec
7305,venue,RTSI,https://dblp.org/streams/conf/rtsi
7306,venue,PEARL,https://dblp.org/streams/conf/pearl
7307,venue,ISORC,https://dblp.org/streams/conf/isorc
7308,venue,PRET,https://dblp.org/streams/conf/pret
7309,venue,UbiComp Adjunct,https://dblp.org/streams/conf/huc
7310,venue,Xsym,https://dblp.org/streams/conf/xsym
7311,venue,SEC,https://dblp.org/streams/conf/ieeesec
7312,venue,FCCM,https://dblp.org/streams/conf/fccm
7313,venue,SOUPS @ USENIX Security Symposium,https://dblp.org/streams/conf/soups
7314,venue,ADHOCNETS,https://dblp.org/streams/conf/adhocnets
7315,venue,SELMAS,https://dblp.org/streams/conf/selmas
7316,venue,COMPSAC,https://dblp.org/streams/conf/compsac
7317,venue,ASWSD,https://dblp.org/streams/conf/aswsd
7318,venue,DFN-Forum Kommunikationstechnologien,https://dblp.org/streams/conf/dfn
7319,venue,ICIT,https://dblp.org/streams/conf/icit2
7320,venue,ICORES,https://dblp.org/streams/conf/icores
7321,venue,ICEC,https://dblp.org/streams/conf/ACMicec
7322,venue,ADPRL,https://dblp.org/streams/conf/adprl
7323,venue,CODES+ISSS,https://dblp.org/streams/conf/codesisss
7324,venue,SoCG,https://dblp.org/streams/conf/compgeom
7325,venue,EuroMLSys@EuroSys,https://dblp.org/streams/conf/euromlsys
7326,venue,SBCCI,https://dblp.org/streams/conf/sbcci
7327,venue,EUSIPCO,https://dblp.org/streams/conf/eusipco
7328,venue,PLILP,https://dblp.org/streams/conf/plilp
7329,venue,SECON,https://dblp.org/streams/conf/secon
7330,venue,ACIIDS (1),https://dblp.org/streams/conf/aciids
7331,venue,ISCAS,https://dblp.org/streams/conf/iscas
7332,venue,ICEIS (1),https://dblp.org/streams/conf/iceis
7333,venue,Informatiktage,https://dblp.org/streams/conf/informatiktage
7334,venue,RO-MAN,https://dblp.org/streams/conf/ro-man
7335,venue,Interaktion im Web,https://dblp.org/streams/conf/iweb
7336,venue,WETICE,https://dblp.org/streams/conf/wetice
7337,venue,WIDM,https://dblp.org/streams/conf/widm
7338,venue,SEKE,https://dblp.org/streams/conf/seke
7339,venue,ISOCC,https://dblp.org/streams/conf/isocc
7340,venue,ITiCSE-WGR,https://dblp.org/streams/conf/iticse
7341,venue,CAiSE Forum,https://dblp.org/streams/conf/caise
7342,venue,BPMDS/EMMSAD@CAiSE,https://dblp.org/streams/conf/bpmds
7343,venue,ECMDA-FA,https://dblp.org/streams/conf/ecmdafa
7344,venue,K-CAP,https://dblp.org/streams/conf/kcap
7345,venue,IS,https://dblp.org/streams/conf/is
7346,venue,AOSD (Companion),https://dblp.org/streams/conf/aosd
7347,venue,East/West Database Workshop,https://dblp.org/streams/conf/ewdw
7348,venue,ISCC,https://dblp.org/streams/conf/iscc
7349,venue,RecTour@RecSys,https://dblp.org/streams/conf/rectour
7350,venue,PPSN,https://dblp.org/streams/conf/ppsn
7351,venue,ACM Great Lakes Symposium on VLSI,https://dblp.org/streams/conf/glvlsi
7352,venue,MSST,https://dblp.org/streams/conf/mss
7353,venue,KR,https://dblp.org/streams/conf/kr
7354,venue,BASYS,https://dblp.org/streams/conf/ifip5-3
7355,venue,PROFES,https://dblp.org/streams/conf/profes
7356,venue,ESOCC Workshops,https://dblp.org/streams/conf/esocc
7357,venue,ETRA,https://dblp.org/streams/conf/etra
7358,venue,BIR,https://dblp.org/streams/conf/bir
7359,venue,SoCPaR,https://dblp.org/streams/conf/socpar
7360,venue,Haifa Verification Conference,https://dblp.org/streams/conf/hvc
7361,venue,ICATPN,https://dblp.org/streams/conf/apn
7362,venue,RFID-TA,https://dblp.org/streams/conf/rfidta
7363,venue,QoSA,https://dblp.org/streams/conf/qosa
7364,venue,ECAL,https://dblp.org/streams/conf/ecal
7365,venue,AAAI Fall Symposium: Information Retrieval and Knowledge Discovery in Biomedical Text,https://dblp.org/streams/conf/aaaifs
7366,venue,SECRYPT,https://dblp.org/streams/conf/secrypt
7367,venue,SMARTGREENS/VEHITS (Selected Papers),https://dblp.org/streams/conf/smartgreens
7368,venue,Workshop Mobile Commerce,https://dblp.org/streams/conf/wmc
7369,venue,WAE,https://dblp.org/streams/conf/wae
7370,venue,ICETE (Selected Papers),https://dblp.org/streams/conf/icete
7371,venue,ICUMT,https://dblp.org/streams/conf/icumt
7372,venue,CTS,https://dblp.org/streams/conf/cts
7373,venue,ProvSec,https://dblp.org/streams/conf/provsec
7374,venue,ISoLA (1),https://dblp.org/streams/conf/isola
7375,venue,BIS,https://dblp.org/streams/conf/bis
7376,venue,ALT,https://dblp.org/streams/conf/alt
7377,venue,FOGA,https://dblp.org/streams/conf/foga
7378,venue,TAI,https://dblp.org/streams/conf/ictai
7379,venue,ASCC,https://dblp.org/streams/conf/ascc
7380,venue,CASES,https://dblp.org/streams/conf/cases
7381,venue,ESWC,https://dblp.org/streams/conf/esws
7382,venue,GeoLD-QuWeDa@ESWC,https://dblp.org/streams/conf/geold
7383,venue,SemWebEval@ESWC,https://dblp.org/streams/series/ccis
7384,venue,RE Workshops,https://dblp.org/streams/conf/re
7385,venue,D4RE@RE,https://dblp.org/streams/conf/d4re-ws
7386,venue,CLEF (Working Notes),https://dblp.org/streams/conf/clef
7387,venue,Med-Hoc-Net,https://dblp.org/streams/conf/medhocnet
7388,venue,iiWAS,https://dblp.org/streams/conf/iiwas
7389,venue,EASE,https://dblp.org/streams/conf/ease
7390,venue,EuroS&P Workshops,https://dblp.org/streams/conf/eurosp
7391,venue,Selected Areas in Cryptography,https://dblp.org/streams/conf/sacrypt
7392,venue,WOSIS,https://dblp.org/streams/conf/sis
7393,venue,Fehlertolerierende Rechensysteme,https://dblp.org/streams/conf/icftcs
7394,venue,ALENEX,https://dblp.org/streams/conf/alenex
7395,venue,ARCS Workshops,https://dblp.org/streams/conf/arcs
7396,venue,IESS,https://dblp.org/streams/conf/icexss
7397,venue,ICLA,https://dblp.org/streams/conf/icla
7398,venue,Software Engineering Research and Practice,https://dblp.org/streams/conf/serp
7399,venue,HPCS,https://dblp.org/streams/conf/ieeehpcs
7400,venue,OOPSLA Companion,https://dblp.org/streams/conf/oopsla
7401,venue,Onward!,https://dblp.org/streams/conf/onward
7402,venue,ESEC/SIGSOFT FSE,https://dblp.org/streams/conf/esec
7403,venue,SIGSOFT FSE,https://dblp.org/streams/conf/sigsoft
7404,venue,FoSER,FoSER
7405,venue,A-TEST@SIGSOFT FSE,https://dblp.org/streams/conf/atest-ws
7406,venue,RWS,https://dblp.org/streams/conf/rws
7407,venue,Method and tools for compiler construction,https://dblp.org/streams/conf/ac
7408,venue,SBAC-PAD,https://dblp.org/streams/conf/sbac-pad
7409,venue,eTX,https://dblp.org/streams/conf/eclipse
7410,venue,IWCMC,https://dblp.org/streams/conf/iwcmc
7411,venue,IS/KI,https://dblp.org/streams/conf/iski
7412,venue,FMOODS/FORTE,https://dblp.org/streams/conf/forte
7413,venue,DS,https://dblp.org/streams/conf/dis
7414,venue,CBI (1),https://dblp.org/streams/conf/wecwis
7415,venue,ICES,https://dblp.org/streams/conf/ices
7416,venue,IFIP Congress (1),https://dblp.org/streams/conf/ifip
7417,venue,CSER,https://dblp.org/streams/conf/cser
7418,venue,SpringSim (ANSS),https://dblp.org/streams/conf/springsim
7419,venue,AAG,https://dblp.org/streams/conf/aag
7420,venue,ADT,https://dblp.org/streams/conf/adt
7421,venue,ICAT,https://dblp.org/streams/conf/icatech
7422,venue,INDIN,https://dblp.org/streams/conf/indin
7423,venue,PRDC,https://dblp.org/streams/conf/prdc
7424,venue,STM,https://dblp.org/streams/conf/stm
7425,venue,ICVS,https://dblp.org/streams/conf/icvs
7426,venue,ICNS,https://dblp.org/streams/conf/icns
7427,venue,ICSC,https://dblp.org/streams/conf/semco
7428,venue,WAOA,https://dblp.org/streams/conf/waoa
7429,venue,MBEES,https://dblp.org/streams/conf/mbees
7430,venue,SCORED@CCS,https://dblp.org/streams/conf/scored
7431,venue,EmNets,https://dblp.org/streams/conf/emnets
7432,venue,GamiFIN,https://dblp.org/streams/conf/gamifin
7433,venue,HSCC,https://dblp.org/streams/conf/hybrid
7434,venue,CVPR,https://dblp.org/streams/conf/cvpr
7435,venue,MOMPES,https://dblp.org/streams/conf/mompes
7436,venue,DCC,https://dblp.org/streams/conf/dcc
7437,venue,NAS,https://dblp.org/streams/conf/nas
7438,venue,WWW,https://dblp.org/streams/conf/www
7439,venue,LDOW@WWW,https://dblp.org/streams/conf/ldow
7440,venue,INFOS,https://dblp.org/streams/conf/schule
7441,venue,DDI,https://dblp.org/streams/conf/giddi
7442,venue,HDI,https://dblp.org/streams/conf/gihdi
7443,venue,AWC,https://dblp.org/streams/conf/awc
7444,venue,ICDL-EPIROB,https://dblp.org/streams/conf/icdl-epirob
7445,venue,VISAPP (1),https://dblp.org/streams/conf/visapp
7446,venue,BICA,https://dblp.org/streams/conf/bica
7447,venue,VLSI-SoC,https://dblp.org/streams/conf/vlsi
7448,venue,EDUCON,https://dblp.org/streams/conf/educon
7449,venue,VAO@STAF,https://dblp.org/streams/conf/vao
7450,venue,UIC,https://dblp.org/streams/conf/uic
7451,venue,DBISP2P,https://dblp.org/streams/conf/dbisp2p
7452,venue,ICDE Workshops,https://dblp.org/streams/conf/icde
7453,venue,ICCE-Berlin,https://dblp.org/streams/conf/icce-berlin
7454,venue,FCT,https://dblp.org/streams/conf/fct
7455,venue,PLM (1),https://dblp.org/streams/conf/ifip5-1
7456,venue,GCAI,https://dblp.org/streams/conf/gcai
7457,venue,MPC,https://dblp.org/streams/conf/mpc
7458,venue,HPCN Europe,https://dblp.org/streams/conf/hpcn
7459,venue,ICWE,https://dblp.org/streams/conf/icwe
7460,venue,PAKDD (1),https://dblp.org/streams/conf/pakdd
7461,venue,ESSoS,https://dblp.org/streams/conf/essos
7462,venue,ITSC,https://dblp.org/streams/conf/itsc
7463,venue,SSP,https://dblp.org/streams/conf/ssp
7464,venue,AINA (1),https://dblp.org/streams/conf/aina
7465,venue,ALGOCLOUD,https://dblp.org/streams/conf/algocloud
7466,venue,ACNS,https://dblp.org/streams/conf/acns
7467,venue,COCOA (2),https://dblp.org/streams/conf/cocoa
7468,venue,GSI (1),https://dblp.org/streams/conf/gsi
7469,venue,RTSS,https://dblp.org/streams/conf/rtss
7470,venue,PDP,https://dblp.org/streams/conf/pdp
7471,venue,ISAR,https://dblp.org/streams/conf/ismar
7472,venue,ICIC (1),https://dblp.org/streams/conf/icic
7473,venue,PODC,https://dblp.org/streams/conf/podc
7474,venue,ARMS-CC@PODC,https://dblp.org/streams/conf/armscc
7475,venue,TOPIC@PODC,TOPIC@PODC
7476,venue,DNA,https://dblp.org/streams/conf/dna
7477,venue,PATMOS,https://dblp.org/streams/conf/patmos
7478,venue,ICSR,https://dblp.org/streams/conf/icsr
7479,venue,FUZZ-IEEE,https://dblp.org/streams/conf/fuzzIEEE
7480,venue,ESSCIRC,https://dblp.org/streams/conf/esscirc
7481,venue,ICFEM,https://dblp.org/streams/conf/icfem
7482,venue,ESA,https://dblp.org/streams/conf/esa
7483,venue,KKA,https://dblp.org/streams/conf/kka
7484,venue,SCM,https://dblp.org/streams/conf/scm
7485,venue,Afrigraph,https://dblp.org/streams/conf/afrigraph
7486,venue,ICMLC,https://dblp.org/streams/conf/icmlc
7487,venue,ICAR,https://dblp.org/streams/conf/icar
7488,venue,ACISP,https://dblp.org/streams/conf/acisp
7489,venue,CCCG,https://dblp.org/streams/conf/cccg
7490,venue,BCS Int. Acad. Conf.,https://dblp.org/streams/conf/bcs
7491,venue,INTERSPEECH,https://dblp.org/streams/conf/interspeech
7492,venue,EUROSPEECH,https://dblp.org/streams/conf/eurospeech
7493,venue,Communications in Computing,https://dblp.org/streams/conf/cic
7494,venue,LFCS,https://dblp.org/streams/conf/lfcs
7495,venue,ICDT,https://dblp.org/streams/conf/icdt
7496,venue,DSN,https://dblp.org/streams/conf/dsn
7497,venue,DISC,https://dblp.org/streams/conf/wdag
7498,venue,EGPGV@Eurographics,https://dblp.org/streams/conf/egpgv
7499,venue,FG,https://dblp.org/streams/conf/fgr
7500,venue,AIM,https://dblp.org/streams/conf/aimech
7501,venue,WINE,https://dblp.org/streams/conf/wine
7502,venue,WI,https://dblp.org/streams/conf/webi
7503,venue,CoNEXT (Short Papers),https://dblp.org/streams/conf/conext
7504,venue,EuroP4@CoNEXT,https://dblp.org/streams/conf/europ4
7505,venue,ICSOFT (Selected Papers),https://dblp.org/streams/conf/icsoft
7506,venue,ARC,https://dblp.org/streams/conf/arc
7507,venue,HotEdge,https://dblp.org/streams/conf/hotedge
7508,venue,EEE,https://dblp.org/streams/conf/eee
7509,venue,HoloMAS,https://dblp.org/streams/conf/holomas
7510,venue,SAND,https://dblp.org/streams/conf/sand
7511,venue,WMNC/PWC,https://dblp.org/streams/conf/mwcn
7512,venue,ESEM,https://dblp.org/streams/conf/esem
7513,venue,CICA,https://dblp.org/streams/conf/cica
7514,venue,TQC,https://dblp.org/streams/conf/tqc
7515,venue,EURO-DAC,https://dblp.org/streams/conf/eurodac
7516,venue,RoboCup,https://dblp.org/streams/conf/robocup
7517,venue,IAT,https://dblp.org/streams/conf/iat
7518,venue,ISPAN,https://dblp.org/streams/conf/ispan
7519,venue,ECAI,https://dblp.org/streams/conf/ecai
7520,venue,EUROSIM,https://dblp.org/streams/conf/eurosim
7521,venue,NeurIPS Datasets and Benchmarks,https://dblp.org/streams/conf/nips
7522,venue,BMSD,https://dblp.org/streams/conf/bmsd
7523,venue,xAI (1),https://dblp.org/streams/conf/xai
7524,venue,EuroCOLT,https://dblp.org/streams/conf/eurocolt
7525,venue,QEST,https://dblp.org/streams/conf/qest
7526,venue,ER Workshops,https://dblp.org/streams/conf/er
7527,venue,IWAENC,https://dblp.org/streams/conf/iwaenc
7528,venue,UR,https://dblp.org/streams/conf/urai
7529,venue,STOC,https://dblp.org/streams/conf/stoc
7530,venue,ISIE,https://dblp.org/streams/conf/isie
7531,venue,HotNets,https://dblp.org/streams/conf/hotnets
7532,venue,ICARM,https://dblp.org/streams/conf/icarm
7533,venue,SUM,https://dblp.org/streams/conf/sum
7534,venue,IN4PL,https://dblp.org/streams/conf/in4pl
7535,venue,IROS,https://dblp.org/streams/conf/iros
7536,venue,EICS,https://dblp.org/streams/conf/eics
7537,venue,ROBIO,https://dblp.org/streams/conf/robio
7538,venue,IWIA,https://dblp.org/streams/conf/iwia
7539,venue,ISCRAM,https://dblp.org/streams/conf/iscram
7540,venue,ASAP,https://dblp.org/streams/conf/asap
7541,venue,Euro-Par,https://dblp.org/streams/conf/europar
7542,venue,Koli Calling,https://dblp.org/streams/conf/kolicalling
7543,venue,"TAPSOFT, Vol.2",https://dblp.org/streams/conf/tapsoft
7544,venue,ICN/ICONS/MCL,https://dblp.org/streams/conf/icn
7545,venue,PPIG,https://dblp.org/streams/conf/ppig
7546,venue,LWA,https://dblp.org/streams/conf/lwa
7547,venue,ICTAC,https://dblp.org/streams/conf/ictac
7548,venue,GAS,https://dblp.org/streams/conf/icse-gas
7549,venue,SSCI,https://dblp.org/streams/conf/ssci
7550,venue,ICPC,https://dblp.org/streams/conf/iwpc
7551,venue,ICDL,https://dblp.org/streams/conf/icdl
7552,venue,COLING,https://dblp.org/streams/conf/coling
7553,venue,Microcomputing,https://dblp.org/streams/conf/microcomputing
7554,venue,EGC,https://dblp.org/streams/conf/f-egc
7555,venue,ASPLOS,https://dblp.org/streams/conf/asplos
7556,venue,VLDB,https://dblp.org/streams/conf/vldb
7557,venue,NetSys,https://dblp.org/streams/conf/kivs
7558,venue,DAGM-Symposium,https://dblp.org/streams/conf/dagm
7559,venue,IJCNLP,https://dblp.org/streams/conf/ijcnlp
7560,venue,SEFM,https://dblp.org/streams/conf/sefm
7561,venue,FDL,https://dblp.org/streams/conf/fdl
7562,venue,IEEE SCC,https://dblp.org/streams/conf/IEEEscc
7563,venue,DFTS,https://dblp.org/streams/conf/dft
7564,venue,LCTES,https://dblp.org/streams/conf/lctrts
7565,venue,QUATIC,https://dblp.org/streams/conf/quatic
7566,venue,INSS,https://dblp.org/streams/conf/inss
7567,venue,UML,https://dblp.org/streams/conf/uml
7568,venue,IPEC,https://dblp.org/streams/conf/iwpec
7569,venue,ISSSE,https://dblp.org/streams/conf/issse
7570,venue,IDEAL,https://dblp.org/streams/conf/ideal
7571,venue,OWLED,https://dblp.org/streams/conf/owled
7572,venue,NDSS,https://dblp.org/streams/conf/ndss
7573,venue,BTAS,https://dblp.org/streams/conf/btas
7574,venue,REFSQ Workshops,https://dblp.org/streams/conf/refsq
7575,venue,Advanced Visual Interfaces,https://dblp.org/streams/conf/avi
7576,venue,PIMRC,https://dblp.org/streams/conf/pimrc
7577,venue,EC-Web,https://dblp.org/streams/conf/ecweb
7578,venue,AGTIVE,https://dblp.org/streams/conf/agtive
7579,venue,NMR,https://dblp.org/streams/conf/nmr
7580,venue,HPC Asia,https://dblp.org/streams/conf/hpcasia
7581,venue,TAP@FM,https://dblp.org/streams/conf/tap
7582,venue,Programming,https://dblp.org/streams/conf/programming
7583,venue,MoMM,https://dblp.org/streams/conf/momm
7584,venue,CCNC,https://dblp.org/streams/conf/ccnc
7585,venue,BICC,https://dblp.org/streams/conf/ifip10
7586,venue,BMVC,https://dblp.org/streams/conf/bmvc
7587,venue,Computer Graphics International,https://dblp.org/streams/conf/cgi
7588,venue,NetSoft,https://dblp.org/streams/conf/netsoft
7589,venue,EOOLT,https://dblp.org/streams/conf/eoolt
7590,venue,CAAP,https://dblp.org/streams/conf/caap
7591,venue,PASC,https://dblp.org/streams/conf/pasc
7592,venue,P2P,https://dblp.org/streams/conf/p2p
7593,venue,ICCPS,https://dblp.org/streams/conf/iccps
7594,venue,MODELSWARD,https://dblp.org/streams/conf/modelsward
7595,venue,ITC,https://dblp.org/streams/conf/itc
7596,venue,FOCS,https://dblp.org/streams/conf/focs
7597,venue,FFSE@CSMR,FFSE@CSMR
7598,venue,DIPES,https://dblp.org/streams/conf/ifip10-3
7599,venue,ICDSST,https://dblp.org/streams/conf/ewgdss
7600,venue,SC,https://dblp.org/streams/conf/soco
7601,venue,ICSAMOS,https://dblp.org/streams/conf/samos
7602,venue,IPMU,https://dblp.org/streams/conf/ipmu
7603,venue,JIST,https://dblp.org/streams/conf/jist
7604,venue,Software Engineering for Self-Adaptive Systems,https://dblp.org/streams/conf/dagstuhl
7605,venue,Scalable Data Management in Evolving Networks,https://dblp.org/streams/series/dagstuhl
7606,venue,WSA,https://dblp.org/streams/conf/wsa
7607,venue,CloudCom,https://dblp.org/streams/conf/cloudcom
7608,venue,EuroGP,https://dblp.org/streams/conf/eurogp
7609,venue,EUROCON,https://dblp.org/streams/conf/eurocon
7610,venue,EDBT,https://dblp.org/streams/conf/edbt
7611,venue,STACS,https://dblp.org/streams/conf/stacs
7612,venue,ADBIS,https://dblp.org/streams/conf/adbis
7613,venue,DMS,https://dblp.org/streams/conf/dms
7614,venue,NODe/GSEM,https://dblp.org/streams/conf/gsem
7615,venue,CollaborateCom,https://dblp.org/streams/conf/colcom
7616,venue,MCSS,https://dblp.org/streams/conf/mcss
7617,venue,AusCTW,https://dblp.org/streams/conf/ausctw
7618,venue,CCC,https://dblp.org/streams/conf/coco
7619,venue,ICSR,https://dblp.org/streams/conf/socrob
7620,venue,CORES,https://dblp.org/streams/conf/cores
7621,venue,SIROCCO,https://dblp.org/streams/conf/sirocco
7622,venue,FM,https://dblp.org/streams/conf/fm
7623,venue,ICCL,https://dblp.org/streams/conf/iccl2
7624,venue,Solving Combinatorial Optimization Problems in Parallel,https://dblp.org/streams/conf/scoop
7625,venue,SEUH,https://dblp.org/streams/conf/seuh
7626,venue,ISVC (1),https://dblp.org/streams/conf/isvc
7627,venue,PVM,https://dblp.org/streams/conf/vorgehensmodelle
7628,venue,SKG,https://dblp.org/streams/conf/skg
7629,venue,BICT,https://dblp.org/streams/conf/bionetics
7630,venue,FSTTCS,https://dblp.org/streams/conf/fsttcs
7631,venue,SenSys,https://dblp.org/streams/conf/sensys
7632,venue,SWAT,https://dblp.org/streams/conf/swat
7633,venue,ICICT,https://dblp.org/streams/conf/icict2
7634,venue,GNNet@CoNEXT,https://dblp.org/streams/conf/gnnet
7635,venue,CaLC,https://dblp.org/streams/conf/calc
7636,venue,TEXT2KG/DQMLKG@ESWC,https://dblp.org/streams/conf/text2kg
7637,venue,SecDev,https://dblp.org/streams/conf/secdev
7638,venue,SASO,https://dblp.org/streams/conf/saso
7639,venue,SIMULTECH,https://dblp.org/streams/conf/simultech
7640,venue,PPoPP,https://dblp.org/streams/conf/ppopp
7641,venue,ICANN (4),https://dblp.org/streams/conf/icann
7642,venue,IPDPS,https://dblp.org/streams/conf/ipps
7643,venue,ICECS,https://dblp.org/streams/conf/icecsys
7644,venue,Wissensmanagement,https://dblp.org/streams/conf/wm
7645,venue,ICPRAM,https://dblp.org/streams/conf/icpram
7646,venue,AWOC,https://dblp.org/streams/conf/awoc
7647,venue,SoMeT,https://dblp.org/streams/conf/somet
7648,venue,SSRR,https://dblp.org/streams/conf/ssrr
7649,venue,IUKM (1),https://dblp.org/streams/conf/iukm
7650,venue,Wikidata,https://dblp.org/streams/conf/wikidata
7651,venue,VMV,https://dblp.org/streams/conf/vmv
7652,venue,EUC,https://dblp.org/streams/conf/euc
7653,venue,ReConFig,https://dblp.org/streams/conf/reconfig
7654,venue,VINCI,https://dblp.org/streams/conf/vinci
7655,venue,SysCon,https://dblp.org/streams/conf/syscon
7656,venue,ICSE (1),https://dblp.org/streams/conf/icse
7657,venue,SEsCPS@ICSE,https://dblp.org/streams/conf/serscps-ws
7658,venue,AST,https://dblp.org/streams/conf/ast
7659,venue,WoSQ@ICSE,https://dblp.org/streams/conf/wosq
7660,venue,NIER@ICSE,NIER@ICSE
7661,venue,MiSE@ICSE,https://dblp.org/streams/conf/icse-mise
7662,venue,SEHC@ICSE,https://dblp.org/streams/conf/icse-seh
7663,venue,AST@ICSE,https://dblp.org/streams/conf/astws
7664,venue,FOSE,https://dblp.org/streams/conf/fose-ws
7665,venue,EMNLP,https://dblp.org/streams/conf/emnlp
7666,venue,ICRAI,https://dblp.org/streams/conf/icrai
7667,venue,ISCCSP,https://dblp.org/streams/conf/isccsp
7668,venue,DiGRA Conference,https://dblp.org/streams/conf/digra
7669,venue,ESM,https://dblp.org/streams/conf/esm
7670,venue,ELES,https://dblp.org/streams/conf/eles
7671,venue,DHd,https://dblp.org/streams/conf/dhd
7672,venue,ML4CPS,https://dblp.org/streams/conf/ml4cps
7673,venue,ICSOB,https://dblp.org/streams/conf/icsob
7674,venue,WWDD@IS-EUD,https://dblp.org/streams/conf/iseud
7675,venue,ICMT,https://dblp.org/streams/conf/icmt
7676,venue,WOCCI,https://dblp.org/streams/conf/wocci
7677,venue,Parallel and Distributed Computing and Networks,https://dblp.org/streams/conf/pdcn
7678,venue,NANOCOM,https://dblp.org/streams/conf/nanocom
7679,venue,"ICMCS, Vol. 2",https://dblp.org/streams/conf/icmcs
7680,venue,International Working Conference on Model Realism,https://dblp.org/streams/conf/moreal
7681,venue,ICALP (1),https://dblp.org/streams/conf/icalp
7682,venue,DSML,https://dblp.org/streams/conf/dsml
7683,venue,SBESC,https://dblp.org/streams/conf/sbesc
7684,venue,ETFA,https://dblp.org/streams/conf/etfa
7685,venue,Database Mechanisms for Mobile Applications,https://dblp.org/streams/conf/m-dbis
7686,venue,IWPSE,https://dblp.org/streams/conf/iwpse
7687,venue,FUSION,https://dblp.org/streams/conf/fusion
7688,venue,UKSim,https://dblp.org/streams/conf/uksim
7689,venue,DASC,https://dblp.org/streams/conf/dasc
7690,venue,EMO,https://dblp.org/streams/conf/emo
7691,venue,ASIACRYPT (2),https://dblp.org/streams/conf/asiacrypt
7692,venue,SOCA,https://dblp.org/streams/conf/soca
7693,venue,LA-CCI,https://dblp.org/streams/conf/lacci
7694,venue,BTW,https://dblp.org/streams/conf/btw
7695,venue,ERSA,https://dblp.org/streams/conf/ersa
7696,venue,Comput. Optim. Appl.,https://dblp.org/streams/journals/coap
7697,venue,Inf. Syst. Frontiers,https://dblp.org/streams/journals/isf
7698,venue,SEGRAGRA,https://dblp.org/streams/conf/segragra
7699,venue,COCV,https://dblp.org/streams/conf/cocv
7700,venue,FoVMT,https://dblp.org/streams/conf/fovmt
7701,venue,VerAS@TPHOLs,https://dblp.org/streams/series/entcs
7702,venue,FESCA@ETAPS,https://dblp.org/streams/conf/fesca
7703,venue,MBT,https://dblp.org/streams/conf/mbt
7704,venue,GT-VMT@ICGT,https://dblp.org/streams/conf/gtvmt
7705,venue,LDTA@ETAPS,https://dblp.org/streams/conf/ldta
7706,venue,GETGRATS Closing Workshop,https://dblp.org/streams/conf/getgrats
7707,venue,UNIGRA,https://dblp.org/streams/conf/unigra
7708,venue,Comput. Networks,https://dblp.org/streams/journals/cn
7709,venue,Comput. Speech Lang.,https://dblp.org/streams/journals/csl
7710,venue,Nord. J. Comput.,https://dblp.org/streams/journals/njc
7711,venue,SIGACT News,https://dblp.org/streams/journals/sigact
7712,venue,Big Data Res.,https://dblp.org/streams/journals/bdr
7713,venue,IEEE Trans. Speech Audio Process.,https://dblp.org/streams/journals/taslp
7714,venue,J. Glob. Optim.,https://dblp.org/streams/journals/jgo
7715,venue,J. Sched.,https://dblp.org/streams/journals/scheduling
7716,venue,EURASIP J. Adv. Signal Process.,https://dblp.org/streams/journals/ejasp
7717,venue,Electron. Gov. an Int. J.,https://dblp.org/streams/journals/eg
7718,venue,Prod. Eng.,https://dblp.org/streams/journals/peng
7719,venue,Data Min. Knowl. Discov.,https://dblp.org/streams/journals/datamine
7720,venue,IEEE Trans. Mob. Comput.,https://dblp.org/streams/journals/tmc
7721,venue,Data Sci. Eng.,https://dblp.org/streams/journals/dase
7722,venue,Comput. Oper. Res.,https://dblp.org/streams/journals/cor
7723,venue,Theory Comput. Syst.,https://dblp.org/streams/journals/mst
7724,venue,Appl. Soft Comput.,https://dblp.org/streams/journals/asc
7725,venue,IEEE Computer Graphics and Applications,https://dblp.org/streams/journals/cga
7726,venue,R J.,https://dblp.org/streams/journals/rjour
7727,venue,Comput. Phys. Commun.,https://dblp.org/streams/journals/cphysics
7728,venue,J. Frankl. Inst.,https://dblp.org/streams/journals/jfi
7729,venue,ACM Trans. Comput. Educ.,https://dblp.org/streams/journals/toce
7730,venue,Bull. Symb. Log.,https://dblp.org/streams/journals/bsl
7731,venue,Interact. Learn. Environ.,https://dblp.org/streams/journals/ile
7732,venue,Presence Teleoperators Virtual Environ.,https://dblp.org/streams/journals/presence
7733,venue,Simul. Pract. Theory,https://dblp.org/streams/journals/simpra
7734,venue,J. Comput. Inf. Sci. Eng.,https://dblp.org/streams/journals/jcise
7735,venue,J. Syst. Softw.,https://dblp.org/streams/journals/jss
7736,venue,Microprocess. Microsystems,https://dblp.org/streams/journals/mam
7737,venue,SIAM J. Discret. Math.,https://dblp.org/streams/journals/siamdm
7738,venue,SIAM J. Comput.,https://dblp.org/streams/journals/siamcomp
7739,venue,Datenschutz und Datensicherheit,https://dblp.org/streams/journals/dud
7740,venue,Inf. Syst. E Bus. Manag.,https://dblp.org/streams/journals/isem
7741,venue,ACM Trans. Priv. Secur.,https://dblp.org/streams/journals/tissec
7742,venue,Adv. Robotics,https://dblp.org/streams/journals/ar
7743,venue,Proc. ACM Netw.,https://dblp.org/streams/journals/pacmnet
7744,venue,ACM Comput. Surv.,https://dblp.org/streams/journals/csur
7745,venue,J. Univers. Comput. Sci.,https://dblp.org/streams/journals/jucs
7746,venue,Comput. Complex.,https://dblp.org/streams/journals/cc
7747,venue,Mach. Learn.,https://dblp.org/streams/journals/ml
7748,venue,Int. J. Approx. Reason.,https://dblp.org/streams/journals/ijar
7749,venue,IEEE Commun. Mag.,https://dblp.org/streams/journals/cm
7750,venue,J. Manag. Inf. Syst.,https://dblp.org/streams/journals/jmis
7751,venue,Decis. Support Syst.,https://dblp.org/streams/journals/dss
7752,venue,Pattern Recognit. Lett.,https://dblp.org/streams/journals/prl
7753,venue,BMC Syst. Biol.,https://dblp.org/streams/journals/bmcsb
7754,venue,Adv. Data Anal. Classif.,https://dblp.org/streams/journals/adac
7755,venue,IEEE Trans. Pattern Anal. Mach. Intell.,https://dblp.org/streams/journals/pami
7756,venue,IEEE/ACM Trans. Netw.,https://dblp.org/streams/journals/ton
7757,venue,Big Data,https://dblp.org/streams/journals/bigdata
7758,venue,Sci. Comput. Program.,https://dblp.org/streams/journals/scp
7759,venue,Scalable Comput. Pract. Exp.,https://dblp.org/streams/journals/scpe
7760,venue,Softw. Pract. Exp.,https://dblp.org/streams/journals/spe
7761,venue,EURASIP J. Audio Speech Music. Process.,https://dblp.org/streams/journals/ejasmp
7762,venue,Int. J. Robotics Res.,https://dblp.org/streams/journals/ijrr
7763,venue,Comput. Sci. Rev.,https://dblp.org/streams/journals/csr
7764,venue,Int. J. Soc. Robotics,https://dblp.org/streams/journals/ijsr
7765,venue,SIGKDD Explor.,https://dblp.org/streams/journals/sigkdd
7766,venue,IET Comput. Digit. Tech.,https://dblp.org/streams/journals/iet-cdt
7767,venue,Comput. Syst. Sci. Eng.,https://dblp.org/streams/journals/csse
7768,venue,IEEE Trans. Signal Process.,https://dblp.org/streams/journals/tsp
7769,venue,Softw. Syst. Model.,https://dblp.org/streams/journals/sosym
7770,venue,MIS Q. Executive,https://dblp.org/streams/journals/misqe
7771,venue,Parallel Comput.,https://dblp.org/streams/journals/pc
7772,venue,Electron. Libr.,https://dblp.org/streams/journals/el
7773,venue,Eur. J. Inf. Syst.,https://dblp.org/streams/journals/ejis
7774,venue,Int. J. Control,https://dblp.org/streams/journals/ijcon
7775,venue,J. Multimodal User Interfaces,https://dblp.org/streams/journals/jmui
7776,venue,J. Algorithms,https://dblp.org/streams/journals/jal
7777,venue,Future Gener. Comput. Syst.,https://dblp.org/streams/journals/fgcs
7778,venue,Theor. Comput. Sci.,https://dblp.org/streams/journals/tcs
7779,venue,Br. J. Educ. Technol.,https://dblp.org/streams/journals/bjet
7780,venue,Data Sci.,https://dblp.org/streams/journals/datasci
7781,venue,IEEE Trans. Veh. Technol.,https://dblp.org/streams/journals/tvt
7782,venue,Signal Process.,https://dblp.org/streams/journals/sigpro
7783,venue,ACM Trans. Comput. Theory,https://dblp.org/streams/journals/toct
7784,venue,Cogn. Sci.,https://dblp.org/streams/journals/cogsci
7785,venue,Inf. Comput.,https://dblp.org/streams/journals/iandc
7786,venue,Inf. Process. Lett.,https://dblp.org/streams/journals/ipl
7787,venue,J. Nonlinear Sci.,https://dblp.org/streams/journals/jns
7788,venue,IEEE Trans. Software Eng.,https://dblp.org/streams/journals/tse
7789,venue,Web Intell. Agent Syst.,https://dblp.org/streams/journals/wias
7790,venue,WiPiEC Journal,https://dblp.org/streams/journals/wipiec
7791,venue,IEEE Trans. Circuits Syst. I Regul. Pap.,https://dblp.org/streams/journals/tcasI
7792,venue,J. Softw. Evol. Process.,https://dblp.org/streams/journals/smr
7793,venue,Frontiers Robotics AI,https://dblp.org/streams/journals/firai
7794,venue,Informatica Didact.,https://dblp.org/streams/journals/didactica
7795,venue,Comput. Stat.,https://dblp.org/streams/journals/cstat
7796,venue,Informatica (Slovenia),https://dblp.org/streams/journals/informaticaSI
7797,venue,J. ACM,https://dblp.org/streams/journals/jacm
7798,venue,Int. J. Pattern Recognit. Artif. Intell.,https://dblp.org/streams/journals/ijprai
7799,venue,Semantic Web,https://dblp.org/streams/journals/semweb
7800,venue,Evol. Comput.,https://dblp.org/streams/journals/ec
7801,venue,Frontiers Neurorobotics,https://dblp.org/streams/journals/finr
7802,venue,SIAM J. Matrix Anal. Appl.,https://dblp.org/streams/journals/siammax
7803,venue,Inf. Manag.,https://dblp.org/streams/journals/iam
7804,venue,Networks,https://dblp.org/streams/journals/networks
7805,venue,SIGMETRICS Perform. Evaluation Rev.,https://dblp.org/streams/journals/sigmetrics
7806,venue,J. Signal Process. Syst.,https://dblp.org/streams/journals/vlsisp
7807,venue,IEEE Trans. Robotics,https://dblp.org/streams/journals/trob
7808,venue,Top. Cogn. Sci.,https://dblp.org/streams/journals/topics
7809,venue,J. Autom. Reason.,https://dblp.org/streams/journals/jar
7810,venue,J. Log. Comput.,https://dblp.org/streams/journals/logcom
7811,venue,Comput. Sci. Res. Dev.,https://dblp.org/streams/journals/ife
7812,venue,J. Data Semant.,https://dblp.org/streams/journals/jodsn
7813,venue,Acta Informatica,https://dblp.org/streams/journals/acta
7814,venue,IEEE Trans. Cloud Comput.,https://dblp.org/streams/journals/tcc
7815,venue,Comput. Graph.,https://dblp.org/streams/journals/cg
7816,venue,IEEE Commun. Lett.,https://dblp.org/streams/journals/icl
7817,venue,Electron. Mark.,https://dblp.org/streams/journals/electronicmarkets
7818,venue,Int. J. Next Gener. Comput.,https://dblp.org/streams/journals/ijngc
7819,venue,IEEE Trans. Computers,https://dblp.org/streams/journals/tc
7820,venue,Comput. Hum. Behav.,https://dblp.org/streams/journals/chb
7821,venue,IEEE Trans. Green Commun. Netw.,https://dblp.org/streams/journals/tgcn
7822,venue,Trans. Edutainment,https://dblp.org/streams/journals/tedu
7823,venue,IEEE Trans. Sustain. Comput.,https://dblp.org/streams/journals/tsusc
7824,venue,Neural Networks,https://dblp.org/streams/journals/nn
7825,venue,Inf. Softw. Technol.,https://dblp.org/streams/journals/infsof
7826,venue,J. Comput. Chem.,https://dblp.org/streams/journals/jcc
7827,venue,EURASIP J. Wirel. Commun. Netw.,https://dblp.org/streams/journals/ejwcn
7828,venue,Int. J. Man Mach. Stud.,https://dblp.org/streams/journals/ijmms
7829,venue,IEEE J. Sel. Top. Signal Process.,https://dblp.org/streams/journals/jstsp
7830,venue,IEEE Trans. Netw. Serv. Manag.,https://dblp.org/streams/journals/tnsm
7831,venue,Quantum,https://dblp.org/streams/journals/quantum
7832,venue,Arch. Math. Log.,https://dblp.org/streams/journals/aml
7833,venue,Ad Hoc Sens. Wirel. Networks,https://dblp.org/streams/journals/ahswn
7834,venue,Wirel. Pers. Commun.,https://dblp.org/streams/journals/wpc
7835,venue,J. Embed. Comput.,https://dblp.org/streams/journals/jec
7836,venue,J. Artif. Intell. Res.,https://dblp.org/streams/journals/jair
7837,venue,Int. J. Appl. Math. Comput. Sci.,https://dblp.org/streams/journals/amcs
7838,venue,Softw. Impacts,https://dblp.org/streams/journals/simpa
7839,venue,J. Assoc. Inf. Syst.,https://dblp.org/streams/journals/jais
7840,venue,Distributed Ledger Technol. Res. Pract.,https://dblp.org/streams/journals/distribledger
7841,venue,ACM SIGCSE Bull.,https://dblp.org/streams/journals/sigcse
7842,venue,ACM SIGCHI Bull.,https://dblp.org/streams/journals/sigchi
7843,venue,IEEE Trans. Aerosp. Electron. Syst.,https://dblp.org/streams/journals/taes
7844,venue,Proc. ACM Softw. Eng.,https://dblp.org/streams/journals/pacmse
7845,venue,Proc. ACM Program. Lang.,https://dblp.org/streams/journals/pacmpl
7846,venue,Robotica,https://dblp.org/streams/journals/robotica
7847,venue,IEEE Trans. Wirel. Commun.,https://dblp.org/streams/journals/twc
7848,venue,IEEE Trans. Parallel Distributed Syst.,https://dblp.org/streams/journals/tpds
7849,venue,Internet Math.,https://dblp.org/streams/journals/im
7850,venue,Int. J. Softw. Tools Technol. Transf.,https://dblp.org/streams/journals/sttt
7851,venue,Algorithmica,https://dblp.org/streams/journals/algorithmica
7852,venue,Bull. EATCS,https://dblp.org/streams/journals/eatcs
7853,venue,Commun. ACM,https://dblp.org/streams/journals/cacm
7854,venue,Theory Pract. Log. Program.,https://dblp.org/streams/journals/tplp
7855,venue,Comput. J.,https://dblp.org/streams/journals/cj
7856,venue,ACM Trans. Auton. Adapt. Syst.,https://dblp.org/streams/journals/taas
7857,venue,J. Object Technol.,https://dblp.org/streams/journals/jot
7858,venue,FET,https://dblp.org/streams/conf/fet
7859,venue,Comput. Aided Des.,https://dblp.org/streams/journals/cad
7860,venue,J. Inf. Process. Cybern.,https://dblp.org/streams/journals/eik
7861,venue,Vis. Comput.,https://dblp.org/streams/journals/vc
7862,venue,Int. J. Agent Oriented Softw. Eng.,https://dblp.org/streams/journals/ijaose
7863,venue,Decis. Anal.,https://dblp.org/streams/journals/da
7864,venue,Artif. Intell. Eng. Des. Anal. Manuf.,https://dblp.org/streams/journals/aiedam
7865,venue,Ann. Math. Artif. Intell.,https://dblp.org/streams/journals/amai
7866,venue,Künstliche Intell.,https://dblp.org/streams/journals/ki
7867,venue,Int. J. Circuit Theory Appl.,https://dblp.org/streams/journals/ijcta
7868,venue,J. Satisf. Boolean Model. Comput.,https://dblp.org/streams/journals/jsat
7869,venue,Auton. Robots,https://dblp.org/streams/journals/arobots
7870,venue,Autom. Softw. Eng.,https://dblp.org/streams/journals/ase
7871,venue,Int. J. Reconfigurable Comput.,https://dblp.org/streams/journals/ijrc
7872,venue,J. Decis. Syst.,https://dblp.org/streams/journals/jds
7873,venue,Cogn. Syst. Res.,https://dblp.org/streams/journals/cogsr
7874,venue,Entropy,https://dblp.org/streams/journals/entropy
7875,venue,ACM Trans. Reconfigurable Technol. Syst.,https://dblp.org/streams/journals/trets
7876,venue,Neural Comput. Appl.,https://dblp.org/streams/journals/nca
7877,venue,Ann. Oper. Res.,https://dblp.org/streams/journals/anor
7878,venue,Syst. Control. Lett.,https://dblp.org/streams/journals/scl
7879,venue,Comput. Electr. Eng.,https://dblp.org/streams/journals/cee
7880,venue,Sensors,https://dblp.org/streams/journals/sensors
7881,venue,Electron. Colloquium Comput. Complex.,https://dblp.org/streams/journals/eccc
7882,venue,J. Biomed. Semant.,https://dblp.org/streams/journals/biomedsem
7883,venue,PeerJ Prepr.,https://dblp.org/streams/journals/peerjpre
7884,venue,Datenbank-Spektrum,https://dblp.org/streams/journals/dbsk
7885,venue,Int. J. Knowl. Based Organ.,https://dblp.org/streams/journals/ijkbo
7886,venue,Graph. Vis. Comput.,https://dblp.org/streams/journals/cgx
7887,venue,ZfBB,https://dblp.org/streams/journals/zfbb
7888,venue,J. Open Source Softw.,https://dblp.org/streams/journals/jossw
7889,venue,Discret. Math. Theor. Comput. Sci.,https://dblp.org/streams/journals/dmtcs
7890,venue,Ann. Pure Appl. Log.,https://dblp.org/streams/journals/apal
7891,venue,PeerJ Comput. Sci.,https://dblp.org/streams/journals/peerj-cs
7892,venue,IEEE Trans. Commun.,https://dblp.org/streams/journals/tcom
7893,venue,J. Intell. Manuf.,https://dblp.org/streams/journals/jim
7894,venue,Int. J. Serv. Technol. Manag.,https://dblp.org/streams/journals/ijstm
7895,venue,J. Comb. Optim.,https://dblp.org/streams/journals/jco
7896,venue,J. Enterp. Inf. Manag.,https://dblp.org/streams/journals/jeim
7897,venue,IEEE Trans. Very Large Scale Integr. Syst.,https://dblp.org/streams/journals/tvlsi
7898,venue,J. Inf. Technol.,https://dblp.org/streams/journals/jitech
7899,venue,Dagstuhl Reports,https://dblp.org/streams/journals/dagstuhl-reports
7900,venue,Dagstuhl Artifacts Ser.,https://dblp.org/streams/journals/darts
7901,venue,J. Netw. Syst. Manag.,https://dblp.org/streams/journals/jnsm
7902,venue,J. Web Semant.,https://dblp.org/streams/journals/ws
7903,venue,Comput. Educ.,https://dblp.org/streams/journals/ce
7904,venue,J. Ambient Intell. Smart Environ.,https://dblp.org/streams/journals/jaise
7905,venue,IEEE Trans. Autom. Control.,https://dblp.org/streams/journals/tac
7906,venue,SIGBED Rev.,https://dblp.org/streams/journals/sigbed
7907,venue,Bus. Inf. Syst. Eng.,https://dblp.org/streams/journals/bise
7908,venue,Inf. Fusion,https://dblp.org/streams/journals/inffus
7909,venue,Acta Cybern.,https://dblp.org/streams/journals/actaC
7910,venue,Circuits Syst. Signal Process.,https://dblp.org/streams/journals/cssp
7911,venue,Softw. Qual. J.,https://dblp.org/streams/journals/sqj
7912,venue,Eng. Appl. Artif. Intell.,https://dblp.org/streams/journals/eaai
7913,venue,Comput. Sci. Educ.,https://dblp.org/streams/journals/csedu
7914,venue,J. Mach. Learn. Res.,https://dblp.org/streams/journals/jmlr
7915,venue,Educ. Inf. Technol.,https://dblp.org/streams/journals/eait
7916,venue,J. Interconnect. Networks,https://dblp.org/streams/journals/join
7917,venue,ACM Trans. Manag. Inf. Syst.,https://dblp.org/streams/journals/tmis
7918,venue,SIAM J. Appl. Algebra Geom.,https://dblp.org/streams/journals/siaga
7919,venue,IEEE Signal Process. Mag.,https://dblp.org/streams/journals/spm
7920,venue,Fundam. Informaticae,https://dblp.org/streams/journals/fuin
7921,venue,Commun. Assoc. Inf. Syst.,https://dblp.org/streams/journals/cais
7922,venue,SIGWEB Newsl.,https://dblp.org/streams/journals/sigweb
7923,venue,Math. Program.,https://dblp.org/streams/journals/mp
7924,venue,Syst.,https://dblp.org/streams/journals/systems
7925,venue,Proc. ACM Interact. Mob. Wearable Ubiquitous Technol.,https://dblp.org/streams/journals/imwut
7926,venue,J. Discrete Algorithms,https://dblp.org/streams/journals/jda
7927,venue,Prax. Inf.verarb. Kommun.,https://dblp.org/streams/journals/pik
7928,venue,IT Prof.,https://dblp.org/streams/journals/itpro
7929,venue,ACM Trans. Design Autom. Electr. Syst.,https://dblp.org/streams/journals/todaes
7930,venue,IEEE Softw.,https://dblp.org/streams/journals/software
7931,venue,IEEE Signal Process. Lett.,https://dblp.org/streams/journals/spl
7932,venue,Eur. J. Oper. Res.,https://dblp.org/streams/journals/eor
7933,venue,Trans. SDPS,https://dblp.org/streams/journals/jid
7934,venue,Cybern. Syst.,https://dblp.org/streams/journals/cas
7935,venue,Wirtschaftsinf.,https://dblp.org/streams/journals/wi
7936,venue,Int. J. E Serv. Mob. Appl.,https://dblp.org/streams/journals/ijesma
7937,venue,Int. J. Found. Comput. Sci.,https://dblp.org/streams/journals/ijfcs
7938,venue,Pattern Recognit.,https://dblp.org/streams/journals/pr
7939,venue,ACM Trans. Embed. Comput. Syst.,https://dblp.org/streams/journals/tecs
7940,venue,J. Appl. Log.,https://dblp.org/streams/journals/japll
7941,venue,IEEE J. Solid State Circuits,https://dblp.org/streams/journals/jssc
7942,venue,ERCIM News,https://dblp.org/streams/journals/ercim
7943,venue,Proc. Priv. Enhancing Technol.,https://dblp.org/streams/journals/popets
7944,venue,Int. J. Semantic Comput.,https://dblp.org/streams/journals/ijsc
7945,venue,ACM J. Emerg. Technol. Comput. Syst.,https://dblp.org/streams/journals/jetc
7946,venue,Integr. Comput. Aided Eng.,https://dblp.org/streams/journals/icae
7947,venue,SN Comput. Sci.,https://dblp.org/streams/journals/sncs
7948,venue,J. Comput. Phys.,https://dblp.org/streams/journals/jcphy
7949,venue,Int. J. Embed. Syst.,https://dblp.org/streams/journals/ijes
7950,venue,Inform. Spektrum,https://dblp.org/streams/journals/insk
7951,venue,Int. J. Hybrid Intell. Syst.,https://dblp.org/streams/journals/ijhis
7952,venue,Math. Log. Q.,https://dblp.org/streams/journals/mlq
7953,venue,J. Econ. Theory,https://dblp.org/streams/journals/jet
7954,venue,BMC Bioinform.,https://dblp.org/streams/journals/bmcbi
7955,venue,IEEE Access,https://dblp.org/streams/journals/access
7956,venue,Neurocomputing,https://dblp.org/streams/journals/ijon
7957,venue,ACM Trans. Graph.,https://dblp.org/streams/journals/tog
7958,venue,IEEE Trans. Emerg. Top. Comput.,https://dblp.org/streams/journals/tetc
7959,venue,Trans. Comput. Collect. Intell.,https://dblp.org/streams/journals/tcci
7960,venue,J. Simulation,https://dblp.org/streams/journals/jos
7961,venue,Inf. Syst. J.,https://dblp.org/streams/journals/isj
7962,venue,J. Comput. Appl. Math.,https://dblp.org/streams/journals/jcam
7963,venue,IEEE Trans. Engineering Management,https://dblp.org/streams/journals/tem
7964,venue,Concurr. Comput. Pract. Exp.,https://dblp.org/streams/journals/concurrency
7965,venue,IEICE Trans. Commun.,https://dblp.org/streams/journals/ieicetb
7966,venue,ACM Trans. Parallel Comput.,https://dblp.org/streams/journals/topc
7967,venue,IEEE Commun. Surv. Tutorials,https://dblp.org/streams/journals/comsur
7968,venue,IEEE Trans. Evol. Comput.,https://dblp.org/streams/journals/tec
7969,venue,Comput.,https://dblp.org/streams/journals/computation
7970,venue,Adv. Comput. Math.,https://dblp.org/streams/journals/adcm
7971,venue,Int. J. Adapt. Resilient Auton. Syst.,https://dblp.org/streams/journals/ijaras
7972,venue,Artif. Intell.,https://dblp.org/streams/journals/ai
7973,venue,Comput. Secur.,https://dblp.org/streams/journals/compsec
7974,venue,IEEE Trans. Fuzzy Syst.,https://dblp.org/streams/journals/tfs
7975,venue,Microprocess. Microprogramming,https://dblp.org/streams/journals/jsa
7976,venue,Inf. Syst. Res.,https://dblp.org/streams/journals/isr
7977,venue,Appl. Math. Comput.,https://dblp.org/streams/journals/amc
7978,venue,ACM J. Exp. Algorithmics,https://dblp.org/streams/journals/jea
7979,venue,IEEE J. Sel. Areas Commun.,https://dblp.org/streams/journals/jsac
7980,venue,SIAM J. Control. Optim.,https://dblp.org/streams/journals/siamco
7981,venue,Inf. Syst.,https://dblp.org/streams/journals/is
7982,venue,Real Time Syst.,https://dblp.org/streams/journals/rts
7983,venue,Adv. Eng. Informatics,https://dblp.org/streams/journals/aei
7984,venue,Int. J. Softw. Eng. Knowl. Eng.,https://dblp.org/streams/journals/ijseke
7985,venue,IET Circuits Devices Syst.,https://dblp.org/streams/journals/iet-cds
7986,venue,IMA J. Math. Control. Inf.,https://dblp.org/streams/journals/imamci
7987,venue,EAI Endorsed Trans. Creative Technol.,https://dblp.org/streams/journals/eetct
7988,venue,J. Comput. Lang.,https://dblp.org/streams/journals/vlc
7989,venue,ACM Trans. Comput. Log.,https://dblp.org/streams/journals/tocl
7990,venue,J. Softw.,https://dblp.org/streams/journals/jsw
7991,venue,J. Supercomput.,https://dblp.org/streams/journals/tjs
7992,venue,Math. Comput.,https://dblp.org/streams/journals/moc
7993,venue,Manag. Sci.,https://dblp.org/streams/journals/mansci
7994,venue,Comput. Commun.,https://dblp.org/streams/journals/comcom
7995,venue,Int. J. Emerg. Technol. Learn.,https://dblp.org/streams/journals/ijet
7996,venue,Appl. Intell.,https://dblp.org/streams/journals/apin
7997,venue,Math. Struct. Comput. Sci.,https://dblp.org/streams/journals/mscs
7998,venue,J. Robotics Mechatronics,https://dblp.org/streams/journals/jrm
7999,venue,Inf. Technol. Manag.,https://dblp.org/streams/journals/itm
8000,venue,IEEE Trans. Biom. Behav. Identity Sci.,https://dblp.org/streams/journals/tbbis
8001,venue,Parallel Process. Lett.,https://dblp.org/streams/journals/ppl
8002,venue,IEEE Secur. Priv.,https://dblp.org/streams/journals/ieeesp
8003,venue,ACM SIGSOFT Softw. Eng. Notes,https://dblp.org/streams/journals/sigsoft
8004,venue,Period. Math. Hung.,https://dblp.org/streams/journals/pmh
8005,venue,Synth.,https://dblp.org/streams/journals/synthese
8006,venue,Adv. Comput.,https://dblp.org/streams/journals/ac
8007,venue,Autom.,https://dblp.org/streams/journals/at
8008,venue,Nat. Comput.,https://dblp.org/streams/journals/nc
8009,venue,Comb.,https://dblp.org/streams/journals/combinatorica
8010,venue,Speech Commun.,https://dblp.org/streams/journals/speech
8011,venue,Swarm Intell.,https://dblp.org/streams/journals/swarm
8012,venue,J. Real Time Image Process.,https://dblp.org/streams/journals/jrtip
8013,venue,FLAP,https://dblp.org/streams/journals/flap
8014,venue,ACM Trans. Archit. Code Optim.,https://dblp.org/streams/journals/taco
8015,venue,AI Commun.,https://dblp.org/streams/journals/aicom
8016,venue,Future Internet,https://dblp.org/streams/journals/fi
8017,venue,IEEE J. Biomed. Health Informatics,https://dblp.org/streams/journals/titb
8018,venue,Fuzzy Sets Syst.,https://dblp.org/streams/journals/fss
8019,venue,Complex Intell. Syst.,https://dblp.org/streams/journals/comintsys
8020,venue,IACR Cryptol. ePrint Arch.,https://dblp.org/streams/journals/iacr
8021,venue,Proc. IEEE,https://dblp.org/streams/journals/pieee
8022,venue,IEEE Micro,https://dblp.org/streams/journals/micro
8023,venue,IEEE Trans. Ind. Informatics,https://dblp.org/streams/journals/tii
8024,venue,Enterp. Inf. Syst.,https://dblp.org/streams/journals/eis
8025,venue,Int. J. Comput. Integr. Manuf.,https://dblp.org/streams/journals/ijcim
8026,venue,Stud Logica,https://dblp.org/streams/journals/sLogica
8027,venue,Int. J. Embed. Real Time Commun. Syst.,https://dblp.org/streams/journals/ijertcs
8028,venue,Log. J. IGPL,https://dblp.org/streams/journals/igpl
8029,venue,EMISA Forum,https://dblp.org/streams/journals/emisa
8030,venue,IEEE Embed. Syst. Lett.,https://dblp.org/streams/journals/esl
8031,venue,IEEE Trans. Signal Inf. Process. over Networks,https://dblp.org/streams/journals/tsipn
8032,venue,EURASIP J. Embed. Syst.,https://dblp.org/streams/journals/ejes
8033,venue,Intell. Syst. Appl.,https://dblp.org/streams/journals/iswa
8034,venue,J. Comput. Syst. Sci.,https://dblp.org/streams/journals/jcss
8035,venue,Polibits,https://dblp.org/streams/journals/polibits
8036,venue,IEEE Trans. Control. Netw. Syst.,https://dblp.org/streams/journals/tcns
8037,venue,Comput. Ind.,https://dblp.org/streams/journals/cii
8038,venue,IEEE Trans. Auton. Ment. Dev.,https://dblp.org/streams/journals/tamd
8039,venue,Pac. Asia J. Assoc. Inf. Syst.,https://dblp.org/streams/journals/pajais
8040,venue,Swarm Evol. Comput.,https://dblp.org/streams/journals/swevo
8041,venue,IEEE Trans. Inf. Theory,https://dblp.org/streams/journals/tit
8042,venue,IEEE Robotics Autom. Mag.,https://dblp.org/streams/journals/ram
8043,venue,IACR Commun. Cryptol.,https://dblp.org/streams/journals/cic
8044,venue,SIAM J. Sci. Comput.,https://dblp.org/streams/journals/siamsc
8045,venue,J. Heuristics,https://dblp.org/streams/journals/heuristics
8046,venue,Robotics Auton. Syst.,https://dblp.org/streams/journals/ras
8047,venue,Evol. Syst.,https://dblp.org/streams/journals/evs
8048,venue,LOG IN,https://dblp.org/streams/journals/login
8049,venue,Found. Trends Theor. Comput. Sci.,https://dblp.org/streams/journals/fttcs
8050,venue,Annu. Rev. Control.,https://dblp.org/streams/journals/arc
8051,venue,J. Comput. Sci. Technol.,https://dblp.org/streams/journals/jcst
8052,venue,Expert Syst. Appl.,https://dblp.org/streams/journals/eswa
8053,venue,IEEE Control. Syst. Lett.,https://dblp.org/streams/journals/csysl
8054,venue,ACM Trans. Softw. Eng. Methodol.,https://dblp.org/streams/journals/tosem
8055,venue,Games,https://dblp.org/streams/journals/games
8056,venue,Electron. Notes Discret. Math.,https://dblp.org/streams/journals/endm
8057,venue,Bioinform.,https://dblp.org/streams/journals/bioinformatics
8058,venue,Empir. Softw. Eng.,https://dblp.org/streams/journals/ese
8059,venue,ICCA J.,https://dblp.org/streams/journals/icga
8060,venue,IEEE Wirel. Commun. Lett.,https://dblp.org/streams/journals/wcl
8061,venue,Telecommun. Syst.,https://dblp.org/streams/journals/telsys
8062,venue,Comput. Lang. Syst. Struct.,https://dblp.org/streams/journals/cl
8063,venue,Dialogue Discourse,https://dblp.org/streams/journals/dad
8064,venue,Numerische Mathematik,https://dblp.org/streams/journals/nm
8065,venue,i-com,https://dblp.org/streams/journals/icom
8066,venue,Comput. Sci. Inf. Syst.,https://dblp.org/streams/journals/comsis
8067,venue,HMD Prax. Wirtsch.,https://dblp.org/streams/journals/hmd
8068,venue,J. Inf. Technol. Theory Appl.,https://dblp.org/streams/journals/jitta
8069,venue,Discret. Appl. Math.,https://dblp.org/streams/journals/dam
8070,venue,Distributed Parallel Databases,https://dblp.org/streams/journals/dpd
8071,venue,Int. J. Intell. Inf. Technol.,https://dblp.org/streams/journals/ijiit
8072,venue,Distributed Comput.,https://dblp.org/streams/journals/dc
8073,venue,Formal Aspects Comput.,https://dblp.org/streams/journals/fac
8074,venue,Int. J. Wirel. Inf. Networks,https://dblp.org/streams/journals/ijwin
8075,venue,Enterp. Model. Inf. Syst. Archit.,https://dblp.org/streams/journals/emisaij
8076,venue,Int. J. Distributed Sens. Networks,https://dblp.org/streams/journals/ijdsn
8077,venue,Bus. Process. Manag. J.,https://dblp.org/streams/journals/bpmj
8078,venue,IEEE Trans. Comput. Aided Des. Integr. Circuits Syst.,https://dblp.org/streams/journals/tcad
8079,venue,VLDB J.,https://dblp.org/streams/journals/vldb
8080,venue,J. Graph Algorithms Appl.,https://dblp.org/streams/journals/jgaa
8081,venue,Scand. J. Inf. Syst.,https://dblp.org/streams/journals/sjis
8082,venue,IEEE Intell. Syst.,https://dblp.org/streams/journals/expert
8083,venue,J. Comput. Secur.,https://dblp.org/streams/journals/jcs
8084,venue,Data Knowl. Eng.,https://dblp.org/streams/journals/dke
8085,venue,Data Base,https://dblp.org/streams/journals/db
8086,venue,Comput. Graph. Forum,https://dblp.org/streams/journals/cgf
8087,venue,Logist. Res.,https://dblp.org/streams/journals/lr
8088,venue,IEEE Trans. Inf. Forensics Secur.,https://dblp.org/streams/journals/tifs
8089,venue,Int. J. Inf. Syst. Crisis Response Manag.,https://dblp.org/streams/journals/ijiscram
8090,venue,ACM Trans. Interact. Intell. Syst.,https://dblp.org/streams/journals/tiis
8091,venue,Int. J. Grid High Perform. Comput.,https://dblp.org/streams/journals/ijghpc
8092,venue,J. Comput. Biol.,https://dblp.org/streams/journals/jcb
8093,venue,Art Sci. Eng. Program.,https://dblp.org/streams/journals/programming
8094,venue,ACM Trans. Algorithms,https://dblp.org/streams/journals/talg
8095,venue,Autom.,https://dblp.org/streams/journals/automatica
8096,venue,Random Struct. Algorithms,https://dblp.org/streams/journals/rsa
8097,venue,ACM Trans. Cyber Phys. Syst.,https://dblp.org/streams/journals/tcps
8098,venue,Electron. Commer. Res. Appl.,https://dblp.org/streams/journals/ecra
8099,venue,Softw. Process. Improv. Pract.,https://dblp.org/streams/journals/sopr
8100,venue,Computer,https://dblp.org/streams/journals/computer
8101,venue,Frontiers Comput. Sci.,https://dblp.org/streams/journals/fcomp
8102,venue,Soft Comput.,https://dblp.org/streams/journals/soco
8103,venue,ACM SIGPLAN Notices,https://dblp.org/streams/journals/sigplan
8104,venue,Int. J. Bus. Process. Integr. Manag.,https://dblp.org/streams/journals/ijbpim
8105,venue,Trans. Graph Data Knowl.,https://dblp.org/streams/journals/tgdk
8106,venue,Proc. ACM Hum. Comput. Interact.,https://dblp.org/streams/journals/pacmhci
8107,venue,J. Hardw. Syst. Secur.,https://dblp.org/streams/journals/jhss
8108,venue,J. Commun.,https://dblp.org/streams/journals/jcm
8109,venue,Eur. J. Control,https://dblp.org/streams/journals/ejcon
8110,venue,Electron. Commun. Eur. Assoc. Softw. Sci. Technol.,https://dblp.org/streams/journals/eceasst
8111,venue,J. Parallel Distributed Comput.,https://dblp.org/streams/journals/jpdc
8112,venue,Math. Control. Signals Syst.,https://dblp.org/streams/journals/mcss
8113,venue,J. Circuits Syst. Comput.,https://dblp.org/streams/journals/jcsc
8114,venue,Knowl. Inf. Syst.,https://dblp.org/streams/journals/kais
8115,venue,Artif. Intell. Rev.,https://dblp.org/streams/journals/air
8116,venue,Inf. Sci.,https://dblp.org/streams/journals/isci
8117,venue,IEEE Trans. Consumer Electron.,https://dblp.org/streams/journals/tce
8118,venue,J. Strateg. Inf. Syst.,https://dblp.org/streams/journals/jsis
8119,venue,Comput. Math. Appl.,https://dblp.org/streams/journals/cma
8120,venue,J. Inf. Secur. Appl.,https://dblp.org/streams/journals/istr
8121,venue,Int. J. Humanit. Arts Comput.,https://dblp.org/streams/journals/ijhac
8122,venue,J. Graph Theory,https://dblp.org/streams/journals/jgt
8123,venue,Softwaretechnik-Trends,https://dblp.org/streams/journals/stt
8124,venue,IEEE Trans. Circuits Syst. II Express Briefs,https://dblp.org/streams/journals/tcasII
8125,venue,Wirtschaftsinformatik Manag.,https://dblp.org/streams/journals/wm
8126,venue,Comput. Electron. Agric.,https://dblp.org/streams/journals/cea
8127,venue,MIS Q.,https://dblp.org/streams/journals/misq
8128,venue,Pers. Ubiquitous Comput.,https://dblp.org/streams/journals/puc
8129,venue,Informationstechnik Tech. Inform.,https://dblp.org/streams/journals/it
8130,venue,RAIRO Theor. Informatics Appl.,https://dblp.org/streams/journals/ita
8131,venue,ACM Trans. Program. Lang. Syst.,https://dblp.org/streams/journals/toplas
8132,venue,SIAM J. Optim.,https://dblp.org/streams/journals/siamjo
8133,venue,Computing,https://dblp.org/streams/journals/computing
8134,venue,Comput. Aided Geom. Des.,https://dblp.org/streams/journals/cagd
8135,venue,Parallel Algorithms Appl.,https://dblp.org/streams/journals/paapp
8136,venue,Internet Res.,https://dblp.org/streams/journals/intr
8137,venue,IEEE Trans. Comput. Intell. AI Games,https://dblp.org/streams/journals/tciaig
8138,venue,Digit. Signal Process.,https://dblp.org/streams/journals/dsp
8139,venue,SIGARCH Comput. Archit. News,https://dblp.org/streams/journals/sigarch
8140,venue,CoRR,https://dblp.org/streams/journals/corr
8141,venue,Log. Methods Comput. Sci.,https://dblp.org/streams/journals/lmcs
8142,venue,Informatics Educ.,https://dblp.org/streams/journals/iie
8143,venue,Int. J. Inf. Manag.,https://dblp.org/streams/journals/ijinfoman
8144,venue,Quantum Inf. Comput.,https://dblp.org/streams/journals/qic
8145,venue,Int. J. High Perform. Comput. Appl.,https://dblp.org/streams/journals/ijhpca
8146,venue,Model-Based Testing for Embedded Systems,Model-Based Testing for Embedded Systems
8147,venue,Handbook of Approximation Algorithms and Metaheuristics (2),Handbook of Approximation Algorithms and Metaheuristics (2)
8148,venue,Flexible Working - New Network Technologies,Flexible Working - New Network Technologies
8149,venue,Algorithms Unplugged,Algorithms Unplugged
8150,venue,"Computer Science, The Hardware, Software and Heart of It","Computer Science, The Hardware, Software and Heart of It"
8151,venue,Handbook of Service Description,Handbook of Service Description
8152,venue,Computational Social Networks,Computational Social Networks
8153,venue,Organic Computing,Organic Computing
8154,venue,Ernst Denert Award for Software Engineering,Ernst Denert Award for Software Engineering
8155,venue,Künstliche Intelligenz für Lehrkräfte,K\u00FCnstliche Intelligenz f\u00FCr Lehrkr\u00E4fte
8156,venue,Digital Transformation,Digital Transformation
8157,venue,Lectures in E-Commerce,Lectures in E-Commerce
8158,venue,The Art of Structuring,The Art of Structuring
8159,venue,Recommender Systems for Technology Enhanced Learning,Recommender Systems for Technology Enhanced Learning
8160,venue,Model-Based Engineering of Embedded Systems,Model-Based Engineering of Embedded Systems
8161,venue,Dynamically Reconfigurable Systems,Dynamically Reconfigurable Systems
8162,venue,Informatik,Informatik
8163,venue,"New Era for Robust Speech Recognition, Exploiting Deep Learning","New Era for Robust Speech Recognition, Exploiting Deep Learning"
8164,venue,High Performance Computing on Vector Systems,High Performance Computing on Vector Systems
8165,venue,New Horizons for a Data-Driven Economy,New Horizons for a Data-Driven Economy
8166,venue,Techniques for Noise Robustness in Automatic Speech Recognition,Techniques for Noise Robustness in Automatic Speech Recognition
8167,venue,Process-Aware Information Systems,Process-Aware Information Systems
8168,venue,CSCL-Kompendium,CSCL-Kompendium
8169,venue,Cambridge tracts in theoretical computer science,Cambridge tracts in theoretical computer science
8170,venue,Leitfäden und Monographien der Informatik,Leitf\u00E4den und Monographien der Informatik
8171,venue,"Forschungsberichte des Fachbereichs Informatik / Technische Universität Berlin / Fachbereich 20, Informatik","Forschungsberichte des Fachbereichs Informatik / Technische Universit\u00E4t Berlin / Fachbereich 20, Informatik"
8172,venue,HNI-Verlagsschriftenreihe,HNI-Verlagsschriftenreihe
8173,venue,Leitfäden der angewandten Informatik,Leitf\u00E4den der angewandten Informatik
8174,venue,eXamen.press,eXamen.press
8175,venue,High Performance Computing in Science and Engineering,High Performance Computing in Science and Engineering
8176,venue,Design Methodology for Intelligent Technical Systems,Design Methodology for Intelligent Technical Systems
8177,venue,Towards the Multilingual Semantic Web,Towards the Multilingual Semantic Web
8178,venue,Robust Speech Recognition of Uncertain or Missing Data,Robust Speech Recognition of Uncertain or Missing Data
8179,venue,FPGAs for Software Programmers,FPGAs for Software Programmers
8180,venue,Forschungsberichte / Universität Dortmund / Fachbereich Informatik,Forschungsberichte / Universit\u00E4t Dortmund / Fachbereich Informatik
8181,venue,Web Engineering: Systematische Entwicklung von Web-Anwendungen,Web Engineering: Systematische Entwicklung von Web-Anwendungen
8182,venue,Advances in Object-Oriented Data Modeling,Advances in Object-Oriented Data Modeling
8183,venue,Wirksamer Informatikunterricht,Wirksamer Informatikunterricht
8184,venue,IWBS Report,IWBS Report
